id,url,GED,hitSmiles,qrySmiles,tanimoto_gen_vs_to_buy,total_score,BXPC3_classifier,CAPAN_classifier,Custom_alerts,MW,raw_BXPC3_classifier,raw_CAPAN_classifier,raw_MW,valid,qryInchis,inchi_to_buy
MCULE-6814427357,https://mcule.com/MCULE-6814427357/,,N1C2C=C(C=CC=2SC2C=CC(C)=CC=2C=1C)C(NCCOC)=O,CC1=Nc2cc(C(=O)NCCF)ccc2Sc2c1cccc2,0.928709055876686,0.943409,0.9170328,0.9554058,1.0,1.0,0.75,0.089090906,340.448,1,"InChI=1S/C17H15FN2OS/c1-11-13-4-2-3-5-15(13)22-16-7-6-12(10-14(16)20-11)17(21)19-9-8-18/h2-7,10H,8-9H2,1H3,(H,19,21)","InChI=1S/C19H20N2O2S/c1-12-4-6-17-15(10-12)13(2)21-16-11-14(5-7-18(16)24-17)19(22)20-8-9-23-3/h4-7,10-11H,8-9H2,1-3H3,(H,20,22)"
MCULE-6017073447,https://mcule.com/MCULE-6017073447/,,N1C2C=C(C=CC=2SC2C=CC=CC=2C=1C)C(=O)NCC(OC)OC,CC1=Nc2cc(C(=O)NCCF)ccc2Sc2c1cccc2,0.9077212806026366,0.0,0.7826946,0.98003215,0.0,1.0,0.61,0.05909091,356.447,1,"InChI=1S/C17H15FN2OS/c1-11-13-4-2-3-5-15(13)22-16-7-6-12(10-14(16)20-11)17(21)19-9-8-18/h2-7,10H,8-9H2,1H3,(H,19,21)","InChI=1S/C19H20N2O3S/c1-12-14-6-4-5-7-16(14)25-17-9-8-13(10-15(17)21-12)19(22)20-11-18(23-2)24-3/h4-10,18H,11H2,1-3H3,(H,20,22)"
MCULE-9681315168,https://mcule.com/MCULE-9681315168/,,N1C2C=C(C=CC=2SC2C=CC=CC=2C=1CC)C(NCCCC)=O,CC1=Nc2cc(C(=O)NCCF)ccc2Sc2c1cccc2,0.9144486692015208,0.99240017,0.98793066,0.99603474,1.0,1.0,1.0,0.0,338.476,1,"InChI=1S/C17H15FN2OS/c1-11-13-4-2-3-5-15(13)22-16-7-6-12(10-14(16)20-11)17(21)19-9-8-18/h2-7,10H,8-9H2,1H3,(H,19,21)","InChI=1S/C20H22N2OS/c1-3-5-12-21-20(23)14-10-11-19-17(13-14)22-16(4-2)15-8-6-7-9-18(15)24-19/h6-11,13H,3-5,12H2,1-2H3,(H,21,23)"
MCULE-3588716120,https://mcule.com/MCULE-3588716120/,,N1C2C=C(C=CC=2SC2C=CC=CC=2C=1CCC)C(NCCC)=O,CC1=Nc2cc(C(=O)NCCF)ccc2Sc2c1cccc2,0.8957169459962756,0.9685936,0.95449746,0.97319597,1.0,1.0,0.83,0.07,338.476,1,"InChI=1S/C17H15FN2OS/c1-11-13-4-2-3-5-15(13)22-16-7-6-12(10-14(16)20-11)17(21)19-9-8-18/h2-7,10H,8-9H2,1H3,(H,19,21)","InChI=1S/C20H22N2OS/c1-3-7-16-15-8-5-6-9-18(15)24-19-11-10-14(13-17(19)22-16)20(23)21-12-4-2/h5-6,8-11,13H,3-4,7,12H2,1-2H3,(H,21,23)"
MCULE-6742382703,https://mcule.com/MCULE-6742382703/,,N1C2C=C(C=CC=2SC2C=CC=CC=2C=1CC)C(=O)NC(C)CC,CC1=Nc2cc(C(=O)NCCF)ccc2Sc2c1cccc2,0.8990654205607477,0.87565285,0.796008,0.97319597,1.0,1.0,0.62,0.07,338.476,1,"InChI=1S/C17H15FN2OS/c1-11-13-4-2-3-5-15(13)22-16-7-6-12(10-14(16)20-11)17(21)19-9-8-18/h2-7,10H,8-9H2,1H3,(H,19,21)","InChI=1S/C20H22N2OS/c1-4-13(3)21-20(23)14-10-11-19-17(12-14)22-16(5-2)15-8-6-7-9-18(15)24-19/h6-13H,4-5H2,1-3H3,(H,21,23)"
MCULE-5830374764,https://mcule.com/MCULE-5830374764/,,N1C2C=C(C=CC=2SC2C=CC=CC=2C=1C)C(NCCC1C=CC=CC=1)=O,CC1=Nc2cc(C(=O)NCCF)ccc2Sc2c1cccc2,0.9412915851272016,0.885635,0.80870515,0.98439837,1.0,1.0,0.63,0.05,372.493,1,"InChI=1S/C17H15FN2OS/c1-11-13-4-2-3-5-15(13)22-16-7-6-12(10-14(16)20-11)17(21)19-9-8-18/h2-7,10H,8-9H2,1H3,(H,19,21)","InChI=1S/C23H20N2OS/c1-16-19-9-5-6-10-21(19)27-22-12-11-18(15-20(22)25-16)23(26)24-14-13-17-7-3-2-4-8-17/h2-12,15H,13-14H2,1H3,(H,24,26)"
MCULE-2970648486,https://mcule.com/MCULE-2970648486/,,C1(C(=O)NC2C=CC=CC=2)=C(N)C2=C(N=C3C(CCCC3)=C2)S1,N(c1ccccc1)C(c1sc2c(cc3c(n2)CCCC3)c1N)=O,1.0,0.9748658,0.957852,0.99312925,1.0,1.0,0.84,0.02,323.421,1,"InChI=1S/C18H17N3OS/c19-15-13-10-11-6-4-5-9-14(11)21-18(13)23-16(15)17(22)20-12-7-2-1-3-8-12/h1-3,7-8,10H,4-6,9,19H2,(H,20,22)","InChI=1S/C18H17N3OS/c19-15-13-10-11-6-4-5-9-14(11)21-18(13)23-16(15)17(22)20-12-7-2-1-3-8-12/h1-3,7-8,10H,4-6,9,19H2,(H,20,22)"
ZINC000002388563,ZINC000002388563,0.0,Nc1c(C(=O)Nc2ccccc2)sc3nc4c(cc13)CCCC4,N(c1ccccc1)C(c1sc2c(cc3c(n2)CCCC3)c1N)=O,1.0,0.9748658,0.957852,0.99312925,1.0,1.0,0.84,0.02,323.421,1,"InChI=1S/C18H17N3OS/c19-15-13-10-11-6-4-5-9-14(11)21-18(13)23-16(15)17(22)20-12-7-2-1-3-8-12/h1-3,7-8,10H,4-6,9,19H2,(H,20,22)","InChI=1S/C18H17N3OS/c19-15-13-10-11-6-4-5-9-14(11)21-18(13)23-16(15)17(22)20-12-7-2-1-3-8-12/h1-3,7-8,10H,4-6,9,19H2,(H,20,22)"
MCULE-1719165469,https://mcule.com/MCULE-1719165469/,,C1(C(=O)NC2C=CC=CC=2)=C(N)C2=C(N=C3C(CCCCC3)=C2)S1,N(c1ccccc1)C(c1sc2c(cc3c(n2)CCCC3)c1N)=O,0.9789303079416533,0.99240017,0.98793066,0.99603474,1.0,1.0,1.0,0.0,337.448,1,"InChI=1S/C18H17N3OS/c19-15-13-10-11-6-4-5-9-14(11)21-18(13)23-16(15)17(22)20-12-7-2-1-3-8-12/h1-3,7-8,10H,4-6,9,19H2,(H,20,22)","InChI=1S/C19H19N3OS/c20-16-14-11-12-7-3-1-6-10-15(12)22-19(14)24-17(16)18(23)21-13-8-4-2-5-9-13/h2,4-5,8-9,11H,1,3,6-7,10,20H2,(H,21,23)"
MCULE-4697363780,https://mcule.com/MCULE-4697363780/,,C1(C(=O)NC2C=CC=CC=2)=C(N)C2=C(N=C3C(CCCCCC3)=C2)S1,N(c1ccccc1)C(c1sc2c(cc3c(n2)CCCC3)c1N)=O,0.98371335504886,0.0,0.98793066,0.99603474,0.0,1.0,1.0,0.0,351.475,1,"InChI=1S/C18H17N3OS/c19-15-13-10-11-6-4-5-9-14(11)21-18(13)23-16(15)17(22)20-12-7-2-1-3-8-12/h1-3,7-8,10H,4-6,9,19H2,(H,20,22)","InChI=1S/C20H21N3OS/c21-17-15-12-13-8-4-1-2-7-11-16(13)23-20(15)25-18(17)19(24)22-14-9-5-3-6-10-14/h3,5-6,9-10,12H,1-2,4,7-8,11,21H2,(H,22,24)"
MCULE-8749518880,https://mcule.com/MCULE-8749518880/,,N1C2C=C(C=CC=2SC2C=CC(C)=CC=2C=1CC)C(NC)=O,c1(C(=O)NCC)cc2c(cc1)Sc1c(cc(C)cc1)C(C)=N2,0.9276190476190476,0.99240017,0.98793066,0.99603474,1.0,1.0,1.0,0.0,310.422,1,"InChI=1S/C18H18N2OS/c1-4-19-18(21)13-6-8-17-15(10-13)20-12(3)14-9-11(2)5-7-16(14)22-17/h5-10H,4H2,1-3H3,(H,19,21)","InChI=1S/C18H18N2OS/c1-4-14-13-9-11(2)5-7-16(13)22-17-8-6-12(18(21)19-3)10-15(17)20-14/h5-10H,4H2,1-3H3,(H,19,21)"
MCULE-8749518880,https://mcule.com/MCULE-8749518880/,,N1C2C=C(C=CC=2SC2C=CC(C)=CC=2C=1CC)C(NC)=O,c1(C(NCC)=O)cc2c(cc1)Sc1c(cc(C)cc1)C(C)=N2,0.9276190476190476,0.99240017,0.98793066,0.99603474,1.0,1.0,1.0,0.0,310.422,1,"InChI=1S/C18H18N2OS/c1-4-19-18(21)13-6-8-17-15(10-13)20-12(3)14-9-11(2)5-7-16(14)22-17/h5-10H,4H2,1-3H3,(H,19,21)","InChI=1S/C18H18N2OS/c1-4-14-13-9-11(2)5-7-16(13)22-17-8-6-12(18(21)19-3)10-15(17)20-14/h5-10H,4H2,1-3H3,(H,19,21)"
MCULE-6814427357,https://mcule.com/MCULE-6814427357/,,N1C2C=C(C=CC=2SC2C=CC(C)=CC=2C=1C)C(NCCOC)=O,c1(C(=O)NCC)cc2c(cc1)Sc1c(cc(C)cc1)C(C)=N2,0.9688109161793372,0.943409,0.9170328,0.9554058,1.0,1.0,0.75,0.089090906,340.448,1,"InChI=1S/C18H18N2OS/c1-4-19-18(21)13-6-8-17-15(10-13)20-12(3)14-9-11(2)5-7-16(14)22-17/h5-10H,4H2,1-3H3,(H,19,21)","InChI=1S/C19H20N2O2S/c1-12-4-6-17-15(10-12)13(2)21-16-11-14(5-7-18(16)24-17)19(22)20-8-9-23-3/h4-7,10-11H,8-9H2,1-3H3,(H,20,22)"
MCULE-6814427357,https://mcule.com/MCULE-6814427357/,,N1C2C=C(C=CC=2SC2C=CC(C)=CC=2C=1C)C(NCCOC)=O,c1(C(NCC)=O)cc2c(cc1)Sc1c(cc(C)cc1)C(C)=N2,0.9688109161793372,0.943409,0.9170328,0.9554058,1.0,1.0,0.75,0.089090906,340.448,1,"InChI=1S/C18H18N2OS/c1-4-19-18(21)13-6-8-17-15(10-13)20-12(3)14-9-11(2)5-7-16(14)22-17/h5-10H,4H2,1-3H3,(H,19,21)","InChI=1S/C19H20N2O2S/c1-12-4-6-17-15(10-12)13(2)21-16-11-14(5-7-18(16)24-17)19(22)20-8-9-23-3/h4-7,10-11H,8-9H2,1-3H3,(H,20,22)"
MCULE-6254148835,https://mcule.com/MCULE-6254148835/,,N1C2C=C(C=CC=2SC2C=CC(C)=CC=2C=1CC)C(=O)NC(C)CC,c1(C(=O)NCC)cc2c(cc1)Sc1c(cc(C)cc1)C(C)=N2,0.9152854511970534,0.9520109,0.9284339,0.9649643,1.0,1.0,0.77,0.08,352.503,1,"InChI=1S/C18H18N2OS/c1-4-19-18(21)13-6-8-17-15(10-13)20-12(3)14-9-11(2)5-7-16(14)22-17/h5-10H,4H2,1-3H3,(H,19,21)","InChI=1S/C21H24N2OS/c1-5-14(4)22-21(24)15-8-10-20-18(12-15)23-17(6-2)16-11-13(3)7-9-19(16)25-20/h7-12,14H,5-6H2,1-4H3,(H,22,24)"
MCULE-6254148835,https://mcule.com/MCULE-6254148835/,,N1C2C=C(C=CC=2SC2C=CC(C)=CC=2C=1CC)C(=O)NC(C)CC,c1(C(NCC)=O)cc2c(cc1)Sc1c(cc(C)cc1)C(C)=N2,0.9152854511970534,0.9520109,0.9284339,0.9649643,1.0,1.0,0.77,0.08,352.503,1,"InChI=1S/C18H18N2OS/c1-4-19-18(21)13-6-8-17-15(10-13)20-12(3)14-9-11(2)5-7-16(14)22-17/h5-10H,4H2,1-3H3,(H,19,21)","InChI=1S/C21H24N2OS/c1-5-14(4)22-21(24)15-8-10-20-18(12-15)23-17(6-2)16-11-13(3)7-9-19(16)25-20/h7-12,14H,5-6H2,1-4H3,(H,22,24)"
MCULE-8571732010,https://mcule.com/MCULE-8571732010/,,N1C2C=C(C=CC=2SC2=CC=C(C)C=C2C=1CCC)C(NCCCC)=O,c1(C(=O)NCC)cc2c(cc1)Sc1c(cc(C)cc1)C(C)=N2,0.9085923217550276,0.8709424,0.97733986,0.56864136,1.0,1.0,0.92,0.19,366.53,1,"InChI=1S/C18H18N2OS/c1-4-19-18(21)13-6-8-17-15(10-13)20-12(3)14-9-11(2)5-7-16(14)22-17/h5-10H,4H2,1-3H3,(H,19,21)","InChI=1S/C22H26N2OS/c1-4-6-12-23-22(25)16-9-11-21-19(14-16)24-18(7-5-2)17-13-15(3)8-10-20(17)26-21/h8-11,13-14H,4-7,12H2,1-3H3,(H,23,25)"
MCULE-8571732010,https://mcule.com/MCULE-8571732010/,,N1C2C=C(C=CC=2SC2=CC=C(C)C=C2C=1CCC)C(NCCCC)=O,c1(C(NCC)=O)cc2c(cc1)Sc1c(cc(C)cc1)C(C)=N2,0.9085923217550276,0.8709424,0.97733986,0.56864136,1.0,1.0,0.92,0.19,366.53,1,"InChI=1S/C18H18N2OS/c1-4-19-18(21)13-6-8-17-15(10-13)20-12(3)14-9-11(2)5-7-16(14)22-17/h5-10H,4H2,1-3H3,(H,19,21)","InChI=1S/C22H26N2OS/c1-4-6-12-23-22(25)16-9-11-21-19(14-16)24-18(7-5-2)17-13-15(3)8-10-20(17)26-21/h8-11,13-14H,4-7,12H2,1-3H3,(H,23,25)"
MCULE-5830374764,https://mcule.com/MCULE-5830374764/,,N1C2C=C(C=CC=2SC2C=CC=CC=2C=1C)C(NCCC1C=CC=CC=1)=O,c1(C(=O)NCC)cc2c(cc1)Sc1c(cc(C)cc1)C(C)=N2,0.928709055876686,0.885635,0.80870515,0.98439837,1.0,1.0,0.63,0.05,372.493,1,"InChI=1S/C18H18N2OS/c1-4-19-18(21)13-6-8-17-15(10-13)20-12(3)14-9-11(2)5-7-16(14)22-17/h5-10H,4H2,1-3H3,(H,19,21)","InChI=1S/C23H20N2OS/c1-16-19-9-5-6-10-21(19)27-22-12-11-18(15-20(22)25-16)23(26)24-14-13-17-7-3-2-4-8-17/h2-12,15H,13-14H2,1H3,(H,24,26)"
MCULE-5830374764,https://mcule.com/MCULE-5830374764/,,N1C2C=C(C=CC=2SC2C=CC=CC=2C=1C)C(NCCC1C=CC=CC=1)=O,c1(C(NCC)=O)cc2c(cc1)Sc1c(cc(C)cc1)C(C)=N2,0.928709055876686,0.885635,0.80870515,0.98439837,1.0,1.0,0.63,0.05,372.493,1,"InChI=1S/C18H18N2OS/c1-4-19-18(21)13-6-8-17-15(10-13)20-12(3)14-9-11(2)5-7-16(14)22-17/h5-10H,4H2,1-3H3,(H,19,21)","InChI=1S/C23H20N2OS/c1-16-19-9-5-6-10-21(19)27-22-12-11-18(15-20(22)25-16)23(26)24-14-13-17-7-3-2-4-8-17/h2-12,15H,13-14H2,1H3,(H,24,26)"
MCULE-2040607482,https://mcule.com/MCULE-2040607482/,,N1C2C=C(C=CC=2SC2C=CC(C)=CC=2C=1C)C(=O)NCC1=CC=C(C=C1)C,c1(C(=O)NCC)cc2c(cc1)Sc1c(cc(C)cc1)C(C)=N2,0.9289719626168224,0.94321793,0.93837357,0.9011868,1.0,1.0,0.79,0.12,386.52,1,"InChI=1S/C18H18N2OS/c1-4-19-18(21)13-6-8-17-15(10-13)20-12(3)14-9-11(2)5-7-16(14)22-17/h5-10H,4H2,1-3H3,(H,19,21)","InChI=1S/C24H22N2OS/c1-15-4-7-18(8-5-15)14-25-24(27)19-9-11-23-21(13-19)26-17(3)20-12-16(2)6-10-22(20)28-23/h4-13H,14H2,1-3H3,(H,25,27)"
MCULE-2040607482,https://mcule.com/MCULE-2040607482/,,N1C2C=C(C=CC=2SC2C=CC(C)=CC=2C=1C)C(=O)NCC1=CC=C(C=C1)C,c1(C(NCC)=O)cc2c(cc1)Sc1c(cc(C)cc1)C(C)=N2,0.9289719626168224,0.94321793,0.93837357,0.9011868,1.0,1.0,0.79,0.12,386.52,1,"InChI=1S/C18H18N2OS/c1-4-19-18(21)13-6-8-17-15(10-13)20-12(3)14-9-11(2)5-7-16(14)22-17/h5-10H,4H2,1-3H3,(H,19,21)","InChI=1S/C24H22N2OS/c1-15-4-7-18(8-5-15)14-25-24(27)19-9-11-23-21(13-19)26-17(3)20-12-16(2)6-10-22(20)28-23/h4-13H,14H2,1-3H3,(H,25,27)"
MCULE-9909027316,https://mcule.com/MCULE-9909027316/,,C1(C(=O)NC2=CC=CC(OC)=C2)=C(N)C2=C(N=C3C(CCCC3)=C2)S1,N(c1cccc(OC)c1)C(c1c(N)c2c(nc3c(c2)CCCC3)s1)=O,1.0,0.8714034,0.7826946,0.99312925,1.0,1.0,0.61,0.02,353.447,1,"InChI=1S/C19H19N3O2S/c1-24-13-7-4-6-12(10-13)21-18(23)17-16(20)14-9-11-5-2-3-8-15(11)22-19(14)25-17/h4,6-7,9-10H,2-3,5,8,20H2,1H3,(H,21,23)","InChI=1S/C19H19N3O2S/c1-24-13-7-4-6-12(10-13)21-18(23)17-16(20)14-9-11-5-2-3-8-15(11)22-19(14)25-17/h4,6-7,9-10H,2-3,5,8,20H2,1H3,(H,21,23)"
ZINC000001439599,ZINC000001439599,0.0,COc1cccc(NC(=O)c2sc3nc4c(cc3c2N)CCCC4)c1,N(c1cccc(OC)c1)C(c1c(N)c2c(nc3c(c2)CCCC3)s1)=O,1.0,0.8714034,0.7826946,0.99312925,1.0,1.0,0.61,0.02,353.447,1,"InChI=1S/C19H19N3O2S/c1-24-13-7-4-6-12(10-13)21-18(23)17-16(20)14-9-11-5-2-3-8-15(11)22-19(14)25-17/h4,6-7,9-10H,2-3,5,8,20H2,1H3,(H,21,23)","InChI=1S/C19H19N3O2S/c1-24-13-7-4-6-12(10-13)21-18(23)17-16(20)14-9-11-5-2-3-8-15(11)22-19(14)25-17/h4,6-7,9-10H,2-3,5,8,20H2,1H3,(H,21,23)"
ZINC000004712625,ZINC000004712625,1.0,COCCNC(=O)c1ccc2c(c1)N=C(C)c3cc(Cl)ccc3S2,N(C(c1cc2c(cc1)Sc1c(cc(C)cc1)C(C)=N2)=O)CCOC,0.2142857142857142,0.91442144,0.8631931,0.9658036,1.0,1.0,0.68,0.07909091,360.866,1,"InChI=1S/C19H20N2O2S/c1-12-4-6-17-15(10-12)13(2)21-16-11-14(5-7-18(16)24-17)19(22)20-8-9-23-3/h4-7,10-11H,8-9H2,1-3H3,(H,20,22)","InChI=1S/C18H17ClN2O2S/c1-11-14-10-13(19)4-6-16(14)24-17-5-3-12(9-15(17)21-11)18(22)20-7-8-23-2/h3-6,9-10H,7-8H2,1-2H3,(H,20,22)"
MCULE-8749518880,https://mcule.com/MCULE-8749518880/,,N1C2C=C(C=CC=2SC2C=CC(C)=CC=2C=1CC)C(NC)=O,N(C(c1cc2c(cc1)Sc1c(cc(C)cc1)C(C)=N2)=O)CCOC,0.9037037037037036,0.99240017,0.98793066,0.99603474,1.0,1.0,1.0,0.0,310.422,1,"InChI=1S/C19H20N2O2S/c1-12-4-6-17-15(10-12)13(2)21-16-11-14(5-7-18(16)24-17)19(22)20-8-9-23-3/h4-7,10-11H,8-9H2,1-3H3,(H,20,22)","InChI=1S/C18H18N2OS/c1-4-14-13-9-11(2)5-7-16(13)22-17-8-6-12(18(21)19-3)10-15(17)20-14/h5-10H,4H2,1-3H3,(H,19,21)"
ZINC000004929768,ZINC000004929768,2.0,COCCCNC(=O)c1ccc2c(c1)N=C(C)c3cc(Cl)ccc3S2,N(C(c1cc2c(cc1)Sc1c(cc(C)cc1)C(C)=N2)=O)CCOC,0.6984126984126984,0.84853715,0.88917464,0.6405471,1.0,1.0,0.71,0.1790909,374.893,1,"InChI=1S/C19H20N2O2S/c1-12-4-6-17-15(10-12)13(2)21-16-11-14(5-7-18(16)24-17)19(22)20-8-9-23-3/h4-7,10-11H,8-9H2,1-3H3,(H,20,22)","InChI=1S/C19H19ClN2O2S/c1-12-15-11-14(20)5-7-17(15)25-18-6-4-13(10-16(18)22-12)19(23)21-8-3-9-24-2/h4-7,10-11H,3,8-9H2,1-2H3,(H,21,23)"
ZINC000004929890,ZINC000004929890,2.0,CCC1=Nc2cc(C(=O)NCCOC)ccc2Sc3ccc(Cl)cc31,N(C(c1cc2c(cc1)Sc1c(cc(C)cc1)C(C)=N2)=O)CCOC,0.5970149253731343,0.88677365,0.8810329,0.79924,1.0,1.0,0.7,0.15,374.893,1,"InChI=1S/C19H20N2O2S/c1-12-4-6-17-15(10-12)13(2)21-16-11-14(5-7-18(16)24-17)19(22)20-8-9-23-3/h4-7,10-11H,8-9H2,1-3H3,(H,20,22)","InChI=1S/C19H19ClN2O2S/c1-3-15-14-11-13(20)5-7-17(14)25-18-6-4-12(10-16(18)22-15)19(23)21-8-9-24-2/h4-7,10-11H,3,8-9H2,1-2H3,(H,21,23)"
ZINC000006728357,ZINC000006728357,0.0,COCCNC(=O)c1ccc2c(c1)N=C(C)c3cc(C)ccc3S2,N(C(c1cc2c(cc1)Sc1c(cc(C)cc1)C(C)=N2)=O)CCOC,1.0,0.943409,0.9170328,0.9554058,1.0,1.0,0.75,0.089090906,340.448,1,"InChI=1S/C19H20N2O2S/c1-12-4-6-17-15(10-12)13(2)21-16-11-14(5-7-18(16)24-17)19(22)20-8-9-23-3/h4-7,10-11H,8-9H2,1-3H3,(H,20,22)","InChI=1S/C19H20N2O2S/c1-12-4-6-17-15(10-12)13(2)21-16-11-14(5-7-18(16)24-17)19(22)20-8-9-23-3/h4-7,10-11H,8-9H2,1-3H3,(H,20,22)"
MCULE-6814427357,https://mcule.com/MCULE-6814427357/,,N1C2C=C(C=CC=2SC2C=CC(C)=CC=2C=1C)C(NCCOC)=O,N(C(c1cc2c(cc1)Sc1c(cc(C)cc1)C(C)=N2)=O)CCOC,1.0,0.943409,0.9170328,0.9554058,1.0,1.0,0.75,0.089090906,340.448,1,"InChI=1S/C19H20N2O2S/c1-12-4-6-17-15(10-12)13(2)21-16-11-14(5-7-18(16)24-17)19(22)20-8-9-23-3/h4-7,10-11H,8-9H2,1-3H3,(H,20,22)","InChI=1S/C19H20N2O2S/c1-12-4-6-17-15(10-12)13(2)21-16-11-14(5-7-18(16)24-17)19(22)20-8-9-23-3/h4-7,10-11H,8-9H2,1-3H3,(H,20,22)"
MCULE-6017073447,https://mcule.com/MCULE-6017073447/,,N1C2C=C(C=CC=2SC2C=CC=CC=2C=1C)C(=O)NCC(OC)OC,N(C(c1cc2c(cc1)Sc1c(cc(C)cc1)C(C)=N2)=O)CCOC,0.9222222222222224,0.0,0.7826946,0.98003215,0.0,1.0,0.61,0.05909091,356.447,1,"InChI=1S/C19H20N2O2S/c1-12-4-6-17-15(10-12)13(2)21-16-11-14(5-7-18(16)24-17)19(22)20-8-9-23-3/h4-7,10-11H,8-9H2,1-3H3,(H,20,22)","InChI=1S/C19H20N2O3S/c1-12-14-6-4-5-7-16(14)25-17-9-8-13(10-15(17)21-12)19(22)20-11-18(23-2)24-3/h4-10,18H,11H2,1-3H3,(H,20,22)"
ZINC000004930040,ZINC000004930040,1.0,CCCCNC(=O)c1ccc2c(c1)N=C(C)c3cc(C)ccc3S2,N(C(c1cc2c(cc1)Sc1c(cc(C)cc1)C(C)=N2)=O)CCOC,0.7457627118644068,0.9219612,0.91073215,0.87645614,1.0,1.0,0.74,0.1290909,338.476,1,"InChI=1S/C19H20N2O2S/c1-12-4-6-17-15(10-12)13(2)21-16-11-14(5-7-18(16)24-17)19(22)20-8-9-23-3/h4-7,10-11H,8-9H2,1-3H3,(H,20,22)","InChI=1S/C20H22N2OS/c1-4-5-10-21-20(23)15-7-9-19-17(12-15)22-14(3)16-11-13(2)6-8-18(16)24-19/h6-9,11-12H,4-5,10H2,1-3H3,(H,21,23)"
MCULE-5830374764,https://mcule.com/MCULE-5830374764/,,N1C2C=C(C=CC=2SC2C=CC=CC=2C=1C)C(NCCC1C=CC=CC=1)=O,N(C(c1cc2c(cc1)Sc1c(cc(C)cc1)C(C)=N2)=O)CCOC,0.9009345794392524,0.885635,0.80870515,0.98439837,1.0,1.0,0.63,0.05,372.493,1,"InChI=1S/C19H20N2O2S/c1-12-4-6-17-15(10-12)13(2)21-16-11-14(5-7-18(16)24-17)19(22)20-8-9-23-3/h4-7,10-11H,8-9H2,1-3H3,(H,20,22)","InChI=1S/C23H20N2OS/c1-16-19-9-5-6-10-21(19)27-22-12-11-18(15-20(22)25-16)23(26)24-14-13-17-7-3-2-4-8-17/h2-12,15H,13-14H2,1H3,(H,24,26)"
MCULE-2040607482,https://mcule.com/MCULE-2040607482/,,N1C2C=C(C=CC=2SC2C=CC(C)=CC=2C=1C)C(=O)NCC1=CC=C(C=C1)C,N(C(c1cc2c(cc1)Sc1c(cc(C)cc1)C(C)=N2)=O)CCOC,0.9019963702359348,0.94321793,0.93837357,0.9011868,1.0,1.0,0.79,0.12,386.52,1,"InChI=1S/C19H20N2O2S/c1-12-4-6-17-15(10-12)13(2)21-16-11-14(5-7-18(16)24-17)19(22)20-8-9-23-3/h4-7,10-11H,8-9H2,1-3H3,(H,20,22)","InChI=1S/C24H22N2OS/c1-15-4-7-18(8-5-15)14-25-24(27)19-9-11-23-21(13-19)26-17(3)20-12-16(2)6-10-22(20)28-23/h4-13H,14H2,1-3H3,(H,25,27)"
ZINC000004712625,ZINC000004712625,2.0,COCCNC(=O)c1ccc2c(c1)N=C(C)c3cc(Cl)ccc3S2,c1(C(=O)NCCC)cc2c(cc1)Sc1c(cc(C)cc1)C(C)=N2,0.59375,0.91442144,0.8631931,0.9658036,1.0,1.0,0.68,0.07909091,360.866,1,"InChI=1S/C19H20N2OS/c1-4-9-20-19(22)14-6-8-18-16(11-14)21-13(3)15-10-12(2)5-7-17(15)23-18/h5-8,10-11H,4,9H2,1-3H3,(H,20,22)","InChI=1S/C18H17ClN2O2S/c1-11-14-10-13(19)4-6-16(14)24-17-5-3-12(9-15(17)21-11)18(22)20-7-8-23-2/h3-6,9-10H,7-8H2,1-2H3,(H,20,22)"
MCULE-8749518880,https://mcule.com/MCULE-8749518880/,,N1C2C=C(C=CC=2SC2C=CC(C)=CC=2C=1CC)C(NC)=O,c1(C(=O)NCCC)cc2c(cc1)Sc1c(cc(C)cc1)C(C)=N2,0.920754716981132,0.99240017,0.98793066,0.99603474,1.0,1.0,1.0,0.0,310.422,1,"InChI=1S/C19H20N2OS/c1-4-9-20-19(22)14-6-8-18-16(11-14)21-13(3)15-10-12(2)5-7-17(15)23-18/h5-8,10-11H,4,9H2,1-3H3,(H,20,22)","InChI=1S/C18H18N2OS/c1-4-14-13-9-11(2)5-7-16(13)22-17-8-6-12(18(21)19-3)10-15(17)20-14/h5-10H,4H2,1-3H3,(H,19,21)"
ZINC000006728357,ZINC000006728357,1.0,COCCNC(=O)c1ccc2c(c1)N=C(C)c3cc(C)ccc3S2,c1(C(=O)NCCC)cc2c(cc1)Sc1c(cc(C)cc1)C(C)=N2,0.7719298245614035,0.943409,0.9170328,0.9554058,1.0,1.0,0.75,0.089090906,340.448,1,"InChI=1S/C19H20N2OS/c1-4-9-20-19(22)14-6-8-18-16(11-14)21-13(3)15-10-12(2)5-7-17(15)23-18/h5-8,10-11H,4,9H2,1-3H3,(H,20,22)","InChI=1S/C19H20N2O2S/c1-12-4-6-17-15(10-12)13(2)21-16-11-14(5-7-18(16)24-17)19(22)20-8-9-23-3/h4-7,10-11H,8-9H2,1-3H3,(H,20,22)"
MCULE-6814427357,https://mcule.com/MCULE-6814427357/,,N1C2C=C(C=CC=2SC2C=CC(C)=CC=2C=1C)C(NCCOC)=O,c1(C(=O)NCCC)cc2c(cc1)Sc1c(cc(C)cc1)C(C)=N2,0.957610789980732,0.943409,0.9170328,0.9554058,1.0,1.0,0.75,0.089090906,340.448,1,"InChI=1S/C19H20N2OS/c1-4-9-20-19(22)14-6-8-18-16(11-14)21-13(3)15-10-12(2)5-7-17(15)23-18/h5-8,10-11H,4,9H2,1-3H3,(H,20,22)","InChI=1S/C19H20N2O2S/c1-12-4-6-17-15(10-12)13(2)21-16-11-14(5-7-18(16)24-17)19(22)20-8-9-23-3/h4-7,10-11H,8-9H2,1-3H3,(H,20,22)"
ZINC000004930040,ZINC000004930040,1.0,CCCCNC(=O)c1ccc2c(c1)N=C(C)c3cc(C)ccc3S2,c1(C(=O)NCCC)cc2c(cc1)Sc1c(cc(C)cc1)C(C)=N2,0.8867924528301887,0.9219612,0.91073215,0.87645614,1.0,1.0,0.74,0.1290909,338.476,1,"InChI=1S/C19H20N2OS/c1-4-9-20-19(22)14-6-8-18-16(11-14)21-13(3)15-10-12(2)5-7-17(15)23-18/h5-8,10-11H,4,9H2,1-3H3,(H,20,22)","InChI=1S/C20H22N2OS/c1-4-5-10-21-20(23)15-7-9-19-17(12-15)22-14(3)16-11-13(2)6-8-18(16)24-19/h6-9,11-12H,4-5,10H2,1-3H3,(H,21,23)"
MCULE-6254148835,https://mcule.com/MCULE-6254148835/,,N1C2C=C(C=CC=2SC2C=CC(C)=CC=2C=1CC)C(=O)NC(C)CC,c1(C(=O)NCCC)cc2c(cc1)Sc1c(cc(C)cc1)C(C)=N2,0.9263351749539596,0.9520109,0.9284339,0.9649643,1.0,1.0,0.77,0.08,352.503,1,"InChI=1S/C19H20N2OS/c1-4-9-20-19(22)14-6-8-18-16(11-14)21-13(3)15-10-12(2)5-7-17(15)23-18/h5-8,10-11H,4,9H2,1-3H3,(H,20,22)","InChI=1S/C21H24N2OS/c1-5-14(4)22-21(24)15-8-10-20-18(12-15)23-17(6-2)16-11-13(3)7-9-19(16)25-20/h7-12,14H,5-6H2,1-4H3,(H,22,24)"
MCULE-8571732010,https://mcule.com/MCULE-8571732010/,,N1C2C=C(C=CC=2SC2=CC=C(C)C=C2C=1CCC)C(NCCCC)=O,c1(C(=O)NCCC)cc2c(cc1)Sc1c(cc(C)cc1)C(C)=N2,0.919561243144424,0.8709424,0.97733986,0.56864136,1.0,1.0,0.92,0.19,366.53,1,"InChI=1S/C19H20N2OS/c1-4-9-20-19(22)14-6-8-18-16(11-14)21-13(3)15-10-12(2)5-7-17(15)23-18/h5-8,10-11H,4,9H2,1-3H3,(H,20,22)","InChI=1S/C22H26N2OS/c1-4-6-12-23-22(25)16-9-11-21-19(14-16)24-18(7-5-2)17-13-15(3)8-10-20(17)26-21/h8-11,13-14H,4-7,12H2,1-3H3,(H,23,25)"
MCULE-5830374764,https://mcule.com/MCULE-5830374764/,,N1C2C=C(C=CC=2SC2C=CC=CC=2C=1C)C(NCCC1C=CC=CC=1)=O,c1(C(=O)NCCC)cc2c(cc1)Sc1c(cc(C)cc1)C(C)=N2,0.9402697495183044,0.885635,0.80870515,0.98439837,1.0,1.0,0.63,0.05,372.493,1,"InChI=1S/C19H20N2OS/c1-4-9-20-19(22)14-6-8-18-16(11-14)21-13(3)15-10-12(2)5-7-17(15)23-18/h5-8,10-11H,4,9H2,1-3H3,(H,20,22)","InChI=1S/C23H20N2OS/c1-16-19-9-5-6-10-21(19)27-22-12-11-18(15-20(22)25-16)23(26)24-14-13-17-7-3-2-4-8-17/h2-12,15H,13-14H2,1H3,(H,24,26)"
MCULE-2040607482,https://mcule.com/MCULE-2040607482/,,N1C2C=C(C=CC=2SC2C=CC(C)=CC=2C=1C)C(=O)NCC1=CC=C(C=C1)C,c1(C(=O)NCCC)cc2c(cc1)Sc1c(cc(C)cc1)C(C)=N2,0.9186691312384472,0.94321793,0.93837357,0.9011868,1.0,1.0,0.79,0.12,386.52,1,"InChI=1S/C19H20N2OS/c1-4-9-20-19(22)14-6-8-18-16(11-14)21-13(3)15-10-12(2)5-7-17(15)23-18/h5-8,10-11H,4,9H2,1-3H3,(H,20,22)","InChI=1S/C24H22N2OS/c1-15-4-7-18(8-5-15)14-25-24(27)19-9-11-23-21(13-19)26-17(3)20-12-16(2)6-10-22(20)28-23/h4-13H,14H2,1-3H3,(H,25,27)"
MCULE-6814427357,https://mcule.com/MCULE-6814427357/,,N1C2C=C(C=CC=2SC2C=CC(C)=CC=2C=1C)C(NCCOC)=O,CC1=Nc2cc(C(=O)NCc3ccco3)ccc2Sc2c1cccc2,0.8536155202821869,0.943409,0.9170328,0.9554058,1.0,1.0,0.75,0.089090906,340.448,1,"InChI=1S/C20H16N2O2S/c1-13-16-6-2-3-7-18(16)25-19-9-8-14(11-17(19)22-13)20(23)21-12-15-5-4-10-24-15/h2-11H,12H2,1H3,(H,21,23)","InChI=1S/C19H20N2O2S/c1-12-4-6-17-15(10-12)13(2)21-16-11-14(5-7-18(16)24-17)19(22)20-8-9-23-3/h4-7,10-11H,8-9H2,1-3H3,(H,20,22)"
ZINC000004929748,ZINC000004929748,1.0,CC1=Nc2cc(C(=O)NCc3ccco3)ccc2Sc4ccc(Cl)cc41,CC1=Nc2cc(C(=O)NCc3ccco3)ccc2Sc2c1cccc2,0.819672131147541,0.99240017,0.98793066,0.99603474,1.0,1.0,1.0,0.0,382.872,1,"InChI=1S/C20H16N2O2S/c1-13-16-6-2-3-7-18(16)25-19-9-8-14(11-17(19)22-13)20(23)21-12-15-5-4-10-24-15/h2-11H,12H2,1H3,(H,21,23)","InChI=1S/C20H15ClN2O2S/c1-12-16-10-14(21)5-7-18(16)26-19-6-4-13(9-17(19)23-12)20(24)22-11-15-3-2-8-25-15/h2-10H,11H2,1H3,(H,22,24)"
MCULE-1717141559,https://mcule.com/MCULE-1717141559/,,N1C2C=C(C=CC=2SC2C=CC(Cl)=CC=2C=1C)C(=O)NCC1=CC=CO1,CC1=Nc2cc(C(=O)NCc3ccco3)ccc2Sc2c1cccc2,0.9356521739130436,0.99240017,0.98793066,0.99603474,1.0,1.0,1.0,0.0,382.872,1,"InChI=1S/C20H16N2O2S/c1-13-16-6-2-3-7-18(16)25-19-9-8-14(11-17(19)22-13)20(23)21-12-15-5-4-10-24-15/h2-11H,12H2,1H3,(H,21,23)","InChI=1S/C20H15ClN2O2S/c1-12-16-10-14(21)5-7-18(16)26-19-6-4-13(9-17(19)23-12)20(24)22-11-15-3-2-8-25-15/h2-10H,11H2,1H3,(H,22,24)"
MCULE-8158946475,https://mcule.com/MCULE-8158946475/,,N1C2C=C(C=CC=2SC2C=CC(Br)=CC=2C=1CC)C(=O)NCC1=CC=CO1,CC1=Nc2cc(C(=O)NCc3ccco3)ccc2Sc2c1cccc2,0.8892561983471075,0.99240017,0.98793066,0.99603474,1.0,1.0,1.0,0.0,441.35,1,"InChI=1S/C20H16N2O2S/c1-13-16-6-2-3-7-18(16)25-19-9-8-14(11-17(19)22-13)20(23)21-12-15-5-4-10-24-15/h2-11H,12H2,1H3,(H,21,23)","InChI=1S/C21H17BrN2O2S/c1-2-17-16-11-14(22)6-8-19(16)27-20-7-5-13(10-18(20)24-17)21(25)23-12-15-4-3-9-26-15/h3-11H,2,12H2,1H3,(H,23,25)"
ZINC000004929988,ZINC000004929988,1.0,CC1=Nc2cc(C(=O)NCc3ccco3)ccc2Sc4ccc(C)cc41,CC1=Nc2cc(C(=O)NCc3ccco3)ccc2Sc2c1cccc2,0.8333333333333334,0.9357381,0.88917464,0.99477935,1.0,1.0,0.71,0.01,362.454,1,"InChI=1S/C20H16N2O2S/c1-13-16-6-2-3-7-18(16)25-19-9-8-14(11-17(19)22-13)20(23)21-12-15-5-4-10-24-15/h2-11H,12H2,1H3,(H,21,23)","InChI=1S/C21H18N2O2S/c1-13-5-7-19-17(10-13)14(2)23-18-11-15(6-8-20(18)26-19)21(24)22-12-16-4-3-9-25-16/h3-11H,12H2,1-2H3,(H,22,24)"
MCULE-6771201054,https://mcule.com/MCULE-6771201054/,,N1C2C=C(C=CC=2SC2C=CC(C)=CC=2C=1C)C(=O)NCC1=CC=CO1,CC1=Nc2cc(C(=O)NCc3ccco3)ccc2Sc2c1cccc2,0.972875226039783,0.9357381,0.88917464,0.99477935,1.0,1.0,0.71,0.01,362.454,1,"InChI=1S/C20H16N2O2S/c1-13-16-6-2-3-7-18(16)25-19-9-8-14(11-17(19)22-13)20(23)21-12-15-5-4-10-24-15/h2-11H,12H2,1H3,(H,21,23)","InChI=1S/C21H18N2O2S/c1-13-5-7-19-17(10-13)14(2)23-18-11-15(6-8-20(18)26-19)21(24)22-12-16-4-3-9-25-16/h3-11H,12H2,1-2H3,(H,22,24)"
ZINC000004929395,ZINC000004929395,1.0,CCC1=Nc2cc(C(=O)NCc3ccco3)ccc2Sc4ccccc41,CC1=Nc2cc(C(=O)NCc3ccco3)ccc2Sc2c1cccc2,0.7704918032786885,0.924496,0.8723789,0.9881202,1.0,1.0,0.69,0.04,362.454,1,"InChI=1S/C20H16N2O2S/c1-13-16-6-2-3-7-18(16)25-19-9-8-14(11-17(19)22-13)20(23)21-12-15-5-4-10-24-15/h2-11H,12H2,1H3,(H,21,23)","InChI=1S/C21H18N2O2S/c1-2-17-16-7-3-4-8-19(16)26-20-10-9-14(12-18(20)23-17)21(24)22-13-15-6-5-11-25-15/h3-12H,2,13H2,1H3,(H,22,24)"
ZINC000004930023,ZINC000004930023,2.0,CC1=Nc2cc(C(=O)NCc3cccs3)ccc2Sc4ccc(C)cc41,CC1=Nc2cc(C(=O)NCc3ccco3)ccc2Sc2c1cccc2,0.0952380952380952,0.90867716,0.8534572,0.9658036,1.0,1.0,0.67,0.07909091,378.522,1,"InChI=1S/C20H16N2O2S/c1-13-16-6-2-3-7-18(16)25-19-9-8-14(11-17(19)22-13)20(23)21-12-15-5-4-10-24-15/h2-11H,12H2,1H3,(H,21,23)","InChI=1S/C21H18N2OS2/c1-13-5-7-19-17(10-13)14(2)23-18-11-15(6-8-20(18)26-19)21(24)22-12-16-4-3-9-25-16/h3-11H,12H2,1-2H3,(H,22,24)"
MCULE-7283096933,https://mcule.com/MCULE-7283096933/,,N1C2C=C(C=CC=2SC2C=CC=CC=2C=1CCC)C(=O)NCC1=CC=CO1,CC1=Nc2cc(C(=O)NCc3ccco3)ccc2Sc2c1cccc2,0.9259896729776248,0.963802,0.93837357,0.99312925,1.0,1.0,0.79,0.02,376.481,1,"InChI=1S/C20H16N2O2S/c1-13-16-6-2-3-7-18(16)25-19-9-8-14(11-17(19)22-13)20(23)21-12-15-5-4-10-24-15/h2-11H,12H2,1H3,(H,21,23)","InChI=1S/C22H20N2O2S/c1-2-6-18-17-8-3-4-9-20(17)27-21-11-10-15(13-19(21)24-18)22(25)23-14-16-7-5-12-26-16/h3-5,7-13H,2,6,14H2,1H3,(H,23,25)"
MCULE-5830374764,https://mcule.com/MCULE-5830374764/,,N1C2C=C(C=CC=2SC2C=CC=CC=2C=1C)C(NCCC1C=CC=CC=1)=O,CC1=Nc2cc(C(=O)NCc3ccco3)ccc2Sc2c1cccc2,0.8640429338103757,0.885635,0.80870515,0.98439837,1.0,1.0,0.63,0.05,372.493,1,"InChI=1S/C20H16N2O2S/c1-13-16-6-2-3-7-18(16)25-19-9-8-14(11-17(19)22-13)20(23)21-12-15-5-4-10-24-15/h2-11H,12H2,1H3,(H,21,23)","InChI=1S/C23H20N2OS/c1-16-19-9-5-6-10-21(19)27-22-12-11-18(15-20(22)25-16)23(26)24-14-13-17-7-3-2-4-8-17/h2-12,15H,13-14H2,1H3,(H,24,26)"
MCULE-3250986227,https://mcule.com/MCULE-3250986227/,,N1C2C=C(C=CC=2SC2C=CC(C)=CC=2C=1CCC)C(=O)NCC1=CC=CO1,CC1=Nc2cc(C(=O)NCc3ccco3)ccc2Sc2c1cccc2,0.9042016806722688,0.96872085,0.94701153,0.99312925,1.0,1.0,0.81,0.02,390.508,1,"InChI=1S/C20H16N2O2S/c1-13-16-6-2-3-7-18(16)25-19-9-8-14(11-17(19)22-13)20(23)21-12-15-5-4-10-24-15/h2-11H,12H2,1H3,(H,21,23)","InChI=1S/C23H22N2O2S/c1-3-5-19-18-12-15(2)7-9-21(18)28-22-10-8-16(13-20(22)25-19)23(26)24-14-17-6-4-11-27-17/h4,6-13H,3,5,14H2,1-2H3,(H,24,26)"
MCULE-2040607482,https://mcule.com/MCULE-2040607482/,,N1C2C=C(C=CC=2SC2C=CC(C)=CC=2C=1C)C(=O)NCC1=CC=C(C=C1)C,CC1=Nc2cc(C(=O)NCc3ccco3)ccc2Sc2c1cccc2,0.8436426116838488,0.94321793,0.93837357,0.9011868,1.0,1.0,0.79,0.12,386.52,1,"InChI=1S/C20H16N2O2S/c1-13-16-6-2-3-7-18(16)25-19-9-8-14(11-17(19)22-13)20(23)21-12-15-5-4-10-24-15/h2-11H,12H2,1H3,(H,21,23)","InChI=1S/C24H22N2OS/c1-15-4-7-18(8-5-15)14-25-24(27)19-9-11-23-21(13-19)26-17(3)20-12-16(2)6-10-22(20)28-23/h4-13H,14H2,1-3H3,(H,25,27)"
ZINC000004712625,ZINC000004712625,2.0,COCCNC(=O)c1ccc2c(c1)N=C(C)c3cc(Cl)ccc3S2,COCCCNC(=O)c1cc2c(cc1)Sc1c(cc(C)cc1)C(C)=N2,0.6984126984126984,0.91442144,0.8631931,0.9658036,1.0,1.0,0.68,0.07909091,360.866,1,"InChI=1S/C20H22N2O2S/c1-13-5-7-18-16(11-13)14(2)22-17-12-15(6-8-19(17)25-18)20(23)21-9-4-10-24-3/h5-8,11-12H,4,9-10H2,1-3H3,(H,21,23)","InChI=1S/C18H17ClN2O2S/c1-11-14-10-13(19)4-6-16(14)24-17-5-3-12(9-15(17)21-11)18(22)20-7-8-23-2/h3-6,9-10H,7-8H2,1-2H3,(H,20,22)"
ZINC000004929768,ZINC000004929768,1.0,COCCCNC(=O)c1ccc2c(c1)N=C(C)c3cc(Cl)ccc3S2,COCCCNC(=O)c1cc2c(cc1)Sc1c(cc(C)cc1)C(C)=N2,0.0952380952380952,0.84853715,0.88917464,0.6405471,1.0,1.0,0.71,0.1790909,374.893,1,"InChI=1S/C20H22N2O2S/c1-13-5-7-18-16(11-13)14(2)22-17-12-15(6-8-19(17)25-18)20(23)21-9-4-10-24-3/h5-8,11-12H,4,9-10H2,1-3H3,(H,21,23)","InChI=1S/C19H19ClN2O2S/c1-12-15-11-14(20)5-7-17(15)25-18-6-4-13(10-16(18)22-12)19(23)21-8-3-9-24-2/h4-7,10-11H,3,8-9H2,1-2H3,(H,21,23)"
MCULE-2433955741,https://mcule.com/MCULE-2433955741/,,N1C2C=C(C=CC=2SC2C=CC(Cl)=CC=2C=1C)C(NCCCOC)=O,COCCCNC(=O)c1cc2c(cc1)Sc1c(cc(C)cc1)C(C)=N2,0.9057971014492754,0.84853715,0.88917464,0.6405471,1.0,1.0,0.71,0.1790909,374.893,1,"InChI=1S/C20H22N2O2S/c1-13-5-7-18-16(11-13)14(2)22-17-12-15(6-8-19(17)25-18)20(23)21-9-4-10-24-3/h5-8,11-12H,4,9-10H2,1-3H3,(H,21,23)","InChI=1S/C19H19ClN2O2S/c1-12-15-11-14(20)5-7-17(15)25-18-6-4-13(10-16(18)22-12)19(23)21-8-3-9-24-2/h4-7,10-11H,3,8-9H2,1-2H3,(H,21,23)"
ZINC000006728357,ZINC000006728357,1.0,COCCNC(=O)c1ccc2c(c1)N=C(C)c3cc(C)ccc3S2,COCCCNC(=O)c1cc2c(cc1)Sc1c(cc(C)cc1)C(C)=N2,0.1318681318681318,0.943409,0.9170328,0.9554058,1.0,1.0,0.75,0.089090906,340.448,1,"InChI=1S/C20H22N2O2S/c1-13-5-7-18-16(11-13)14(2)22-17-12-15(6-8-19(17)25-18)20(23)21-9-4-10-24-3/h5-8,11-12H,4,9-10H2,1-3H3,(H,21,23)","InChI=1S/C19H20N2O2S/c1-12-4-6-17-15(10-12)13(2)21-16-11-14(5-7-18(16)24-17)19(22)20-8-9-23-3/h4-7,10-11H,8-9H2,1-3H3,(H,20,22)"
MCULE-6814427357,https://mcule.com/MCULE-6814427357/,,N1C2C=C(C=CC=2SC2C=CC(C)=CC=2C=1C)C(NCCOC)=O,COCCCNC(=O)c1cc2c(cc1)Sc1c(cc(C)cc1)C(C)=N2,0.958095238095238,0.943409,0.9170328,0.9554058,1.0,1.0,0.75,0.089090906,340.448,1,"InChI=1S/C20H22N2O2S/c1-13-5-7-18-16(11-13)14(2)22-17-12-15(6-8-19(17)25-18)20(23)21-9-4-10-24-3/h5-8,11-12H,4,9-10H2,1-3H3,(H,21,23)","InChI=1S/C19H20N2O2S/c1-12-4-6-17-15(10-12)13(2)21-16-11-14(5-7-18(16)24-17)19(22)20-8-9-23-3/h4-7,10-11H,8-9H2,1-3H3,(H,20,22)"
ZINC000004929341,ZINC000004929341,1.0,COCCCNC(=O)c1ccc2c(c1)N=C(C)c3ccccc3S2,COCCCNC(=O)c1cc2c(cc1)Sc1c(cc(C)cc1)C(C)=N2,0.8245614035087719,0.9183838,0.8631931,0.9847795,1.0,1.0,0.68,0.04909091,340.448,1,"InChI=1S/C20H22N2O2S/c1-13-5-7-18-16(11-13)14(2)22-17-12-15(6-8-19(17)25-18)20(23)21-9-4-10-24-3/h5-8,11-12H,4,9-10H2,1-3H3,(H,21,23)","InChI=1S/C19H20N2O2S/c1-13-15-6-3-4-7-17(15)24-18-9-8-14(12-16(18)21-13)19(22)20-10-5-11-23-2/h3-4,6-9,12H,5,10-11H2,1-2H3,(H,20,22)"
ZINC000004930040,ZINC000004930040,1.0,CCCCNC(=O)c1ccc2c(c1)N=C(C)c3cc(C)ccc3S2,COCCCNC(=O)c1cc2c(cc1)Sc1c(cc(C)cc1)C(C)=N2,0.7796610169491526,0.9219612,0.91073215,0.87645614,1.0,1.0,0.74,0.1290909,338.476,1,"InChI=1S/C20H22N2O2S/c1-13-5-7-18-16(11-13)14(2)22-17-12-15(6-8-19(17)25-18)20(23)21-9-4-10-24-3/h5-8,11-12H,4,9-10H2,1-3H3,(H,21,23)","InChI=1S/C20H22N2OS/c1-4-5-10-21-20(23)15-7-9-19-17(12-15)22-14(3)16-11-13(2)6-8-18(16)24-19/h6-9,11-12H,4-5,10H2,1-3H3,(H,21,23)"
MCULE-6254148835,https://mcule.com/MCULE-6254148835/,,N1C2C=C(C=CC=2SC2C=CC(C)=CC=2C=1CC)C(=O)NC(C)CC,COCCCNC(=O)c1cc2c(cc1)Sc1c(cc(C)cc1)C(C)=N2,0.9063063063063064,0.9520109,0.9284339,0.9649643,1.0,1.0,0.77,0.08,352.503,1,"InChI=1S/C20H22N2O2S/c1-13-5-7-18-16(11-13)14(2)22-17-12-15(6-8-19(17)25-18)20(23)21-9-4-10-24-3/h5-8,11-12H,4,9-10H2,1-3H3,(H,21,23)","InChI=1S/C21H24N2OS/c1-5-14(4)22-21(24)15-8-10-20-18(12-15)23-17(6-2)16-11-13(3)7-9-19(16)25-20/h7-12,14H,5-6H2,1-4H3,(H,22,24)"
MCULE-2326121181,https://mcule.com/MCULE-2326121181/,,N1C2C=C(C=CC=2SC2C=CC=CC=2C=1CC)C(NCCCOC(C)C)=O,COCCCNC(=O)c1cc2c(cc1)Sc1c(cc(C)cc1)C(C)=N2,0.9025270758122744,0.9698787,0.9638649,0.9554058,1.0,1.0,0.86,0.089090906,382.529,1,"InChI=1S/C20H22N2O2S/c1-13-5-7-18-16(11-13)14(2)22-17-12-15(6-8-19(17)25-18)20(23)21-9-4-10-24-3/h5-8,11-12H,4,9-10H2,1-3H3,(H,21,23)","InChI=1S/C22H26N2O2S/c1-4-18-17-8-5-6-9-20(17)27-21-11-10-16(14-19(21)24-18)22(25)23-12-7-13-26-15(2)3/h5-6,8-11,14-15H,4,7,12-13H2,1-3H3,(H,23,25)"
MCULE-8571732010,https://mcule.com/MCULE-8571732010/,,N1C2C=C(C=CC=2SC2=CC=C(C)C=C2C=1CCC)C(NCCCC)=O,COCCCNC(=O)c1cc2c(cc1)Sc1c(cc(C)cc1)C(C)=N2,0.9032258064516128,0.8709424,0.97733986,0.56864136,1.0,1.0,0.92,0.19,366.53,1,"InChI=1S/C20H22N2O2S/c1-13-5-7-18-16(11-13)14(2)22-17-12-15(6-8-19(17)25-18)20(23)21-9-4-10-24-3/h5-8,11-12H,4,9-10H2,1-3H3,(H,21,23)","InChI=1S/C22H26N2OS/c1-4-6-12-23-22(25)16-9-11-21-19(14-16)24-18(7-5-2)17-13-15(3)8-10-20(17)26-21/h8-11,13-14H,4-7,12H2,1-3H3,(H,23,25)"
MCULE-5830374764,https://mcule.com/MCULE-5830374764/,,N1C2C=C(C=CC=2SC2C=CC=CC=2C=1C)C(NCCC1C=CC=CC=1)=O,COCCCNC(=O)c1cc2c(cc1)Sc1c(cc(C)cc1)C(C)=N2,0.9226415094339624,0.885635,0.80870515,0.98439837,1.0,1.0,0.63,0.05,372.493,1,"InChI=1S/C20H22N2O2S/c1-13-5-7-18-16(11-13)14(2)22-17-12-15(6-8-19(17)25-18)20(23)21-9-4-10-24-3/h5-8,11-12H,4,9-10H2,1-3H3,(H,21,23)","InChI=1S/C23H20N2OS/c1-16-19-9-5-6-10-21(19)27-22-12-11-18(15-20(22)25-16)23(26)24-14-13-17-7-3-2-4-8-17/h2-12,15H,13-14H2,1H3,(H,24,26)"
MCULE-6814427357,https://mcule.com/MCULE-6814427357/,,N1C2C=C(C=CC=2SC2C=CC(C)=CC=2C=1C)C(NCCOC)=O,c1(C(=O)NCC(C)C)cc2c(cc1)Sc1c(cc(C)cc1)C(C)=N2,0.9378531073446328,0.943409,0.9170328,0.9554058,1.0,1.0,0.75,0.089090906,340.448,1,"InChI=1S/C20H22N2OS/c1-12(2)11-21-20(23)15-6-8-19-17(10-15)22-14(4)16-9-13(3)5-7-18(16)24-19/h5-10,12H,11H2,1-4H3,(H,21,23)","InChI=1S/C19H20N2O2S/c1-12-4-6-17-15(10-12)13(2)21-16-11-14(5-7-18(16)24-17)19(22)20-8-9-23-3/h4-7,10-11H,8-9H2,1-3H3,(H,20,22)"
MCULE-6254148835,https://mcule.com/MCULE-6254148835/,,N1C2C=C(C=CC=2SC2C=CC(C)=CC=2C=1CC)C(=O)NC(C)CC,c1(C(=O)NCC(C)C)cc2c(cc1)Sc1c(cc(C)cc1)C(C)=N2,0.9081081081081082,0.9520109,0.9284339,0.9649643,1.0,1.0,0.77,0.08,352.503,1,"InChI=1S/C20H22N2OS/c1-12(2)11-21-20(23)15-6-8-19-17(10-15)22-14(4)16-9-13(3)5-7-18(16)24-19/h5-10,12H,11H2,1-4H3,(H,21,23)","InChI=1S/C21H24N2OS/c1-5-14(4)22-21(24)15-8-10-20-18(12-15)23-17(6-2)16-11-13(3)7-9-19(16)25-20/h7-12,14H,5-6H2,1-4H3,(H,22,24)"
MCULE-8571732010,https://mcule.com/MCULE-8571732010/,,N1C2C=C(C=CC=2SC2=CC=C(C)C=C2C=1CCC)C(NCCCC)=O,c1(C(=O)NCC(C)C)cc2c(cc1)Sc1c(cc(C)cc1)C(C)=N2,0.9016100178890876,0.8709424,0.97733986,0.56864136,1.0,1.0,0.92,0.19,366.53,1,"InChI=1S/C20H22N2OS/c1-12(2)11-21-20(23)15-6-8-19-17(10-15)22-14(4)16-9-13(3)5-7-18(16)24-19/h5-10,12H,11H2,1-4H3,(H,21,23)","InChI=1S/C22H26N2OS/c1-4-6-12-23-22(25)16-9-11-21-19(14-16)24-18(7-5-2)17-13-15(3)8-10-20(17)26-21/h8-11,13-14H,4-7,12H2,1-3H3,(H,23,25)"
MCULE-5830374764,https://mcule.com/MCULE-5830374764/,,N1C2C=C(C=CC=2SC2C=CC=CC=2C=1C)C(NCCC1C=CC=CC=1)=O,c1(C(=O)NCC(C)C)cc2c(cc1)Sc1c(cc(C)cc1)C(C)=N2,0.9172932330827068,0.885635,0.80870515,0.98439837,1.0,1.0,0.63,0.05,372.493,1,"InChI=1S/C20H22N2OS/c1-12(2)11-21-20(23)15-6-8-19-17(10-15)22-14(4)16-9-13(3)5-7-18(16)24-19/h5-10,12H,11H2,1-4H3,(H,21,23)","InChI=1S/C23H20N2OS/c1-16-19-9-5-6-10-21(19)27-22-12-11-18(15-20(22)25-16)23(26)24-14-13-17-7-3-2-4-8-17/h2-12,15H,13-14H2,1H3,(H,24,26)"
MCULE-4695144802,https://mcule.com/MCULE-4695144802/,,N1C2C=C(C=CC=2SC2C=CC(C)=CC=2C=1C)C(=O)NC1CCCCCC1,c1(C(=O)NCC(C)C)cc2c(cc1)Sc1c(cc(C)cc1)C(C)=N2,0.9039145907473308,0.87560856,0.82078993,0.9011868,1.0,1.0,0.64,0.12,378.541,1,"InChI=1S/C20H22N2OS/c1-12(2)11-21-20(23)15-6-8-19-17(10-15)22-14(4)16-9-13(3)5-7-18(16)24-19/h5-10,12H,11H2,1-4H3,(H,21,23)","InChI=1S/C23H26N2OS/c1-15-9-11-21-19(13-15)16(2)24-20-14-17(10-12-22(20)27-21)23(26)25-18-7-5-3-4-6-8-18/h9-14,18H,3-8H2,1-2H3,(H,25,26)"
MCULE-8461881110,https://mcule.com/MCULE-8461881110/,,N1C2C=C(C=CC=2SC2=CC=C(C)C=C2C=1CCC)C(NCCC(C)C)=O,c1(C(=O)NCC(C)C)cc2c(cc1)Sc1c(cc(C)cc1)C(C)=N2,0.9008849557522124,0.8599678,0.8810329,0.6961288,1.0,1.0,0.7,0.17,380.557,1,"InChI=1S/C20H22N2OS/c1-12(2)11-21-20(23)15-6-8-19-17(10-15)22-14(4)16-9-13(3)5-7-18(16)24-19/h5-10,12H,11H2,1-4H3,(H,21,23)","InChI=1S/C23H28N2OS/c1-5-6-19-18-13-16(4)7-9-21(18)27-22-10-8-17(14-20(22)25-19)23(26)24-12-11-15(2)3/h7-10,13-15H,5-6,11-12H2,1-4H3,(H,24,26)"
ZINC000004712625,ZINC000004712625,2.0,COCCNC(=O)c1ccc2c(c1)N=C(C)c3cc(Cl)ccc3S2,c1(C(=O)NCCCC)cc2c(cc1)Sc1c(cc(C)cc1)C(C)=N2,0.5757575757575758,0.91442144,0.8631931,0.9658036,1.0,1.0,0.68,0.07909091,360.866,1,"InChI=1S/C20H22N2OS/c1-4-5-10-21-20(23)15-7-9-19-17(12-15)22-14(3)16-11-13(2)6-8-18(16)24-19/h6-9,11-12H,4-5,10H2,1-3H3,(H,21,23)","InChI=1S/C18H17ClN2O2S/c1-11-14-10-13(19)4-6-16(14)24-17-5-3-12(9-15(17)21-11)18(22)20-7-8-23-2/h3-6,9-10H,7-8H2,1-2H3,(H,20,22)"
MCULE-8749518880,https://mcule.com/MCULE-8749518880/,,N1C2C=C(C=CC=2SC2C=CC(C)=CC=2C=1CC)C(NC)=O,c1(C(=O)NCCCC)cc2c(cc1)Sc1c(cc(C)cc1)C(C)=N2,0.9191729323308272,0.99240017,0.98793066,0.99603474,1.0,1.0,1.0,0.0,310.422,1,"InChI=1S/C20H22N2OS/c1-4-5-10-21-20(23)15-7-9-19-17(12-15)22-14(3)16-11-13(2)6-8-18(16)24-19/h6-9,11-12H,4-5,10H2,1-3H3,(H,21,23)","InChI=1S/C18H18N2OS/c1-4-14-13-9-11(2)5-7-16(13)22-17-8-6-12(18(21)19-3)10-15(17)20-14/h5-10H,4H2,1-3H3,(H,19,21)"
ZINC000004929768,ZINC000004929768,2.0,COCCCNC(=O)c1ccc2c(c1)N=C(C)c3cc(Cl)ccc3S2,c1(C(=O)NCCCC)cc2c(cc1)Sc1c(cc(C)cc1)C(C)=N2,0.6060606060606061,0.84853715,0.88917464,0.6405471,1.0,1.0,0.71,0.1790909,374.893,1,"InChI=1S/C20H22N2OS/c1-4-5-10-21-20(23)15-7-9-19-17(12-15)22-14(3)16-11-13(2)6-8-18(16)24-19/h6-9,11-12H,4-5,10H2,1-3H3,(H,21,23)","InChI=1S/C19H19ClN2O2S/c1-12-15-11-14(20)5-7-17(15)25-18-6-4-13(10-16(18)22-12)19(23)21-8-3-9-24-2/h4-7,10-11H,3,8-9H2,1-2H3,(H,21,23)"
ZINC000004929890,ZINC000004929890,3.0,CCC1=Nc2cc(C(=O)NCCOC)ccc2Sc3ccc(Cl)cc31,c1(C(=O)NCCCC)cc2c(cc1)Sc1c(cc(C)cc1)C(C)=N2,0.4520547945205479,0.88677365,0.8810329,0.79924,1.0,1.0,0.7,0.15,374.893,1,"InChI=1S/C20H22N2OS/c1-4-5-10-21-20(23)15-7-9-19-17(12-15)22-14(3)16-11-13(2)6-8-18(16)24-19/h6-9,11-12H,4-5,10H2,1-3H3,(H,21,23)","InChI=1S/C19H19ClN2O2S/c1-3-15-14-11-13(20)5-7-17(14)25-18-6-4-12(10-16(18)22-15)19(23)21-8-9-24-2/h4-7,10-11H,3,8-9H2,1-2H3,(H,21,23)"
ZINC000006728357,ZINC000006728357,1.0,COCCNC(=O)c1ccc2c(c1)N=C(C)c3cc(C)ccc3S2,c1(C(=O)NCCCC)cc2c(cc1)Sc1c(cc(C)cc1)C(C)=N2,0.7457627118644068,0.943409,0.9170328,0.9554058,1.0,1.0,0.75,0.089090906,340.448,1,"InChI=1S/C20H22N2OS/c1-4-5-10-21-20(23)15-7-9-19-17(12-15)22-14(3)16-11-13(2)6-8-18(16)24-19/h6-9,11-12H,4-5,10H2,1-3H3,(H,21,23)","InChI=1S/C19H20N2O2S/c1-12-4-6-17-15(10-12)13(2)21-16-11-14(5-7-18(16)24-17)19(22)20-8-9-23-3/h4-7,10-11H,8-9H2,1-3H3,(H,20,22)"
MCULE-6814427357,https://mcule.com/MCULE-6814427357/,,N1C2C=C(C=CC=2SC2C=CC(C)=CC=2C=1C)C(NCCOC)=O,c1(C(=O)NCCCC)cc2c(cc1)Sc1c(cc(C)cc1)C(C)=N2,0.9521072796934866,0.943409,0.9170328,0.9554058,1.0,1.0,0.75,0.089090906,340.448,1,"InChI=1S/C20H22N2OS/c1-4-5-10-21-20(23)15-7-9-19-17(12-15)22-14(3)16-11-13(2)6-8-18(16)24-19/h6-9,11-12H,4-5,10H2,1-3H3,(H,21,23)","InChI=1S/C19H20N2O2S/c1-12-4-6-17-15(10-12)13(2)21-16-11-14(5-7-18(16)24-17)19(22)20-8-9-23-3/h4-7,10-11H,8-9H2,1-3H3,(H,20,22)"
MCULE-9681315168,https://mcule.com/MCULE-9681315168/,,N1C2C=C(C=CC=2SC2C=CC=CC=2C=1CC)C(NCCCC)=O,c1(C(=O)NCCCC)cc2c(cc1)Sc1c(cc(C)cc1)C(C)=N2,0.9194756554307116,0.99240017,0.98793066,0.99603474,1.0,1.0,1.0,0.0,338.476,1,"InChI=1S/C20H22N2OS/c1-4-5-10-21-20(23)15-7-9-19-17(12-15)22-14(3)16-11-13(2)6-8-18(16)24-19/h6-9,11-12H,4-5,10H2,1-3H3,(H,21,23)","InChI=1S/C20H22N2OS/c1-3-5-12-21-20(23)14-10-11-19-17(13-14)22-16(4-2)15-8-6-7-9-18(15)24-19/h6-11,13H,3-5,12H2,1-2H3,(H,21,23)"
ZINC000004930040,ZINC000004930040,0.0,CCCCNC(=O)c1ccc2c(c1)N=C(C)c3cc(C)ccc3S2,c1(C(=O)NCCCC)cc2c(cc1)Sc1c(cc(C)cc1)C(C)=N2,1.0,0.9219612,0.91073215,0.87645614,1.0,1.0,0.74,0.1290909,338.476,1,"InChI=1S/C20H22N2OS/c1-4-5-10-21-20(23)15-7-9-19-17(12-15)22-14(3)16-11-13(2)6-8-18(16)24-19/h6-9,11-12H,4-5,10H2,1-3H3,(H,21,23)","InChI=1S/C20H22N2OS/c1-4-5-10-21-20(23)15-7-9-19-17(12-15)22-14(3)16-11-13(2)6-8-18(16)24-19/h6-9,11-12H,4-5,10H2,1-3H3,(H,21,23)"
MCULE-6254148835,https://mcule.com/MCULE-6254148835/,,N1C2C=C(C=CC=2SC2C=CC(C)=CC=2C=1CC)C(=O)NC(C)CC,c1(C(=O)NCCCC)cc2c(cc1)Sc1c(cc(C)cc1)C(C)=N2,0.9247706422018348,0.9520109,0.9284339,0.9649643,1.0,1.0,0.77,0.08,352.503,1,"InChI=1S/C20H22N2OS/c1-4-5-10-21-20(23)15-7-9-19-17(12-15)22-14(3)16-11-13(2)6-8-18(16)24-19/h6-9,11-12H,4-5,10H2,1-3H3,(H,21,23)","InChI=1S/C21H24N2OS/c1-5-14(4)22-21(24)15-8-10-20-18(12-15)23-17(6-2)16-11-13(3)7-9-19(16)25-20/h7-12,14H,5-6H2,1-4H3,(H,22,24)"
MCULE-8571732010,https://mcule.com/MCULE-8571732010/,,N1C2C=C(C=CC=2SC2=CC=C(C)C=C2C=1CCC)C(NCCCC)=O,c1(C(=O)NCCCC)cc2c(cc1)Sc1c(cc(C)cc1)C(C)=N2,0.9250457038391224,0.8709424,0.97733986,0.56864136,1.0,1.0,0.92,0.19,366.53,1,"InChI=1S/C20H22N2OS/c1-4-5-10-21-20(23)15-7-9-19-17(12-15)22-14(3)16-11-13(2)6-8-18(16)24-19/h6-9,11-12H,4-5,10H2,1-3H3,(H,21,23)","InChI=1S/C22H26N2OS/c1-4-6-12-23-22(25)16-9-11-21-19(14-16)24-18(7-5-2)17-13-15(3)8-10-20(17)26-21/h8-11,13-14H,4-7,12H2,1-3H3,(H,23,25)"
MCULE-5830374764,https://mcule.com/MCULE-5830374764/,,N1C2C=C(C=CC=2SC2C=CC=CC=2C=1C)C(NCCC1C=CC=CC=1)=O,c1(C(=O)NCCCC)cc2c(cc1)Sc1c(cc(C)cc1)C(C)=N2,0.9348659003831418,0.885635,0.80870515,0.98439837,1.0,1.0,0.63,0.05,372.493,1,"InChI=1S/C20H22N2OS/c1-4-5-10-21-20(23)15-7-9-19-17(12-15)22-14(3)16-11-13(2)6-8-18(16)24-19/h6-9,11-12H,4-5,10H2,1-3H3,(H,21,23)","InChI=1S/C23H20N2OS/c1-16-19-9-5-6-10-21(19)27-22-12-11-18(15-20(22)25-16)23(26)24-14-13-17-7-3-2-4-8-17/h2-12,15H,13-14H2,1H3,(H,24,26)"
ZINC000004712625,ZINC000004712625,3.0,COCCNC(=O)c1ccc2c(c1)N=C(C)c3cc(Cl)ccc3S2,CN(C)CCNC(c1cc2c(cc1)Sc1c(cc(C)cc1)C(C)=N2)=O,0.5671641791044776,0.91442144,0.8631931,0.9658036,1.0,1.0,0.68,0.07909091,360.866,1,"InChI=1S/C20H23N3OS/c1-13-5-7-18-16(11-13)14(2)22-17-12-15(6-8-19(17)25-18)20(24)21-9-10-23(3)4/h5-8,11-12H,9-10H2,1-4H3,(H,21,24)","InChI=1S/C18H17ClN2O2S/c1-11-14-10-13(19)4-6-16(14)24-17-5-3-12(9-15(17)21-11)18(22)20-7-8-23-2/h3-6,9-10H,7-8H2,1-2H3,(H,20,22)"
ZINC000006728357,ZINC000006728357,2.0,COCCNC(=O)c1ccc2c(c1)N=C(C)c3cc(C)ccc3S2,CN(C)CCNC(c1cc2c(cc1)Sc1c(cc(C)cc1)C(C)=N2)=O,0.7333333333333333,0.943409,0.9170328,0.9554058,1.0,1.0,0.75,0.089090906,340.448,1,"InChI=1S/C20H23N3OS/c1-13-5-7-18-16(11-13)14(2)22-17-12-15(6-8-19(17)25-18)20(24)21-9-10-23(3)4/h5-8,11-12H,9-10H2,1-4H3,(H,21,24)","InChI=1S/C19H20N2O2S/c1-12-4-6-17-15(10-12)13(2)21-16-11-14(5-7-18(16)24-17)19(22)20-8-9-23-3/h4-7,10-11H,8-9H2,1-3H3,(H,20,22)"
MCULE-6814427357,https://mcule.com/MCULE-6814427357/,,N1C2C=C(C=CC=2SC2C=CC(C)=CC=2C=1C)C(NCCOC)=O,CN(C)CCNC(c1cc2c(cc1)Sc1c(cc(C)cc1)C(C)=N2)=O,0.9272388059701492,0.943409,0.9170328,0.9554058,1.0,1.0,0.75,0.089090906,340.448,1,"InChI=1S/C20H23N3OS/c1-13-5-7-18-16(11-13)14(2)22-17-12-15(6-8-19(17)25-18)20(24)21-9-10-23(3)4/h5-8,11-12H,9-10H2,1-4H3,(H,21,24)","InChI=1S/C19H20N2O2S/c1-12-4-6-17-15(10-12)13(2)21-16-11-14(5-7-18(16)24-17)19(22)20-8-9-23-3/h4-7,10-11H,8-9H2,1-3H3,(H,20,22)"
ZINC000004930040,ZINC000004930040,2.0,CCCCNC(=O)c1ccc2c(c1)N=C(C)c3cc(C)ccc3S2,CN(C)CCNC(c1cc2c(cc1)Sc1c(cc(C)cc1)C(C)=N2)=O,0.7457627118644068,0.9219612,0.91073215,0.87645614,1.0,1.0,0.74,0.1290909,338.476,1,"InChI=1S/C20H23N3OS/c1-13-5-7-18-16(11-13)14(2)22-17-12-15(6-8-19(17)25-18)20(24)21-9-10-23(3)4/h5-8,11-12H,9-10H2,1-4H3,(H,21,24)","InChI=1S/C20H22N2OS/c1-4-5-10-21-20(23)15-7-9-19-17(12-15)22-14(3)16-11-13(2)6-8-18(16)24-19/h6-9,11-12H,4-5,10H2,1-3H3,(H,21,23)"
ZINC000009608358,ZINC000009608358,3.0,CCC1=Nc2cc(C(=O)NCCC(C)C)ccc2Sc3ccc(Br)cc31,CN(C)CCNC(c1cc2c(cc1)Sc1c(cc(C)cc1)C(C)=N2)=O,0.4266666666666667,0.8757673,0.84315443,0.8432988,1.0,1.0,0.66,0.13909091,431.399,1,"InChI=1S/C20H23N3OS/c1-13-5-7-18-16(11-13)14(2)22-17-12-15(6-8-19(17)25-18)20(24)21-9-10-23(3)4/h5-8,11-12H,9-10H2,1-4H3,(H,21,24)","InChI=1S/C21H23BrN2OS/c1-4-17-16-12-15(22)6-8-19(16)26-20-7-5-14(11-18(20)24-17)21(25)23-10-9-13(2)3/h5-8,11-13H,4,9-10H2,1-3H3,(H,23,25)"
ZINC000004930456,ZINC000004930456,3.0,CCC1=Nc2cc(C(=O)NCCC(C)C)ccc2Sc3ccc(Cl)cc31,CN(C)CCNC(c1cc2c(cc1)Sc1c(cc(C)cc1)C(C)=N2)=O,0.0857142857142857,0.8645324,0.9229263,0.63474333,1.0,1.0,0.76,0.18,386.948,1,"InChI=1S/C20H23N3OS/c1-13-5-7-18-16(11-13)14(2)22-17-12-15(6-8-19(17)25-18)20(24)21-9-10-23(3)4/h5-8,11-12H,9-10H2,1-4H3,(H,21,24)","InChI=1S/C21H23ClN2OS/c1-4-17-16-12-15(22)6-8-19(16)26-20-7-5-14(11-18(20)24-17)21(25)23-10-9-13(2)3/h5-8,11-13H,4,9-10H2,1-3H3,(H,23,25)"
MCULE-5830374764,https://mcule.com/MCULE-5830374764/,,N1C2C=C(C=CC=2SC2C=CC=CC=2C=1C)C(NCCC1C=CC=CC=1)=O,CN(C)CCNC(c1cc2c(cc1)Sc1c(cc(C)cc1)C(C)=N2)=O,0.8927911275415896,0.885635,0.80870515,0.98439837,1.0,1.0,0.63,0.05,372.493,1,"InChI=1S/C20H23N3OS/c1-13-5-7-18-16(11-13)14(2)22-17-12-15(6-8-19(17)25-18)20(24)21-9-10-23(3)4/h5-8,11-12H,9-10H2,1-4H3,(H,21,24)","InChI=1S/C23H20N2OS/c1-16-19-9-5-6-10-21(19)27-22-12-11-18(15-20(22)25-16)23(26)24-14-13-17-7-3-2-4-8-17/h2-12,15H,13-14H2,1H3,(H,24,26)"
MCULE-6277287745,https://mcule.com/MCULE-6277287745/,,N1C2C=C(C=CC=2SC2=CC=C(C)C=C2C=1CC)C(NCCN1CCCC1)=O,CN(C)CCNC(c1cc2c(cc1)Sc1c(cc(C)cc1)C(C)=N2)=O,0.8996539792387543,0.8469449,0.7826946,0.8737104,1.0,1.0,0.61,0.13,393.556,1,"InChI=1S/C20H23N3OS/c1-13-5-7-18-16(11-13)14(2)22-17-12-15(6-8-19(17)25-18)20(24)21-9-10-23(3)4/h5-8,11-12H,9-10H2,1-4H3,(H,21,24)","InChI=1S/C23H27N3OS/c1-3-19-18-14-16(2)6-8-21(18)28-22-9-7-17(15-20(22)25-19)23(27)24-10-13-26-11-4-5-12-26/h6-9,14-15H,3-5,10-13H2,1-2H3,(H,24,27)"
MCULE-2040607482,https://mcule.com/MCULE-2040607482/,,N1C2C=C(C=CC=2SC2C=CC(C)=CC=2C=1C)C(=O)NCC1=CC=C(C=C1)C,CN(C)CCNC(c1cc2c(cc1)Sc1c(cc(C)cc1)C(C)=N2)=O,0.8906810035842294,0.94321793,0.93837357,0.9011868,1.0,1.0,0.79,0.12,386.52,1,"InChI=1S/C20H23N3OS/c1-13-5-7-18-16(11-13)14(2)22-17-12-15(6-8-19(17)25-18)20(24)21-9-10-23(3)4/h5-8,11-12H,9-10H2,1-4H3,(H,21,24)","InChI=1S/C24H22N2OS/c1-15-4-7-18(8-5-15)14-25-24(27)19-9-11-23-21(13-19)26-17(3)20-12-16(2)6-10-22(20)28-23/h4-13H,14H2,1-3H3,(H,25,27)"
MCULE-2347691535,https://mcule.com/MCULE-2347691535/,,N1C2C=C(C=CC=2SC2=CC=C(C)C=C2C=1CC)C(NCCN(C)CCC1C=CC=CC=1)=O,CN(C)CCNC(c1cc2c(cc1)Sc1c(cc(C)cc1)C(C)=N2)=O,0.8950086058519794,0.87634027,0.83226955,0.8737104,1.0,1.0,0.65,0.13,457.643,1,"InChI=1S/C20H23N3OS/c1-13-5-7-18-16(11-13)14(2)22-17-12-15(6-8-19(17)25-18)20(24)21-9-10-23(3)4/h5-8,11-12H,9-10H2,1-4H3,(H,21,24)","InChI=1S/C28H31N3OS/c1-4-24-23-18-20(2)10-12-26(23)33-27-13-11-22(19-25(27)30-24)28(32)29-15-17-31(3)16-14-21-8-6-5-7-9-21/h5-13,18-19H,4,14-17H2,1-3H3,(H,29,32)"
MCULE-1717141559,https://mcule.com/MCULE-1717141559/,,N1C2C=C(C=CC=2SC2C=CC(Cl)=CC=2C=1C)C(=O)NCC1=CC=CO1,CCC1=Nc2cc(C(=O)NCc3occc3)ccc2Sc2c1cccc2,0.8938640132669984,0.99240017,0.98793066,0.99603474,1.0,1.0,1.0,0.0,382.872,1,"InChI=1S/C21H18N2O2S/c1-2-17-16-7-3-4-8-19(16)26-20-10-9-14(12-18(20)23-17)21(24)22-13-15-6-5-11-25-15/h3-12H,2,13H2,1H3,(H,22,24)","InChI=1S/C20H15ClN2O2S/c1-12-16-10-14(21)5-7-18(16)26-19-6-4-13(9-17(19)23-12)20(24)22-11-15-3-2-8-25-15/h2-10H,11H2,1H3,(H,22,24)"
MCULE-9681315168,https://mcule.com/MCULE-9681315168/,,N1C2C=C(C=CC=2SC2C=CC=CC=2C=1CC)C(NCCCC)=O,CCC1=Nc2cc(C(=O)NCc3occc3)ccc2Sc2c1cccc2,0.8854166666666666,0.99240017,0.98793066,0.99603474,1.0,1.0,1.0,0.0,338.476,1,"InChI=1S/C21H18N2O2S/c1-2-17-16-7-3-4-8-19(16)26-20-10-9-14(12-18(20)23-17)21(24)22-13-15-6-5-11-25-15/h3-12H,2,13H2,1H3,(H,22,24)","InChI=1S/C20H22N2OS/c1-3-5-12-21-20(23)14-10-11-19-17(13-14)22-16(4-2)15-8-6-7-9-18(15)24-19/h6-11,13H,3-5,12H2,1-2H3,(H,21,23)"
MCULE-3588716120,https://mcule.com/MCULE-3588716120/,,N1C2C=C(C=CC=2SC2C=CC=CC=2C=1CCC)C(NCCC)=O,CCC1=Nc2cc(C(=O)NCc3occc3)ccc2Sc2c1cccc2,0.868824531516184,0.9685936,0.95449746,0.97319597,1.0,1.0,0.83,0.07,338.476,1,"InChI=1S/C21H18N2O2S/c1-2-17-16-7-3-4-8-19(16)26-20-10-9-14(12-18(20)23-17)21(24)22-13-15-6-5-11-25-15/h3-12H,2,13H2,1H3,(H,22,24)","InChI=1S/C20H22N2OS/c1-3-7-16-15-8-5-6-9-18(15)24-19-11-10-14(13-17(19)22-16)20(23)21-12-4-2/h5-6,8-11,13H,3-4,7,12H2,1-2H3,(H,21,23)"
MCULE-6742382703,https://mcule.com/MCULE-6742382703/,,N1C2C=C(C=CC=2SC2C=CC=CC=2C=1CC)C(=O)NC(C)CC,CCC1=Nc2cc(C(=O)NCc3occc3)ccc2Sc2c1cccc2,0.8717948717948718,0.87565285,0.796008,0.97319597,1.0,1.0,0.62,0.07,338.476,1,"InChI=1S/C21H18N2O2S/c1-2-17-16-7-3-4-8-19(16)26-20-10-9-14(12-18(20)23-17)21(24)22-13-15-6-5-11-25-15/h3-12H,2,13H2,1H3,(H,22,24)","InChI=1S/C20H22N2OS/c1-4-13(3)21-20(23)14-10-11-19-17(12-14)22-16(5-2)15-8-6-7-9-18(15)24-19/h6-13H,4-5H2,1-3H3,(H,21,23)"
ZINC000009608246,ZINC000009608246,1.0,CCC1=Nc2cc(C(=O)NCc3ccco3)ccc2Sc4ccc(Br)cc41,CCC1=Nc2cc(C(=O)NCc3occc3)ccc2Sc2c1cccc2,0.8253968253968254,0.99240017,0.98793066,0.99603474,1.0,1.0,1.0,0.0,441.35,1,"InChI=1S/C21H18N2O2S/c1-2-17-16-7-3-4-8-19(16)26-20-10-9-14(12-18(20)23-17)21(24)22-13-15-6-5-11-25-15/h3-12H,2,13H2,1H3,(H,22,24)","InChI=1S/C21H17BrN2O2S/c1-2-17-16-11-14(22)6-8-19(16)27-20-7-5-13(10-18(20)24-17)21(25)23-12-15-4-3-9-26-15/h3-11H,2,12H2,1H3,(H,23,25)"
MCULE-8158946475,https://mcule.com/MCULE-8158946475/,,N1C2C=C(C=CC=2SC2C=CC(Br)=CC=2C=1CC)C(=O)NCC1=CC=CO1,CCC1=Nc2cc(C(=O)NCc3occc3)ccc2Sc2c1cccc2,0.937190082644628,0.99240017,0.98793066,0.99603474,1.0,1.0,1.0,0.0,441.35,1,"InChI=1S/C21H18N2O2S/c1-2-17-16-7-3-4-8-19(16)26-20-10-9-14(12-18(20)23-17)21(24)22-13-15-6-5-11-25-15/h3-12H,2,13H2,1H3,(H,22,24)","InChI=1S/C21H17BrN2O2S/c1-2-17-16-11-14(22)6-8-19(16)27-20-7-5-13(10-18(20)24-17)21(25)23-12-15-4-3-9-26-15/h3-11H,2,12H2,1H3,(H,23,25)"
ZINC000009608277,ZINC000009608277,2.0,CCC1=Nc2cc(C(=O)NCc3cccs3)ccc2Sc4ccc(Br)cc41,CCC1=Nc2cc(C(=O)NCc3occc3)ccc2Sc2c1cccc2,0.1111111111111111,0.99240017,0.98793066,0.99603474,1.0,1.0,1.0,0.0,457.418,1,"InChI=1S/C21H18N2O2S/c1-2-17-16-7-3-4-8-19(16)26-20-10-9-14(12-18(20)23-17)21(24)22-13-15-6-5-11-25-15/h3-12H,2,13H2,1H3,(H,22,24)","InChI=1S/C21H17BrN2OS2/c1-2-17-16-11-14(22)6-8-19(16)27-20-7-5-13(10-18(20)24-17)21(25)23-12-15-4-3-9-26-15/h3-11H,2,12H2,1H3,(H,23,25)"
MCULE-6771201054,https://mcule.com/MCULE-6771201054/,,N1C2C=C(C=CC=2SC2C=CC(C)=CC=2C=1C)C(=O)NCC1=CC=CO1,CCC1=Nc2cc(C(=O)NCc3occc3)ccc2Sc2c1cccc2,0.927710843373494,0.9357381,0.88917464,0.99477935,1.0,1.0,0.71,0.01,362.454,1,"InChI=1S/C21H18N2O2S/c1-2-17-16-7-3-4-8-19(16)26-20-10-9-14(12-18(20)23-17)21(24)22-13-15-6-5-11-25-15/h3-12H,2,13H2,1H3,(H,22,24)","InChI=1S/C21H18N2O2S/c1-13-5-7-19-17(10-13)14(2)23-18-11-15(6-8-20(18)26-19)21(24)22-12-16-4-3-9-25-16/h3-11H,12H2,1-2H3,(H,22,24)"
ZINC000004929395,ZINC000004929395,0.0,CCC1=Nc2cc(C(=O)NCc3ccco3)ccc2Sc4ccccc41,CCC1=Nc2cc(C(=O)NCc3occc3)ccc2Sc2c1cccc2,1.0,0.924496,0.8723789,0.9881202,1.0,1.0,0.69,0.04,362.454,1,"InChI=1S/C21H18N2O2S/c1-2-17-16-7-3-4-8-19(16)26-20-10-9-14(12-18(20)23-17)21(24)22-13-15-6-5-11-25-15/h3-12H,2,13H2,1H3,(H,22,24)","InChI=1S/C21H18N2O2S/c1-2-17-16-7-3-4-8-19(16)26-20-10-9-14(12-18(20)23-17)21(24)22-13-15-6-5-11-25-15/h3-12H,2,13H2,1H3,(H,22,24)"
ZINC000009608267,ZINC000009608267,5.0,CCC1=Nc2cc(C(=O)NC[C@@H]3CCCO3)ccc2Sc4ccc(Br)cc41,CCC1=Nc2cc(C(=O)NCc3occc3)ccc2Sc2c1cccc2,0.4935064935064935,0.9159722,0.8631931,0.97319597,1.0,1.0,0.68,0.07,445.382,1,"InChI=1S/C21H18N2O2S/c1-2-17-16-7-3-4-8-19(16)26-20-10-9-14(12-18(20)23-17)21(24)22-13-15-6-5-11-25-15/h3-12H,2,13H2,1H3,(H,22,24)","InChI=1S/C21H21BrN2O2S/c1-2-17-16-11-14(22)6-8-19(16)27-20-7-5-13(10-18(20)24-17)21(25)23-12-15-4-3-9-26-15/h5-8,10-11,15H,2-4,9,12H2,1H3,(H,23,25)/t15-/m0/s1"
ZINC000004929586,ZINC000004929586,1.0,CCCC1=Nc2cc(C(=O)NCc3ccco3)ccc2Sc4ccccc41,CCC1=Nc2cc(C(=O)NCc3occc3)ccc2Sc2c1cccc2,0.8360655737704918,0.963802,0.93837357,0.99312925,1.0,1.0,0.79,0.02,376.481,1,"InChI=1S/C21H18N2O2S/c1-2-17-16-7-3-4-8-19(16)26-20-10-9-14(12-18(20)23-17)21(24)22-13-15-6-5-11-25-15/h3-12H,2,13H2,1H3,(H,22,24)","InChI=1S/C22H20N2O2S/c1-2-6-18-17-8-3-4-9-20(17)27-21-11-10-15(13-19(21)24-18)22(25)23-14-16-7-5-12-26-16/h3-5,7-13H,2,6,14H2,1H3,(H,23,25)"
MCULE-7283096933,https://mcule.com/MCULE-7283096933/,,N1C2C=C(C=CC=2SC2C=CC=CC=2C=1CCC)C(=O)NCC1=CC=CO1,CCC1=Nc2cc(C(=O)NCc3occc3)ccc2Sc2c1cccc2,0.9759036144578314,0.963802,0.93837357,0.99312925,1.0,1.0,0.79,0.02,376.481,1,"InChI=1S/C21H18N2O2S/c1-2-17-16-7-3-4-8-19(16)26-20-10-9-14(12-18(20)23-17)21(24)22-13-15-6-5-11-25-15/h3-12H,2,13H2,1H3,(H,22,24)","InChI=1S/C22H20N2O2S/c1-2-6-18-17-8-3-4-9-20(17)27-21-11-10-15(13-19(21)24-18)22(25)23-14-16-7-5-12-26-16/h3-5,7-13H,2,6,14H2,1H3,(H,23,25)"
MCULE-8454725046,https://mcule.com/MCULE-8454725046/,,N1C2C=C(C=CC=2SC2C=CC=CC=2C=1CC)C(=O)NCC1=CC=C(C=C1)F,CCC1=Nc2cc(C(=O)NCc3occc3)ccc2Sc2c1cccc2,0.8666666666666667,0.9289299,0.957852,0.79924,1.0,1.0,0.84,0.15,390.483,1,"InChI=1S/C21H18N2O2S/c1-2-17-16-7-3-4-8-19(16)26-20-10-9-14(12-18(20)23-17)21(24)22-13-15-6-5-11-25-15/h3-12H,2,13H2,1H3,(H,22,24)","InChI=1S/C23H19FN2OS/c1-2-19-18-5-3-4-6-21(18)28-22-12-9-16(13-20(22)26-19)23(27)25-14-15-7-10-17(24)11-8-15/h3-13H,2,14H2,1H3,(H,25,27)"
MCULE-3250986227,https://mcule.com/MCULE-3250986227/,,N1C2C=C(C=CC=2SC2C=CC(C)=CC=2C=1CCC)C(=O)NCC1=CC=CO1,CCC1=Nc2cc(C(=O)NCc3occc3)ccc2Sc2c1cccc2,0.9529411764705882,0.96872085,0.94701153,0.99312925,1.0,1.0,0.81,0.02,390.508,1,"InChI=1S/C21H18N2O2S/c1-2-17-16-7-3-4-8-19(16)26-20-10-9-14(12-18(20)23-17)21(24)22-13-15-6-5-11-25-15/h3-12H,2,13H2,1H3,(H,22,24)","InChI=1S/C23H22N2O2S/c1-3-5-19-18-12-15(2)7-9-21(18)28-22-10-8-16(13-20(22)25-19)23(26)24-14-17-6-4-11-27-17/h4,6-13H,3,5,14H2,1-2H3,(H,24,26)"
MCULE-4087326320,https://mcule.com/MCULE-4087326320/,,N1C2C=C(C=CC=2SC2C=CC=CC=2C=1CCC)C(=O)NCC1C=CC=CC=1,CCC1=Nc2cc(C(=O)NCc3occc3)ccc2Sc2c1cccc2,0.8737373737373737,0.97716236,0.9638649,0.9881202,1.0,1.0,0.86,0.04,386.52,1,"InChI=1S/C21H18N2O2S/c1-2-17-16-7-3-4-8-19(16)26-20-10-9-14(12-18(20)23-17)21(24)22-13-15-6-5-11-25-15/h3-12H,2,13H2,1H3,(H,22,24)","InChI=1S/C24H22N2OS/c1-2-8-20-19-11-6-7-12-22(19)28-23-14-13-18(15-21(23)26-20)24(27)25-16-17-9-4-3-5-10-17/h3-7,9-15H,2,8,16H2,1H3,(H,25,27)"
ZINC000004901230,ZINC000004901230,5.0,CC1=Nc2cc(C(=O)NCc3cccnc3)ccc2Sc4ccccc41,CC1=Nc2cc(C(=O)NCc3cccc(Cl)c3)ccc2Sc2c1ccc(Cl)c2,0.6153846153846154,0.867486,0.7826946,0.97319597,1.0,1.0,0.61,0.07,359.454,1,"InChI=1S/C22H16Cl2N2OS/c1-13-18-7-6-17(24)11-21(18)28-20-8-5-15(10-19(20)26-13)22(27)25-12-14-3-2-4-16(23)9-14/h2-11H,12H2,1H3,(H,25,27)","InChI=1S/C21H17N3OS/c1-14-17-6-2-3-7-19(17)26-20-9-8-16(11-18(20)24-14)21(25)23-13-15-5-4-10-22-12-15/h2-12H,13H2,1H3,(H,23,25)"
MCULE-5335059826,https://mcule.com/MCULE-5335059826/,,N1C2C=C(C=CC=2SC2C=CC(Cl)=CC=2C=1C)C(=O)NCC1C=CC=CC=1Cl,CC1=Nc2cc(C(=O)NCc3cccc(Cl)c3)ccc2Sc2c1ccc(Cl)c2,0.9324090121317158,0.8947171,0.82078993,0.99312925,1.0,1.0,0.64,0.02,427.356,1,"InChI=1S/C22H16Cl2N2OS/c1-13-18-7-6-17(24)11-21(18)28-20-8-5-15(10-19(20)26-13)22(27)25-12-14-3-2-4-16(23)9-14/h2-11H,12H2,1H3,(H,25,27)","InChI=1S/C22H16Cl2N2OS/c1-13-17-11-16(23)7-9-20(17)28-21-8-6-14(10-19(21)26-13)22(27)25-12-15-4-2-3-5-18(15)24/h2-11H,12H2,1H3,(H,25,27)"
MCULE-6543484347,https://mcule.com/MCULE-6543484347/,,N1C2C=C(C=CC=2SC2C=CC(Cl)=CC=2C=1C)C(=O)NCC1=CC=C(C=C1)Cl,CC1=Nc2cc(C(=O)NCc3cccc(Cl)c3)ccc2Sc2c1ccc(Cl)c2,0.95929203539823,0.9154157,0.88917464,0.9011868,1.0,1.0,0.71,0.12,427.356,1,"InChI=1S/C22H16Cl2N2OS/c1-13-18-7-6-17(24)11-21(18)28-20-8-5-15(10-19(20)26-13)22(27)25-12-14-3-2-4-16(23)9-14/h2-11H,12H2,1H3,(H,25,27)","InChI=1S/C22H16Cl2N2OS/c1-13-18-11-17(24)7-9-20(18)28-21-8-4-15(10-19(21)26-13)22(27)25-12-14-2-5-16(23)6-3-14/h2-11H,12H2,1H3,(H,25,27)"
MCULE-1153524502,https://mcule.com/MCULE-1153524502/,,N1C2C=C(C=CC=2SC2C=CC(Cl)=CC=2C=1C)C(=O)NCC1C=CC=CC=1,CC1=Nc2cc(C(=O)NCc3cccc(Cl)c3)ccc2Sc2c1ccc(Cl)c2,0.9345132743362832,0.8890152,0.82078993,0.9649643,1.0,1.0,0.64,0.08,392.911,1,"InChI=1S/C22H16Cl2N2OS/c1-13-18-7-6-17(24)11-21(18)28-20-8-5-15(10-19(20)26-13)22(27)25-12-14-3-2-4-16(23)9-14/h2-11H,12H2,1H3,(H,25,27)","InChI=1S/C22H17ClN2OS/c1-14-18-12-17(23)8-10-20(18)27-21-9-7-16(11-19(21)25-14)22(26)24-13-15-5-3-2-4-6-15/h2-12H,13H2,1H3,(H,24,26)"
MCULE-4980836871,https://mcule.com/MCULE-4980836871/,,N1C2C=C(C=CC=2SC2C=CC(Cl)=CC=2C=1CC)C(=O)NCC1=CC=C(C=C1)Cl,CC1=Nc2cc(C(=O)NCc3cccc(Cl)c3)ccc2Sc2c1ccc(Cl)c2,0.9155405405405406,0.9492153,0.9609694,0.8737104,1.0,1.0,0.85,0.13,441.383,1,"InChI=1S/C22H16Cl2N2OS/c1-13-18-7-6-17(24)11-21(18)28-20-8-5-15(10-19(20)26-13)22(27)25-12-14-3-2-4-16(23)9-14/h2-11H,12H2,1H3,(H,25,27)","InChI=1S/C23H18Cl2N2OS/c1-2-19-18-12-17(25)8-10-21(18)29-22-9-5-15(11-20(22)27-19)23(28)26-13-14-3-6-16(24)7-4-14/h3-12H,2,13H2,1H3,(H,26,28)"
MCULE-3162875168,https://mcule.com/MCULE-3162875168/,,N1C2C=C(C=CC=2SC2=CC=C(Cl)C=C2C=1C)C(=O)NCC1C=CC(=CC=1)C,CC1=Nc2cc(C(=O)NCc3cccc(Cl)c3)ccc2Sc2c1ccc(Cl)c2,0.911917098445596,0.94606656,0.91073215,0.98439837,1.0,1.0,0.74,0.05,406.938,1,"InChI=1S/C22H16Cl2N2OS/c1-13-18-7-6-17(24)11-21(18)28-20-8-5-15(10-19(20)26-13)22(27)25-12-14-3-2-4-16(23)9-14/h2-11H,12H2,1H3,(H,25,27)","InChI=1S/C23H19ClN2OS/c1-14-3-5-16(6-4-14)13-25-23(27)17-7-9-22-20(11-17)26-15(2)19-12-18(24)8-10-21(19)28-22/h3-12H,13H2,1-2H3,(H,25,27)"
MCULE-5074289166,https://mcule.com/MCULE-5074289166/,,N1C2C=C(C=CC=2SC2C=CC(C)=CC=2C=1C)C(=O)NCC1=CC=C(C=C1)Cl,CC1=Nc2cc(C(=O)NCc3cccc(Cl)c3)ccc2Sc2c1ccc(Cl)c2,0.9198606271777005,0.90551126,0.8968244,0.8399507,1.0,1.0,0.72,0.14,406.938,1,"InChI=1S/C22H16Cl2N2OS/c1-13-18-7-6-17(24)11-21(18)28-20-8-5-15(10-19(20)26-13)22(27)25-12-14-3-2-4-16(23)9-14/h2-11H,12H2,1H3,(H,25,27)","InChI=1S/C23H19ClN2OS/c1-14-3-9-21-19(11-14)15(2)26-20-12-17(6-10-22(20)28-21)23(27)25-13-16-4-7-18(24)8-5-16/h3-12H,13H2,1-2H3,(H,25,27)"
MCULE-1997084486,https://mcule.com/MCULE-1997084486/,,N1C2C=C(C=CC=2SC2C=CC(Cl)=CC=2C=1CC)C(=O)NCC1C=CC=CC=1,CC1=Nc2cc(C(=O)NCc3cccc(Cl)c3)ccc2Sc2c1ccc(Cl)c2,0.8918918918918919,0.84905577,0.9335762,0.56864136,1.0,1.0,0.78,0.19,406.938,1,"InChI=1S/C22H16Cl2N2OS/c1-13-18-7-6-17(24)11-21(18)28-20-8-5-15(10-19(20)26-13)22(27)25-12-14-3-2-4-16(23)9-14/h2-11H,12H2,1H3,(H,25,27)","InChI=1S/C23H19ClN2OS/c1-2-19-18-13-17(24)9-11-21(18)28-22-10-8-16(12-20(22)26-19)23(27)25-14-15-6-4-3-5-7-15/h3-13H,2,14H2,1H3,(H,25,27)"
MCULE-1477843803,https://mcule.com/MCULE-1477843803/,,C1(=O)C2=CC=CC=C2SC2C=CC(=CC=2N1)C(NCCC1C=CC(=CC=1)OCC)=O,c1cc(Cl)ccc1OCCNC(=O)c1ccc2c(c1)NC(=O)c1c(cccc1)S2,0.8741258741258742,0.8714034,0.7826946,0.99312925,1.0,1.0,0.61,0.02,418.518,1,"InChI=1S/C22H17ClN2O3S/c23-15-6-8-16(9-7-15)28-12-11-24-21(26)14-5-10-20-18(13-14)25-22(27)17-3-1-2-4-19(17)29-20/h1-10,13H,11-12H2,(H,24,26)(H,25,27)","InChI=1S/C24H22N2O3S/c1-2-29-18-10-7-16(8-11-18)13-14-25-23(27)17-9-12-22-20(15-17)26-24(28)19-5-3-4-6-21(19)30-22/h3-12,15H,2,13-14H2,1H3,(H,25,27)(H,26,28)"
ZINC000004901230,ZINC000004901230,2.0,CC1=Nc2cc(C(=O)NCc3cccnc3)ccc2Sc4ccccc41,CC1=Nc2cc(C(=O)NCc3ccc(Cl)cc3)ccc2Sc2c1cccc2,0.7,0.867486,0.7826946,0.97319597,1.0,1.0,0.61,0.07,359.454,1,"InChI=1S/C22H17ClN2OS/c1-14-18-4-2-3-5-20(18)27-21-11-8-16(12-19(21)25-14)22(26)24-13-15-6-9-17(23)10-7-15/h2-12H,13H2,1H3,(H,24,26)","InChI=1S/C21H17N3OS/c1-14-17-6-2-3-7-19(17)26-20-9-8-16(11-18(20)24-14)21(25)23-13-15-5-4-10-22-12-15/h2-12H,13H2,1H3,(H,23,25)"
MCULE-5335059826,https://mcule.com/MCULE-5335059826/,,N1C2C=C(C=CC=2SC2C=CC(Cl)=CC=2C=1C)C(=O)NCC1C=CC=CC=1Cl,CC1=Nc2cc(C(=O)NCc3ccc(Cl)cc3)ccc2Sc2c1cccc2,0.9241622574955908,0.8947171,0.82078993,0.99312925,1.0,1.0,0.64,0.02,427.356,1,"InChI=1S/C22H17ClN2OS/c1-14-18-4-2-3-5-20(18)27-21-11-8-16(12-19(21)25-14)22(26)24-13-15-6-9-17(23)10-7-15/h2-12H,13H2,1H3,(H,24,26)","InChI=1S/C22H16Cl2N2OS/c1-13-17-11-16(23)7-9-20(17)28-21-8-6-14(10-19(21)26-13)22(27)25-12-15-4-2-3-5-18(15)24/h2-11H,12H2,1H3,(H,25,27)"
ZINC000020178868,ZINC000020178868,1.0,CC1=Nc2cc(C(=O)NCc3ccc(Cl)cc3)ccc2Sc4ccc(Cl)cc41,CC1=Nc2cc(C(=O)NCc3ccc(Cl)cc3)ccc2Sc2c1cccc2,0.8867924528301887,0.9154157,0.88917464,0.9011868,1.0,1.0,0.71,0.12,427.356,1,"InChI=1S/C22H17ClN2OS/c1-14-18-4-2-3-5-20(18)27-21-11-8-16(12-19(21)25-14)22(26)24-13-15-6-9-17(23)10-7-15/h2-12H,13H2,1H3,(H,24,26)","InChI=1S/C22H16Cl2N2OS/c1-13-18-11-17(24)7-9-20(18)28-21-8-4-15(10-19(21)26-13)22(27)25-12-14-2-5-16(23)6-3-14/h2-11H,12H2,1H3,(H,25,27)"
MCULE-6543484347,https://mcule.com/MCULE-6543484347/,,N1C2C=C(C=CC=2SC2C=CC(Cl)=CC=2C=1C)C(=O)NCC1=CC=C(C=C1)Cl,CC1=Nc2cc(C(=O)NCc3ccc(Cl)cc3)ccc2Sc2c1cccc2,0.9513513513513514,0.9154157,0.88917464,0.9011868,1.0,1.0,0.71,0.12,427.356,1,"InChI=1S/C22H17ClN2OS/c1-14-18-4-2-3-5-20(18)27-21-11-8-16(12-19(21)25-14)22(26)24-13-15-6-9-17(23)10-7-15/h2-12H,13H2,1H3,(H,24,26)","InChI=1S/C22H16Cl2N2OS/c1-13-18-11-17(24)7-9-20(18)28-21-8-4-15(10-19(21)26-13)22(27)25-12-14-2-5-16(23)6-3-14/h2-11H,12H2,1H3,(H,25,27)"
MCULE-1153524502,https://mcule.com/MCULE-1153524502/,,N1C2C=C(C=CC=2SC2C=CC(Cl)=CC=2C=1C)C(=O)NCC1C=CC=CC=1,CC1=Nc2cc(C(=O)NCc3ccc(Cl)cc3)ccc2Sc2c1cccc2,0.9614678899082568,0.8890152,0.82078993,0.9649643,1.0,1.0,0.64,0.08,392.911,1,"InChI=1S/C22H17ClN2OS/c1-14-18-4-2-3-5-20(18)27-21-11-8-16(12-19(21)25-14)22(26)24-13-15-6-9-17(23)10-7-15/h2-12H,13H2,1H3,(H,24,26)","InChI=1S/C22H17ClN2OS/c1-14-18-12-17(23)8-10-20(18)27-21-9-7-16(11-19(21)25-14)22(26)24-13-15-5-3-2-4-6-15/h2-12H,13H2,1H3,(H,24,26)"
ZINC000004712687,ZINC000004712687,2.0,CC1=Nc2cc(C(=O)NCc3ccc(C)cc3)ccc2Sc4ccc(Cl)cc41,CC1=Nc2cc(C(=O)NCc3ccc(Cl)cc3)ccc2Sc2c1cccc2,0.7931034482758621,0.94606656,0.91073215,0.98439837,1.0,1.0,0.74,0.05,406.938,1,"InChI=1S/C22H17ClN2OS/c1-14-18-4-2-3-5-20(18)27-21-11-8-16(12-19(21)25-14)22(26)24-13-15-6-9-17(23)10-7-15/h2-12H,13H2,1H3,(H,24,26)","InChI=1S/C23H19ClN2OS/c1-14-3-5-16(6-4-14)13-25-23(27)17-7-9-22-20(11-17)26-15(2)19-12-18(24)8-10-21(19)28-22/h3-12H,13H2,1-2H3,(H,25,27)"
MCULE-3162875168,https://mcule.com/MCULE-3162875168/,,N1C2C=C(C=CC=2SC2=CC=C(Cl)C=C2C=1C)C(=O)NCC1C=CC(=CC=1)C,CC1=Nc2cc(C(=O)NCc3ccc(Cl)cc3)ccc2Sc2c1cccc2,0.9373881932021468,0.94606656,0.91073215,0.98439837,1.0,1.0,0.74,0.05,406.938,1,"InChI=1S/C22H17ClN2OS/c1-14-18-4-2-3-5-20(18)27-21-11-8-16(12-19(21)25-14)22(26)24-13-15-6-9-17(23)10-7-15/h2-12H,13H2,1H3,(H,24,26)","InChI=1S/C23H19ClN2OS/c1-14-3-5-16(6-4-14)13-25-23(27)17-7-9-22-20(11-17)26-15(2)19-12-18(24)8-10-21(19)28-22/h3-12H,13H2,1-2H3,(H,25,27)"
ZINC000004929971,ZINC000004929971,1.0,CC1=Nc2cc(C(=O)NCc3ccc(Cl)cc3)ccc2Sc4ccc(C)cc41,CC1=Nc2cc(C(=O)NCc3ccc(Cl)cc3)ccc2Sc2c1cccc2,0.8245614035087719,0.90551126,0.8968244,0.8399507,1.0,1.0,0.72,0.14,406.938,1,"InChI=1S/C22H17ClN2OS/c1-14-18-4-2-3-5-20(18)27-21-11-8-16(12-19(21)25-14)22(26)24-13-15-6-9-17(23)10-7-15/h2-12H,13H2,1H3,(H,24,26)","InChI=1S/C23H19ClN2OS/c1-14-3-9-21-19(11-14)15(2)26-20-12-17(6-10-22(20)28-21)23(27)25-13-16-4-7-18(24)8-5-16/h3-12H,13H2,1-2H3,(H,25,27)"
MCULE-5074289166,https://mcule.com/MCULE-5074289166/,,N1C2C=C(C=CC=2SC2C=CC(C)=CC=2C=1C)C(=O)NCC1=CC=C(C=C1)Cl,CC1=Nc2cc(C(=O)NCc3ccc(Cl)cc3)ccc2Sc2c1cccc2,0.96,0.90551126,0.8968244,0.8399507,1.0,1.0,0.72,0.14,406.938,1,"InChI=1S/C22H17ClN2OS/c1-14-18-4-2-3-5-20(18)27-21-11-8-16(12-19(21)25-14)22(26)24-13-15-6-9-17(23)10-7-15/h2-12H,13H2,1H3,(H,24,26)","InChI=1S/C23H19ClN2OS/c1-14-3-9-21-19(11-14)15(2)26-20-12-17(6-10-22(20)28-21)23(27)25-13-16-4-7-18(24)8-5-16/h3-12H,13H2,1-2H3,(H,25,27)"
MCULE-1997084486,https://mcule.com/MCULE-1997084486/,,N1C2C=C(C=CC=2SC2C=CC(Cl)=CC=2C=1CC)C(=O)NCC1C=CC=CC=1,CC1=Nc2cc(C(=O)NCc3ccc(Cl)cc3)ccc2Sc2c1cccc2,0.916083916083916,0.84905577,0.9335762,0.56864136,1.0,1.0,0.78,0.19,406.938,1,"InChI=1S/C22H17ClN2OS/c1-14-18-4-2-3-5-20(18)27-21-11-8-16(12-19(21)25-14)22(26)24-13-15-6-9-17(23)10-7-15/h2-12H,13H2,1H3,(H,24,26)","InChI=1S/C23H19ClN2OS/c1-2-19-18-13-17(24)9-11-21(18)28-22-10-8-16(12-20(22)26-19)23(27)25-14-15-6-4-3-5-7-15/h3-13H,2,14H2,1H3,(H,25,27)"
ZINC000004670313,ZINC000004670313,2.0,CCC1=Nc2cc(C(=O)NCc3ccc(F)cc3)ccc2Sc4ccccc41,CC1=Nc2cc(C(=O)NCc3ccc(Cl)cc3)ccc2Sc2c1cccc2,0.59375,0.9289299,0.957852,0.79924,1.0,1.0,0.84,0.15,390.483,1,"InChI=1S/C22H17ClN2OS/c1-14-18-4-2-3-5-20(18)27-21-11-8-16(12-19(21)25-14)22(26)24-13-15-6-9-17(23)10-7-15/h2-12H,13H2,1H3,(H,24,26)","InChI=1S/C23H19FN2OS/c1-2-19-18-5-3-4-6-21(18)28-22-12-9-16(13-20(22)26-19)23(27)25-14-15-7-10-17(24)11-8-15/h3-13H,2,14H2,1H3,(H,25,27)"
ZINC000004929285,ZINC000004929285,1.0,CC1=Nc2cc(C(=O)NCc3ccc(C)cc3)ccc2Sc4ccccc41,CC1=Nc2cc(C(=O)NCc3ccc(Cl)cc3)ccc2Sc2c1cccc2,0.2,0.9224184,0.8810329,0.95432323,1.0,1.0,0.7,0.09,372.493,1,"InChI=1S/C22H17ClN2OS/c1-14-18-4-2-3-5-20(18)27-21-11-8-16(12-19(21)25-14)22(26)24-13-15-6-9-17(23)10-7-15/h2-12H,13H2,1H3,(H,24,26)","InChI=1S/C23H20N2OS/c1-15-7-9-17(10-8-15)14-24-23(26)18-11-12-22-20(13-18)25-16(2)19-5-3-4-6-21(19)27-22/h3-13H,14H2,1-2H3,(H,24,26)"
MCULE-1599297501,https://mcule.com/MCULE-1599297501/,,N1C2C=C(C=CC=2SC2C=CC(C)=CC=2C=1CC)C(=O)NCC1=CC=C(C=C1)Cl,CC1=Nc2cc(C(=O)NCc3ccc(Cl)cc3)ccc2Sc2c1cccc2,0.9150779896013864,0.9431713,0.9170328,0.95432323,1.0,1.0,0.75,0.09,420.965,1,"InChI=1S/C22H17ClN2OS/c1-14-18-4-2-3-5-20(18)27-21-11-8-16(12-19(21)25-14)22(26)24-13-15-6-9-17(23)10-7-15/h2-12H,13H2,1H3,(H,24,26)","InChI=1S/C24H21ClN2OS/c1-3-20-19-12-15(2)4-10-22(19)29-23-11-7-17(13-21(23)27-20)24(28)26-14-16-5-8-18(25)9-6-16/h4-13H,3,14H2,1-2H3,(H,26,28)"
ZINC000004929999,ZINC000004929999,2.0,CC1=Nc2cc(C(=O)NCc3ccc(C)cc3)ccc2Sc4ccc(C)cc41,CC1=Nc2cc(C(=O)NCc3ccc(Cl)cc3)ccc2Sc2c1cccc2,0.7068965517241379,0.94321793,0.93837357,0.9011868,1.0,1.0,0.79,0.12,386.52,1,"InChI=1S/C22H17ClN2OS/c1-14-18-4-2-3-5-20(18)27-21-11-8-16(12-19(21)25-14)22(26)24-13-15-6-9-17(23)10-7-15/h2-12H,13H2,1H3,(H,24,26)","InChI=1S/C24H22N2OS/c1-15-4-7-18(8-5-15)14-25-24(27)19-9-11-23-21(13-19)26-17(3)20-12-16(2)6-10-22(20)28-23/h4-13H,14H2,1-3H3,(H,25,27)"
ZINC000004901230,ZINC000004901230,2.0,CC1=Nc2cc(C(=O)NCc3cccnc3)ccc2Sc4ccccc41,CC1=Nc2cc(C(=O)NCc3ccc(F)cc3)ccc2Sc2c1cccc2,0.7,0.867486,0.7826946,0.97319597,1.0,1.0,0.61,0.07,359.454,1,"InChI=1S/C22H17FN2OS/c1-14-18-4-2-3-5-20(18)27-21-11-8-16(12-19(21)25-14)22(26)24-13-15-6-9-17(23)10-7-15/h2-12H,13H2,1H3,(H,24,26)","InChI=1S/C21H17N3OS/c1-14-17-6-2-3-7-19(17)26-20-9-8-16(11-18(20)24-14)21(25)23-13-15-5-4-10-22-12-15/h2-12H,13H2,1H3,(H,23,25)"
ZINC000020178868,ZINC000020178868,2.0,CC1=Nc2cc(C(=O)NCc3ccc(Cl)cc3)ccc2Sc4ccc(Cl)cc41,CC1=Nc2cc(C(=O)NCc3ccc(F)cc3)ccc2Sc2c1cccc2,0.6949152542372882,0.9154157,0.88917464,0.9011868,1.0,1.0,0.71,0.12,427.356,1,"InChI=1S/C22H17FN2OS/c1-14-18-4-2-3-5-20(18)27-21-11-8-16(12-19(21)25-14)22(26)24-13-15-6-9-17(23)10-7-15/h2-12H,13H2,1H3,(H,24,26)","InChI=1S/C22H16Cl2N2OS/c1-13-18-11-17(24)7-9-20(18)28-21-8-4-15(10-19(21)26-13)22(27)25-12-14-2-5-16(23)6-3-14/h2-11H,12H2,1H3,(H,25,27)"
MCULE-1153524502,https://mcule.com/MCULE-1153524502/,,N1C2C=C(C=CC=2SC2C=CC(Cl)=CC=2C=1C)C(=O)NCC1C=CC=CC=1,CC1=Nc2cc(C(=O)NCc3ccc(F)cc3)ccc2Sc2c1cccc2,0.8952042628774423,0.8890152,0.82078993,0.9649643,1.0,1.0,0.64,0.08,392.911,1,"InChI=1S/C22H17FN2OS/c1-14-18-4-2-3-5-20(18)27-21-11-8-16(12-19(21)25-14)22(26)24-13-15-6-9-17(23)10-7-15/h2-12H,13H2,1H3,(H,24,26)","InChI=1S/C22H17ClN2OS/c1-14-18-12-17(23)8-10-20(18)27-21-9-7-16(11-19(21)25-14)22(26)24-13-15-5-3-2-4-6-15/h2-12H,13H2,1H3,(H,24,26)"
MCULE-1339597839,https://mcule.com/MCULE-1339597839/,,N1C2C=C(C=CC=2SC2C=CC(Cl)=CC=2C=1CC)C(=O)NCC1=CC=C(C=C1)F,CC1=Nc2cc(C(=O)NCc3ccc(F)cc3)ccc2Sc2c1cccc2,0.8930390492359932,0.8317034,0.94701153,0.5,1.0,1.0,0.81,0.2,424.928,1,"InChI=1S/C22H17FN2OS/c1-14-18-4-2-3-5-20(18)27-21-11-8-16(12-19(21)25-14)22(26)24-13-15-6-9-17(23)10-7-15/h2-12H,13H2,1H3,(H,24,26)","InChI=1S/C23H18ClFN2OS/c1-2-19-18-12-16(24)6-10-21(18)29-22-9-5-15(11-20(22)27-19)23(28)26-13-14-3-7-17(25)8-4-14/h3-12H,2,13H2,1H3,(H,26,28)"
ZINC000004712687,ZINC000004712687,2.0,CC1=Nc2cc(C(=O)NCc3ccc(C)cc3)ccc2Sc4ccc(Cl)cc41,CC1=Nc2cc(C(=O)NCc3ccc(F)cc3)ccc2Sc2c1cccc2,0.6507936507936508,0.94606656,0.91073215,0.98439837,1.0,1.0,0.74,0.05,406.938,1,"InChI=1S/C22H17FN2OS/c1-14-18-4-2-3-5-20(18)27-21-11-8-16(12-19(21)25-14)22(26)24-13-15-6-9-17(23)10-7-15/h2-12H,13H2,1H3,(H,24,26)","InChI=1S/C23H19ClN2OS/c1-14-3-5-16(6-4-14)13-25-23(27)17-7-9-22-20(11-17)26-15(2)19-12-18(24)8-10-21(19)28-22/h3-12H,13H2,1-2H3,(H,25,27)"
ZINC000004929971,ZINC000004929971,2.0,CC1=Nc2cc(C(=O)NCc3ccc(Cl)cc3)ccc2Sc4ccc(C)cc41,CC1=Nc2cc(C(=O)NCc3ccc(F)cc3)ccc2Sc2c1cccc2,0.6507936507936508,0.90551126,0.8968244,0.8399507,1.0,1.0,0.72,0.14,406.938,1,"InChI=1S/C22H17FN2OS/c1-14-18-4-2-3-5-20(18)27-21-11-8-16(12-19(21)25-14)22(26)24-13-15-6-9-17(23)10-7-15/h2-12H,13H2,1H3,(H,24,26)","InChI=1S/C23H19ClN2OS/c1-14-3-9-21-19(11-14)15(2)26-20-12-17(6-10-22(20)28-21)23(27)25-13-16-4-7-18(24)8-5-16/h3-12H,13H2,1-2H3,(H,25,27)"
ZINC000004670313,ZINC000004670313,1.0,CCC1=Nc2cc(C(=O)NCc3ccc(F)cc3)ccc2Sc4ccccc41,CC1=Nc2cc(C(=O)NCc3ccc(F)cc3)ccc2Sc2c1cccc2,0.7586206896551724,0.9289299,0.957852,0.79924,1.0,1.0,0.84,0.15,390.483,1,"InChI=1S/C22H17FN2OS/c1-14-18-4-2-3-5-20(18)27-21-11-8-16(12-19(21)25-14)22(26)24-13-15-6-9-17(23)10-7-15/h2-12H,13H2,1H3,(H,24,26)","InChI=1S/C23H19FN2OS/c1-2-19-18-5-3-4-6-21(18)28-22-12-9-16(13-20(22)26-19)23(27)25-14-15-7-10-17(24)11-8-15/h3-13H,2,14H2,1H3,(H,25,27)"
MCULE-8454725046,https://mcule.com/MCULE-8454725046/,,N1C2C=C(C=CC=2SC2C=CC=CC=2C=1CC)C(=O)NCC1=CC=C(C=C1)F,CC1=Nc2cc(C(=O)NCc3ccc(F)cc3)ccc2Sc2c1cccc2,0.9511754068716094,0.9289299,0.957852,0.79924,1.0,1.0,0.84,0.15,390.483,1,"InChI=1S/C22H17FN2OS/c1-14-18-4-2-3-5-20(18)27-21-11-8-16(12-19(21)25-14)22(26)24-13-15-6-9-17(23)10-7-15/h2-12H,13H2,1H3,(H,24,26)","InChI=1S/C23H19FN2OS/c1-2-19-18-5-3-4-6-21(18)28-22-12-9-16(13-20(22)26-19)23(27)25-14-15-7-10-17(24)11-8-15/h3-13H,2,14H2,1H3,(H,25,27)"
ZINC000004929285,ZINC000004929285,1.0,CC1=Nc2cc(C(=O)NCc3ccc(C)cc3)ccc2Sc4ccccc41,CC1=Nc2cc(C(=O)NCc3ccc(F)cc3)ccc2Sc2c1cccc2,0.8,0.9224184,0.8810329,0.95432323,1.0,1.0,0.7,0.09,372.493,1,"InChI=1S/C22H17FN2OS/c1-14-18-4-2-3-5-20(18)27-21-11-8-16(12-19(21)25-14)22(26)24-13-15-6-9-17(23)10-7-15/h2-12H,13H2,1H3,(H,24,26)","InChI=1S/C23H20N2OS/c1-15-7-9-17(10-8-15)14-24-23(26)18-11-12-22-20(13-18)25-16(2)19-5-3-4-6-21(19)27-22/h3-13H,14H2,1-2H3,(H,24,26)"
MCULE-9257155722,https://mcule.com/MCULE-9257155722/,,N1C2C=C(C=CC=2SC2C=CC=CC=2C=1CCC)C(=O)NCC1=CC=C(C=C1)F,CC1=Nc2cc(C(=O)NCc3ccc(F)cc3)ccc2Sc2c1cccc2,0.9293286219081272,0.9306083,0.9609694,0.79924,1.0,1.0,0.85,0.15,404.51,1,"InChI=1S/C22H17FN2OS/c1-14-18-4-2-3-5-20(18)27-21-11-8-16(12-19(21)25-14)22(26)24-13-15-6-9-17(23)10-7-15/h2-12H,13H2,1H3,(H,24,26)","InChI=1S/C24H21FN2OS/c1-2-5-20-19-6-3-4-7-22(19)29-23-13-10-17(14-21(23)27-20)24(28)26-15-16-8-11-18(25)12-9-16/h3-4,6-14H,2,5,15H2,1H3,(H,26,28)"
MCULE-8318145015,https://mcule.com/MCULE-8318145015/,,N1C2C=C(C=CC=2SC2C=CC(C)=CC=2C=1CC)C(=O)NCC1=CC=C(C=C1)F,CC1=Nc2cc(C(=O)NCc3ccc(F)cc3)ccc2Sc2c1cccc2,0.9147826086956522,0.9340865,0.9335762,0.8737104,1.0,1.0,0.78,0.13,404.51,1,"InChI=1S/C22H17FN2OS/c1-14-18-4-2-3-5-20(18)27-21-11-8-16(12-19(21)25-14)22(26)24-13-15-6-9-17(23)10-7-15/h2-12H,13H2,1H3,(H,24,26)","InChI=1S/C24H21FN2OS/c1-3-20-19-12-15(2)4-10-22(19)29-23-11-7-17(13-21(23)27-20)24(28)26-14-16-5-8-18(25)9-6-16/h4-13H,3,14H2,1-2H3,(H,26,28)"
ZINC000004929999,ZINC000004929999,2.0,CC1=Nc2cc(C(=O)NCc3ccc(C)cc3)ccc2Sc4ccc(C)cc41,CC1=Nc2cc(C(=O)NCc3ccc(F)cc3)ccc2Sc2c1cccc2,0.7068965517241379,0.94321793,0.93837357,0.9011868,1.0,1.0,0.79,0.12,386.52,1,"InChI=1S/C22H17FN2OS/c1-14-18-4-2-3-5-20(18)27-21-11-8-16(12-19(21)25-14)22(26)24-13-15-6-9-17(23)10-7-15/h2-12H,13H2,1H3,(H,24,26)","InChI=1S/C24H22N2OS/c1-15-4-7-18(8-5-15)14-25-24(27)19-9-11-23-21(13-19)26-17(3)20-12-16(2)6-10-22(20)28-23/h4-13H,14H2,1-3H3,(H,25,27)"
MCULE-2040607482,https://mcule.com/MCULE-2040607482/,,N1C2C=C(C=CC=2SC2C=CC(C)=CC=2C=1C)C(=O)NCC1=CC=C(C=C1)C,CC1=Nc2cc(C(=O)NCc3ccc(F)cc3)ccc2Sc2c1cccc2,0.9048473967684022,0.94321793,0.93837357,0.9011868,1.0,1.0,0.79,0.12,386.52,1,"InChI=1S/C22H17FN2OS/c1-14-18-4-2-3-5-20(18)27-21-11-8-16(12-19(21)25-14)22(26)24-13-15-6-9-17(23)10-7-15/h2-12H,13H2,1H3,(H,24,26)","InChI=1S/C24H22N2OS/c1-15-4-7-18(8-5-15)14-25-24(27)19-9-11-23-21(13-19)26-17(3)20-12-16(2)6-10-22(20)28-23/h4-13H,14H2,1-3H3,(H,25,27)"
MCULE-4087326320,https://mcule.com/MCULE-4087326320/,,N1C2C=C(C=CC=2SC2C=CC=CC=2C=1CCC)C(=O)NCC1C=CC=CC=1,CC1=Nc2cc(C(=O)NCc3ccc(F)cc3)ccc2Sc2c1cccc2,0.8939929328621908,0.97716236,0.9638649,0.9881202,1.0,1.0,0.86,0.04,386.52,1,"InChI=1S/C22H17FN2OS/c1-14-18-4-2-3-5-20(18)27-21-11-8-16(12-19(21)25-14)22(26)24-13-15-6-9-17(23)10-7-15/h2-12H,13H2,1H3,(H,24,26)","InChI=1S/C24H22N2OS/c1-2-8-20-19-11-6-7-12-22(19)28-23-14-13-18(15-21(23)26-20)24(27)25-16-17-9-4-3-5-10-17/h3-7,9-15H,2,8,16H2,1H3,(H,25,27)"
ZINC000004901230,ZINC000004901230,2.0,CC1=Nc2cc(C(=O)NCc3cccnc3)ccc2Sc4ccccc41,CC1=Nc2cc(C(=O)NCc3cccc(F)c3)ccc2Sc2c1cccc2,0.7049180327868853,0.867486,0.7826946,0.97319597,1.0,1.0,0.61,0.07,359.454,1,"InChI=1S/C22H17FN2OS/c1-14-18-7-2-3-8-20(18)27-21-10-9-16(12-19(21)25-14)22(26)24-13-15-5-4-6-17(23)11-15/h2-12H,13H2,1H3,(H,24,26)","InChI=1S/C21H17N3OS/c1-14-17-6-2-3-7-19(17)26-20-9-8-16(11-18(20)24-14)21(25)23-13-15-5-4-10-22-12-15/h2-12H,13H2,1H3,(H,23,25)"
MCULE-1153524502,https://mcule.com/MCULE-1153524502/,,N1C2C=C(C=CC=2SC2C=CC(Cl)=CC=2C=1C)C(=O)NCC1C=CC=CC=1,CC1=Nc2cc(C(=O)NCc3cccc(F)c3)ccc2Sc2c1cccc2,0.8904593639575972,0.8890152,0.82078993,0.9649643,1.0,1.0,0.64,0.08,392.911,1,"InChI=1S/C22H17FN2OS/c1-14-18-7-2-3-8-20(18)27-21-10-9-16(12-19(21)25-14)22(26)24-13-15-5-4-6-17(23)11-15/h2-12H,13H2,1H3,(H,24,26)","InChI=1S/C22H17ClN2OS/c1-14-18-12-17(23)8-10-20(18)27-21-9-7-16(11-19(21)25-14)22(26)24-13-15-5-3-2-4-6-15/h2-12H,13H2,1H3,(H,24,26)"
MCULE-1339597839,https://mcule.com/MCULE-1339597839/,,N1C2C=C(C=CC=2SC2C=CC(Cl)=CC=2C=1CC)C(=O)NCC1=CC=C(C=C1)F,CC1=Nc2cc(C(=O)NCc3cccc(F)c3)ccc2Sc2c1cccc2,0.8789915966386554,0.8317034,0.94701153,0.5,1.0,1.0,0.81,0.2,424.928,1,"InChI=1S/C22H17FN2OS/c1-14-18-7-2-3-8-20(18)27-21-10-9-16(12-19(21)25-14)22(26)24-13-15-5-4-6-17(23)11-15/h2-12H,13H2,1H3,(H,24,26)","InChI=1S/C23H18ClFN2OS/c1-2-19-18-12-16(24)6-10-21(18)29-22-9-5-15(11-20(22)27-19)23(28)26-13-14-3-7-17(25)8-4-14/h3-12H,2,13H2,1H3,(H,26,28)"
MCULE-8454725046,https://mcule.com/MCULE-8454725046/,,N1C2C=C(C=CC=2SC2C=CC=CC=2C=1CC)C(=O)NCC1=CC=C(C=C1)F,CC1=Nc2cc(C(=O)NCc3cccc(F)c3)ccc2Sc2c1cccc2,0.9355992844364938,0.9289299,0.957852,0.79924,1.0,1.0,0.84,0.15,390.483,1,"InChI=1S/C22H17FN2OS/c1-14-18-7-2-3-8-20(18)27-21-10-9-16(12-19(21)25-14)22(26)24-13-15-5-4-6-17(23)11-15/h2-12H,13H2,1H3,(H,24,26)","InChI=1S/C23H19FN2OS/c1-2-19-18-5-3-4-6-21(18)28-22-12-9-16(13-20(22)26-19)23(27)25-14-15-7-10-17(24)11-8-15/h3-13H,2,14H2,1H3,(H,25,27)"
MCULE-9257155722,https://mcule.com/MCULE-9257155722/,,N1C2C=C(C=CC=2SC2C=CC=CC=2C=1CCC)C(=O)NCC1=CC=C(C=C1)F,CC1=Nc2cc(C(=O)NCc3cccc(F)c3)ccc2Sc2c1cccc2,0.9143356643356644,0.9306083,0.9609694,0.79924,1.0,1.0,0.85,0.15,404.51,1,"InChI=1S/C22H17FN2OS/c1-14-18-7-2-3-8-20(18)27-21-10-9-16(12-19(21)25-14)22(26)24-13-15-5-4-6-17(23)11-15/h2-12H,13H2,1H3,(H,24,26)","InChI=1S/C24H21FN2OS/c1-2-5-20-19-6-3-4-7-22(19)29-23-13-10-17(14-21(23)27-20)24(28)26-15-16-8-11-18(25)12-9-16/h3-4,6-14H,2,5,15H2,1H3,(H,26,28)"
MCULE-8318145015,https://mcule.com/MCULE-8318145015/,,N1C2C=C(C=CC=2SC2C=CC(C)=CC=2C=1CC)C(=O)NCC1=CC=C(C=C1)F,CC1=Nc2cc(C(=O)NCc3cccc(F)c3)ccc2Sc2c1cccc2,0.9001721170395869,0.9340865,0.9335762,0.8737104,1.0,1.0,0.78,0.13,404.51,1,"InChI=1S/C22H17FN2OS/c1-14-18-7-2-3-8-20(18)27-21-10-9-16(12-19(21)25-14)22(26)24-13-15-5-4-6-17(23)11-15/h2-12H,13H2,1H3,(H,24,26)","InChI=1S/C24H21FN2OS/c1-3-20-19-12-15(2)4-10-22(19)29-23-11-7-17(13-21(23)27-20)24(28)26-14-16-5-8-18(25)9-6-16/h4-13H,3,14H2,1-2H3,(H,26,28)"
MCULE-2040607482,https://mcule.com/MCULE-2040607482/,,N1C2C=C(C=CC=2SC2C=CC(C)=CC=2C=1C)C(=O)NCC1=CC=C(C=C1)C,CC1=Nc2cc(C(=O)NCc3cccc(F)c3)ccc2Sc2c1cccc2,0.9,0.94321793,0.93837357,0.9011868,1.0,1.0,0.79,0.12,386.52,1,"InChI=1S/C22H17FN2OS/c1-14-18-7-2-3-8-20(18)27-21-10-9-16(12-19(21)25-14)22(26)24-13-15-5-4-6-17(23)11-15/h2-12H,13H2,1H3,(H,24,26)","InChI=1S/C24H22N2OS/c1-15-4-7-18(8-5-15)14-25-24(27)19-9-11-23-21(13-19)26-17(3)20-12-16(2)6-10-22(20)28-23/h4-13H,14H2,1-3H3,(H,25,27)"
MCULE-4087326320,https://mcule.com/MCULE-4087326320/,,N1C2C=C(C=CC=2SC2C=CC=CC=2C=1CCC)C(=O)NCC1C=CC=CC=1,CC1=Nc2cc(C(=O)NCc3cccc(F)c3)ccc2Sc2c1cccc2,0.8926056338028169,0.97716236,0.9638649,0.9881202,1.0,1.0,0.86,0.04,386.52,1,"InChI=1S/C22H17FN2OS/c1-14-18-7-2-3-8-20(18)27-21-10-9-16(12-19(21)25-14)22(26)24-13-15-5-4-6-17(23)11-15/h2-12H,13H2,1H3,(H,24,26)","InChI=1S/C24H22N2OS/c1-2-8-20-19-11-6-7-12-22(19)28-23-14-13-18(15-21(23)26-20)24(27)25-16-17-9-4-3-5-10-17/h3-7,9-15H,2,8,16H2,1H3,(H,25,27)"
MCULE-6814427357,https://mcule.com/MCULE-6814427357/,,N1C2C=C(C=CC=2SC2C=CC(C)=CC=2C=1C)C(NCCOC)=O,c1nccc(CNC(=O)c2cc3c(cc2)Sc2c(cc(C)cc2)C(C)=N3)c1,0.8780918727915195,0.943409,0.9170328,0.9554058,1.0,1.0,0.75,0.089090906,340.448,1,"InChI=1S/C22H19N3OS/c1-14-3-5-20-18(11-14)15(2)25-19-12-17(4-6-21(19)27-20)22(26)24-13-16-7-9-23-10-8-16/h3-12H,13H2,1-2H3,(H,24,26)","InChI=1S/C19H20N2O2S/c1-12-4-6-17-15(10-12)13(2)21-16-11-14(5-7-18(16)24-17)19(22)20-8-9-23-3/h4-7,10-11H,8-9H2,1-3H3,(H,20,22)"
ZINC000004901230,ZINC000004901230,3.0,CC1=Nc2cc(C(=O)NCc3cccnc3)ccc2Sc4ccccc41,c1nccc(CNC(=O)c2cc3c(cc2)Sc2c(cc(C)cc2)C(C)=N3)c1,0.6666666666666666,0.867486,0.7826946,0.97319597,1.0,1.0,0.61,0.07,359.454,1,"InChI=1S/C22H19N3OS/c1-14-3-5-20-18(11-14)15(2)25-19-12-17(4-6-21(19)27-20)22(26)24-13-16-7-9-23-10-8-16/h3-12H,13H2,1-2H3,(H,24,26)","InChI=1S/C21H17N3OS/c1-14-17-6-2-3-7-19(17)26-20-9-8-16(11-18(20)24-14)21(25)23-13-15-5-4-10-22-12-15/h2-12H,13H2,1H3,(H,23,25)"
ZINC000004929988,ZINC000004929988,2.0,CC1=Nc2cc(C(=O)NCc3ccco3)ccc2Sc4ccc(C)cc41,c1nccc(CNC(=O)c2cc3c(cc2)Sc2c(cc(C)cc2)C(C)=N3)c1,0.6176470588235294,0.9357381,0.88917464,0.99477935,1.0,1.0,0.71,0.01,362.454,1,"InChI=1S/C22H19N3OS/c1-14-3-5-20-18(11-14)15(2)25-19-12-17(4-6-21(19)27-20)22(26)24-13-16-7-9-23-10-8-16/h3-12H,13H2,1-2H3,(H,24,26)","InChI=1S/C21H18N2O2S/c1-13-5-7-19-17(10-13)14(2)23-18-11-15(6-8-20(18)26-19)21(24)22-12-16-4-3-9-25-16/h3-11H,12H2,1-2H3,(H,22,24)"
ZINC000004930023,ZINC000004930023,2.0,CC1=Nc2cc(C(=O)NCc3cccs3)ccc2Sc4ccc(C)cc41,c1nccc(CNC(=O)c2cc3c(cc2)Sc2c(cc(C)cc2)C(C)=N3)c1,0.6268656716417911,0.90867716,0.8534572,0.9658036,1.0,1.0,0.67,0.07909091,378.522,1,"InChI=1S/C22H19N3OS/c1-14-3-5-20-18(11-14)15(2)25-19-12-17(4-6-21(19)27-20)22(26)24-13-16-7-9-23-10-8-16/h3-12H,13H2,1-2H3,(H,24,26)","InChI=1S/C21H18N2OS2/c1-13-5-7-19-17(10-13)14(2)23-18-11-15(6-8-20(18)26-19)21(24)22-12-16-4-3-9-25-16/h3-11H,12H2,1-2H3,(H,22,24)"
ZINC000020178868,ZINC000020178868,3.0,CC1=Nc2cc(C(=O)NCc3ccc(Cl)cc3)ccc2Sc4ccc(Cl)cc41,c1nccc(CNC(=O)c2cc3c(cc2)Sc2c(cc(C)cc2)C(C)=N3)c1,0.6612903225806451,0.9154157,0.88917464,0.9011868,1.0,1.0,0.71,0.12,427.356,1,"InChI=1S/C22H19N3OS/c1-14-3-5-20-18(11-14)15(2)25-19-12-17(4-6-21(19)27-20)22(26)24-13-16-7-9-23-10-8-16/h3-12H,13H2,1-2H3,(H,24,26)","InChI=1S/C22H16Cl2N2OS/c1-13-18-11-17(24)7-9-20(18)28-21-8-4-15(10-19(21)26-13)22(27)25-12-14-2-5-16(23)6-3-14/h2-11H,12H2,1H3,(H,25,27)"
ZINC000004929775,ZINC000004929775,2.0,CC1=Nc2cc(C(=O)NCc3ccccc3)ccc2Sc4ccc(Cl)cc41,c1nccc(CNC(=O)c2cc3c(cc2)Sc2c(cc(C)cc2)C(C)=N3)c1,0.6507936507936508,0.8890152,0.82078993,0.9649643,1.0,1.0,0.64,0.08,392.911,1,"InChI=1S/C22H19N3OS/c1-14-3-5-20-18(11-14)15(2)25-19-12-17(4-6-21(19)27-20)22(26)24-13-16-7-9-23-10-8-16/h3-12H,13H2,1-2H3,(H,24,26)","InChI=1S/C22H17ClN2OS/c1-14-18-12-17(23)8-10-20(18)27-21-9-7-16(11-19(21)25-14)22(26)24-13-15-5-3-2-4-6-15/h2-12H,13H2,1H3,(H,24,26)"
ZINC000004901266,ZINC000004901266,2.0,CC1=Nc2cc(C(=O)NCc3cccnc3)ccc2Sc4ccc(C)cc41,c1nccc(CNC(=O)c2cc3c(cc2)Sc2c(cc(C)cc2)C(C)=N3)c1,0.8166666666666667,0.9357026,0.90400314,0.95432323,1.0,1.0,0.73,0.09,373.481,1,"InChI=1S/C22H19N3OS/c1-14-3-5-20-18(11-14)15(2)25-19-12-17(4-6-21(19)27-20)22(26)24-13-16-7-9-23-10-8-16/h3-12H,13H2,1-2H3,(H,24,26)","InChI=1S/C22H19N3OS/c1-14-5-7-20-18(10-14)15(2)25-19-11-17(6-8-21(19)27-20)22(26)24-13-16-4-3-9-23-12-16/h3-12H,13H2,1-2H3,(H,24,26)"
ZINC000004712687,ZINC000004712687,3.0,CC1=Nc2cc(C(=O)NCc3ccc(C)cc3)ccc2Sc4ccc(Cl)cc41,c1nccc(CNC(=O)c2cc3c(cc2)Sc2c(cc(C)cc2)C(C)=N3)c1,0.7258064516129032,0.94606656,0.91073215,0.98439837,1.0,1.0,0.74,0.05,406.938,1,"InChI=1S/C22H19N3OS/c1-14-3-5-20-18(11-14)15(2)25-19-12-17(4-6-21(19)27-20)22(26)24-13-16-7-9-23-10-8-16/h3-12H,13H2,1-2H3,(H,24,26)","InChI=1S/C23H19ClN2OS/c1-14-3-5-16(6-4-14)13-25-23(27)17-7-9-22-20(11-17)26-15(2)19-12-18(24)8-10-21(19)28-22/h3-12H,13H2,1-2H3,(H,25,27)"
ZINC000004929971,ZINC000004929971,2.0,CC1=Nc2cc(C(=O)NCc3ccc(Cl)cc3)ccc2Sc4ccc(C)cc41,c1nccc(CNC(=O)c2cc3c(cc2)Sc2c(cc(C)cc2)C(C)=N3)c1,0.7833333333333333,0.90551126,0.8968244,0.8399507,1.0,1.0,0.72,0.14,406.938,1,"InChI=1S/C22H19N3OS/c1-14-3-5-20-18(11-14)15(2)25-19-12-17(4-6-21(19)27-20)22(26)24-13-16-7-9-23-10-8-16/h3-12H,13H2,1-2H3,(H,24,26)","InChI=1S/C23H19ClN2OS/c1-14-3-9-21-19(11-14)15(2)26-20-12-17(6-10-22(20)28-21)23(27)25-13-16-4-7-18(24)8-5-16/h3-12H,13H2,1-2H3,(H,25,27)"
MCULE-5074289166,https://mcule.com/MCULE-5074289166/,,N1C2C=C(C=CC=2SC2C=CC(C)=CC=2C=1C)C(=O)NCC1=CC=C(C=C1)Cl,c1nccc(CNC(=O)c2cc3c(cc2)Sc2c(cc(C)cc2)C(C)=N3)c1,0.8932874354561101,0.90551126,0.8968244,0.8399507,1.0,1.0,0.72,0.14,406.938,1,"InChI=1S/C22H19N3OS/c1-14-3-5-20-18(11-14)15(2)25-19-12-17(4-6-21(19)27-20)22(26)24-13-16-7-9-23-10-8-16/h3-12H,13H2,1-2H3,(H,24,26)","InChI=1S/C23H19ClN2OS/c1-14-3-9-21-19(11-14)15(2)26-20-12-17(6-10-22(20)28-21)23(27)25-13-16-4-7-18(24)8-5-16/h3-12H,13H2,1-2H3,(H,25,27)"
MCULE-9983220532,https://mcule.com/MCULE-9983220532/,,N1C2C=C(C=CC=2SC2=CC=C(C)C=C2C=1CC)C(=O)NCC1=CC=CN=C1,c1nccc(CNC(=O)c2cc3c(cc2)Sc2c(cc(C)cc2)C(C)=N3)c1,0.9018612521150592,0.9633958,0.94284564,0.9795346,1.0,1.0,0.8,0.06,387.508,1,"InChI=1S/C22H19N3OS/c1-14-3-5-20-18(11-14)15(2)25-19-12-17(4-6-21(19)27-20)22(26)24-13-16-7-9-23-10-8-16/h3-12H,13H2,1-2H3,(H,24,26)","InChI=1S/C23H21N3OS/c1-3-19-18-11-15(2)6-8-21(18)28-22-9-7-17(12-20(22)26-19)23(27)25-14-16-5-4-10-24-13-16/h4-13H,3,14H2,1-2H3,(H,25,27)"
MCULE-8318145015,https://mcule.com/MCULE-8318145015/,,N1C2C=C(C=CC=2SC2C=CC(C)=CC=2C=1CC)C(=O)NCC1=CC=C(C=C1)F,c1nccc(CNC(=O)c2cc3c(cc2)Sc2c(cc(C)cc2)C(C)=N3)c1,0.8687707641196013,0.9340865,0.9335762,0.8737104,1.0,1.0,0.78,0.13,404.51,1,"InChI=1S/C22H19N3OS/c1-14-3-5-20-18(11-14)15(2)25-19-12-17(4-6-21(19)27-20)22(26)24-13-16-7-9-23-10-8-16/h3-12H,13H2,1-2H3,(H,24,26)","InChI=1S/C24H21FN2OS/c1-3-20-19-12-15(2)4-10-22(19)29-23-11-7-17(13-21(23)27-20)24(28)26-14-16-5-8-18(25)9-6-16/h4-13H,3,14H2,1-2H3,(H,26,28)"
ZINC000004929999,ZINC000004929999,2.0,CC1=Nc2cc(C(=O)NCc3ccc(C)cc3)ccc2Sc4ccc(C)cc41,c1nccc(CNC(=O)c2cc3c(cc2)Sc2c(cc(C)cc2)C(C)=N3)c1,0.8545454545454545,0.94321793,0.93837357,0.9011868,1.0,1.0,0.79,0.12,386.52,1,"InChI=1S/C22H19N3OS/c1-14-3-5-20-18(11-14)15(2)25-19-12-17(4-6-21(19)27-20)22(26)24-13-16-7-9-23-10-8-16/h3-12H,13H2,1-2H3,(H,24,26)","InChI=1S/C24H22N2OS/c1-15-4-7-18(8-5-15)14-25-24(27)19-9-11-23-21(13-19)26-17(3)20-12-16(2)6-10-22(20)28-23/h4-13H,14H2,1-3H3,(H,25,27)"
MCULE-2040607482,https://mcule.com/MCULE-2040607482/,,N1C2C=C(C=CC=2SC2C=CC(C)=CC=2C=1C)C(=O)NCC1=CC=C(C=C1)C,c1nccc(CNC(=O)c2cc3c(cc2)Sc2c(cc(C)cc2)C(C)=N3)c1,0.9169611307420494,0.94321793,0.93837357,0.9011868,1.0,1.0,0.79,0.12,386.52,1,"InChI=1S/C22H19N3OS/c1-14-3-5-20-18(11-14)15(2)25-19-12-17(4-6-21(19)27-20)22(26)24-13-16-7-9-23-10-8-16/h3-12H,13H2,1-2H3,(H,24,26)","InChI=1S/C24H22N2OS/c1-15-4-7-18(8-5-15)14-25-24(27)19-9-11-23-21(13-19)26-17(3)20-12-16(2)6-10-22(20)28-23/h4-13H,14H2,1-3H3,(H,25,27)"
ZINC000004930151,ZINC000004930151,2.0,CCC1=Nc2cc(C(=O)NCc3ccccc3)ccc2Sc4ccc(C)cc41,c1nccc(CNC(=O)c2cc3c(cc2)Sc2c(cc(C)cc2)C(C)=N3)c1,0.640625,0.95313215,0.94701153,0.9232107,1.0,1.0,0.81,0.11,386.52,1,"InChI=1S/C22H19N3OS/c1-14-3-5-20-18(11-14)15(2)25-19-12-17(4-6-21(19)27-20)22(26)24-13-16-7-9-23-10-8-16/h3-12H,13H2,1-2H3,(H,24,26)","InChI=1S/C24H22N2OS/c1-3-20-19-13-16(2)9-11-22(19)28-23-12-10-18(14-21(23)26-20)24(27)25-15-17-7-5-4-6-8-17/h4-14H,3,15H2,1-2H3,(H,25,27)"
MCULE-6561969005,https://mcule.com/MCULE-6561969005/,,N1C2C=C(C=CC=2SC2=CC=C(C)C=C2C=1CC)C(=O)NCC1C=CC(=CC=1)C,c1nccc(CNC(=O)c2cc3c(cc2)Sc2c(cc(C)cc2)C(C)=N3)c1,0.8815566835871405,0.9271211,0.95449746,0.79924,1.0,1.0,0.83,0.15,400.547,1,"InChI=1S/C22H19N3OS/c1-14-3-5-20-18(11-14)15(2)25-19-12-17(4-6-21(19)27-20)22(26)24-13-16-7-9-23-10-8-16/h3-12H,13H2,1-2H3,(H,24,26)","InChI=1S/C25H24N2OS/c1-4-21-20-13-17(3)7-11-23(20)29-24-12-10-19(14-22(24)27-21)25(28)26-15-18-8-5-16(2)6-9-18/h5-14H,4,15H2,1-3H3,(H,26,28)"
MCULE-6622690555,https://mcule.com/MCULE-6622690555/,,N1C2C=C(C=CC=2SC2C=CC(C)=CC=2C=1CC)C(=O)NC(C)C1=CC=CC=C1,c1nccc(CNC(=O)c2cc3c(cc2)Sc2c(cc(C)cc2)C(C)=N3)c1,0.867109634551495,0.8919808,0.82078993,0.9795346,1.0,1.0,0.64,0.06,400.547,1,"InChI=1S/C22H19N3OS/c1-14-3-5-20-18(11-14)15(2)25-19-12-17(4-6-21(19)27-20)22(26)24-13-16-7-9-23-10-8-16/h3-12H,13H2,1-2H3,(H,24,26)","InChI=1S/C25H24N2OS/c1-4-21-20-14-16(2)10-12-23(20)29-24-13-11-19(15-22(24)27-21)25(28)26-17(3)18-8-6-5-7-9-18/h5-15,17H,4H2,1-3H3,(H,26,28)"
MCULE-6814427357,https://mcule.com/MCULE-6814427357/,,N1C2C=C(C=CC=2SC2C=CC(C)=CC=2C=1C)C(NCCOC)=O,c1cncc(CNC(=O)c2cc3c(cc2)Sc2c(cc(C)cc2)C(C)=N3)c1,0.8827708703374778,0.943409,0.9170328,0.9554058,1.0,1.0,0.75,0.089090906,340.448,1,"InChI=1S/C22H19N3OS/c1-14-5-7-20-18(10-14)15(2)25-19-11-17(6-8-21(19)27-20)22(26)24-13-16-4-3-9-23-12-16/h3-12H,13H2,1-2H3,(H,24,26)","InChI=1S/C19H20N2O2S/c1-12-4-6-17-15(10-12)13(2)21-16-11-14(5-7-18(16)24-17)19(22)20-8-9-23-3/h4-7,10-11H,8-9H2,1-3H3,(H,20,22)"
ZINC000004901230,ZINC000004901230,1.0,CC1=Nc2cc(C(=O)NCc3cccnc3)ccc2Sc4ccccc41,c1cncc(CNC(=O)c2cc3c(cc2)Sc2c(cc(C)cc2)C(C)=N3)c1,0.8305084745762712,0.867486,0.7826946,0.97319597,1.0,1.0,0.61,0.07,359.454,1,"InChI=1S/C22H19N3OS/c1-14-5-7-20-18(10-14)15(2)25-19-11-17(6-8-21(19)27-20)22(26)24-13-16-4-3-9-23-12-16/h3-12H,13H2,1-2H3,(H,24,26)","InChI=1S/C21H17N3OS/c1-14-17-6-2-3-7-19(17)26-20-9-8-16(11-18(20)24-14)21(25)23-13-15-5-4-10-22-12-15/h2-12H,13H2,1H3,(H,23,25)"
ZINC000004929988,ZINC000004929988,2.0,CC1=Nc2cc(C(=O)NCc3ccco3)ccc2Sc4ccc(C)cc41,c1cncc(CNC(=O)c2cc3c(cc2)Sc2c(cc(C)cc2)C(C)=N3)c1,0.5915492957746479,0.9357381,0.88917464,0.99477935,1.0,1.0,0.71,0.01,362.454,1,"InChI=1S/C22H19N3OS/c1-14-5-7-20-18(10-14)15(2)25-19-11-17(6-8-21(19)27-20)22(26)24-13-16-4-3-9-23-12-16/h3-12H,13H2,1-2H3,(H,24,26)","InChI=1S/C21H18N2O2S/c1-13-5-7-19-17(10-13)14(2)23-18-11-15(6-8-20(18)26-19)21(24)22-12-16-4-3-9-25-16/h3-11H,12H2,1-2H3,(H,22,24)"
ZINC000004930023,ZINC000004930023,2.0,CC1=Nc2cc(C(=O)NCc3cccs3)ccc2Sc4ccc(C)cc41,c1cncc(CNC(=O)c2cc3c(cc2)Sc2c(cc(C)cc2)C(C)=N3)c1,0.6,0.90867716,0.8534572,0.9658036,1.0,1.0,0.67,0.07909091,378.522,1,"InChI=1S/C22H19N3OS/c1-14-5-7-20-18(10-14)15(2)25-19-11-17(6-8-21(19)27-20)22(26)24-13-16-4-3-9-23-12-16/h3-12H,13H2,1-2H3,(H,24,26)","InChI=1S/C21H18N2OS2/c1-13-5-7-19-17(10-13)14(2)23-18-11-15(6-8-20(18)26-19)21(24)22-12-16-4-3-9-25-16/h3-11H,12H2,1-2H3,(H,22,24)"
MCULE-2722812960,https://mcule.com/MCULE-2722812960/,,N1C2C=C(C=CC=2SC2C=CC(C)=CC=2C=1C)C(=O)NCC1=CC=CS1,c1cncc(CNC(=O)c2cc3c(cc2)Sc2c(cc(C)cc2)C(C)=N3)c1,0.8654173764906303,0.90867716,0.8534572,0.9658036,1.0,1.0,0.67,0.07909091,378.522,1,"InChI=1S/C22H19N3OS/c1-14-5-7-20-18(10-14)15(2)25-19-11-17(6-8-21(19)27-20)22(26)24-13-16-4-3-9-23-12-16/h3-12H,13H2,1-2H3,(H,24,26)","InChI=1S/C21H18N2OS2/c1-13-5-7-19-17(10-13)14(2)23-18-11-15(6-8-20(18)26-19)21(24)22-12-16-4-3-9-25-16/h3-11H,12H2,1-2H3,(H,22,24)"
ZINC000004929775,ZINC000004929775,2.0,CC1=Nc2cc(C(=O)NCc3ccccc3)ccc2Sc4ccc(Cl)cc41,c1cncc(CNC(=O)c2cc3c(cc2)Sc2c(cc(C)cc2)C(C)=N3)c1,0.6212121212121212,0.8890152,0.82078993,0.9649643,1.0,1.0,0.64,0.08,392.911,1,"InChI=1S/C22H19N3OS/c1-14-5-7-20-18(10-14)15(2)25-19-11-17(6-8-21(19)27-20)22(26)24-13-16-4-3-9-23-12-16/h3-12H,13H2,1-2H3,(H,24,26)","InChI=1S/C22H17ClN2OS/c1-14-18-12-17(23)8-10-20(18)27-21-9-7-16(11-19(21)25-14)22(26)24-13-15-5-3-2-4-6-15/h2-12H,13H2,1H3,(H,24,26)"
ZINC000004901266,ZINC000004901266,0.0,CC1=Nc2cc(C(=O)NCc3cccnc3)ccc2Sc4ccc(C)cc41,c1cncc(CNC(=O)c2cc3c(cc2)Sc2c(cc(C)cc2)C(C)=N3)c1,1.0,0.9357026,0.90400314,0.95432323,1.0,1.0,0.73,0.09,373.481,1,"InChI=1S/C22H19N3OS/c1-14-5-7-20-18(10-14)15(2)25-19-11-17(6-8-21(19)27-20)22(26)24-13-16-4-3-9-23-12-16/h3-12H,13H2,1-2H3,(H,24,26)","InChI=1S/C22H19N3OS/c1-14-5-7-20-18(10-14)15(2)25-19-11-17(6-8-21(19)27-20)22(26)24-13-16-4-3-9-23-12-16/h3-12H,13H2,1-2H3,(H,24,26)"
ZINC000004712687,ZINC000004712687,3.0,CC1=Nc2cc(C(=O)NCc3ccc(C)cc3)ccc2Sc4ccc(Cl)cc41,c1cncc(CNC(=O)c2cc3c(cc2)Sc2c(cc(C)cc2)C(C)=N3)c1,0.6666666666666666,0.94606656,0.91073215,0.98439837,1.0,1.0,0.74,0.05,406.938,1,"InChI=1S/C22H19N3OS/c1-14-5-7-20-18(10-14)15(2)25-19-11-17(6-8-21(19)27-20)22(26)24-13-16-4-3-9-23-12-16/h3-12H,13H2,1-2H3,(H,24,26)","InChI=1S/C23H19ClN2OS/c1-14-3-5-16(6-4-14)13-25-23(27)17-7-9-22-20(11-17)26-15(2)19-12-18(24)8-10-21(19)28-22/h3-12H,13H2,1-2H3,(H,25,27)"
ZINC000004929971,ZINC000004929971,2.0,CC1=Nc2cc(C(=O)NCc3ccc(Cl)cc3)ccc2Sc4ccc(C)cc41,c1cncc(CNC(=O)c2cc3c(cc2)Sc2c(cc(C)cc2)C(C)=N3)c1,0.71875,0.90551126,0.8968244,0.8399507,1.0,1.0,0.72,0.14,406.938,1,"InChI=1S/C22H19N3OS/c1-14-5-7-20-18(10-14)15(2)25-19-11-17(6-8-21(19)27-20)22(26)24-13-16-4-3-9-23-12-16/h3-12H,13H2,1-2H3,(H,24,26)","InChI=1S/C23H19ClN2OS/c1-14-3-9-21-19(11-14)15(2)26-20-12-17(6-10-22(20)28-21)23(27)25-13-16-4-7-18(24)8-5-16/h3-12H,13H2,1-2H3,(H,25,27)"
MCULE-5074289166,https://mcule.com/MCULE-5074289166/,,N1C2C=C(C=CC=2SC2C=CC(C)=CC=2C=1C)C(=O)NCC1=CC=C(C=C1)Cl,c1cncc(CNC(=O)c2cc3c(cc2)Sc2c(cc(C)cc2)C(C)=N3)c1,0.8720136518771331,0.90551126,0.8968244,0.8399507,1.0,1.0,0.72,0.14,406.938,1,"InChI=1S/C22H19N3OS/c1-14-5-7-20-18(10-14)15(2)25-19-11-17(6-8-21(19)27-20)22(26)24-13-16-4-3-9-23-12-16/h3-12H,13H2,1-2H3,(H,24,26)","InChI=1S/C23H19ClN2OS/c1-14-3-9-21-19(11-14)15(2)26-20-12-17(6-10-22(20)28-21)23(27)25-13-16-4-7-18(24)8-5-16/h3-12H,13H2,1-2H3,(H,25,27)"
ZINC000004669602,ZINC000004669602,1.0,CCC1=Nc2cc(C(=O)NCc3cccnc3)ccc2Sc4ccc(C)cc41,c1cncc(CNC(=O)c2cc3c(cc2)Sc2c(cc(C)cc2)C(C)=N3)c1,0.78125,0.9633958,0.94284564,0.9795346,1.0,1.0,0.8,0.06,387.508,1,"InChI=1S/C22H19N3OS/c1-14-5-7-20-18(10-14)15(2)25-19-11-17(6-8-21(19)27-20)22(26)24-13-16-4-3-9-23-12-16/h3-12H,13H2,1-2H3,(H,24,26)","InChI=1S/C23H21N3OS/c1-3-19-18-11-15(2)6-8-21(18)28-22-9-7-17(12-20(22)26-19)23(27)25-14-16-5-4-10-24-13-16/h4-13H,3,14H2,1-2H3,(H,25,27)"
MCULE-9983220532,https://mcule.com/MCULE-9983220532/,,N1C2C=C(C=CC=2SC2=CC=C(C)C=C2C=1CC)C(=O)NCC1=CC=CN=C1,c1cncc(CNC(=O)c2cc3c(cc2)Sc2c(cc(C)cc2)C(C)=N3)c1,0.9529616724738676,0.9633958,0.94284564,0.9795346,1.0,1.0,0.8,0.06,387.508,1,"InChI=1S/C22H19N3OS/c1-14-5-7-20-18(10-14)15(2)25-19-11-17(6-8-21(19)27-20)22(26)24-13-16-4-3-9-23-12-16/h3-12H,13H2,1-2H3,(H,24,26)","InChI=1S/C23H21N3OS/c1-3-19-18-11-15(2)6-8-21(18)28-22-9-7-17(12-20(22)26-19)23(27)25-14-16-5-4-10-24-13-16/h4-13H,3,14H2,1-2H3,(H,25,27)"
ZINC000004929999,ZINC000004929999,2.0,CC1=Nc2cc(C(=O)NCc3ccc(C)cc3)ccc2Sc4ccc(C)cc41,c1cncc(CNC(=O)c2cc3c(cc2)Sc2c(cc(C)cc2)C(C)=N3)c1,0.7796610169491526,0.94321793,0.93837357,0.9011868,1.0,1.0,0.79,0.12,386.52,1,"InChI=1S/C22H19N3OS/c1-14-5-7-20-18(10-14)15(2)25-19-11-17(6-8-21(19)27-20)22(26)24-13-16-4-3-9-23-12-16/h3-12H,13H2,1-2H3,(H,24,26)","InChI=1S/C24H22N2OS/c1-15-4-7-18(8-5-15)14-25-24(27)19-9-11-23-21(13-19)26-17(3)20-12-16(2)6-10-22(20)28-23/h4-13H,14H2,1-3H3,(H,25,27)"
MCULE-2040607482,https://mcule.com/MCULE-2040607482/,,N1C2C=C(C=CC=2SC2C=CC(C)=CC=2C=1C)C(=O)NCC1=CC=C(C=C1)C,c1cncc(CNC(=O)c2cc3c(cc2)Sc2c(cc(C)cc2)C(C)=N3)c1,0.8949211908931699,0.94321793,0.93837357,0.9011868,1.0,1.0,0.79,0.12,386.52,1,"InChI=1S/C22H19N3OS/c1-14-5-7-20-18(10-14)15(2)25-19-11-17(6-8-21(19)27-20)22(26)24-13-16-4-3-9-23-12-16/h3-12H,13H2,1-2H3,(H,24,26)","InChI=1S/C24H22N2OS/c1-15-4-7-18(8-5-15)14-25-24(27)19-9-11-23-21(13-19)26-17(3)20-12-16(2)6-10-22(20)28-23/h4-13H,14H2,1-3H3,(H,25,27)"
ZINC000004930151,ZINC000004930151,2.0,CCC1=Nc2cc(C(=O)NCc3ccccc3)ccc2Sc4ccc(C)cc41,c1cncc(CNC(=O)c2cc3c(cc2)Sc2c(cc(C)cc2)C(C)=N3)c1,0.6119402985074627,0.95313215,0.94701153,0.9232107,1.0,1.0,0.81,0.11,386.52,1,"InChI=1S/C22H19N3OS/c1-14-5-7-20-18(10-14)15(2)25-19-11-17(6-8-21(19)27-20)22(26)24-13-16-4-3-9-23-12-16/h3-12H,13H2,1-2H3,(H,24,26)","InChI=1S/C24H22N2OS/c1-3-20-19-13-16(2)9-11-22(19)28-23-12-10-18(14-21(23)26-20)24(27)25-15-17-7-5-4-6-8-17/h4-14H,3,15H2,1-2H3,(H,25,27)"
MCULE-6561969005,https://mcule.com/MCULE-6561969005/,,N1C2C=C(C=CC=2SC2=CC=C(C)C=C2C=1CC)C(=O)NCC1C=CC(=CC=1)C,c1cncc(CNC(=O)c2cc3c(cc2)Sc2c(cc(C)cc2)C(C)=N3)c1,0.8576214405360134,0.9271211,0.95449746,0.79924,1.0,1.0,0.83,0.15,400.547,1,"InChI=1S/C22H19N3OS/c1-14-5-7-20-18(10-14)15(2)25-19-11-17(6-8-21(19)27-20)22(26)24-13-16-4-3-9-23-12-16/h3-12H,13H2,1-2H3,(H,24,26)","InChI=1S/C25H24N2OS/c1-4-21-20-13-17(3)7-11-23(20)29-24-12-10-19(14-22(24)27-21)25(28)26-15-18-8-5-16(2)6-9-18/h5-14H,4,15H2,1-3H3,(H,26,28)"
MCULE-8749518880,https://mcule.com/MCULE-8749518880/,,N1C2C=C(C=CC=2SC2C=CC(C)=CC=2C=1CC)C(NC)=O,c1cnc(CNC(=O)c2cc3c(cc2)Sc2c(cc(C)cc2)C(C)=N3)cc1,0.8460207612456747,0.99240017,0.98793066,0.99603474,1.0,1.0,1.0,0.0,310.422,1,"InChI=1S/C22H19N3OS/c1-14-6-8-20-18(11-14)15(2)25-19-12-16(7-9-21(19)27-20)22(26)24-13-17-5-3-4-10-23-17/h3-12H,13H2,1-2H3,(H,24,26)","InChI=1S/C18H18N2OS/c1-4-14-13-9-11(2)5-7-16(13)22-17-8-6-12(18(21)19-3)10-15(17)20-14/h5-10H,4H2,1-3H3,(H,19,21)"
MCULE-8749518880,https://mcule.com/MCULE-8749518880/,,N1C2C=C(C=CC=2SC2C=CC(C)=CC=2C=1CC)C(NC)=O,c1nc(CNC(=O)c2cc3c(cc2)Sc2c(cc(C)cc2)C(C)=N3)ccc1,0.8460207612456747,0.99240017,0.98793066,0.99603474,1.0,1.0,1.0,0.0,310.422,1,"InChI=1S/C22H19N3OS/c1-14-6-8-20-18(11-14)15(2)25-19-12-16(7-9-21(19)27-20)22(26)24-13-17-5-3-4-10-23-17/h3-12H,13H2,1-2H3,(H,24,26)","InChI=1S/C18H18N2OS/c1-4-14-13-9-11(2)5-7-16(13)22-17-8-6-12(18(21)19-3)10-15(17)20-14/h5-10H,4H2,1-3H3,(H,19,21)"
MCULE-6814427357,https://mcule.com/MCULE-6814427357/,,N1C2C=C(C=CC=2SC2C=CC(C)=CC=2C=1C)C(NCCOC)=O,c1cnc(CNC(=O)c2cc3c(cc2)Sc2c(cc(C)cc2)C(C)=N3)cc1,0.8783068783068783,0.943409,0.9170328,0.9554058,1.0,1.0,0.75,0.089090906,340.448,1,"InChI=1S/C22H19N3OS/c1-14-6-8-20-18(11-14)15(2)25-19-12-16(7-9-21(19)27-20)22(26)24-13-17-5-3-4-10-23-17/h3-12H,13H2,1-2H3,(H,24,26)","InChI=1S/C19H20N2O2S/c1-12-4-6-17-15(10-12)13(2)21-16-11-14(5-7-18(16)24-17)19(22)20-8-9-23-3/h4-7,10-11H,8-9H2,1-3H3,(H,20,22)"
MCULE-6814427357,https://mcule.com/MCULE-6814427357/,,N1C2C=C(C=CC=2SC2C=CC(C)=CC=2C=1C)C(NCCOC)=O,c1nc(CNC(=O)c2cc3c(cc2)Sc2c(cc(C)cc2)C(C)=N3)ccc1,0.8783068783068783,0.943409,0.9170328,0.9554058,1.0,1.0,0.75,0.089090906,340.448,1,"InChI=1S/C22H19N3OS/c1-14-6-8-20-18(11-14)15(2)25-19-12-16(7-9-21(19)27-20)22(26)24-13-17-5-3-4-10-23-17/h3-12H,13H2,1-2H3,(H,24,26)","InChI=1S/C19H20N2O2S/c1-12-4-6-17-15(10-12)13(2)21-16-11-14(5-7-18(16)24-17)19(22)20-8-9-23-3/h4-7,10-11H,8-9H2,1-3H3,(H,20,22)"
ZINC000004901230,ZINC000004901230,3.0,CC1=Nc2cc(C(=O)NCc3cccnc3)ccc2Sc4ccccc41,c1cnc(CNC(=O)c2cc3c(cc2)Sc2c(cc(C)cc2)C(C)=N3)cc1,0.5970149253731343,0.867486,0.7826946,0.97319597,1.0,1.0,0.61,0.07,359.454,1,"InChI=1S/C22H19N3OS/c1-14-6-8-20-18(11-14)15(2)25-19-12-16(7-9-21(19)27-20)22(26)24-13-17-5-3-4-10-23-17/h3-12H,13H2,1-2H3,(H,24,26)","InChI=1S/C21H17N3OS/c1-14-17-6-2-3-7-19(17)26-20-9-8-16(11-18(20)24-14)21(25)23-13-15-5-4-10-22-12-15/h2-12H,13H2,1H3,(H,23,25)"
ZINC000004901230,ZINC000004901230,3.0,CC1=Nc2cc(C(=O)NCc3cccnc3)ccc2Sc4ccccc41,c1nc(CNC(=O)c2cc3c(cc2)Sc2c(cc(C)cc2)C(C)=N3)ccc1,0.5970149253731343,0.867486,0.7826946,0.97319597,1.0,1.0,0.61,0.07,359.454,1,"InChI=1S/C22H19N3OS/c1-14-6-8-20-18(11-14)15(2)25-19-12-16(7-9-21(19)27-20)22(26)24-13-17-5-3-4-10-23-17/h3-12H,13H2,1-2H3,(H,24,26)","InChI=1S/C21H17N3OS/c1-14-17-6-2-3-7-19(17)26-20-9-8-16(11-18(20)24-14)21(25)23-13-15-5-4-10-22-12-15/h2-12H,13H2,1H3,(H,23,25)"
ZINC000004929988,ZINC000004929988,2.0,CC1=Nc2cc(C(=O)NCc3ccco3)ccc2Sc4ccc(C)cc41,c1cnc(CNC(=O)c2cc3c(cc2)Sc2c(cc(C)cc2)C(C)=N3)cc1,0.6,0.9357381,0.88917464,0.99477935,1.0,1.0,0.71,0.01,362.454,1,"InChI=1S/C22H19N3OS/c1-14-6-8-20-18(11-14)15(2)25-19-12-16(7-9-21(19)27-20)22(26)24-13-17-5-3-4-10-23-17/h3-12H,13H2,1-2H3,(H,24,26)","InChI=1S/C21H18N2O2S/c1-13-5-7-19-17(10-13)14(2)23-18-11-15(6-8-20(18)26-19)21(24)22-12-16-4-3-9-25-16/h3-11H,12H2,1-2H3,(H,22,24)"
ZINC000004929988,ZINC000004929988,2.0,CC1=Nc2cc(C(=O)NCc3ccco3)ccc2Sc4ccc(C)cc41,c1nc(CNC(=O)c2cc3c(cc2)Sc2c(cc(C)cc2)C(C)=N3)ccc1,0.6,0.9357381,0.88917464,0.99477935,1.0,1.0,0.71,0.01,362.454,1,"InChI=1S/C22H19N3OS/c1-14-6-8-20-18(11-14)15(2)25-19-12-16(7-9-21(19)27-20)22(26)24-13-17-5-3-4-10-23-17/h3-12H,13H2,1-2H3,(H,24,26)","InChI=1S/C21H18N2O2S/c1-13-5-7-19-17(10-13)14(2)23-18-11-15(6-8-20(18)26-19)21(24)22-12-16-4-3-9-25-16/h3-11H,12H2,1-2H3,(H,22,24)"
ZINC000004930023,ZINC000004930023,2.0,CC1=Nc2cc(C(=O)NCc3cccs3)ccc2Sc4ccc(C)cc41,c1cnc(CNC(=O)c2cc3c(cc2)Sc2c(cc(C)cc2)C(C)=N3)cc1,0.6086956521739131,0.90867716,0.8534572,0.9658036,1.0,1.0,0.67,0.07909091,378.522,1,"InChI=1S/C22H19N3OS/c1-14-6-8-20-18(11-14)15(2)25-19-12-16(7-9-21(19)27-20)22(26)24-13-17-5-3-4-10-23-17/h3-12H,13H2,1-2H3,(H,24,26)","InChI=1S/C21H18N2OS2/c1-13-5-7-19-17(10-13)14(2)23-18-11-15(6-8-20(18)26-19)21(24)22-12-16-4-3-9-25-16/h3-11H,12H2,1-2H3,(H,22,24)"
MCULE-2722812960,https://mcule.com/MCULE-2722812960/,,N1C2C=C(C=CC=2SC2C=CC(C)=CC=2C=1C)C(=O)NCC1=CC=CS1,c1cnc(CNC(=O)c2cc3c(cc2)Sc2c(cc(C)cc2)C(C)=N3)cc1,0.8581081081081081,0.90867716,0.8534572,0.9658036,1.0,1.0,0.67,0.07909091,378.522,1,"InChI=1S/C22H19N3OS/c1-14-6-8-20-18(11-14)15(2)25-19-12-16(7-9-21(19)27-20)22(26)24-13-17-5-3-4-10-23-17/h3-12H,13H2,1-2H3,(H,24,26)","InChI=1S/C21H18N2OS2/c1-13-5-7-19-17(10-13)14(2)23-18-11-15(6-8-20(18)26-19)21(24)22-12-16-4-3-9-25-16/h3-11H,12H2,1-2H3,(H,22,24)"
ZINC000004930023,ZINC000004930023,2.0,CC1=Nc2cc(C(=O)NCc3cccs3)ccc2Sc4ccc(C)cc41,c1nc(CNC(=O)c2cc3c(cc2)Sc2c(cc(C)cc2)C(C)=N3)ccc1,0.6086956521739131,0.90867716,0.8534572,0.9658036,1.0,1.0,0.67,0.07909091,378.522,1,"InChI=1S/C22H19N3OS/c1-14-6-8-20-18(11-14)15(2)25-19-12-16(7-9-21(19)27-20)22(26)24-13-17-5-3-4-10-23-17/h3-12H,13H2,1-2H3,(H,24,26)","InChI=1S/C21H18N2OS2/c1-13-5-7-19-17(10-13)14(2)23-18-11-15(6-8-20(18)26-19)21(24)22-12-16-4-3-9-25-16/h3-11H,12H2,1-2H3,(H,22,24)"
MCULE-2722812960,https://mcule.com/MCULE-2722812960/,,N1C2C=C(C=CC=2SC2C=CC(C)=CC=2C=1C)C(=O)NCC1=CC=CS1,c1nc(CNC(=O)c2cc3c(cc2)Sc2c(cc(C)cc2)C(C)=N3)ccc1,0.8581081081081081,0.90867716,0.8534572,0.9658036,1.0,1.0,0.67,0.07909091,378.522,1,"InChI=1S/C22H19N3OS/c1-14-6-8-20-18(11-14)15(2)25-19-12-16(7-9-21(19)27-20)22(26)24-13-17-5-3-4-10-23-17/h3-12H,13H2,1-2H3,(H,24,26)","InChI=1S/C21H18N2OS2/c1-13-5-7-19-17(10-13)14(2)23-18-11-15(6-8-20(18)26-19)21(24)22-12-16-4-3-9-25-16/h3-11H,12H2,1-2H3,(H,22,24)"
ZINC000004929775,ZINC000004929775,2.0,CC1=Nc2cc(C(=O)NCc3ccccc3)ccc2Sc4ccc(Cl)cc41,c1cnc(CNC(=O)c2cc3c(cc2)Sc2c(cc(C)cc2)C(C)=N3)cc1,0.582089552238806,0.8890152,0.82078993,0.9649643,1.0,1.0,0.64,0.08,392.911,1,"InChI=1S/C22H19N3OS/c1-14-6-8-20-18(11-14)15(2)25-19-12-16(7-9-21(19)27-20)22(26)24-13-17-5-3-4-10-23-17/h3-12H,13H2,1-2H3,(H,24,26)","InChI=1S/C22H17ClN2OS/c1-14-18-12-17(23)8-10-20(18)27-21-9-7-16(11-19(21)25-14)22(26)24-13-15-5-3-2-4-6-15/h2-12H,13H2,1H3,(H,24,26)"
ZINC000004929775,ZINC000004929775,2.0,CC1=Nc2cc(C(=O)NCc3ccccc3)ccc2Sc4ccc(Cl)cc41,c1nc(CNC(=O)c2cc3c(cc2)Sc2c(cc(C)cc2)C(C)=N3)ccc1,0.582089552238806,0.8890152,0.82078993,0.9649643,1.0,1.0,0.64,0.08,392.911,1,"InChI=1S/C22H19N3OS/c1-14-6-8-20-18(11-14)15(2)25-19-12-16(7-9-21(19)27-20)22(26)24-13-17-5-3-4-10-23-17/h3-12H,13H2,1-2H3,(H,24,26)","InChI=1S/C22H17ClN2OS/c1-14-18-12-17(23)8-10-20(18)27-21-9-7-16(11-19(21)25-14)22(26)24-13-15-5-3-2-4-6-15/h2-12H,13H2,1H3,(H,24,26)"
ZINC000009561590,ZINC000009561590,2.0,CCC1=Nc2cc(C(=O)NCc3ccccn3)ccc2Sc4ccc(Br)cc41,c1cnc(CNC(=O)c2cc3c(cc2)Sc2c(cc(C)cc2)C(C)=N3)cc1,0.1111111111111111,0.8817194,0.80870515,0.9649643,1.0,1.0,0.63,0.08,452.377,1,"InChI=1S/C22H19N3OS/c1-14-6-8-20-18(11-14)15(2)25-19-12-16(7-9-21(19)27-20)22(26)24-13-17-5-3-4-10-23-17/h3-12H,13H2,1-2H3,(H,24,26)","InChI=1S/C22H18BrN3OS/c1-2-18-17-12-15(23)7-9-20(17)28-21-8-6-14(11-19(21)26-18)22(27)25-13-16-5-3-4-10-24-16/h3-12H,2,13H2,1H3,(H,25,27)"
ZINC000009561590,ZINC000009561590,2.0,CCC1=Nc2cc(C(=O)NCc3ccccn3)ccc2Sc4ccc(Br)cc41,c1nc(CNC(=O)c2cc3c(cc2)Sc2c(cc(C)cc2)C(C)=N3)ccc1,0.6142857142857143,0.8817194,0.80870515,0.9649643,1.0,1.0,0.63,0.08,452.377,1,"InChI=1S/C22H19N3OS/c1-14-6-8-20-18(11-14)15(2)25-19-12-16(7-9-21(19)27-20)22(26)24-13-17-5-3-4-10-23-17/h3-12H,13H2,1-2H3,(H,24,26)","InChI=1S/C22H18BrN3OS/c1-2-18-17-12-15(23)7-9-20(17)28-21-8-6-14(11-19(21)26-18)22(27)25-13-16-5-3-4-10-24-16/h3-12H,2,13H2,1H3,(H,25,27)"
ZINC000004901266,ZINC000004901266,2.0,CC1=Nc2cc(C(=O)NCc3cccnc3)ccc2Sc4ccc(C)cc41,c1cnc(CNC(=O)c2cc3c(cc2)Sc2c(cc(C)cc2)C(C)=N3)cc1,0.7076923076923077,0.9357026,0.90400314,0.95432323,1.0,1.0,0.73,0.09,373.481,1,"InChI=1S/C22H19N3OS/c1-14-6-8-20-18(11-14)15(2)25-19-12-16(7-9-21(19)27-20)22(26)24-13-17-5-3-4-10-23-17/h3-12H,13H2,1-2H3,(H,24,26)","InChI=1S/C22H19N3OS/c1-14-5-7-20-18(10-14)15(2)25-19-11-17(6-8-21(19)27-20)22(26)24-13-16-4-3-9-23-12-16/h3-12H,13H2,1-2H3,(H,24,26)"
ZINC000004901266,ZINC000004901266,2.0,CC1=Nc2cc(C(=O)NCc3cccnc3)ccc2Sc4ccc(C)cc41,c1nc(CNC(=O)c2cc3c(cc2)Sc2c(cc(C)cc2)C(C)=N3)ccc1,0.7076923076923077,0.9357026,0.90400314,0.95432323,1.0,1.0,0.73,0.09,373.481,1,"InChI=1S/C22H19N3OS/c1-14-6-8-20-18(11-14)15(2)25-19-12-16(7-9-21(19)27-20)22(26)24-13-17-5-3-4-10-23-17/h3-12H,13H2,1-2H3,(H,24,26)","InChI=1S/C22H19N3OS/c1-14-5-7-20-18(10-14)15(2)25-19-11-17(6-8-21(19)27-20)22(26)24-13-16-4-3-9-23-12-16/h3-12H,13H2,1-2H3,(H,24,26)"
ZINC000004712687,ZINC000004712687,3.0,CC1=Nc2cc(C(=O)NCc3ccc(C)cc3)ccc2Sc4ccc(Cl)cc41,c1cnc(CNC(=O)c2cc3c(cc2)Sc2c(cc(C)cc2)C(C)=N3)cc1,0.6268656716417911,0.94606656,0.91073215,0.98439837,1.0,1.0,0.74,0.05,406.938,1,"InChI=1S/C22H19N3OS/c1-14-6-8-20-18(11-14)15(2)25-19-12-16(7-9-21(19)27-20)22(26)24-13-17-5-3-4-10-23-17/h3-12H,13H2,1-2H3,(H,24,26)","InChI=1S/C23H19ClN2OS/c1-14-3-5-16(6-4-14)13-25-23(27)17-7-9-22-20(11-17)26-15(2)19-12-18(24)8-10-21(19)28-22/h3-12H,13H2,1-2H3,(H,25,27)"
ZINC000004712687,ZINC000004712687,3.0,CC1=Nc2cc(C(=O)NCc3ccc(C)cc3)ccc2Sc4ccc(Cl)cc41,c1nc(CNC(=O)c2cc3c(cc2)Sc2c(cc(C)cc2)C(C)=N3)ccc1,0.6268656716417911,0.94606656,0.91073215,0.98439837,1.0,1.0,0.74,0.05,406.938,1,"InChI=1S/C22H19N3OS/c1-14-6-8-20-18(11-14)15(2)25-19-12-16(7-9-21(19)27-20)22(26)24-13-17-5-3-4-10-23-17/h3-12H,13H2,1-2H3,(H,24,26)","InChI=1S/C23H19ClN2OS/c1-14-3-5-16(6-4-14)13-25-23(27)17-7-9-22-20(11-17)26-15(2)19-12-18(24)8-10-21(19)28-22/h3-12H,13H2,1-2H3,(H,25,27)"
ZINC000004929971,ZINC000004929971,2.0,CC1=Nc2cc(C(=O)NCc3ccc(Cl)cc3)ccc2Sc4ccc(C)cc41,c1cnc(CNC(=O)c2cc3c(cc2)Sc2c(cc(C)cc2)C(C)=N3)cc1,0.676923076923077,0.90551126,0.8968244,0.8399507,1.0,1.0,0.72,0.14,406.938,1,"InChI=1S/C22H19N3OS/c1-14-6-8-20-18(11-14)15(2)25-19-12-16(7-9-21(19)27-20)22(26)24-13-17-5-3-4-10-23-17/h3-12H,13H2,1-2H3,(H,24,26)","InChI=1S/C23H19ClN2OS/c1-14-3-9-21-19(11-14)15(2)26-20-12-17(6-10-22(20)28-21)23(27)25-13-16-4-7-18(24)8-5-16/h3-12H,13H2,1-2H3,(H,25,27)"
MCULE-5074289166,https://mcule.com/MCULE-5074289166/,,N1C2C=C(C=CC=2SC2C=CC(C)=CC=2C=1C)C(=O)NCC1=CC=C(C=C1)Cl,c1cnc(CNC(=O)c2cc3c(cc2)Sc2c(cc(C)cc2)C(C)=N3)cc1,0.8489932885906041,0.90551126,0.8968244,0.8399507,1.0,1.0,0.72,0.14,406.938,1,"InChI=1S/C22H19N3OS/c1-14-6-8-20-18(11-14)15(2)25-19-12-16(7-9-21(19)27-20)22(26)24-13-17-5-3-4-10-23-17/h3-12H,13H2,1-2H3,(H,24,26)","InChI=1S/C23H19ClN2OS/c1-14-3-9-21-19(11-14)15(2)26-20-12-17(6-10-22(20)28-21)23(27)25-13-16-4-7-18(24)8-5-16/h3-12H,13H2,1-2H3,(H,25,27)"
ZINC000004929971,ZINC000004929971,2.0,CC1=Nc2cc(C(=O)NCc3ccc(Cl)cc3)ccc2Sc4ccc(C)cc41,c1nc(CNC(=O)c2cc3c(cc2)Sc2c(cc(C)cc2)C(C)=N3)ccc1,0.0952380952380952,0.90551126,0.8968244,0.8399507,1.0,1.0,0.72,0.14,406.938,1,"InChI=1S/C22H19N3OS/c1-14-6-8-20-18(11-14)15(2)25-19-12-16(7-9-21(19)27-20)22(26)24-13-17-5-3-4-10-23-17/h3-12H,13H2,1-2H3,(H,24,26)","InChI=1S/C23H19ClN2OS/c1-14-3-9-21-19(11-14)15(2)26-20-12-17(6-10-22(20)28-21)23(27)25-13-16-4-7-18(24)8-5-16/h3-12H,13H2,1-2H3,(H,25,27)"
MCULE-5074289166,https://mcule.com/MCULE-5074289166/,,N1C2C=C(C=CC=2SC2C=CC(C)=CC=2C=1C)C(=O)NCC1=CC=C(C=C1)Cl,c1nc(CNC(=O)c2cc3c(cc2)Sc2c(cc(C)cc2)C(C)=N3)ccc1,0.8489932885906041,0.90551126,0.8968244,0.8399507,1.0,1.0,0.72,0.14,406.938,1,"InChI=1S/C22H19N3OS/c1-14-6-8-20-18(11-14)15(2)25-19-12-16(7-9-21(19)27-20)22(26)24-13-17-5-3-4-10-23-17/h3-12H,13H2,1-2H3,(H,24,26)","InChI=1S/C23H19ClN2OS/c1-14-3-9-21-19(11-14)15(2)26-20-12-17(6-10-22(20)28-21)23(27)25-13-16-4-7-18(24)8-5-16/h3-12H,13H2,1-2H3,(H,25,27)"
MCULE-5830374764,https://mcule.com/MCULE-5830374764/,,N1C2C=C(C=CC=2SC2C=CC=CC=2C=1C)C(NCCC1C=CC=CC=1)=O,c1cnc(CNC(=O)c2cc3c(cc2)Sc2c(cc(C)cc2)C(C)=N3)cc1,0.8493870402802102,0.885635,0.80870515,0.98439837,1.0,1.0,0.63,0.05,372.493,1,"InChI=1S/C22H19N3OS/c1-14-6-8-20-18(11-14)15(2)25-19-12-16(7-9-21(19)27-20)22(26)24-13-17-5-3-4-10-23-17/h3-12H,13H2,1-2H3,(H,24,26)","InChI=1S/C23H20N2OS/c1-16-19-9-5-6-10-21(19)27-22-12-11-18(15-20(22)25-16)23(26)24-14-13-17-7-3-2-4-8-17/h2-12,15H,13-14H2,1H3,(H,24,26)"
MCULE-5830374764,https://mcule.com/MCULE-5830374764/,,N1C2C=C(C=CC=2SC2C=CC=CC=2C=1C)C(NCCC1C=CC=CC=1)=O,c1nc(CNC(=O)c2cc3c(cc2)Sc2c(cc(C)cc2)C(C)=N3)ccc1,0.8493870402802102,0.885635,0.80870515,0.98439837,1.0,1.0,0.63,0.05,372.493,1,"InChI=1S/C22H19N3OS/c1-14-6-8-20-18(11-14)15(2)25-19-12-16(7-9-21(19)27-20)22(26)24-13-17-5-3-4-10-23-17/h3-12H,13H2,1-2H3,(H,24,26)","InChI=1S/C23H20N2OS/c1-16-19-9-5-6-10-21(19)27-22-12-11-18(15-20(22)25-16)23(26)24-14-13-17-7-3-2-4-8-17/h2-12,15H,13-14H2,1H3,(H,24,26)"
MCULE-9983220532,https://mcule.com/MCULE-9983220532/,,N1C2C=C(C=CC=2SC2=CC=C(C)C=C2C=1CC)C(=O)NCC1=CC=CN=C1,c1cnc(CNC(=O)c2cc3c(cc2)Sc2c(cc(C)cc2)C(C)=N3)cc1,0.8735440931780366,0.9633958,0.94284564,0.9795346,1.0,1.0,0.8,0.06,387.508,1,"InChI=1S/C22H19N3OS/c1-14-6-8-20-18(11-14)15(2)25-19-12-16(7-9-21(19)27-20)22(26)24-13-17-5-3-4-10-23-17/h3-12H,13H2,1-2H3,(H,24,26)","InChI=1S/C23H21N3OS/c1-3-19-18-11-15(2)6-8-21(18)28-22-9-7-17(12-20(22)26-19)23(27)25-14-16-5-4-10-24-13-16/h4-13H,3,14H2,1-2H3,(H,25,27)"
MCULE-9983220532,https://mcule.com/MCULE-9983220532/,,N1C2C=C(C=CC=2SC2=CC=C(C)C=C2C=1CC)C(=O)NCC1=CC=CN=C1,c1nc(CNC(=O)c2cc3c(cc2)Sc2c(cc(C)cc2)C(C)=N3)ccc1,0.8735440931780366,0.9633958,0.94284564,0.9795346,1.0,1.0,0.8,0.06,387.508,1,"InChI=1S/C22H19N3OS/c1-14-6-8-20-18(11-14)15(2)25-19-12-16(7-9-21(19)27-20)22(26)24-13-17-5-3-4-10-23-17/h3-12H,13H2,1-2H3,(H,24,26)","InChI=1S/C23H21N3OS/c1-3-19-18-11-15(2)6-8-21(18)28-22-9-7-17(12-20(22)26-19)23(27)25-14-16-5-4-10-24-13-16/h4-13H,3,14H2,1-2H3,(H,25,27)"
ZINC000004929999,ZINC000004929999,2.0,CC1=Nc2cc(C(=O)NCc3ccc(C)cc3)ccc2Sc4ccc(C)cc41,c1cnc(CNC(=O)c2cc3c(cc2)Sc2c(cc(C)cc2)C(C)=N3)cc1,0.7333333333333333,0.94321793,0.93837357,0.9011868,1.0,1.0,0.79,0.12,386.52,1,"InChI=1S/C22H19N3OS/c1-14-6-8-20-18(11-14)15(2)25-19-12-16(7-9-21(19)27-20)22(26)24-13-17-5-3-4-10-23-17/h3-12H,13H2,1-2H3,(H,24,26)","InChI=1S/C24H22N2OS/c1-15-4-7-18(8-5-15)14-25-24(27)19-9-11-23-21(13-19)26-17(3)20-12-16(2)6-10-22(20)28-23/h4-13H,14H2,1-3H3,(H,25,27)"
MCULE-2040607482,https://mcule.com/MCULE-2040607482/,,N1C2C=C(C=CC=2SC2C=CC(C)=CC=2C=1C)C(=O)NCC1=CC=C(C=C1)C,c1cnc(CNC(=O)c2cc3c(cc2)Sc2c(cc(C)cc2)C(C)=N3)cc1,0.8644939965694682,0.94321793,0.93837357,0.9011868,1.0,1.0,0.79,0.12,386.52,1,"InChI=1S/C22H19N3OS/c1-14-6-8-20-18(11-14)15(2)25-19-12-16(7-9-21(19)27-20)22(26)24-13-17-5-3-4-10-23-17/h3-12H,13H2,1-2H3,(H,24,26)","InChI=1S/C24H22N2OS/c1-15-4-7-18(8-5-15)14-25-24(27)19-9-11-23-21(13-19)26-17(3)20-12-16(2)6-10-22(20)28-23/h4-13H,14H2,1-3H3,(H,25,27)"
ZINC000004929999,ZINC000004929999,2.0,CC1=Nc2cc(C(=O)NCc3ccc(C)cc3)ccc2Sc4ccc(C)cc41,c1nc(CNC(=O)c2cc3c(cc2)Sc2c(cc(C)cc2)C(C)=N3)ccc1,0.7333333333333333,0.94321793,0.93837357,0.9011868,1.0,1.0,0.79,0.12,386.52,1,"InChI=1S/C22H19N3OS/c1-14-6-8-20-18(11-14)15(2)25-19-12-16(7-9-21(19)27-20)22(26)24-13-17-5-3-4-10-23-17/h3-12H,13H2,1-2H3,(H,24,26)","InChI=1S/C24H22N2OS/c1-15-4-7-18(8-5-15)14-25-24(27)19-9-11-23-21(13-19)26-17(3)20-12-16(2)6-10-22(20)28-23/h4-13H,14H2,1-3H3,(H,25,27)"
MCULE-2040607482,https://mcule.com/MCULE-2040607482/,,N1C2C=C(C=CC=2SC2C=CC(C)=CC=2C=1C)C(=O)NCC1=CC=C(C=C1)C,c1nc(CNC(=O)c2cc3c(cc2)Sc2c(cc(C)cc2)C(C)=N3)ccc1,0.8644939965694682,0.94321793,0.93837357,0.9011868,1.0,1.0,0.79,0.12,386.52,1,"InChI=1S/C22H19N3OS/c1-14-6-8-20-18(11-14)15(2)25-19-12-16(7-9-21(19)27-20)22(26)24-13-17-5-3-4-10-23-17/h3-12H,13H2,1-2H3,(H,24,26)","InChI=1S/C24H22N2OS/c1-15-4-7-18(8-5-15)14-25-24(27)19-9-11-23-21(13-19)26-17(3)20-12-16(2)6-10-22(20)28-23/h4-13H,14H2,1-3H3,(H,25,27)"
ZINC000004930151,ZINC000004930151,2.0,CCC1=Nc2cc(C(=O)NCc3ccccc3)ccc2Sc4ccc(C)cc41,c1cnc(CNC(=O)c2cc3c(cc2)Sc2c(cc(C)cc2)C(C)=N3)cc1,0.5735294117647058,0.95313215,0.94701153,0.9232107,1.0,1.0,0.81,0.11,386.52,1,"InChI=1S/C22H19N3OS/c1-14-6-8-20-18(11-14)15(2)25-19-12-16(7-9-21(19)27-20)22(26)24-13-17-5-3-4-10-23-17/h3-12H,13H2,1-2H3,(H,24,26)","InChI=1S/C24H22N2OS/c1-3-20-19-13-16(2)9-11-22(19)28-23-12-10-18(14-21(23)26-20)24(27)25-15-17-7-5-4-6-8-17/h4-14H,3,15H2,1-2H3,(H,25,27)"
ZINC000004930151,ZINC000004930151,2.0,CCC1=Nc2cc(C(=O)NCc3ccccc3)ccc2Sc4ccc(C)cc41,c1nc(CNC(=O)c2cc3c(cc2)Sc2c(cc(C)cc2)C(C)=N3)ccc1,0.5735294117647058,0.95313215,0.94701153,0.9232107,1.0,1.0,0.81,0.11,386.52,1,"InChI=1S/C22H19N3OS/c1-14-6-8-20-18(11-14)15(2)25-19-12-16(7-9-21(19)27-20)22(26)24-13-17-5-3-4-10-23-17/h3-12H,13H2,1-2H3,(H,24,26)","InChI=1S/C24H22N2OS/c1-3-20-19-13-16(2)9-11-22(19)28-23-12-10-18(14-21(23)26-20)24(27)25-15-17-7-5-4-6-8-17/h4-14H,3,15H2,1-2H3,(H,25,27)"
MCULE-9681315168,https://mcule.com/MCULE-9681315168/,,N1C2C=C(C=CC=2SC2C=CC=CC=2C=1CC)C(NCCCC)=O,CCC1=Nc2cc(C(=O)NCCc3ccsc3)ccc2Sc2c1cccc2,0.9180035650623886,0.99240017,0.98793066,0.99603474,1.0,1.0,1.0,0.0,338.476,1,"InChI=1S/C22H20N2OS2/c1-2-18-17-5-3-4-6-20(17)27-21-8-7-16(13-19(21)24-18)22(25)23-11-9-15-10-12-26-14-15/h3-8,10,12-14H,2,9,11H2,1H3,(H,23,25)","InChI=1S/C20H22N2OS/c1-3-5-12-21-20(23)14-10-11-19-17(13-14)22-16(4-2)15-8-6-7-9-18(15)24-19/h6-11,13H,3-5,12H2,1-2H3,(H,21,23)"
MCULE-3588716120,https://mcule.com/MCULE-3588716120/,,N1C2C=C(C=CC=2SC2C=CC=CC=2C=1CCC)C(NCCC)=O,CCC1=Nc2cc(C(=O)NCCc3ccsc3)ccc2Sc2c1cccc2,0.9036777583187392,0.9685936,0.95449746,0.97319597,1.0,1.0,0.83,0.07,338.476,1,"InChI=1S/C22H20N2OS2/c1-2-18-17-5-3-4-6-20(17)27-21-8-7-16(13-19(21)24-18)22(25)23-11-9-15-10-12-26-14-15/h3-8,10,12-14H,2,9,11H2,1H3,(H,23,25)","InChI=1S/C20H22N2OS/c1-3-7-16-15-8-5-6-9-18(15)24-19-11-10-14(13-17(19)22-16)20(23)21-12-4-2/h5-6,8-11,13H,3-4,7,12H2,1-2H3,(H,21,23)"
MCULE-6742382703,https://mcule.com/MCULE-6742382703/,,N1C2C=C(C=CC=2SC2C=CC=CC=2C=1CC)C(=O)NC(C)CC,CCC1=Nc2cc(C(=O)NCCc3ccsc3)ccc2Sc2c1cccc2,0.9035087719298246,0.87565285,0.796008,0.97319597,1.0,1.0,0.62,0.07,338.476,1,"InChI=1S/C22H20N2OS2/c1-2-18-17-5-3-4-6-20(17)27-21-8-7-16(13-19(21)24-18)22(25)23-11-9-15-10-12-26-14-15/h3-8,10,12-14H,2,9,11H2,1H3,(H,23,25)","InChI=1S/C20H22N2OS/c1-4-13(3)21-20(23)14-10-11-19-17(12-14)22-16(5-2)15-8-6-7-9-18(15)24-19/h6-13H,4-5H2,1-3H3,(H,21,23)"
ZINC000004929395,ZINC000004929395,3.0,CCC1=Nc2cc(C(=O)NCc3ccco3)ccc2Sc4ccccc41,CCC1=Nc2cc(C(=O)NCCc3ccsc3)ccc2Sc2c1cccc2,0.5942028985507246,0.924496,0.8723789,0.9881202,1.0,1.0,0.69,0.04,362.454,1,"InChI=1S/C22H20N2OS2/c1-2-18-17-5-3-4-6-20(17)27-21-8-7-16(13-19(21)24-18)22(25)23-11-9-15-10-12-26-14-15/h3-8,10,12-14H,2,9,11H2,1H3,(H,23,25)","InChI=1S/C21H18N2O2S/c1-2-17-16-7-3-4-8-19(16)26-20-10-9-14(12-18(20)23-17)21(24)22-13-15-6-5-11-25-15/h3-12H,2,13H2,1H3,(H,22,24)"
MCULE-6254148835,https://mcule.com/MCULE-6254148835/,,N1C2C=C(C=CC=2SC2C=CC(C)=CC=2C=1CC)C(=O)NC(C)CC,CCC1=Nc2cc(C(=O)NCCc3ccsc3)ccc2Sc2c1cccc2,0.8835616438356164,0.9520109,0.9284339,0.9649643,1.0,1.0,0.77,0.08,352.503,1,"InChI=1S/C22H20N2OS2/c1-2-18-17-5-3-4-6-20(17)27-21-8-7-16(13-19(21)24-18)22(25)23-11-9-15-10-12-26-14-15/h3-8,10,12-14H,2,9,11H2,1H3,(H,23,25)","InChI=1S/C21H24N2OS/c1-5-14(4)22-21(24)15-8-10-20-18(12-15)23-17(6-2)16-11-13(3)7-9-19(16)25-20/h7-12,14H,5-6H2,1-4H3,(H,22,24)"
MCULE-2326121181,https://mcule.com/MCULE-2326121181/,,N1C2C=C(C=CC=2SC2C=CC=CC=2C=1CC)C(NCCCOC(C)C)=O,CCC1=Nc2cc(C(=O)NCCc3ccsc3)ccc2Sc2c1cccc2,0.8961937716262975,0.9698787,0.9638649,0.9554058,1.0,1.0,0.86,0.089090906,382.529,1,"InChI=1S/C22H20N2OS2/c1-2-18-17-5-3-4-6-20(17)27-21-8-7-16(13-19(21)24-18)22(25)23-11-9-15-10-12-26-14-15/h3-8,10,12-14H,2,9,11H2,1H3,(H,23,25)","InChI=1S/C22H26N2O2S/c1-4-18-17-8-5-6-9-20(17)27-21-11-10-16(14-19(21)24-18)22(25)23-12-7-13-26-15(2)3/h5-6,8-11,14-15H,4,7,12-13H2,1-3H3,(H,23,25)"
MCULE-3551346871,https://mcule.com/MCULE-3551346871/,,N1C2C=C(C=CC=2SC2C=CC=CC=2C=1CCC)C(NCCC1C=CC=CC=1)=O,CCC1=Nc2cc(C(=O)NCCc3ccsc3)ccc2Sc2c1cccc2,0.9050086355785838,0.9735318,0.9665531,0.9649643,1.0,1.0,0.87,0.08,400.547,1,"InChI=1S/C22H20N2OS2/c1-2-18-17-5-3-4-6-20(17)27-21-8-7-16(13-19(21)24-18)22(25)23-11-9-15-10-12-26-14-15/h3-8,10,12-14H,2,9,11H2,1H3,(H,23,25)","InChI=1S/C25H24N2OS/c1-2-8-21-20-11-6-7-12-23(20)29-24-14-13-19(17-22(24)27-21)25(28)26-16-15-18-9-4-3-5-10-18/h3-7,9-14,17H,2,8,15-16H2,1H3,(H,26,28)"
MCULE-2150483193,https://mcule.com/MCULE-2150483193/,,N1C2C=C(C=CC=2SC2C=CC(C)=CC=2C=1CC)C(NCCC1C=CC=CC=1)=O,CCC1=Nc2cc(C(=O)NCCc3ccsc3)ccc2Sc2c1cccc2,0.89419795221843,0.91946477,0.8810329,0.94064903,1.0,1.0,0.7,0.1,400.547,1,"InChI=1S/C22H20N2OS2/c1-2-18-17-5-3-4-6-20(17)27-21-8-7-16(13-19(21)24-18)22(25)23-11-9-15-10-12-26-14-15/h3-8,10,12-14H,2,9,11H2,1H3,(H,23,25)","InChI=1S/C25H24N2OS/c1-3-21-20-15-17(2)9-11-23(20)29-24-12-10-19(16-22(24)27-21)25(28)26-14-13-18-7-5-4-6-8-18/h4-12,15-16H,3,13-14H2,1-2H3,(H,26,28)"
MCULE-9498502378,https://mcule.com/MCULE-9498502378/,,N1C2C=C(C=CC=2SC2=CC=C(C)C=C2C=1CC)C(NCCC1C=CC=C(C)C=1)=O,CCC1=Nc2cc(C(=O)NCCc3ccsc3)ccc2Sc2c1cccc2,0.8851351351351351,0.9119947,0.8631931,0.95432323,1.0,1.0,0.68,0.09,414.574,1,"InChI=1S/C22H20N2OS2/c1-2-18-17-5-3-4-6-20(17)27-21-8-7-16(13-19(21)24-18)22(25)23-11-9-15-10-12-26-14-15/h3-8,10,12-14H,2,9,11H2,1H3,(H,23,25)","InChI=1S/C26H26N2OS/c1-4-22-21-15-18(3)8-10-24(21)30-25-11-9-20(16-23(25)28-22)26(29)27-13-12-19-7-5-6-17(2)14-19/h5-11,14-16H,4,12-13H2,1-3H3,(H,27,29)"
MCULE-1186099515,https://mcule.com/MCULE-1186099515/,,N1C2C=C(C=CC=2SC2C=CC=CC=2C=1CCC)C(NCCC1=CC=C(C=C1)SC)=O,CCC1=Nc2cc(C(=O)NCCc3ccsc3)ccc2Sc2c1cccc2,0.9005145797598628,0.93563014,0.8968244,0.97319597,1.0,1.0,0.72,0.07,446.641,1,"InChI=1S/C22H20N2OS2/c1-2-18-17-5-3-4-6-20(17)27-21-8-7-16(13-19(21)24-18)22(25)23-11-9-15-10-12-26-14-15/h3-8,10,12-14H,2,9,11H2,1H3,(H,23,25)","InChI=1S/C26H26N2OS2/c1-3-6-22-21-7-4-5-8-24(21)31-25-14-11-19(17-23(25)28-22)26(29)27-16-15-18-9-12-20(30-2)13-10-18/h4-5,7-14,17H,3,6,15-16H2,1-2H3,(H,27,29)"
MCULE-8279951532,https://mcule.com/MCULE-8279951532/,,S(C1C=CC=CC=1)(=O)(=O)NC1C=CC(=CC=1)NC1=NC(C)=CC(N2CCCCC2)=N1,S(Nc1ccc(N=c2[nH]c(N3CCCCC3)cc(C)n2)cc1)(=O)(c1ccccc1)=O,0.7678018575851393,0.99240017,0.98793066,0.99603474,1.0,1.0,1.0,0.0,423.542,1,"InChI=1S/C22H25N5O2S/c1-17-16-21(27-14-6-3-7-15-27)25-22(23-17)24-18-10-12-19(13-11-18)26-30(28,29)20-8-4-2-5-9-20/h2,4-5,8-13,16,26H,3,6-7,14-15H2,1H3,(H,23,24,25)","InChI=1S/C22H25N5O2S/c1-17-16-21(27-14-6-3-7-15-27)25-22(23-17)24-18-10-12-19(13-11-18)26-30(28,29)20-8-4-2-5-9-20/h2,4-5,8-13,16,26H,3,6-7,14-15H2,1H3,(H,23,24,25)"
ZINC000017013940,ZINC000017013940,2.0,Cc1cc(N2CCCCC2)nc(Nc3ccc(NS(=O)(=O)c4ccccc4)cc3)n1,S(Nc1ccc(N=c2[nH]c(N3CCCCC3)cc(C)n2)cc1)(=O)(c4ccccc4)=O,0.4202898550724637,0.99240017,0.98793066,0.99603474,1.0,1.0,1.0,0.0,423.542,1,"InChI=1S/C22H25N5O2S/c1-17-16-21(27-14-6-3-7-15-27)25-22(23-17)24-18-10-12-19(13-11-18)26-30(28,29)20-8-4-2-5-9-20/h2,4-5,8-13,16,26H,3,6-7,14-15H2,1H3,(H,23,24,25)","InChI=1S/C22H25N5O2S/c1-17-16-21(27-14-6-3-7-15-27)25-22(23-17)24-18-10-12-19(13-11-18)26-30(28,29)20-8-4-2-5-9-20/h2,4-5,8-13,16,26H,3,6-7,14-15H2,1H3,(H,23,24,25)"
ZINC000004901230,ZINC000004901230,5.0,CC1=Nc2cc(C(=O)NCc3cccnc3)ccc2Sc4ccccc41,CC1=Nc2cc(C(=O)NCc3cccc(Cl)c3)ccc2Sc2c1ccc(C)c2,0.5797101449275363,0.867486,0.7826946,0.97319597,1.0,1.0,0.61,0.07,359.454,1,"InChI=1S/C23H19ClN2OS/c1-14-6-8-19-15(2)26-20-12-17(7-9-21(20)28-22(19)10-14)23(27)25-13-16-4-3-5-18(24)11-16/h3-12H,13H2,1-2H3,(H,25,27)","InChI=1S/C21H17N3OS/c1-14-17-6-2-3-7-19(17)26-20-9-8-16(11-18(20)24-14)21(25)23-13-15-5-4-10-22-12-15/h2-12H,13H2,1H3,(H,23,25)"
MCULE-5335059826,https://mcule.com/MCULE-5335059826/,,N1C2C=C(C=CC=2SC2C=CC(Cl)=CC=2C=1C)C(=O)NCC1C=CC=CC=1Cl,CC1=Nc2cc(C(=O)NCc3cccc(Cl)c3)ccc2Sc2c1ccc(C)c2,0.8996598639455783,0.8947171,0.82078993,0.99312925,1.0,1.0,0.64,0.02,427.356,1,"InChI=1S/C23H19ClN2OS/c1-14-6-8-19-15(2)26-20-12-17(7-9-21(20)28-22(19)10-14)23(27)25-13-16-4-3-5-18(24)11-16/h3-12H,13H2,1-2H3,(H,25,27)","InChI=1S/C22H16Cl2N2OS/c1-13-17-11-16(23)7-9-20(17)28-21-8-6-14(10-19(21)26-13)22(27)25-12-15-4-2-3-5-18(15)24/h2-11H,12H2,1H3,(H,25,27)"
MCULE-6543484347,https://mcule.com/MCULE-6543484347/,,N1C2C=C(C=CC=2SC2C=CC(Cl)=CC=2C=1C)C(=O)NCC1=CC=C(C=C1)Cl,CC1=Nc2cc(C(=O)NCc3cccc(Cl)c3)ccc2Sc2c1ccc(C)c2,0.9120689655172414,0.9154157,0.88917464,0.9011868,1.0,1.0,0.71,0.12,427.356,1,"InChI=1S/C23H19ClN2OS/c1-14-6-8-19-15(2)26-20-12-17(7-9-21(20)28-22(19)10-14)23(27)25-13-16-4-3-5-18(24)11-16/h3-12H,13H2,1-2H3,(H,25,27)","InChI=1S/C22H16Cl2N2OS/c1-13-18-11-17(24)7-9-20(18)28-21-8-4-15(10-19(21)26-13)22(27)25-12-14-2-5-16(23)6-3-14/h2-11H,12H2,1H3,(H,25,27)"
MCULE-1153524502,https://mcule.com/MCULE-1153524502/,,N1C2C=C(C=CC=2SC2C=CC(Cl)=CC=2C=1C)C(=O)NCC1C=CC=CC=1,CC1=Nc2cc(C(=O)NCc3cccc(Cl)c3)ccc2Sc2c1ccc(C)c2,0.9346289752650176,0.8890152,0.82078993,0.9649643,1.0,1.0,0.64,0.08,392.911,1,"InChI=1S/C23H19ClN2OS/c1-14-6-8-19-15(2)26-20-12-17(7-9-21(20)28-22(19)10-14)23(27)25-13-16-4-3-5-18(24)11-16/h3-12H,13H2,1-2H3,(H,25,27)","InChI=1S/C22H17ClN2OS/c1-14-18-12-17(23)8-10-20(18)27-21-9-7-16(11-19(21)25-14)22(26)24-13-15-5-3-2-4-6-15/h2-12H,13H2,1H3,(H,24,26)"
MCULE-3162875168,https://mcule.com/MCULE-3162875168/,,N1C2C=C(C=CC=2SC2=CC=C(Cl)C=C2C=1C)C(=O)NCC1C=CC(=CC=1)C,CC1=Nc2cc(C(=O)NCc3cccc(Cl)c3)ccc2Sc2c1ccc(C)c2,0.9559082892416224,0.94606656,0.91073215,0.98439837,1.0,1.0,0.74,0.05,406.938,1,"InChI=1S/C23H19ClN2OS/c1-14-6-8-19-15(2)26-20-12-17(7-9-21(20)28-22(19)10-14)23(27)25-13-16-4-3-5-18(24)11-16/h3-12H,13H2,1-2H3,(H,25,27)","InChI=1S/C23H19ClN2OS/c1-14-3-5-16(6-4-14)13-25-23(27)17-7-9-22-20(11-17)26-15(2)19-12-18(24)8-10-21(19)28-22/h3-12H,13H2,1-2H3,(H,25,27)"
MCULE-5074289166,https://mcule.com/MCULE-5074289166/,,N1C2C=C(C=CC=2SC2C=CC(C)=CC=2C=1C)C(=O)NCC1=CC=C(C=C1)Cl,CC1=Nc2cc(C(=O)NCc3cccc(Cl)c3)ccc2Sc2c1ccc(C)c2,0.93006993006993,0.90551126,0.8968244,0.8399507,1.0,1.0,0.72,0.14,406.938,1,"InChI=1S/C23H19ClN2OS/c1-14-6-8-19-15(2)26-20-12-17(7-9-21(20)28-22(19)10-14)23(27)25-13-16-4-3-5-18(24)11-16/h3-12H,13H2,1-2H3,(H,25,27)","InChI=1S/C23H19ClN2OS/c1-14-3-9-21-19(11-14)15(2)26-20-12-17(6-10-22(20)28-21)23(27)25-13-16-4-7-18(24)8-5-16/h3-12H,13H2,1-2H3,(H,25,27)"
MCULE-1997084486,https://mcule.com/MCULE-1997084486/,,N1C2C=C(C=CC=2SC2C=CC(Cl)=CC=2C=1CC)C(=O)NCC1C=CC=CC=1,CC1=Nc2cc(C(=O)NCc3cccc(Cl)c3)ccc2Sc2c1ccc(C)c2,0.8920741989881956,0.84905577,0.9335762,0.56864136,1.0,1.0,0.78,0.19,406.938,1,"InChI=1S/C23H19ClN2OS/c1-14-6-8-19-15(2)26-20-12-17(7-9-21(20)28-22(19)10-14)23(27)25-13-16-4-3-5-18(24)11-16/h3-12H,13H2,1-2H3,(H,25,27)","InChI=1S/C23H19ClN2OS/c1-2-19-18-13-17(24)9-11-21(18)28-22-10-8-16(12-20(22)26-19)23(27)25-14-15-6-4-3-5-7-15/h3-13H,2,14H2,1H3,(H,25,27)"
MCULE-2040607482,https://mcule.com/MCULE-2040607482/,,N1C2C=C(C=CC=2SC2C=CC(C)=CC=2C=1C)C(=O)NCC1=CC=C(C=C1)C,CC1=Nc2cc(C(=O)NCc3cccc(Cl)c3)ccc2Sc2c1ccc(C)c2,0.9138840070298768,0.94321793,0.93837357,0.9011868,1.0,1.0,0.79,0.12,386.52,1,"InChI=1S/C23H19ClN2OS/c1-14-6-8-19-15(2)26-20-12-17(7-9-21(20)28-22(19)10-14)23(27)25-13-16-4-3-5-18(24)11-16/h3-12H,13H2,1-2H3,(H,25,27)","InChI=1S/C24H22N2OS/c1-15-4-7-18(8-5-15)14-25-24(27)19-9-11-23-21(13-19)26-17(3)20-12-16(2)6-10-22(20)28-23/h4-13H,14H2,1-3H3,(H,25,27)"
MCULE-2433955741,https://mcule.com/MCULE-2433955741/,,N1C2C=C(C=CC=2SC2C=CC(Cl)=CC=2C=1C)C(NCCCOC)=O,CC1=Nc2cc(C(=O)NCCc3ccc(Cl)cc3)ccc2Sc2c1cccc2,0.9172661870503596,0.84853715,0.88917464,0.6405471,1.0,1.0,0.71,0.1790909,374.893,1,"InChI=1S/C23H19ClN2OS/c1-15-19-4-2-3-5-21(19)28-22-11-8-17(14-20(22)26-15)23(27)25-13-12-16-6-9-18(24)10-7-16/h2-11,14H,12-13H2,1H3,(H,25,27)","InChI=1S/C19H19ClN2O2S/c1-12-15-11-14(20)5-7-17(15)25-18-6-4-13(10-16(18)22-12)19(23)21-8-3-9-24-2/h4-7,10-11H,3,8-9H2,1-2H3,(H,21,23)"
MCULE-2203522761,https://mcule.com/MCULE-2203522761/,,N1C2C=C(C=CC=2SC2=CC=C(Cl)C=C2C=1C)C(NCCCOC(C)C)=O,CC1=Nc2cc(C(=O)NCCc3ccc(Cl)cc3)ccc2Sc2c1cccc2,0.8994708994708994,0.8864861,0.8631931,0.8399507,1.0,1.0,0.68,0.14,402.947,1,"InChI=1S/C23H19ClN2OS/c1-15-19-4-2-3-5-21(19)28-22-11-8-17(14-20(22)26-15)23(27)25-13-12-16-6-9-18(24)10-7-16/h2-11,14H,12-13H2,1H3,(H,25,27)","InChI=1S/C21H23ClN2O2S/c1-13(2)26-10-4-9-23-21(25)15-5-7-20-18(11-15)24-14(3)17-12-16(22)6-8-19(17)27-20/h5-8,11-13H,4,9-10H2,1-3H3,(H,23,25)"
ZINC000004929285,ZINC000004929285,2.0,CC1=Nc2cc(C(=O)NCc3ccc(C)cc3)ccc2Sc4ccccc41,CC1=Nc2cc(C(=O)NCCc3ccc(Cl)cc3)ccc2Sc2c1cccc2,0.6557377049180327,0.9224184,0.8810329,0.95432323,1.0,1.0,0.7,0.09,372.493,1,"InChI=1S/C23H19ClN2OS/c1-15-19-4-2-3-5-21(19)28-22-11-8-17(14-20(22)26-15)23(27)25-13-12-16-6-9-18(24)10-7-16/h2-11,14H,12-13H2,1H3,(H,25,27)","InChI=1S/C23H20N2OS/c1-15-7-9-17(10-8-15)14-24-23(26)18-11-12-22-20(13-18)25-16(2)19-5-3-4-6-21(19)27-22/h3-13H,14H2,1-2H3,(H,24,26)"
ZINC000004929355,ZINC000004929355,1.0,CC1=Nc2cc(C(=O)NCCc3ccccc3)ccc2Sc4ccccc41,CC1=Nc2cc(C(=O)NCCc3ccc(Cl)cc3)ccc2Sc2c1cccc2,0.8333333333333334,0.885635,0.80870515,0.98439837,1.0,1.0,0.63,0.05,372.493,1,"InChI=1S/C23H19ClN2OS/c1-15-19-4-2-3-5-21(19)28-22-11-8-17(14-20(22)26-15)23(27)25-13-12-16-6-9-18(24)10-7-16/h2-11,14H,12-13H2,1H3,(H,25,27)","InChI=1S/C23H20N2OS/c1-16-19-9-5-6-10-21(19)27-22-12-11-18(15-20(22)25-16)23(26)24-14-13-17-7-3-2-4-8-17/h2-12,15H,13-14H2,1H3,(H,24,26)"
MCULE-5830374764,https://mcule.com/MCULE-5830374764/,,N1C2C=C(C=CC=2SC2C=CC=CC=2C=1C)C(NCCC1C=CC=CC=1)=O,CC1=Nc2cc(C(=O)NCCc3ccc(Cl)cc3)ccc2Sc2c1cccc2,0.9527410207939508,0.885635,0.80870515,0.98439837,1.0,1.0,0.63,0.05,372.493,1,"InChI=1S/C23H19ClN2OS/c1-15-19-4-2-3-5-21(19)28-22-11-8-17(14-20(22)26-15)23(27)25-13-12-16-6-9-18(24)10-7-16/h2-11,14H,12-13H2,1H3,(H,25,27)","InChI=1S/C23H20N2OS/c1-16-19-9-5-6-10-21(19)27-22-12-11-18(15-20(22)25-16)23(26)24-14-13-17-7-3-2-4-8-17/h2-12,15H,13-14H2,1H3,(H,24,26)"
MCULE-5107542245,https://mcule.com/MCULE-5107542245/,,N1C2C=C(C=CC=2SC2C=CC(Cl)=CC=2C=1CC)C(NCCC1C=CC(=CC=1)Cl)=O,CC1=Nc2cc(C(=O)NCCc3ccc(Cl)cc3)ccc2Sc2c1cccc2,0.90893470790378,0.90049076,0.9284339,0.7512408,1.0,1.0,0.77,0.16,455.41,1,"InChI=1S/C23H19ClN2OS/c1-15-19-4-2-3-5-21(19)28-22-11-8-17(14-20(22)26-15)23(27)25-13-12-16-6-9-18(24)10-7-16/h2-11,14H,12-13H2,1H3,(H,25,27)","InChI=1S/C24H20Cl2N2OS/c1-2-20-19-14-18(26)8-10-22(19)30-23-9-5-16(13-21(23)28-20)24(29)27-12-11-15-3-6-17(25)7-4-15/h3-10,13-14H,2,11-12H2,1H3,(H,27,29)"
MCULE-3283587573,https://mcule.com/MCULE-3283587573/,,N1C2C=C(C=CC=2SC2C=CC(Cl)=CC=2C=1CC)C(NCCC1C=CC=CC=1)=O,CC1=Nc2cc(C(=O)NCCc3ccc(Cl)cc3)ccc2Sc2c1cccc2,0.916083916083916,0.74815065,0.7826946,0.5,1.0,1.0,0.61,0.2,420.965,1,"InChI=1S/C23H19ClN2OS/c1-15-19-4-2-3-5-21(19)28-22-11-8-17(14-20(22)26-15)23(27)25-13-12-16-6-9-18(24)10-7-16/h2-11,14H,12-13H2,1H3,(H,25,27)","InChI=1S/C24H21ClN2OS/c1-2-20-19-15-18(25)9-11-22(19)29-23-10-8-17(14-21(23)27-20)24(28)26-13-12-16-6-4-3-5-7-16/h3-11,14-15H,2,12-13H2,1H3,(H,26,28)"
MCULE-7396656778,https://mcule.com/MCULE-7396656778/,,N1C2C=C(C=CC=2SC2C=CC=CC=2C=1CCC)C(NCCC1C=CC(=CC=1)Cl)=O,CC1=Nc2cc(C(=O)NCCc3ccc(Cl)cc3)ccc2Sc2c1cccc2,0.9264448336252188,0.89909565,0.95449746,0.6961288,1.0,1.0,0.83,0.17,434.992,1,"InChI=1S/C23H19ClN2OS/c1-15-19-4-2-3-5-21(19)28-22-11-8-17(14-20(22)26-15)23(27)25-13-12-16-6-9-18(24)10-7-16/h2-11,14H,12-13H2,1H3,(H,25,27)","InChI=1S/C25H23ClN2OS/c1-2-5-21-20-6-3-4-7-23(20)30-24-13-10-18(16-22(24)28-21)25(29)27-15-14-17-8-11-19(26)12-9-17/h3-4,6-13,16H,2,5,14-15H2,1H3,(H,27,29)"
MCULE-6865250371,https://mcule.com/MCULE-6865250371/,,N1C2C=C(C=CC=2SC2=CC=C(C)C=C2C=1CC)C(NCCC1=CC=C(C=C1)Cl)=O,CC1=Nc2cc(C(=O)NCCc3ccc(Cl)cc3)ccc2Sc2c1cccc2,0.9168110918544194,0.84741783,0.83226955,0.7512408,1.0,1.0,0.65,0.16,434.992,1,"InChI=1S/C23H19ClN2OS/c1-15-19-4-2-3-5-21(19)28-22-11-8-17(14-20(22)26-15)23(27)25-13-12-16-6-9-18(24)10-7-16/h2-11,14H,12-13H2,1H3,(H,25,27)","InChI=1S/C25H23ClN2OS/c1-3-21-20-14-16(2)4-10-23(20)30-24-11-7-18(15-22(24)28-21)25(29)27-13-12-17-5-8-19(26)9-6-17/h4-11,14-15H,3,12-13H2,1-2H3,(H,27,29)"
MCULE-2433955741,https://mcule.com/MCULE-2433955741/,,N1C2C=C(C=CC=2SC2C=CC(Cl)=CC=2C=1C)C(NCCCOC)=O,CC1=Nc2cc(C(=O)NCCc3cc(Cl)ccc3)ccc2Sc2c1cccc2,0.9330922242314648,0.84853715,0.88917464,0.6405471,1.0,1.0,0.71,0.1790909,374.893,1,"InChI=1S/C23H19ClN2OS/c1-15-19-7-2-3-8-21(19)28-22-10-9-17(14-20(22)26-15)23(27)25-12-11-16-5-4-6-18(24)13-16/h2-10,13-14H,11-12H2,1H3,(H,25,27)","InChI=1S/C19H19ClN2O2S/c1-12-15-11-14(20)5-7-17(15)25-18-6-4-13(10-16(18)22-12)19(23)21-8-3-9-24-2/h4-7,10-11H,3,8-9H2,1-2H3,(H,21,23)"
MCULE-2203522761,https://mcule.com/MCULE-2203522761/,,N1C2C=C(C=CC=2SC2=CC=C(Cl)C=C2C=1C)C(NCCCOC(C)C)=O,CC1=Nc2cc(C(=O)NCCc3cc(Cl)ccc3)ccc2Sc2c1cccc2,0.9182948490230906,0.8864861,0.8631931,0.8399507,1.0,1.0,0.68,0.14,402.947,1,"InChI=1S/C23H19ClN2OS/c1-15-19-7-2-3-8-21(19)28-22-10-9-17(14-20(22)26-15)23(27)25-12-11-16-5-4-6-18(24)13-16/h2-10,13-14H,11-12H2,1H3,(H,25,27)","InChI=1S/C21H23ClN2O2S/c1-13(2)26-10-4-9-23-21(25)15-5-7-20-18(11-15)24-14(3)17-12-16(22)6-8-19(17)27-20/h5-8,11-13H,4,9-10H2,1-3H3,(H,23,25)"
MCULE-1153524502,https://mcule.com/MCULE-1153524502/,,N1C2C=C(C=CC=2SC2C=CC(Cl)=CC=2C=1C)C(=O)NCC1C=CC=CC=1,CC1=Nc2cc(C(=O)NCCc3cc(Cl)ccc3)ccc2Sc2c1cccc2,0.909252669039146,0.8890152,0.82078993,0.9649643,1.0,1.0,0.64,0.08,392.911,1,"InChI=1S/C23H19ClN2OS/c1-15-19-7-2-3-8-21(19)28-22-10-9-17(14-20(22)26-15)23(27)25-12-11-16-5-4-6-18(24)13-16/h2-10,13-14H,11-12H2,1H3,(H,25,27)","InChI=1S/C22H17ClN2OS/c1-14-18-12-17(23)8-10-20(18)27-21-9-7-16(11-19(21)25-14)22(26)24-13-15-5-3-2-4-6-15/h2-12H,13H2,1H3,(H,24,26)"
ZINC000004929355,ZINC000004929355,1.0,CC1=Nc2cc(C(=O)NCCc3ccccc3)ccc2Sc4ccccc41,CC1=Nc2cc(C(=O)NCCc3cc(Cl)ccc3)ccc2Sc2c1cccc2,0.1237113402061855,0.885635,0.80870515,0.98439837,1.0,1.0,0.63,0.05,372.493,1,"InChI=1S/C23H19ClN2OS/c1-15-19-7-2-3-8-21(19)28-22-10-9-17(14-20(22)26-15)23(27)25-12-11-16-5-4-6-18(24)13-16/h2-10,13-14H,11-12H2,1H3,(H,25,27)","InChI=1S/C23H20N2OS/c1-16-19-9-5-6-10-21(19)27-22-12-11-18(15-20(22)25-16)23(26)24-14-13-17-7-3-2-4-8-17/h2-12,15H,13-14H2,1H3,(H,24,26)"
MCULE-5830374764,https://mcule.com/MCULE-5830374764/,,N1C2C=C(C=CC=2SC2C=CC=CC=2C=1C)C(NCCC1C=CC=CC=1)=O,CC1=Nc2cc(C(=O)NCCc3cc(Cl)ccc3)ccc2Sc2c1cccc2,0.9473684210526316,0.885635,0.80870515,0.98439837,1.0,1.0,0.63,0.05,372.493,1,"InChI=1S/C23H19ClN2OS/c1-15-19-7-2-3-8-21(19)28-22-10-9-17(14-20(22)26-15)23(27)25-12-11-16-5-4-6-18(24)13-16/h2-10,13-14H,11-12H2,1H3,(H,25,27)","InChI=1S/C23H20N2OS/c1-16-19-9-5-6-10-21(19)27-22-12-11-18(15-20(22)25-16)23(26)24-14-13-17-7-3-2-4-8-17/h2-12,15H,13-14H2,1H3,(H,24,26)"
MCULE-5107542245,https://mcule.com/MCULE-5107542245/,,N1C2C=C(C=CC=2SC2C=CC(Cl)=CC=2C=1CC)C(NCCC1C=CC(=CC=1)Cl)=O,CC1=Nc2cc(C(=O)NCCc3cc(Cl)ccc3)ccc2Sc2c1cccc2,0.9108061749571184,0.90049076,0.9284339,0.7512408,1.0,1.0,0.77,0.16,455.41,1,"InChI=1S/C23H19ClN2OS/c1-15-19-7-2-3-8-21(19)28-22-10-9-17(14-20(22)26-15)23(27)25-12-11-16-5-4-6-18(24)13-16/h2-10,13-14H,11-12H2,1H3,(H,25,27)","InChI=1S/C24H20Cl2N2OS/c1-2-20-19-14-18(26)8-10-22(19)30-23-9-5-16(13-21(23)28-20)24(29)27-12-11-15-3-6-17(25)7-4-15/h3-10,13-14H,2,11-12H2,1H3,(H,27,29)"
MCULE-3283587573,https://mcule.com/MCULE-3283587573/,,N1C2C=C(C=CC=2SC2C=CC(Cl)=CC=2C=1CC)C(NCCC1C=CC=CC=1)=O,CC1=Nc2cc(C(=O)NCCc3cc(Cl)ccc3)ccc2Sc2c1cccc2,0.9348591549295776,0.74815065,0.7826946,0.5,1.0,1.0,0.61,0.2,420.965,1,"InChI=1S/C23H19ClN2OS/c1-15-19-7-2-3-8-21(19)28-22-10-9-17(14-20(22)26-15)23(27)25-12-11-16-5-4-6-18(24)13-16/h2-10,13-14H,11-12H2,1H3,(H,25,27)","InChI=1S/C24H21ClN2OS/c1-2-20-19-15-18(25)9-11-22(19)29-23-10-8-17(14-21(23)27-20)24(28)26-13-12-16-6-4-3-5-7-16/h3-11,14-15H,2,12-13H2,1H3,(H,26,28)"
MCULE-9681315168,https://mcule.com/MCULE-9681315168/,,N1C2C=C(C=CC=2SC2C=CC=CC=2C=1CC)C(NCCCC)=O,CCC1=Nc2cc(C(=O)NCc3c(F)cccc3)ccc2Sc2c1cccc2,0.8996478873239436,0.99240017,0.98793066,0.99603474,1.0,1.0,1.0,0.0,338.476,1,"InChI=1S/C23H19FN2OS/c1-2-19-17-8-4-6-10-21(17)28-22-12-11-15(13-20(22)26-19)23(27)25-14-16-7-3-5-9-18(16)24/h3-13H,2,14H2,1H3,(H,25,27)","InChI=1S/C20H22N2OS/c1-3-5-12-21-20(23)14-10-11-19-17(13-14)22-16(4-2)15-8-6-7-9-18(15)24-19/h6-11,13H,3-5,12H2,1-2H3,(H,21,23)"
ZINC000020178903,ZINC000020178903,2.0,CCC1=Nc2cc(C(=O)NCc3ccccc3Cl)ccc2Sc4ccc(Cl)cc41,CCC1=Nc2cc(C(=O)NCc3c(F)cccc3)ccc2Sc2c1cccc2,0.671875,0.93386567,0.8968244,0.9649643,1.0,1.0,0.72,0.08,441.383,1,"InChI=1S/C23H19FN2OS/c1-2-19-17-8-4-6-10-21(17)28-22-12-11-15(13-20(22)26-19)23(27)25-14-16-7-3-5-9-18(16)24/h3-13H,2,14H2,1H3,(H,25,27)","InChI=1S/C23H18Cl2N2OS/c1-2-19-17-12-16(24)8-10-21(17)29-22-9-7-14(11-20(22)27-19)23(28)26-13-15-5-3-4-6-18(15)25/h3-12H,2,13H2,1H3,(H,26,28)"
MCULE-1339597839,https://mcule.com/MCULE-1339597839/,,N1C2C=C(C=CC=2SC2C=CC(Cl)=CC=2C=1CC)C(=O)NCC1=CC=C(C=C1)F,CCC1=Nc2cc(C(=O)NCc3c(F)cccc3)ccc2Sc2c1cccc2,0.9181969949916527,0.8317034,0.94701153,0.5,1.0,1.0,0.81,0.2,424.928,1,"InChI=1S/C23H19FN2OS/c1-2-19-17-8-4-6-10-21(17)28-22-12-11-15(13-20(22)26-19)23(27)25-14-16-7-3-5-9-18(16)24/h3-13H,2,14H2,1H3,(H,25,27)","InChI=1S/C23H18ClFN2OS/c1-2-19-18-12-16(24)6-10-21(18)29-22-9-5-15(11-20(22)27-19)23(28)26-13-14-3-7-17(25)8-4-14/h3-12H,2,13H2,1H3,(H,26,28)"
MCULE-1997084486,https://mcule.com/MCULE-1997084486/,,N1C2C=C(C=CC=2SC2C=CC(Cl)=CC=2C=1CC)C(=O)NCC1C=CC=CC=1,CCC1=Nc2cc(C(=O)NCc3c(F)cccc3)ccc2Sc2c1cccc2,0.8957983193277311,0.84905577,0.9335762,0.56864136,1.0,1.0,0.78,0.19,406.938,1,"InChI=1S/C23H19FN2OS/c1-2-19-17-8-4-6-10-21(17)28-22-12-11-15(13-20(22)26-19)23(27)25-14-16-7-3-5-9-18(16)24/h3-13H,2,14H2,1H3,(H,25,27)","InChI=1S/C23H19ClN2OS/c1-2-19-18-13-17(24)9-11-21(18)28-22-10-8-16(12-20(22)26-19)23(27)25-14-15-6-4-3-5-7-15/h3-13H,2,14H2,1H3,(H,25,27)"
MCULE-8454725046,https://mcule.com/MCULE-8454725046/,,N1C2C=C(C=CC=2SC2C=CC=CC=2C=1CC)C(=O)NCC1=CC=C(C=C1)F,CCC1=Nc2cc(C(=O)NCc3c(F)cccc3)ccc2Sc2c1cccc2,0.973404255319149,0.9289299,0.957852,0.79924,1.0,1.0,0.84,0.15,390.483,1,"InChI=1S/C23H19FN2OS/c1-2-19-17-8-4-6-10-21(17)28-22-12-11-15(13-20(22)26-19)23(27)25-14-16-7-3-5-9-18(16)24/h3-13H,2,14H2,1H3,(H,25,27)","InChI=1S/C23H19FN2OS/c1-2-19-18-5-3-4-6-21(18)28-22-12-9-16(13-20(22)26-19)23(27)25-14-15-7-10-17(24)11-8-15/h3-13H,2,14H2,1H3,(H,25,27)"
ZINC000004929571,ZINC000004929571,2.0,CCCC1=Nc2cc(C(=O)NCc3ccccc3Cl)ccc2Sc4ccccc41,CCC1=Nc2cc(C(=O)NCc3c(F)cccc3)ccc2Sc2c1cccc2,0.6307692307692307,0.9665579,0.9508896,0.97319597,1.0,1.0,0.82,0.07,420.965,1,"InChI=1S/C23H19FN2OS/c1-2-19-17-8-4-6-10-21(17)28-22-12-11-15(13-20(22)26-19)23(27)25-14-16-7-3-5-9-18(16)24/h3-13H,2,14H2,1H3,(H,25,27)","InChI=1S/C24H21ClN2OS/c1-2-7-20-18-9-4-6-11-22(18)29-23-13-12-16(14-21(23)27-20)24(28)26-15-17-8-3-5-10-19(17)25/h3-6,8-14H,2,7,15H2,1H3,(H,26,28)"
ZINC000004712594,ZINC000004712594,2.0,CCC1=Nc2cc(C(=O)NCc3ccccc3Cl)ccc2Sc4ccc(C)cc41,CCC1=Nc2cc(C(=O)NCc3c(F)cccc3)ccc2Sc2c1cccc2,0.6515151515151515,0.93801117,0.90400314,0.9649643,1.0,1.0,0.73,0.08,420.965,1,"InChI=1S/C23H19FN2OS/c1-2-19-17-8-4-6-10-21(17)28-22-12-11-15(13-20(22)26-19)23(27)25-14-16-7-3-5-9-18(16)24/h3-13H,2,14H2,1H3,(H,25,27)","InChI=1S/C24H21ClN2OS/c1-3-20-18-12-15(2)8-10-22(18)29-23-11-9-16(13-21(23)27-20)24(28)26-14-17-6-4-5-7-19(17)25/h4-13H,3,14H2,1-2H3,(H,26,28)"
MCULE-9257155722,https://mcule.com/MCULE-9257155722/,,N1C2C=C(C=CC=2SC2C=CC=CC=2C=1CCC)C(=O)NCC1=CC=C(C=C1)F,CCC1=Nc2cc(C(=O)NCc3c(F)cccc3)ccc2Sc2c1cccc2,0.951473136915078,0.9306083,0.9609694,0.79924,1.0,1.0,0.85,0.15,404.51,1,"InChI=1S/C23H19FN2OS/c1-2-19-17-8-4-6-10-21(17)28-22-12-11-15(13-20(22)26-19)23(27)25-14-16-7-3-5-9-18(16)24/h3-13H,2,14H2,1H3,(H,25,27)","InChI=1S/C24H21FN2OS/c1-2-5-20-19-6-3-4-7-22(19)29-23-13-10-17(14-21(23)27-20)24(28)26-15-16-8-11-18(25)12-9-16/h3-4,6-14H,2,5,15H2,1H3,(H,26,28)"
MCULE-8318145015,https://mcule.com/MCULE-8318145015/,,N1C2C=C(C=CC=2SC2C=CC(C)=CC=2C=1CC)C(=O)NCC1=CC=C(C=C1)F,CCC1=Nc2cc(C(=O)NCc3c(F)cccc3)ccc2Sc2c1cccc2,0.9368600682593856,0.9340865,0.9335762,0.8737104,1.0,1.0,0.78,0.13,404.51,1,"InChI=1S/C23H19FN2OS/c1-2-19-17-8-4-6-10-21(17)28-22-12-11-15(13-20(22)26-19)23(27)25-14-16-7-3-5-9-18(16)24/h3-13H,2,14H2,1H3,(H,25,27)","InChI=1S/C24H21FN2OS/c1-3-20-19-12-15(2)4-10-22(19)29-23-11-7-17(13-21(23)27-20)24(28)26-14-16-5-8-18(25)9-6-16/h4-13H,3,14H2,1-2H3,(H,26,28)"
MCULE-4087326320,https://mcule.com/MCULE-4087326320/,,N1C2C=C(C=CC=2SC2C=CC=CC=2C=1CCC)C(=O)NCC1C=CC=CC=1,CCC1=Nc2cc(C(=O)NCc3c(F)cccc3)ccc2Sc2c1cccc2,0.9301919720767888,0.97716236,0.9638649,0.9881202,1.0,1.0,0.86,0.04,386.52,1,"InChI=1S/C23H19FN2OS/c1-2-19-17-8-4-6-10-21(17)28-22-12-11-15(13-20(22)26-19)23(27)25-14-16-7-3-5-9-18(16)24/h3-13H,2,14H2,1H3,(H,25,27)","InChI=1S/C24H22N2OS/c1-2-8-20-19-11-6-7-12-22(19)28-23-14-13-18(15-21(23)26-20)24(27)25-16-17-9-4-3-5-10-17/h3-7,9-15H,2,8,16H2,1H3,(H,25,27)"
MCULE-5769957136,https://mcule.com/MCULE-5769957136/,,N1C2C=C(C=CC=2SC2C=CC=CC=2C=1CCC)C(=O)NC(C)C1=CC=CC=C1,CCC1=Nc2cc(C(=O)NCc3c(F)cccc3)ccc2Sc2c1cccc2,0.9005059021922428,0.9369809,0.8968244,0.9795346,1.0,1.0,0.72,0.06,400.547,1,"InChI=1S/C23H19FN2OS/c1-2-19-17-8-4-6-10-21(17)28-22-12-11-15(13-20(22)26-19)23(27)25-14-16-7-3-5-9-18(16)24/h3-13H,2,14H2,1H3,(H,25,27)","InChI=1S/C25H24N2OS/c1-3-9-21-20-12-7-8-13-23(20)29-24-15-14-19(16-22(24)27-21)25(28)26-17(2)18-10-5-4-6-11-18/h4-8,10-17H,3,9H2,1-2H3,(H,26,28)"
MCULE-6561969005,https://mcule.com/MCULE-6561969005/,,N1C2C=C(C=CC=2SC2=CC=C(C)C=C2C=1CC)C(=O)NCC1C=CC(=CC=1)C,CCC1=Nc2cc(C(=O)NCc3c(F)cccc3)ccc2Sc2c1cccc2,0.9016949152542372,0.9271211,0.95449746,0.79924,1.0,1.0,0.83,0.15,400.547,1,"InChI=1S/C23H19FN2OS/c1-2-19-17-8-4-6-10-21(17)28-22-12-11-15(13-20(22)26-19)23(27)25-14-16-7-3-5-9-18(16)24/h3-13H,2,14H2,1H3,(H,25,27)","InChI=1S/C25H24N2OS/c1-4-21-20-13-17(3)7-11-23(20)29-24-12-10-19(14-22(24)27-21)25(28)26-15-18-8-5-16(2)6-9-18/h5-14H,4,15H2,1-3H3,(H,26,28)"
MCULE-9681315168,https://mcule.com/MCULE-9681315168/,,N1C2C=C(C=CC=2SC2C=CC=CC=2C=1CC)C(NCCCC)=O,CCC1=Nc2cc(C(=O)NCCc3ccncc3)ccc2Sc2c1cccc2,0.9147424511545292,0.99240017,0.98793066,0.99603474,1.0,1.0,1.0,0.0,338.476,1,"InChI=1S/C23H21N3OS/c1-2-19-18-5-3-4-6-21(18)28-22-8-7-17(15-20(22)26-19)23(27)25-14-11-16-9-12-24-13-10-16/h3-10,12-13,15H,2,11,14H2,1H3,(H,25,27)","InChI=1S/C20H22N2OS/c1-3-5-12-21-20(23)14-10-11-19-17(13-14)22-16(4-2)15-8-6-7-9-18(15)24-19/h6-11,13H,3-5,12H2,1-2H3,(H,21,23)"
MCULE-3588716120,https://mcule.com/MCULE-3588716120/,,N1C2C=C(C=CC=2SC2C=CC=CC=2C=1CCC)C(NCCC)=O,CCC1=Nc2cc(C(=O)NCCc3ccncc3)ccc2Sc2c1cccc2,0.8972125435540069,0.9685936,0.95449746,0.97319597,1.0,1.0,0.83,0.07,338.476,1,"InChI=1S/C23H21N3OS/c1-2-19-18-5-3-4-6-21(18)28-22-8-7-17(15-20(22)26-19)23(27)25-14-11-16-9-12-24-13-10-16/h3-10,12-13,15H,2,11,14H2,1H3,(H,25,27)","InChI=1S/C20H22N2OS/c1-3-7-16-15-8-5-6-9-18(15)24-19-11-10-14(13-17(19)22-16)20(23)21-12-4-2/h5-6,8-11,13H,3-4,7,12H2,1-2H3,(H,21,23)"
MCULE-6742382703,https://mcule.com/MCULE-6742382703/,,N1C2C=C(C=CC=2SC2C=CC=CC=2C=1CC)C(=O)NC(C)CC,CCC1=Nc2cc(C(=O)NCCc3ccncc3)ccc2Sc2c1cccc2,0.9003496503496503,0.87565285,0.796008,0.97319597,1.0,1.0,0.62,0.07,338.476,1,"InChI=1S/C23H21N3OS/c1-2-19-18-5-3-4-6-21(18)28-22-8-7-17(15-20(22)26-19)23(27)25-14-11-16-9-12-24-13-10-16/h3-10,12-13,15H,2,11,14H2,1H3,(H,25,27)","InChI=1S/C20H22N2OS/c1-4-13(3)21-20(23)14-10-11-19-17(12-14)22-16(5-2)15-8-6-7-9-18(15)24-19/h6-13H,4-5H2,1-3H3,(H,21,23)"
ZINC000004929355,ZINC000004929355,2.0,CC1=Nc2cc(C(=O)NCCc3ccccc3)ccc2Sc4ccccc41,CCC1=Nc2cc(C(=O)NCCc3ccncc3)ccc2Sc2c1cccc2,0.639344262295082,0.885635,0.80870515,0.98439837,1.0,1.0,0.63,0.05,372.493,1,"InChI=1S/C23H21N3OS/c1-2-19-18-5-3-4-6-21(18)28-22-8-7-17(15-20(22)26-19)23(27)25-14-11-16-9-12-24-13-10-16/h3-10,12-13,15H,2,11,14H2,1H3,(H,25,27)","InChI=1S/C23H20N2OS/c1-16-19-9-5-6-10-21(19)27-22-12-11-18(15-20(22)25-16)23(26)24-14-13-17-7-3-2-4-8-17/h2-12,15H,13-14H2,1H3,(H,24,26)"
MCULE-5830374764,https://mcule.com/MCULE-5830374764/,,N1C2C=C(C=CC=2SC2C=CC=CC=2C=1C)C(NCCC1C=CC=CC=1)=O,CCC1=Nc2cc(C(=O)NCCc3ccncc3)ccc2Sc2c1cccc2,0.8880994671403197,0.885635,0.80870515,0.98439837,1.0,1.0,0.63,0.05,372.493,1,"InChI=1S/C23H21N3OS/c1-2-19-18-5-3-4-6-21(18)28-22-8-7-17(15-20(22)26-19)23(27)25-14-11-16-9-12-24-13-10-16/h3-10,12-13,15H,2,11,14H2,1H3,(H,25,27)","InChI=1S/C23H20N2OS/c1-16-19-9-5-6-10-21(19)27-22-12-11-18(15-20(22)25-16)23(26)24-14-13-17-7-3-2-4-8-17/h2-12,15H,13-14H2,1H3,(H,24,26)"
ZINC000004929923,ZINC000004929923,2.0,CCC1=Nc2cc(C(=O)NCCc3ccccc3)ccc2Sc4ccc(Cl)cc41,CCC1=Nc2cc(C(=O)NCCc3ccncc3)ccc2Sc2c1cccc2,0.7142857142857143,0.74815065,0.7826946,0.5,1.0,1.0,0.61,0.2,420.965,1,"InChI=1S/C23H21N3OS/c1-2-19-18-5-3-4-6-21(18)28-22-8-7-17(15-20(22)26-19)23(27)25-14-11-16-9-12-24-13-10-16/h3-10,12-13,15H,2,11,14H2,1H3,(H,25,27)","InChI=1S/C24H21ClN2OS/c1-2-20-19-15-18(25)9-11-22(19)29-23-10-8-17(14-21(23)27-20)24(28)26-13-12-16-6-4-3-5-7-16/h3-11,14-15H,2,12-13H2,1H3,(H,26,28)"
ZINC000004929700,ZINC000004929700,2.0,CCCC1=Nc2cc(C(=O)NCCc3ccccc3)ccc2Sc4ccccc41,CCC1=Nc2cc(C(=O)NCCc3ccncc3)ccc2Sc2c1cccc2,0.7049180327868853,0.9735318,0.9665531,0.9649643,1.0,1.0,0.87,0.08,400.547,1,"InChI=1S/C23H21N3OS/c1-2-19-18-5-3-4-6-21(18)28-22-8-7-17(15-20(22)26-19)23(27)25-14-11-16-9-12-24-13-10-16/h3-10,12-13,15H,2,11,14H2,1H3,(H,25,27)","InChI=1S/C25H24N2OS/c1-2-8-21-20-11-6-7-12-23(20)29-24-14-13-19(17-22(24)27-21)25(28)26-16-15-18-9-4-3-5-10-18/h3-7,9-14,17H,2,8,15-16H2,1H3,(H,26,28)"
MCULE-3551346871,https://mcule.com/MCULE-3551346871/,,N1C2C=C(C=CC=2SC2C=CC=CC=2C=1CCC)C(NCCC1C=CC=CC=1)=O,CCC1=Nc2cc(C(=O)NCCc3ccncc3)ccc2Sc2c1cccc2,0.9117647058823528,0.9735318,0.9665531,0.9649643,1.0,1.0,0.87,0.08,400.547,1,"InChI=1S/C23H21N3OS/c1-2-19-18-5-3-4-6-21(18)28-22-8-7-17(15-20(22)26-19)23(27)25-14-11-16-9-12-24-13-10-16/h3-10,12-13,15H,2,11,14H2,1H3,(H,25,27)","InChI=1S/C25H24N2OS/c1-2-8-21-20-11-6-7-12-23(20)29-24-14-13-19(17-22(24)27-21)25(28)26-16-15-18-9-4-3-5-10-18/h3-7,9-14,17H,2,8,15-16H2,1H3,(H,26,28)"
ZINC000004930146,ZINC000004930146,2.0,CCC1=Nc2cc(C(=O)NCCc3ccccc3)ccc2Sc4ccc(C)cc41,CCC1=Nc2cc(C(=O)NCCc3ccncc3)ccc2Sc2c1cccc2,0.7258064516129032,0.91946477,0.8810329,0.94064903,1.0,1.0,0.7,0.1,400.547,1,"InChI=1S/C23H21N3OS/c1-2-19-18-5-3-4-6-21(18)28-22-8-7-17(15-20(22)26-19)23(27)25-14-11-16-9-12-24-13-10-16/h3-10,12-13,15H,2,11,14H2,1H3,(H,25,27)","InChI=1S/C25H24N2OS/c1-3-21-20-15-17(2)9-11-23(20)29-24-12-10-19(16-22(24)27-21)25(28)26-14-13-18-7-5-4-6-8-18/h4-12,15-16H,3,13-14H2,1-2H3,(H,26,28)"
MCULE-2150483193,https://mcule.com/MCULE-2150483193/,,N1C2C=C(C=CC=2SC2C=CC(C)=CC=2C=1CC)C(NCCC1C=CC=CC=1)=O,CCC1=Nc2cc(C(=O)NCCc3ccncc3)ccc2Sc2c1cccc2,0.9008547008547008,0.91946477,0.8810329,0.94064903,1.0,1.0,0.7,0.1,400.547,1,"InChI=1S/C23H21N3OS/c1-2-19-18-5-3-4-6-21(18)28-22-8-7-17(15-20(22)26-19)23(27)25-14-11-16-9-12-24-13-10-16/h3-10,12-13,15H,2,11,14H2,1H3,(H,25,27)","InChI=1S/C25H24N2OS/c1-3-21-20-15-17(2)9-11-23(20)29-24-12-10-19(16-22(24)27-21)25(28)26-14-13-18-7-5-4-6-8-18/h4-12,15-16H,3,13-14H2,1-2H3,(H,26,28)"
MCULE-1329921853,https://mcule.com/MCULE-1329921853/,,N1C2C=C(C=CC=2SC2=CC=C(C)C=C2C=1CC)C(NCCC1C=CC(=CC=1)C)=O,CCC1=Nc2cc(C(=O)NCCc3ccncc3)ccc2Sc2c1cccc2,0.8887015177065767,0.89661825,0.8810329,0.8399507,1.0,1.0,0.7,0.14,414.574,1,"InChI=1S/C23H21N3OS/c1-2-19-18-5-3-4-6-21(18)28-22-8-7-17(15-20(22)26-19)23(27)25-14-11-16-9-12-24-13-10-16/h3-10,12-13,15H,2,11,14H2,1H3,(H,25,27)","InChI=1S/C26H26N2OS/c1-4-22-21-15-18(3)7-11-24(21)30-25-12-10-20(16-23(25)28-22)26(29)27-14-13-19-8-5-17(2)6-9-19/h5-12,15-16H,4,13-14H2,1-3H3,(H,27,29)"
MCULE-9498502378,https://mcule.com/MCULE-9498502378/,,N1C2C=C(C=CC=2SC2=CC=C(C)C=C2C=1CC)C(NCCC1C=CC=C(C)C=1)=O,CCC1=Nc2cc(C(=O)NCCc3ccncc3)ccc2Sc2c1cccc2,0.8917089678510999,0.9119947,0.8631931,0.95432323,1.0,1.0,0.68,0.09,414.574,1,"InChI=1S/C23H21N3OS/c1-2-19-18-5-3-4-6-21(18)28-22-8-7-17(15-20(22)26-19)23(27)25-14-11-16-9-12-24-13-10-16/h3-10,12-13,15H,2,11,14H2,1H3,(H,25,27)","InChI=1S/C26H26N2OS/c1-4-22-21-15-18(3)8-10-24(21)30-25-11-9-20(16-23(25)28-22)26(29)27-13-12-19-7-5-6-17(2)14-19/h5-11,14-16H,4,12-13H2,1-3H3,(H,27,29)"
MCULE-1186099515,https://mcule.com/MCULE-1186099515/,,N1C2C=C(C=CC=2SC2C=CC=CC=2C=1CCC)C(NCCC1=CC=C(C=C1)SC)=O,CCC1=Nc2cc(C(=O)NCCc3ccncc3)ccc2Sc2c1cccc2,0.9039451114922812,0.93563014,0.8968244,0.97319597,1.0,1.0,0.72,0.07,446.641,1,"InChI=1S/C23H21N3OS/c1-2-19-18-5-3-4-6-21(18)28-22-8-7-17(15-20(22)26-19)23(27)25-14-11-16-9-12-24-13-10-16/h3-10,12-13,15H,2,11,14H2,1H3,(H,25,27)","InChI=1S/C26H26N2OS2/c1-3-6-22-21-7-4-5-8-24(21)31-25-14-11-19(17-23(25)28-22)26(29)27-16-15-18-9-12-20(30-2)13-10-18/h4-5,7-14,17H,3,6,15-16H2,1-2H3,(H,27,29)"
MCULE-8278623228,https://mcule.com/MCULE-8278623228/,,N1=C(C=C(N=C1NC1=CC=C(C=C1)NC(C1=CC=CC=C1)=O)C)N1CCCCC1,c1ccccc1C(Nc1ccc(N=c2[nH]c(N3CCCCC3)cc(C)n2)cc1)=O,0.7444253859348199,0.99240017,0.98793066,0.99603474,1.0,1.0,1.0,0.0,387.487,1,"InChI=1S/C23H25N5O/c1-17-16-21(28-14-6-3-7-15-28)27-23(24-17)26-20-12-10-19(11-13-20)25-22(29)18-8-4-2-5-9-18/h2,4-5,8-13,16H,3,6-7,14-15H2,1H3,(H,25,29)(H,24,26,27)","InChI=1S/C23H25N5O/c1-17-16-21(28-14-6-3-7-15-28)27-23(24-17)26-20-12-10-19(11-13-20)25-22(29)18-8-4-2-5-9-18/h2,4-5,8-13,16H,3,6-7,14-15H2,1H3,(H,25,29)(H,24,26,27)"
ZINC000017013516,ZINC000017013516,2.0,Cc1cc(N2CCCCC2)nc(Nc3ccc(NC(=O)c4ccccc4)cc3)n1,c1ccccc1C(Nc2ccc(N=c3[nH]c(N4CCCCC4)cc(C)n3)cc2)=O,0.4264705882352941,0.99240017,0.98793066,0.99603474,1.0,1.0,1.0,0.0,387.487,1,"InChI=1S/C23H25N5O/c1-17-16-21(28-14-6-3-7-15-28)27-23(24-17)26-20-12-10-19(11-13-20)25-22(29)18-8-4-2-5-9-18/h2,4-5,8-13,16H,3,6-7,14-15H2,1H3,(H,25,29)(H,24,26,27)","InChI=1S/C23H25N5O/c1-17-16-21(28-14-6-3-7-15-28)27-23(24-17)26-20-12-10-19(11-13-20)25-22(29)18-8-4-2-5-9-18/h2,4-5,8-13,16H,3,6-7,14-15H2,1H3,(H,25,29)(H,24,26,27)"
MCULE-1329927232,https://mcule.com/MCULE-1329927232/,,N1=C(C=C(N=C1NC1C=CC(=CC=1)NC(=O)C1C=CC(=CC=1)C)C)N1CCCCC1,c1ccccc1C(Nc1ccc(N=c2[nH]c(N3CCCCC3)cc(C)n2)cc1)=O,0.725,0.99240017,0.98793066,0.99603474,1.0,1.0,1.0,0.0,401.514,1,"InChI=1S/C23H25N5O/c1-17-16-21(28-14-6-3-7-15-28)27-23(24-17)26-20-12-10-19(11-13-20)25-22(29)18-8-4-2-5-9-18/h2,4-5,8-13,16H,3,6-7,14-15H2,1H3,(H,25,29)(H,24,26,27)","InChI=1S/C24H27N5O/c1-17-6-8-19(9-7-17)23(30)26-20-10-12-21(13-11-20)27-24-25-18(2)16-22(28-24)29-14-4-3-5-15-29/h6-13,16H,3-5,14-15H2,1-2H3,(H,26,30)(H,25,27,28)"
ZINC000009573351,ZINC000009573351,3.0,Cc1ccc(C(=O)Nc2ccc(Nc3nc(C)cc(N4CCCCC4)n3)cc2)cc1,c1ccccc1C(Nc2ccc(N=c3[nH]c(N4CCCCC4)cc(C)n3)cc2)=O,0.3561643835616438,0.99240017,0.98793066,0.99603474,1.0,1.0,1.0,0.0,401.514,1,"InChI=1S/C23H25N5O/c1-17-16-21(28-14-6-3-7-15-28)27-23(24-17)26-20-12-10-19(11-13-20)25-22(29)18-8-4-2-5-9-18/h2,4-5,8-13,16H,3,6-7,14-15H2,1H3,(H,25,29)(H,24,26,27)","InChI=1S/C24H27N5O/c1-17-6-8-19(9-7-17)23(30)26-20-10-12-21(13-11-20)27-24-25-18(2)16-22(28-24)29-14-4-3-5-15-29/h6-13,16H,3-5,14-15H2,1-2H3,(H,26,30)(H,25,27,28)"
MCULE-8279951532,https://mcule.com/MCULE-8279951532/,,S(C1C=CC=CC=1)(=O)(=O)NC1C=CC(=CC=1)NC1=NC(C)=CC(N2CCCCC2)=N1,S(Nc1ccc(N=c2[nH]c(N3CCCCCC3)cc(C)n2)cc1)(=O)(c1ccccc1)=O,0.7507598784194529,0.99240017,0.98793066,0.99603474,1.0,1.0,1.0,0.0,423.542,1,"InChI=1S/C23H27N5O2S/c1-18-17-22(28-15-7-2-3-8-16-28)26-23(24-18)25-19-11-13-20(14-12-19)27-31(29,30)21-9-5-4-6-10-21/h4-6,9-14,17,27H,2-3,7-8,15-16H2,1H3,(H,24,25,26)","InChI=1S/C22H25N5O2S/c1-17-16-21(27-14-6-3-7-15-27)25-22(23-17)24-18-10-12-19(13-11-18)26-30(28,29)20-8-4-2-5-9-20/h2,4-5,8-13,16,26H,3,6-7,14-15H2,1H3,(H,23,24,25)"
ZINC000004670313,ZINC000004670313,2.0,CCC1=Nc2cc(C(=O)NCc3ccc(F)cc3)ccc2Sc4ccccc41,CCC1=Nc2cc(C(=O)NCCc3ccc(Cl)cc3)ccc2Sc2c1cccc2,0.65625,0.9289299,0.957852,0.79924,1.0,1.0,0.84,0.15,390.483,1,"InChI=1S/C24H21ClN2OS/c1-2-20-19-5-3-4-6-22(19)29-23-12-9-17(15-21(23)27-20)24(28)26-14-13-16-7-10-18(25)11-8-16/h3-12,15H,2,13-14H2,1H3,(H,26,28)","InChI=1S/C23H19FN2OS/c1-2-19-18-5-3-4-6-21(18)28-22-12-9-16(13-20(22)26-19)23(27)25-14-15-7-10-17(24)11-8-15/h3-13H,2,14H2,1H3,(H,25,27)"
ZINC000004929355,ZINC000004929355,2.0,CC1=Nc2cc(C(=O)NCCc3ccccc3)ccc2Sc4ccccc41,CCC1=Nc2cc(C(=O)NCCc3ccc(Cl)cc3)ccc2Sc2c1cccc2,0.6290322580645161,0.885635,0.80870515,0.98439837,1.0,1.0,0.63,0.05,372.493,1,"InChI=1S/C24H21ClN2OS/c1-2-20-19-5-3-4-6-22(19)29-23-12-9-17(15-21(23)27-20)24(28)26-14-13-16-7-10-18(25)11-8-16/h3-12,15H,2,13-14H2,1H3,(H,26,28)","InChI=1S/C23H20N2OS/c1-16-19-9-5-6-10-21(19)27-22-12-11-18(15-20(22)25-16)23(26)24-14-13-17-7-3-2-4-8-17/h2-12,15H,13-14H2,1H3,(H,24,26)"
ZINC000009608238,ZINC000009608238,1.0,CCC1=Nc2cc(C(=O)NCCc3ccc(Cl)cc3)ccc2Sc4ccc(Br)cc41,CCC1=Nc2cc(C(=O)NCCc3ccc(Cl)cc3)ccc2Sc2c1cccc2,0.8225806451612904,0.904261,0.91073215,0.80324024,1.0,1.0,0.74,0.14909092,499.861,1,"InChI=1S/C24H21ClN2OS/c1-2-20-19-5-3-4-6-22(19)29-23-12-9-17(15-21(23)27-20)24(28)26-14-13-16-7-10-18(25)11-8-16/h3-12,15H,2,13-14H2,1H3,(H,26,28)","InChI=1S/C24H20BrClN2OS/c1-2-20-19-14-17(25)6-10-22(19)30-23-9-5-16(13-21(23)28-20)24(29)27-12-11-15-3-7-18(26)8-4-15/h3-10,13-14H,2,11-12H2,1H3,(H,27,29)"
MCULE-8708689992,https://mcule.com/MCULE-8708689992/,,N1C2C=C(C=CC=2SC2C=CC(Br)=CC=2C=1CC)C(NCCC1C=CC(=CC=1)Cl)=O,CCC1=Nc2cc(C(=O)NCCc3ccc(Cl)cc3)ccc2Sc2c1cccc2,0.9376053962900506,0.904261,0.91073215,0.80324024,1.0,1.0,0.74,0.14909092,499.861,1,"InChI=1S/C24H21ClN2OS/c1-2-20-19-5-3-4-6-22(19)29-23-12-9-17(15-21(23)27-20)24(28)26-14-13-16-7-10-18(25)11-8-16/h3-12,15H,2,13-14H2,1H3,(H,26,28)","InChI=1S/C24H20BrClN2OS/c1-2-20-19-14-17(25)6-10-22(19)30-23-9-5-16(13-21(23)28-20)24(29)27-12-11-15-3-7-18(26)8-4-15/h3-10,13-14H,2,11-12H2,1H3,(H,27,29)"
ZINC000020178907,ZINC000020178907,1.0,CCC1=Nc2cc(C(=O)NCCc3ccc(Cl)cc3)ccc2Sc4ccc(Cl)cc41,CCC1=Nc2cc(C(=O)NCCc3ccc(Cl)cc3)ccc2Sc2c1cccc2,0.8947368421052632,0.90049076,0.9284339,0.7512408,1.0,1.0,0.77,0.16,455.41,1,"InChI=1S/C24H21ClN2OS/c1-2-20-19-5-3-4-6-22(19)29-23-12-9-17(15-21(23)27-20)24(28)26-14-13-16-7-10-18(25)11-8-16/h3-12,15H,2,13-14H2,1H3,(H,26,28)","InChI=1S/C24H20Cl2N2OS/c1-2-20-19-14-18(26)8-10-22(19)30-23-9-5-16(13-21(23)28-20)24(29)27-12-11-15-3-6-17(25)7-4-15/h3-10,13-14H,2,11-12H2,1H3,(H,27,29)"
MCULE-5107542245,https://mcule.com/MCULE-5107542245/,,N1C2C=C(C=CC=2SC2C=CC(Cl)=CC=2C=1CC)C(NCCC1C=CC(=CC=1)Cl)=O,CCC1=Nc2cc(C(=O)NCCc3ccc(Cl)cc3)ccc2Sc2c1cccc2,0.9553264604810996,0.90049076,0.9284339,0.7512408,1.0,1.0,0.77,0.16,455.41,1,"InChI=1S/C24H21ClN2OS/c1-2-20-19-5-3-4-6-22(19)29-23-12-9-17(15-21(23)27-20)24(28)26-14-13-16-7-10-18(25)11-8-16/h3-12,15H,2,13-14H2,1H3,(H,26,28)","InChI=1S/C24H20Cl2N2OS/c1-2-20-19-14-18(26)8-10-22(19)30-23-9-5-16(13-21(23)28-20)24(29)27-12-11-15-3-6-17(25)7-4-15/h3-10,13-14H,2,11-12H2,1H3,(H,27,29)"
MCULE-3283587573,https://mcule.com/MCULE-3283587573/,,N1C2C=C(C=CC=2SC2C=CC(Cl)=CC=2C=1CC)C(NCCC1C=CC=CC=1)=O,CCC1=Nc2cc(C(=O)NCCc3ccc(Cl)cc3)ccc2Sc2c1cccc2,0.9632867132867132,0.74815065,0.7826946,0.5,1.0,1.0,0.61,0.2,420.965,1,"InChI=1S/C24H21ClN2OS/c1-2-20-19-5-3-4-6-22(19)29-23-12-9-17(15-21(23)27-20)24(28)26-14-13-16-7-10-18(25)11-8-16/h3-12,15H,2,13-14H2,1H3,(H,26,28)","InChI=1S/C24H21ClN2OS/c1-2-20-19-15-18(25)9-11-22(19)29-23-10-8-17(14-21(23)27-20)24(28)26-13-12-16-6-4-3-5-7-16/h3-11,14-15H,2,12-13H2,1H3,(H,26,28)"
ZINC000009607953,ZINC000009607953,1.0,CCCC1=Nc2cc(C(=O)NCCc3ccc(Cl)cc3)ccc2Sc4ccccc41,CCC1=Nc2cc(C(=O)NCCc3ccc(Cl)cc3)ccc2Sc2c1cccc2,0.8333333333333334,0.89909565,0.95449746,0.6961288,1.0,1.0,0.83,0.17,434.992,1,"InChI=1S/C24H21ClN2OS/c1-2-20-19-5-3-4-6-22(19)29-23-12-9-17(15-21(23)27-20)24(28)26-14-13-16-7-10-18(25)11-8-16/h3-12,15H,2,13-14H2,1H3,(H,26,28)","InChI=1S/C25H23ClN2OS/c1-2-5-21-20-6-3-4-7-23(20)30-24-13-10-18(16-22(24)28-21)25(29)27-15-14-17-8-11-19(26)12-9-17/h3-4,6-13,16H,2,5,14-15H2,1H3,(H,27,29)"
MCULE-7396656778,https://mcule.com/MCULE-7396656778/,,N1C2C=C(C=CC=2SC2C=CC=CC=2C=1CCC)C(NCCC1C=CC(=CC=1)Cl)=O,CCC1=Nc2cc(C(=O)NCCc3ccc(Cl)cc3)ccc2Sc2c1cccc2,0.9737302977232924,0.89909565,0.95449746,0.6961288,1.0,1.0,0.83,0.17,434.992,1,"InChI=1S/C24H21ClN2OS/c1-2-20-19-5-3-4-6-22(19)29-23-12-9-17(15-21(23)27-20)24(28)26-14-13-16-7-10-18(25)11-8-16/h3-12,15H,2,13-14H2,1H3,(H,26,28)","InChI=1S/C25H23ClN2OS/c1-2-5-21-20-6-3-4-7-23(20)30-24-13-10-18(16-22(24)28-21)25(29)27-15-14-17-8-11-19(26)12-9-17/h3-4,6-13,16H,2,5,14-15H2,1H3,(H,27,29)"
ZINC000008813157,ZINC000008813157,1.0,CCC1=Nc2cc(C(=O)NCCc3ccc(Cl)cc3)ccc2Sc4ccc(C)cc41,CCC1=Nc2cc(C(=O)NCCc3ccc(Cl)cc3)ccc2Sc2c1cccc2,0.8360655737704918,0.84741783,0.83226955,0.7512408,1.0,1.0,0.65,0.16,434.992,1,"InChI=1S/C24H21ClN2OS/c1-2-20-19-5-3-4-6-22(19)29-23-12-9-17(15-21(23)27-20)24(28)26-14-13-16-7-10-18(25)11-8-16/h3-12,15H,2,13-14H2,1H3,(H,26,28)","InChI=1S/C25H23ClN2OS/c1-3-21-20-14-16(2)4-10-23(20)30-24-11-7-18(15-22(24)28-21)25(29)27-13-12-17-5-8-19(26)9-6-17/h4-11,14-15H,3,12-13H2,1-2H3,(H,27,29)"
MCULE-6865250371,https://mcule.com/MCULE-6865250371/,,N1C2C=C(C=CC=2SC2=CC=C(C)C=C2C=1CC)C(NCCC1=CC=C(C=C1)Cl)=O,CCC1=Nc2cc(C(=O)NCCc3ccc(Cl)cc3)ccc2Sc2c1cccc2,0.9636048526863084,0.84741783,0.83226955,0.7512408,1.0,1.0,0.65,0.16,434.992,1,"InChI=1S/C24H21ClN2OS/c1-2-20-19-5-3-4-6-22(19)29-23-12-9-17(15-21(23)27-20)24(28)26-14-13-16-7-10-18(25)11-8-16/h3-12,15H,2,13-14H2,1H3,(H,26,28)","InChI=1S/C25H23ClN2OS/c1-3-21-20-14-16(2)4-10-23(20)30-24-11-7-18(15-22(24)28-21)25(29)27-13-12-17-5-8-19(26)9-6-17/h4-11,14-15H,3,12-13H2,1-2H3,(H,27,29)"
ZINC000009608055,ZINC000009608055,2.0,CCC1=Nc2cc(C(=O)NCCc3ccc(C)cc3)ccc2Sc4ccc(Cl)cc41,CCC1=Nc2cc(C(=O)NCCc3ccc(Cl)cc3)ccc2Sc2c1cccc2,0.8064516129032258,0.77972543,0.84315443,0.5,1.0,1.0,0.66,0.2,434.992,1,"InChI=1S/C24H21ClN2OS/c1-2-20-19-5-3-4-6-22(19)29-23-12-9-17(15-21(23)27-20)24(28)26-14-13-16-7-10-18(25)11-8-16/h3-12,15H,2,13-14H2,1H3,(H,26,28)","InChI=1S/C25H23ClN2OS/c1-3-21-20-15-19(26)9-11-23(20)30-24-10-8-18(14-22(24)28-21)25(29)27-13-12-17-6-4-16(2)5-7-17/h4-11,14-15H,3,12-13H2,1-2H3,(H,27,29)"
MCULE-3551346871,https://mcule.com/MCULE-3551346871/,,N1C2C=C(C=CC=2SC2C=CC=CC=2C=1CCC)C(NCCC1C=CC=CC=1)=O,CCC1=Nc2cc(C(=O)NCCc3ccc(Cl)cc3)ccc2Sc2c1cccc2,0.9299474605954466,0.9735318,0.9665531,0.9649643,1.0,1.0,0.87,0.08,400.547,1,"InChI=1S/C24H21ClN2OS/c1-2-20-19-5-3-4-6-22(19)29-23-12-9-17(15-21(23)27-20)24(28)26-14-13-16-7-10-18(25)11-8-16/h3-12,15H,2,13-14H2,1H3,(H,26,28)","InChI=1S/C25H24N2OS/c1-2-8-21-20-11-6-7-12-23(20)29-24-14-13-19(17-22(24)27-21)25(28)26-16-15-18-9-4-3-5-10-18/h3-7,9-14,17H,2,8,15-16H2,1H3,(H,26,28)"
MCULE-2150483193,https://mcule.com/MCULE-2150483193/,,N1C2C=C(C=CC=2SC2C=CC(C)=CC=2C=1CC)C(NCCC1C=CC=CC=1)=O,CCC1=Nc2cc(C(=O)NCCc3ccc(Cl)cc3)ccc2Sc2c1cccc2,0.9220103986135182,0.91946477,0.8810329,0.94064903,1.0,1.0,0.7,0.1,400.547,1,"InChI=1S/C24H21ClN2OS/c1-2-20-19-5-3-4-6-22(19)29-23-12-9-17(15-21(23)27-20)24(28)26-14-13-16-7-10-18(25)11-8-16/h3-12,15H,2,13-14H2,1H3,(H,26,28)","InChI=1S/C25H24N2OS/c1-3-21-20-15-17(2)9-11-23(20)29-24-12-10-19(16-22(24)27-21)25(28)26-14-13-18-7-5-4-6-8-18/h4-12,15-16H,3,13-14H2,1-2H3,(H,26,28)"
MCULE-7015520159,https://mcule.com/MCULE-7015520159/,,N1C2C=C(C=CC=2SC2=CC=C(C)C=C2C=1CCC)C(NCCC1=CC=C(C=C1)Cl)=O,CCC1=Nc2cc(C(=O)NCCc3ccc(Cl)cc3)ccc2Sc2c1cccc2,0.9391891891891893,0.8809173,0.8534572,0.8399507,1.0,1.0,0.67,0.14,449.019,1,"InChI=1S/C24H21ClN2OS/c1-2-20-19-5-3-4-6-22(19)29-23-12-9-17(15-21(23)27-20)24(28)26-14-13-16-7-10-18(25)11-8-16/h3-12,15H,2,13-14H2,1H3,(H,26,28)","InChI=1S/C26H25ClN2OS/c1-3-4-22-21-15-17(2)5-11-24(21)31-25-12-8-19(16-23(25)29-22)26(30)28-14-13-18-6-9-20(27)10-7-18/h5-12,15-16H,3-4,13-14H2,1-2H3,(H,28,30)"
ZINC000004712587,ZINC000004712587,2.0,CCC1=Nc2cc(C(=O)NCCc3ccc(C)cc3)ccc2Sc4ccc(C)cc41,CCC1=Nc2cc(C(=O)NCCc3ccc(Cl)cc3)ccc2Sc2c1cccc2,0.7258064516129032,0.89661825,0.8810329,0.8399507,1.0,1.0,0.7,0.14,414.574,1,"InChI=1S/C24H21ClN2OS/c1-2-20-19-5-3-4-6-22(19)29-23-12-9-17(15-21(23)27-20)24(28)26-14-13-16-7-10-18(25)11-8-16/h3-12,15H,2,13-14H2,1H3,(H,26,28)","InChI=1S/C26H26N2OS/c1-4-22-21-15-18(3)7-11-24(21)30-25-12-10-20(16-23(25)28-22)26(29)27-14-13-19-8-5-17(2)6-9-19/h5-12,15-16H,4,13-14H2,1-3H3,(H,27,29)"
MCULE-1186099515,https://mcule.com/MCULE-1186099515/,,N1C2C=C(C=CC=2SC2C=CC=CC=2C=1CCC)C(NCCC1=CC=C(C=C1)SC)=O,CCC1=Nc2cc(C(=O)NCCc3ccc(Cl)cc3)ccc2Sc2c1cccc2,0.921875,0.93563014,0.8968244,0.97319597,1.0,1.0,0.72,0.07,446.641,1,"InChI=1S/C24H21ClN2OS/c1-2-20-19-5-3-4-6-22(19)29-23-12-9-17(15-21(23)27-20)24(28)26-14-13-16-7-10-18(25)11-8-16/h3-12,15H,2,13-14H2,1H3,(H,26,28)","InChI=1S/C26H26N2OS2/c1-3-6-22-21-7-4-5-8-24(21)31-25-14-11-19(17-23(25)28-22)26(29)27-16-15-18-9-12-20(30-2)13-10-18/h4-5,7-14,17H,3,6,15-16H2,1-2H3,(H,27,29)"
MCULE-1829460973,https://mcule.com/MCULE-1829460973/,,N1C2C=C(C=CC=2SC2C=CC(Cl)=CC=2C=1CC)C(NCCCOCC)=O,CCC1=Nc2cc(C(=O)NCCc3cc(Cl)ccc3)ccc2Sc2c1cccc2,0.9282051282051282,0.8424001,0.9690477,0.5,1.0,1.0,0.88,0.2,402.947,1,"InChI=1S/C24H21ClN2OS/c1-2-20-19-8-3-4-9-22(19)29-23-11-10-17(15-21(23)27-20)24(28)26-13-12-16-6-5-7-18(25)14-16/h3-11,14-15H,2,12-13H2,1H3,(H,26,28)","InChI=1S/C21H23ClN2O2S/c1-3-17-16-13-15(22)7-9-19(16)27-20-8-6-14(12-18(20)24-17)21(25)23-10-5-11-26-4-2/h6-9,12-13H,3-5,10-11H2,1-2H3,(H,23,25)"
MCULE-5784346685,https://mcule.com/MCULE-5784346685/,,N1C2C=C(C=CC=2SC2C=CC(Cl)=CC=2C=1CC)C(NCCC(C)C)=O,CCC1=Nc2cc(C(=O)NCCc3cc(Cl)ccc3)ccc2Sc2c1cccc2,0.9328743545611016,0.8645324,0.9229263,0.63474333,1.0,1.0,0.76,0.18,386.948,1,"InChI=1S/C24H21ClN2OS/c1-2-20-19-8-3-4-9-22(19)29-23-11-10-17(15-21(23)27-20)24(28)26-13-12-16-6-5-7-18(25)14-16/h3-11,14-15H,2,12-13H2,1H3,(H,26,28)","InChI=1S/C21H23ClN2OS/c1-4-17-16-12-15(22)6-8-19(16)26-20-7-5-14(11-18(20)24-17)21(25)23-10-9-13(2)3/h5-8,11-13H,4,9-10H2,1-3H3,(H,23,25)"
MCULE-3663849669,https://mcule.com/MCULE-3663849669/,,N1C2C=C(C=CC=2SC2C=CC(Cl)=CC=2C=1CC)C(NCCCOC(C)C)=O,CCC1=Nc2cc(C(=O)NCCc3cc(Cl)ccc3)ccc2Sc2c1cccc2,0.9220338983050848,0.82218623,0.84315443,0.63474333,1.0,1.0,0.66,0.18,416.974,1,"InChI=1S/C24H21ClN2OS/c1-2-20-19-8-3-4-9-22(19)29-23-11-10-17(15-21(23)27-20)24(28)26-13-12-16-6-5-7-18(25)14-16/h3-11,14-15H,2,12-13H2,1H3,(H,26,28)","InChI=1S/C22H25ClN2O2S/c1-4-18-17-13-16(23)7-9-20(17)28-21-8-6-15(12-19(21)25-18)22(26)24-10-5-11-27-14(2)3/h6-9,12-14H,4-5,10-11H2,1-3H3,(H,24,26)"
ZINC000004929355,ZINC000004929355,2.0,CC1=Nc2cc(C(=O)NCCc3ccccc3)ccc2Sc4ccccc41,CCC1=Nc2cc(C(=O)NCCc3cc(Cl)ccc3)ccc2Sc2c1cccc2,0.6349206349206349,0.885635,0.80870515,0.98439837,1.0,1.0,0.63,0.05,372.493,1,"InChI=1S/C24H21ClN2OS/c1-2-20-19-8-3-4-9-22(19)29-23-11-10-17(15-21(23)27-20)24(28)26-13-12-16-6-5-7-18(25)14-16/h3-11,14-15H,2,12-13H2,1H3,(H,26,28)","InChI=1S/C23H20N2OS/c1-16-19-9-5-6-10-21(19)27-22-12-11-18(15-20(22)25-16)23(26)24-14-13-17-7-3-2-4-8-17/h2-12,15H,13-14H2,1H3,(H,24,26)"
MCULE-8708689992,https://mcule.com/MCULE-8708689992/,,N1C2C=C(C=CC=2SC2C=CC(Br)=CC=2C=1CC)C(NCCC1C=CC(=CC=1)Cl)=O,CCC1=Nc2cc(C(=O)NCCc3cc(Cl)ccc3)ccc2Sc2c1cccc2,0.9215358931552587,0.904261,0.91073215,0.80324024,1.0,1.0,0.74,0.14909092,499.861,1,"InChI=1S/C24H21ClN2OS/c1-2-20-19-8-3-4-9-22(19)29-23-11-10-17(15-21(23)27-20)24(28)26-13-12-16-6-5-7-18(25)14-16/h3-11,14-15H,2,12-13H2,1H3,(H,26,28)","InChI=1S/C24H20BrClN2OS/c1-2-20-19-14-17(25)6-10-22(19)30-23-9-5-16(13-21(23)28-20)24(29)27-12-11-15-3-7-18(26)8-4-15/h3-10,13-14H,2,11-12H2,1H3,(H,27,29)"
MCULE-5107542245,https://mcule.com/MCULE-5107542245/,,N1C2C=C(C=CC=2SC2C=CC(Cl)=CC=2C=1CC)C(NCCC1C=CC(=CC=1)Cl)=O,CCC1=Nc2cc(C(=O)NCCc3cc(Cl)ccc3)ccc2Sc2c1cccc2,0.9554030874785592,0.90049076,0.9284339,0.7512408,1.0,1.0,0.77,0.16,455.41,1,"InChI=1S/C24H21ClN2OS/c1-2-20-19-8-3-4-9-22(19)29-23-11-10-17(15-21(23)27-20)24(28)26-13-12-16-6-5-7-18(25)14-16/h3-11,14-15H,2,12-13H2,1H3,(H,26,28)","InChI=1S/C24H20Cl2N2OS/c1-2-20-19-14-18(26)8-10-22(19)30-23-9-5-16(13-21(23)28-20)24(29)27-12-11-15-3-6-17(25)7-4-15/h3-10,13-14H,2,11-12H2,1H3,(H,27,29)"
ZINC000004929923,ZINC000004929923,2.0,CCC1=Nc2cc(C(=O)NCCc3ccccc3)ccc2Sc4ccc(Cl)cc41,CCC1=Nc2cc(C(=O)NCCc3cc(Cl)ccc3)ccc2Sc2c1cccc2,0.85,0.74815065,0.7826946,0.5,1.0,1.0,0.61,0.2,420.965,1,"InChI=1S/C24H21ClN2OS/c1-2-20-19-8-3-4-9-22(19)29-23-11-10-17(15-21(23)27-20)24(28)26-13-12-16-6-5-7-18(25)14-16/h3-11,14-15H,2,12-13H2,1H3,(H,26,28)","InChI=1S/C24H21ClN2OS/c1-2-20-19-15-18(25)9-11-22(19)29-23-10-8-17(14-21(23)27-20)24(28)26-13-12-16-6-4-3-5-7-16/h3-11,14-15H,2,12-13H2,1H3,(H,26,28)"
MCULE-3283587573,https://mcule.com/MCULE-3283587573/,,N1C2C=C(C=CC=2SC2C=CC(Cl)=CC=2C=1CC)C(NCCC1C=CC=CC=1)=O,CCC1=Nc2cc(C(=O)NCCc3cc(Cl)ccc3)ccc2Sc2c1cccc2,0.9806338028169014,0.74815065,0.7826946,0.5,1.0,1.0,0.61,0.2,420.965,1,"InChI=1S/C24H21ClN2OS/c1-2-20-19-8-3-4-9-22(19)29-23-11-10-17(15-21(23)27-20)24(28)26-13-12-16-6-5-7-18(25)14-16/h3-11,14-15H,2,12-13H2,1H3,(H,26,28)","InChI=1S/C24H21ClN2OS/c1-2-20-19-15-18(25)9-11-22(19)29-23-10-8-17(14-21(23)27-20)24(28)26-13-12-16-6-4-3-5-7-16/h3-11,14-15H,2,12-13H2,1H3,(H,26,28)"
MCULE-7396656778,https://mcule.com/MCULE-7396656778/,,N1C2C=C(C=CC=2SC2C=CC=CC=2C=1CCC)C(NCCC1C=CC(=CC=1)Cl)=O,CCC1=Nc2cc(C(=O)NCCc3cc(Cl)ccc3)ccc2Sc2c1cccc2,0.953287197231834,0.89909565,0.95449746,0.6961288,1.0,1.0,0.83,0.17,434.992,1,"InChI=1S/C24H21ClN2OS/c1-2-20-19-8-3-4-9-22(19)29-23-11-10-17(15-21(23)27-20)24(28)26-13-12-16-6-5-7-18(25)14-16/h3-11,14-15H,2,12-13H2,1H3,(H,26,28)","InChI=1S/C25H23ClN2OS/c1-2-5-21-20-6-3-4-7-23(20)30-24-13-10-18(16-22(24)28-21)25(29)27-15-14-17-8-11-19(26)12-9-17/h3-4,6-13,16H,2,5,14-15H2,1H3,(H,27,29)"
MCULE-6865250371,https://mcule.com/MCULE-6865250371/,,N1C2C=C(C=CC=2SC2=CC=C(C)C=C2C=1CC)C(NCCC1=CC=C(C=C1)Cl)=O,CCC1=Nc2cc(C(=O)NCCc3cc(Cl)ccc3)ccc2Sc2c1cccc2,0.9434931506849316,0.84741783,0.83226955,0.7512408,1.0,1.0,0.65,0.16,434.992,1,"InChI=1S/C24H21ClN2OS/c1-2-20-19-8-3-4-9-22(19)29-23-11-10-17(15-21(23)27-20)24(28)26-13-12-16-6-5-7-18(25)14-16/h3-11,14-15H,2,12-13H2,1H3,(H,26,28)","InChI=1S/C25H23ClN2OS/c1-3-21-20-14-16(2)4-10-23(20)30-24-11-7-18(15-22(24)28-21)25(29)27-13-12-17-5-8-19(26)9-6-17/h4-11,14-15H,3,12-13H2,1-2H3,(H,27,29)"
ZINC000004929700,ZINC000004929700,2.0,CCCC1=Nc2cc(C(=O)NCCc3ccccc3)ccc2Sc4ccccc41,CCC1=Nc2cc(C(=O)NCCc3cc(Cl)ccc3)ccc2Sc2c1cccc2,0.6984126984126984,0.9735318,0.9665531,0.9649643,1.0,1.0,0.87,0.08,400.547,1,"InChI=1S/C24H21ClN2OS/c1-2-20-19-8-3-4-9-22(19)29-23-11-10-17(15-21(23)27-20)24(28)26-13-12-16-6-5-7-18(25)14-16/h3-11,14-15H,2,12-13H2,1H3,(H,26,28)","InChI=1S/C25H24N2OS/c1-2-8-21-20-11-6-7-12-23(20)29-24-14-13-19(17-22(24)27-21)25(28)26-16-15-18-9-4-3-5-10-18/h3-7,9-14,17H,2,8,15-16H2,1H3,(H,26,28)"
MCULE-3551346871,https://mcule.com/MCULE-3551346871/,,N1C2C=C(C=CC=2SC2C=CC=CC=2C=1CCC)C(NCCC1C=CC=CC=1)=O,CCC1=Nc2cc(C(=O)NCCc3cc(Cl)ccc3)ccc2Sc2c1cccc2,0.9267015706806284,0.9735318,0.9665531,0.9649643,1.0,1.0,0.87,0.08,400.547,1,"InChI=1S/C24H21ClN2OS/c1-2-20-19-8-3-4-9-22(19)29-23-11-10-17(15-21(23)27-20)24(28)26-13-12-16-6-5-7-18(25)14-16/h3-11,14-15H,2,12-13H2,1H3,(H,26,28)","InChI=1S/C25H24N2OS/c1-2-8-21-20-11-6-7-12-23(20)29-24-14-13-19(17-22(24)27-21)25(28)26-16-15-18-9-4-3-5-10-18/h3-7,9-14,17H,2,8,15-16H2,1H3,(H,26,28)"
ZINC000004930146,ZINC000004930146,2.0,CCC1=Nc2cc(C(=O)NCCc3ccccc3)ccc2Sc4ccc(C)cc41,CCC1=Nc2cc(C(=O)NCCc3cc(Cl)ccc3)ccc2Sc2c1cccc2,0.71875,0.91946477,0.8810329,0.94064903,1.0,1.0,0.7,0.1,400.547,1,"InChI=1S/C24H21ClN2OS/c1-2-20-19-8-3-4-9-22(19)29-23-11-10-17(15-21(23)27-20)24(28)26-13-12-16-6-5-7-18(25)14-16/h3-11,14-15H,2,12-13H2,1H3,(H,26,28)","InChI=1S/C25H24N2OS/c1-3-21-20-15-17(2)9-11-23(20)29-24-12-10-19(16-22(24)27-21)25(28)26-14-13-18-7-5-4-6-8-18/h4-12,15-16H,3,13-14H2,1-2H3,(H,26,28)"
ZINC000004712593,ZINC000004712593,2.0,CCC1=Nc2cc(C(=O)NCCc3cccc(C)c3)ccc2Sc4ccc(C)cc41,CCC1=Nc2cc(C(=O)NCCc3cc(Cl)ccc3)ccc2Sc2c1cccc2,0.7076923076923077,0.9119947,0.8631931,0.95432323,1.0,1.0,0.68,0.09,414.574,1,"InChI=1S/C24H21ClN2OS/c1-2-20-19-8-3-4-9-22(19)29-23-11-10-17(15-21(23)27-20)24(28)26-13-12-16-6-5-7-18(25)14-16/h3-11,14-15H,2,12-13H2,1H3,(H,26,28)","InChI=1S/C26H26N2OS/c1-4-22-21-15-18(3)8-10-24(21)30-25-11-9-20(16-23(25)28-22)26(29)27-13-12-19-7-5-6-17(2)14-19/h5-11,14-16H,4,12-13H2,1-3H3,(H,27,29)"
MCULE-9681315168,https://mcule.com/MCULE-9681315168/,,N1C2C=C(C=CC=2SC2C=CC=CC=2C=1CC)C(NCCCC)=O,CCC1=Nc2cc(C(=O)NCCc3cc(F)ccc3)ccc2Sc2c1cccc2,0.9229390681003584,0.99240017,0.98793066,0.99603474,1.0,1.0,1.0,0.0,338.476,1,"InChI=1S/C24H21FN2OS/c1-2-20-19-8-3-4-9-22(19)29-23-11-10-17(15-21(23)27-20)24(28)26-13-12-16-6-5-7-18(25)14-16/h3-11,14-15H,2,12-13H2,1H3,(H,26,28)","InChI=1S/C20H22N2OS/c1-3-5-12-21-20(23)14-10-11-19-17(13-14)22-16(4-2)15-8-6-7-9-18(15)24-19/h6-11,13H,3-5,12H2,1-2H3,(H,21,23)"
MCULE-6742382703,https://mcule.com/MCULE-6742382703/,,N1C2C=C(C=CC=2SC2C=CC=CC=2C=1CC)C(=O)NC(C)CC,CCC1=Nc2cc(C(=O)NCCc3cc(F)ccc3)ccc2Sc2c1cccc2,0.911660777385159,0.87565285,0.796008,0.97319597,1.0,1.0,0.62,0.07,338.476,1,"InChI=1S/C24H21FN2OS/c1-2-20-19-8-3-4-9-22(19)29-23-11-10-17(15-21(23)27-20)24(28)26-13-12-16-6-5-7-18(25)14-16/h3-11,14-15H,2,12-13H2,1H3,(H,26,28)","InChI=1S/C20H22N2OS/c1-4-13(3)21-20(23)14-10-11-19-17(12-14)22-16(5-2)15-8-6-7-9-18(15)24-19/h6-13H,4-5H2,1-3H3,(H,21,23)"
MCULE-8454725046,https://mcule.com/MCULE-8454725046/,,N1C2C=C(C=CC=2SC2C=CC=CC=2C=1CC)C(=O)NCC1=CC=C(C=C1)F,CCC1=Nc2cc(C(=O)NCCc3cc(F)ccc3)ccc2Sc2c1cccc2,0.9152249134948096,0.9289299,0.957852,0.79924,1.0,1.0,0.84,0.15,390.483,1,"InChI=1S/C24H21FN2OS/c1-2-20-19-8-3-4-9-22(19)29-23-11-10-17(15-21(23)27-20)24(28)26-13-12-16-6-5-7-18(25)14-16/h3-11,14-15H,2,12-13H2,1H3,(H,26,28)","InChI=1S/C23H19FN2OS/c1-2-19-18-5-3-4-6-21(18)28-22-12-9-16(13-20(22)26-19)23(27)25-14-15-7-10-17(24)11-8-15/h3-13H,2,14H2,1H3,(H,25,27)"
ZINC000004929355,ZINC000004929355,2.0,CC1=Nc2cc(C(=O)NCCc3ccccc3)ccc2Sc4ccccc41,CCC1=Nc2cc(C(=O)NCCc3cc(F)ccc3)ccc2Sc2c1cccc2,0.6349206349206349,0.885635,0.80870515,0.98439837,1.0,1.0,0.63,0.05,372.493,1,"InChI=1S/C24H21FN2OS/c1-2-20-19-8-3-4-9-22(19)29-23-11-10-17(15-21(23)27-20)24(28)26-13-12-16-6-5-7-18(25)14-16/h3-11,14-15H,2,12-13H2,1H3,(H,26,28)","InChI=1S/C23H20N2OS/c1-16-19-9-5-6-10-21(19)27-22-12-11-18(15-20(22)25-16)23(26)24-14-13-17-7-3-2-4-8-17/h2-12,15H,13-14H2,1H3,(H,24,26)"
MCULE-5830374764,https://mcule.com/MCULE-5830374764/,,N1C2C=C(C=CC=2SC2C=CC=CC=2C=1C)C(NCCC1C=CC=CC=1)=O,CCC1=Nc2cc(C(=O)NCCc3cc(F)ccc3)ccc2Sc2c1cccc2,0.9097472924187726,0.885635,0.80870515,0.98439837,1.0,1.0,0.63,0.05,372.493,1,"InChI=1S/C24H21FN2OS/c1-2-20-19-8-3-4-9-22(19)29-23-11-10-17(15-21(23)27-20)24(28)26-13-12-16-6-5-7-18(25)14-16/h3-11,14-15H,2,12-13H2,1H3,(H,26,28)","InChI=1S/C23H20N2OS/c1-16-19-9-5-6-10-21(19)27-22-12-11-18(15-20(22)25-16)23(26)24-14-13-17-7-3-2-4-8-17/h2-12,15H,13-14H2,1H3,(H,24,26)"
ZINC000004929923,ZINC000004929923,2.0,CCC1=Nc2cc(C(=O)NCCc3ccccc3)ccc2Sc4ccc(Cl)cc41,CCC1=Nc2cc(C(=O)NCCc3cc(F)ccc3)ccc2Sc2c1cccc2,0.7076923076923077,0.74815065,0.7826946,0.5,1.0,1.0,0.61,0.2,420.965,1,"InChI=1S/C24H21FN2OS/c1-2-20-19-8-3-4-9-22(19)29-23-11-10-17(15-21(23)27-20)24(28)26-13-12-16-6-5-7-18(25)14-16/h3-11,14-15H,2,12-13H2,1H3,(H,26,28)","InChI=1S/C24H21ClN2OS/c1-2-20-19-15-18(25)9-11-22(19)29-23-10-8-17(14-21(23)27-20)24(28)26-13-12-16-6-4-3-5-7-16/h3-11,14-15H,2,12-13H2,1H3,(H,26,28)"
ZINC000004929700,ZINC000004929700,2.0,CCCC1=Nc2cc(C(=O)NCCc3ccccc3)ccc2Sc4ccccc41,CCC1=Nc2cc(C(=O)NCCc3cc(F)ccc3)ccc2Sc2c1cccc2,0.6984126984126984,0.9735318,0.9665531,0.9649643,1.0,1.0,0.87,0.08,400.547,1,"InChI=1S/C24H21FN2OS/c1-2-20-19-8-3-4-9-22(19)29-23-11-10-17(15-21(23)27-20)24(28)26-13-12-16-6-5-7-18(25)14-16/h3-11,14-15H,2,12-13H2,1H3,(H,26,28)","InChI=1S/C25H24N2OS/c1-2-8-21-20-11-6-7-12-23(20)29-24-14-13-19(17-22(24)27-21)25(28)26-16-15-18-9-4-3-5-10-18/h3-7,9-14,17H,2,8,15-16H2,1H3,(H,26,28)"
MCULE-3551346871,https://mcule.com/MCULE-3551346871/,,N1C2C=C(C=CC=2SC2C=CC=CC=2C=1CCC)C(NCCC1C=CC=CC=1)=O,CCC1=Nc2cc(C(=O)NCCc3cc(F)ccc3)ccc2Sc2c1cccc2,0.9366197183098592,0.9735318,0.9665531,0.9649643,1.0,1.0,0.87,0.08,400.547,1,"InChI=1S/C24H21FN2OS/c1-2-20-19-8-3-4-9-22(19)29-23-11-10-17(15-21(23)27-20)24(28)26-13-12-16-6-5-7-18(25)14-16/h3-11,14-15H,2,12-13H2,1H3,(H,26,28)","InChI=1S/C25H24N2OS/c1-2-8-21-20-11-6-7-12-23(20)29-24-14-13-19(17-22(24)27-21)25(28)26-16-15-18-9-4-3-5-10-18/h3-7,9-14,17H,2,8,15-16H2,1H3,(H,26,28)"
ZINC000004930146,ZINC000004930146,2.0,CCC1=Nc2cc(C(=O)NCCc3ccccc3)ccc2Sc4ccc(C)cc41,CCC1=Nc2cc(C(=O)NCCc3cc(F)ccc3)ccc2Sc2c1cccc2,0.2921348314606741,0.91946477,0.8810329,0.94064903,1.0,1.0,0.7,0.1,400.547,1,"InChI=1S/C24H21FN2OS/c1-2-20-19-8-3-4-9-22(19)29-23-11-10-17(15-21(23)27-20)24(28)26-13-12-16-6-5-7-18(25)14-16/h3-11,14-15H,2,12-13H2,1H3,(H,26,28)","InChI=1S/C25H24N2OS/c1-3-21-20-15-17(2)9-11-23(20)29-24-12-10-19(16-22(24)27-21)25(28)26-14-13-18-7-5-4-6-8-18/h4-12,15-16H,3,13-14H2,1-2H3,(H,26,28)"
MCULE-2150483193,https://mcule.com/MCULE-2150483193/,,N1C2C=C(C=CC=2SC2C=CC(C)=CC=2C=1CC)C(NCCC1C=CC=CC=1)=O,CCC1=Nc2cc(C(=O)NCCc3cc(F)ccc3)ccc2Sc2c1cccc2,0.921875,0.91946477,0.8810329,0.94064903,1.0,1.0,0.7,0.1,400.547,1,"InChI=1S/C24H21FN2OS/c1-2-20-19-8-3-4-9-22(19)29-23-11-10-17(15-21(23)27-20)24(28)26-13-12-16-6-5-7-18(25)14-16/h3-11,14-15H,2,12-13H2,1H3,(H,26,28)","InChI=1S/C25H24N2OS/c1-3-21-20-15-17(2)9-11-23(20)29-24-12-10-19(16-22(24)27-21)25(28)26-14-13-18-7-5-4-6-8-18/h4-12,15-16H,3,13-14H2,1-2H3,(H,26,28)"
MCULE-1329921853,https://mcule.com/MCULE-1329921853/,,N1C2C=C(C=CC=2SC2=CC=C(C)C=C2C=1CC)C(NCCC1C=CC(=CC=1)C)=O,CCC1=Nc2cc(C(=O)NCCc3cc(F)ccc3)ccc2Sc2c1cccc2,0.9092465753424658,0.89661825,0.8810329,0.8399507,1.0,1.0,0.7,0.14,414.574,1,"InChI=1S/C24H21FN2OS/c1-2-20-19-8-3-4-9-22(19)29-23-11-10-17(15-21(23)27-20)24(28)26-13-12-16-6-5-7-18(25)14-16/h3-11,14-15H,2,12-13H2,1H3,(H,26,28)","InChI=1S/C26H26N2OS/c1-4-22-21-15-18(3)7-11-24(21)30-25-12-10-20(16-23(25)28-22)26(29)27-14-13-19-8-5-17(2)6-9-19/h5-12,15-16H,4,13-14H2,1-3H3,(H,27,29)"
ZINC000004712593,ZINC000004712593,2.0,CCC1=Nc2cc(C(=O)NCCc3cccc(C)c3)ccc2Sc4ccc(C)cc41,CCC1=Nc2cc(C(=O)NCCc3cc(F)ccc3)ccc2Sc2c1cccc2,0.7076923076923077,0.9119947,0.8631931,0.95432323,1.0,1.0,0.68,0.09,414.574,1,"InChI=1S/C24H21FN2OS/c1-2-20-19-8-3-4-9-22(19)29-23-11-10-17(15-21(23)27-20)24(28)26-13-12-16-6-5-7-18(25)14-16/h3-11,14-15H,2,12-13H2,1H3,(H,26,28)","InChI=1S/C26H26N2OS/c1-4-22-21-15-18(3)8-10-24(21)30-25-11-9-20(16-23(25)28-22)26(29)27-13-12-19-7-5-6-17(2)14-19/h5-11,14-16H,4,12-13H2,1-3H3,(H,27,29)"
MCULE-9498502378,https://mcule.com/MCULE-9498502378/,,N1C2C=C(C=CC=2SC2=CC=C(C)C=C2C=1CC)C(NCCC1C=CC=C(C)C=1)=O,CCC1=Nc2cc(C(=O)NCCc3cc(F)ccc3)ccc2Sc2c1cccc2,0.9156626506024096,0.9119947,0.8631931,0.95432323,1.0,1.0,0.68,0.09,414.574,1,"InChI=1S/C24H21FN2OS/c1-2-20-19-8-3-4-9-22(19)29-23-11-10-17(15-21(23)27-20)24(28)26-13-12-16-6-5-7-18(25)14-16/h3-11,14-15H,2,12-13H2,1H3,(H,26,28)","InChI=1S/C26H26N2OS/c1-4-22-21-15-18(3)8-10-24(21)30-25-11-9-20(16-23(25)28-22)26(29)27-13-12-19-7-5-6-17(2)14-19/h5-11,14-16H,4,12-13H2,1-3H3,(H,27,29)"
MCULE-1186099515,https://mcule.com/MCULE-1186099515/,,N1C2C=C(C=CC=2SC2C=CC=CC=2C=1CCC)C(NCCC1=CC=C(C=C1)SC)=O,CCC1=Nc2cc(C(=O)NCCc3cc(F)ccc3)ccc2Sc2c1cccc2,0.9284467713787086,0.93563014,0.8968244,0.97319597,1.0,1.0,0.72,0.07,446.641,1,"InChI=1S/C24H21FN2OS/c1-2-20-19-8-3-4-9-22(19)29-23-11-10-17(15-21(23)27-20)24(28)26-13-12-16-6-5-7-18(25)14-16/h3-11,14-15H,2,12-13H2,1H3,(H,26,28)","InChI=1S/C26H26N2OS2/c1-3-6-22-21-7-4-5-8-24(21)31-25-14-11-19(17-23(25)28-22)26(29)27-16-15-18-9-12-20(30-2)13-10-18/h4-5,7-14,17H,3,6,15-16H2,1-2H3,(H,27,29)"
MCULE-9872399404,https://mcule.com/MCULE-9872399404/,,N1C2C=C(C=CC=2SC2C=CC=CC=2C=1CC)C(=O)NCC(OC)OC,CCC1=Nc2cc(C(=O)NCCOc3ccccc3)ccc2Sc2c1cccc2,0.8943781942078365,0.0,0.93837357,0.97319597,0.0,1.0,0.79,0.07,370.474,1,"InChI=1S/C24H22N2O2S/c1-2-20-19-10-6-7-11-22(19)29-23-13-12-17(16-21(23)26-20)24(27)25-14-15-28-18-8-4-3-5-9-18/h3-13,16H,2,14-15H2,1H3,(H,25,27)","InChI=1S/C20H22N2O3S/c1-4-15-14-7-5-6-8-17(14)26-18-10-9-13(11-16(18)22-15)20(23)21-12-19(24-2)25-3/h5-11,19H,4,12H2,1-3H3,(H,21,23)"
MCULE-9681315168,https://mcule.com/MCULE-9681315168/,,N1C2C=C(C=CC=2SC2C=CC=CC=2C=1CC)C(NCCCC)=O,CCC1=Nc2cc(C(=O)NCCOc3ccccc3)ccc2Sc2c1cccc2,0.8947368421052632,0.99240017,0.98793066,0.99603474,1.0,1.0,1.0,0.0,338.476,1,"InChI=1S/C24H22N2O2S/c1-2-20-19-10-6-7-11-22(19)29-23-13-12-17(16-21(23)26-20)24(27)25-14-15-28-18-8-4-3-5-9-18/h3-13,16H,2,14-15H2,1H3,(H,25,27)","InChI=1S/C20H22N2OS/c1-3-5-12-21-20(23)14-10-11-19-17(13-14)22-16(4-2)15-8-6-7-9-18(15)24-19/h6-11,13H,3-5,12H2,1-2H3,(H,21,23)"
MCULE-3588716120,https://mcule.com/MCULE-3588716120/,,N1C2C=C(C=CC=2SC2C=CC=CC=2C=1CCC)C(NCCC)=O,CCC1=Nc2cc(C(=O)NCCOc3ccccc3)ccc2Sc2c1cccc2,0.8810344827586207,0.9685936,0.95449746,0.97319597,1.0,1.0,0.83,0.07,338.476,1,"InChI=1S/C24H22N2O2S/c1-2-20-19-10-6-7-11-22(19)29-23-13-12-17(16-21(23)26-20)24(27)25-14-15-28-18-8-4-3-5-9-18/h3-13,16H,2,14-15H2,1H3,(H,25,27)","InChI=1S/C20H22N2OS/c1-3-7-16-15-8-5-6-9-18(15)24-19-11-10-14(13-17(19)22-16)20(23)21-12-4-2/h5-6,8-11,13H,3-4,7,12H2,1-2H3,(H,21,23)"
MCULE-6742382703,https://mcule.com/MCULE-6742382703/,,N1C2C=C(C=CC=2SC2C=CC=CC=2C=1CC)C(=O)NC(C)CC,CCC1=Nc2cc(C(=O)NCCOc3ccccc3)ccc2Sc2c1cccc2,0.8808290155440415,0.87565285,0.796008,0.97319597,1.0,1.0,0.62,0.07,338.476,1,"InChI=1S/C24H22N2O2S/c1-2-20-19-10-6-7-11-22(19)29-23-13-12-17(16-21(23)26-20)24(27)25-14-15-28-18-8-4-3-5-9-18/h3-13,16H,2,14-15H2,1H3,(H,25,27)","InChI=1S/C20H22N2OS/c1-4-13(3)21-20(23)14-10-11-19-17(12-14)22-16(5-2)15-8-6-7-9-18(15)24-19/h6-13H,4-5H2,1-3H3,(H,21,23)"
MCULE-2326121181,https://mcule.com/MCULE-2326121181/,,N1C2C=C(C=CC=2SC2C=CC=CC=2C=1CC)C(NCCCOC(C)C)=O,CCC1=Nc2cc(C(=O)NCCOc3ccccc3)ccc2Sc2c1cccc2,0.8900343642611683,0.9698787,0.9638649,0.9554058,1.0,1.0,0.86,0.089090906,382.529,1,"InChI=1S/C24H22N2O2S/c1-2-20-19-10-6-7-11-22(19)29-23-13-12-17(16-21(23)26-20)24(27)25-14-15-28-18-8-4-3-5-9-18/h3-13,16H,2,14-15H2,1H3,(H,25,27)","InChI=1S/C22H26N2O2S/c1-4-18-17-8-5-6-9-20(17)27-21-11-10-16(14-19(21)24-18)22(25)23-12-7-13-26-15(2)3/h5-6,8-11,14-15H,4,7,12-13H2,1-3H3,(H,23,25)"
ZINC000009608354,ZINC000009608354,2.0,CCC1=Nc2cc(C(=O)NCCCc3ccccc3)ccc2Sc4ccc(Br)cc41,CCC1=Nc2cc(C(=O)NCCOc3ccccc3)ccc2Sc2c1cccc2,0.6029411764705882,0.8791336,0.88917464,0.7512408,1.0,1.0,0.71,0.16,479.443,1,"InChI=1S/C24H22N2O2S/c1-2-20-19-10-6-7-11-22(19)29-23-13-12-17(16-21(23)26-20)24(27)25-14-15-28-18-8-4-3-5-9-18/h3-13,16H,2,14-15H2,1H3,(H,25,27)","InChI=1S/C25H23BrN2OS/c1-2-21-20-16-19(26)11-13-23(20)30-24-12-10-18(15-22(24)28-21)25(29)27-14-6-9-17-7-4-3-5-8-17/h3-5,7-8,10-13,15-16H,2,6,9,14H2,1H3,(H,27,29)"
MCULE-4298234344,https://mcule.com/MCULE-4298234344/,,N1C2C=C(C=CC=2SC2C=CC=CC=2C=1CCC)C(=O)NCC1=CC=C(C=C1)OC,CCC1=Nc2cc(C(=O)NCCOc3ccccc3)ccc2Sc2c1cccc2,0.9031719532554258,0.969992,0.95449746,0.9795346,1.0,1.0,0.83,0.06,416.546,1,"InChI=1S/C24H22N2O2S/c1-2-20-19-10-6-7-11-22(19)29-23-13-12-17(16-21(23)26-20)24(27)25-14-15-28-18-8-4-3-5-9-18/h3-13,16H,2,14-15H2,1H3,(H,25,27)","InChI=1S/C25H24N2O2S/c1-3-6-21-20-7-4-5-8-23(20)30-24-14-11-18(15-22(24)27-21)25(28)26-16-17-9-12-19(29-2)13-10-17/h4-5,7-15H,3,6,16H2,1-2H3,(H,26,28)"
MCULE-1253350417,https://mcule.com/MCULE-1253350417/,,N1C2C=C(C=CC=2SC2C=CC=CC=2C=1CCC)C(=O)NCC1=CC=CC=C1OC,CCC1=Nc2cc(C(=O)NCCOc3ccccc3)ccc2Sc2c1cccc2,0.8827361563517915,0.95218784,0.95449746,0.9011868,1.0,1.0,0.83,0.12,416.546,1,"InChI=1S/C24H22N2O2S/c1-2-20-19-10-6-7-11-22(19)29-23-13-12-17(16-21(23)26-20)24(27)25-14-15-28-18-8-4-3-5-9-18/h3-13,16H,2,14-15H2,1H3,(H,25,27)","InChI=1S/C25H24N2O2S/c1-3-8-20-19-10-5-7-12-23(19)30-24-14-13-17(15-21(24)27-20)25(28)26-16-18-9-4-6-11-22(18)29-2/h4-7,9-15H,3,8,16H2,1-2H3,(H,26,28)"
MCULE-9286432657,https://mcule.com/MCULE-9286432657/,,N1C2C=C(C=CC=2SC2C=CC(C)=CC=2C=1CC)C(=O)NCC1=CC=C(C=C1)OC,CCC1=Nc2cc(C(=O)NCCOc3ccccc3)ccc2Sc2c1cccc2,0.8898026315789473,0.945596,0.9335762,0.9232107,1.0,1.0,0.78,0.11,416.546,1,"InChI=1S/C24H22N2O2S/c1-2-20-19-10-6-7-11-22(19)29-23-13-12-17(16-21(23)26-20)24(27)25-14-15-28-18-8-4-3-5-9-18/h3-13,16H,2,14-15H2,1H3,(H,25,27)","InChI=1S/C25H24N2O2S/c1-4-21-20-13-16(2)5-11-23(20)30-24-12-8-18(14-22(24)27-21)25(28)26-15-17-6-9-19(29-3)10-7-17/h5-14H,4,15H2,1-3H3,(H,26,28)"
ZINC000004930486,ZINC000004930486,2.0,CCCC1=Nc2cc(C(=O)NCCCc3ccccc3)ccc2Sc4ccccc41,CCC1=Nc2cc(C(=O)NCCOc3ccccc3)ccc2Sc2c1cccc2,0.5909090909090909,0.9411403,0.90400314,0.9795346,1.0,1.0,0.73,0.06,414.574,1,"InChI=1S/C24H22N2O2S/c1-2-20-19-10-6-7-11-22(19)29-23-13-12-17(16-21(23)26-20)24(27)25-14-15-28-18-8-4-3-5-9-18/h3-13,16H,2,14-15H2,1H3,(H,25,27)","InChI=1S/C26H26N2OS/c1-2-9-22-21-13-6-7-14-24(21)30-25-16-15-20(18-23(25)28-22)26(29)27-17-8-12-19-10-4-3-5-11-19/h3-7,10-11,13-16,18H,2,8-9,12,17H2,1H3,(H,27,29)"
ZINC000004930405,ZINC000004930405,2.0,CCC1=Nc2cc(C(=O)NCCCc3ccccc3)ccc2Sc4ccc(C)cc41,CCC1=Nc2cc(C(=O)NCCOc3ccccc3)ccc2Sc2c1cccc2,0.6119402985074627,0.8645324,0.9229263,0.63474333,1.0,1.0,0.76,0.18,414.574,1,"InChI=1S/C24H22N2O2S/c1-2-20-19-10-6-7-11-22(19)29-23-13-12-17(16-21(23)26-20)24(27)25-14-15-28-18-8-4-3-5-9-18/h3-13,16H,2,14-15H2,1H3,(H,25,27)","InChI=1S/C26H26N2OS/c1-3-22-21-16-18(2)11-13-24(21)30-25-14-12-20(17-23(25)28-22)26(29)27-15-7-10-19-8-5-4-6-9-19/h4-6,8-9,11-14,16-17H,3,7,10,15H2,1-2H3,(H,27,29)"
MCULE-9865938357,https://mcule.com/MCULE-9865938357/,,N1C2C=C(C=CC=2SC2C=CC=CC=2C=1CCC)C(NCCC1C=CC(=CC=1)OCC)=O,CCC1=Nc2cc(C(=O)NCCOc3ccccc3)ccc2Sc2c1cccc2,0.9069767441860463,0.924496,0.8723789,0.9881202,1.0,1.0,0.69,0.04,444.6,1,"InChI=1S/C24H22N2O2S/c1-2-20-19-10-6-7-11-22(19)29-23-13-12-17(16-21(23)26-20)24(27)25-14-15-28-18-8-4-3-5-9-18/h3-13,16H,2,14-15H2,1H3,(H,25,27)","InChI=1S/C27H28N2O2S/c1-3-7-23-22-8-5-6-9-25(22)32-26-15-12-20(18-24(26)29-23)27(30)28-17-16-19-10-13-21(14-11-19)31-4-2/h5-6,8-15,18H,3-4,7,16-17H2,1-2H3,(H,28,30)"
MCULE-2354057686,https://mcule.com/MCULE-2354057686/,,N1C2C=C(C=CC=2SC2C=CC(C)=CC=2C=1CC)C(NCCC1C=CC(=CC=1)OCC)=O,CCC1=Nc2cc(C(=O)NCCOc3ccccc3)ccc2Sc2c1cccc2,0.8950819672131147,0.876733,0.80870515,0.94064903,1.0,1.0,0.63,0.1,444.6,1,"InChI=1S/C24H22N2O2S/c1-2-20-19-10-6-7-11-22(19)29-23-13-12-17(16-21(23)26-20)24(27)25-14-15-28-18-8-4-3-5-9-18/h3-13,16H,2,14-15H2,1H3,(H,25,27)","InChI=1S/C27H28N2O2S/c1-4-23-22-16-18(3)6-12-25(22)32-26-13-9-20(17-24(26)29-23)27(30)28-15-14-19-7-10-21(11-8-19)31-5-2/h6-13,16-17H,4-5,14-15H2,1-3H3,(H,28,30)"
MCULE-9886017981,https://mcule.com/MCULE-9886017981/,,C1CC2C=C(C=C3C4=CC=CC=C4NC3=O)C=CC=2O1,c1cc(C=C2C(=O)Nc3c2ccc(NC(=O)C2CCCCC2)c3)cc2c1OCC2,0.8038897893030794,0.8535573,0.84315443,0.7512408,1.0,1.0,0.66,0.16,263.296,1,"InChI=1S/C24H24N2O3/c27-23(16-4-2-1-3-5-16)25-18-7-8-19-20(24(28)26-21(19)14-18)13-15-6-9-22-17(12-15)10-11-29-22/h6-9,12-14,16H,1-5,10-11H2,(H,25,27)(H,26,28)","InChI=1S/C17H13NO2/c19-17-14(13-3-1-2-4-15(13)18-17)10-11-5-6-16-12(9-11)7-8-20-16/h1-6,9-10H,7-8H2,(H,18,19)"
MCULE-8278623228,https://mcule.com/MCULE-8278623228/,,N1=C(C=C(N=C1NC1=CC=C(C=C1)NC(C1=CC=CC=C1)=O)C)N1CCCCC1,O=C(c1ccc(C)cc1)Nc1ccc(N=c2[nH]c(N3CCCCC3)cc(C)n2)cc1,0.725,0.99240017,0.98793066,0.99603474,1.0,1.0,1.0,0.0,387.487,1,"InChI=1S/C24H27N5O/c1-17-6-8-19(9-7-17)23(30)26-20-10-12-21(13-11-20)27-24-25-18(2)16-22(28-24)29-14-4-3-5-15-29/h6-13,16H,3-5,14-15H2,1-2H3,(H,26,30)(H,25,27,28)","InChI=1S/C23H25N5O/c1-17-16-21(28-14-6-3-7-15-28)27-23(24-17)26-20-12-10-19(11-13-20)25-22(29)18-8-4-2-5-9-18/h2,4-5,8-13,16H,3,6-7,14-15H2,1H3,(H,25,29)(H,24,26,27)"
ZINC000017013516,ZINC000017013516,3.0,Cc1cc(N2CCCCC2)nc(Nc3ccc(NC(=O)c4ccccc4)cc3)n1,O=C(c1ccc(C)cc1)Nc2ccc(N=c3[nH]c(N4CCCCC4)cc(C)n3)cc2,0.3561643835616438,0.99240017,0.98793066,0.99603474,1.0,1.0,1.0,0.0,387.487,1,"InChI=1S/C24H27N5O/c1-17-6-8-19(9-7-17)23(30)26-20-10-12-21(13-11-20)27-24-25-18(2)16-22(28-24)29-14-4-3-5-15-29/h6-13,16H,3-5,14-15H2,1-2H3,(H,26,30)(H,25,27,28)","InChI=1S/C23H25N5O/c1-17-16-21(28-14-6-3-7-15-28)27-23(24-17)26-20-12-10-19(11-13-20)25-22(29)18-8-4-2-5-9-18/h2,4-5,8-13,16H,3,6-7,14-15H2,1H3,(H,25,29)(H,24,26,27)"
MCULE-1329927232,https://mcule.com/MCULE-1329927232/,,N1=C(C=C(N=C1NC1C=CC(=CC=1)NC(=O)C1C=CC(=CC=1)C)C)N1CCCCC1,O=C(c1ccc(C)cc1)Nc1ccc(N=c2[nH]c(N3CCCCC3)cc(C)n2)cc1,0.755,0.99240017,0.98793066,0.99603474,1.0,1.0,1.0,0.0,401.514,1,"InChI=1S/C24H27N5O/c1-17-6-8-19(9-7-17)23(30)26-20-10-12-21(13-11-20)27-24-25-18(2)16-22(28-24)29-14-4-3-5-15-29/h6-13,16H,3-5,14-15H2,1-2H3,(H,26,30)(H,25,27,28)","InChI=1S/C24H27N5O/c1-17-6-8-19(9-7-17)23(30)26-20-10-12-21(13-11-20)27-24-25-18(2)16-22(28-24)29-14-4-3-5-15-29/h6-13,16H,3-5,14-15H2,1-2H3,(H,26,30)(H,25,27,28)"
ZINC000009573351,ZINC000009573351,2.0,Cc1ccc(C(=O)Nc2ccc(Nc3nc(C)cc(N4CCCCC4)n3)cc2)cc1,O=C(c1ccc(C)cc1)Nc2ccc(N=c3[nH]c(N4CCCCC4)cc(C)n3)cc2,0.4428571428571428,0.99240017,0.98793066,0.99603474,1.0,1.0,1.0,0.0,401.514,1,"InChI=1S/C24H27N5O/c1-17-6-8-19(9-7-17)23(30)26-20-10-12-21(13-11-20)27-24-25-18(2)16-22(28-24)29-14-4-3-5-15-29/h6-13,16H,3-5,14-15H2,1-2H3,(H,26,30)(H,25,27,28)","InChI=1S/C24H27N5O/c1-17-6-8-19(9-7-17)23(30)26-20-10-12-21(13-11-20)27-24-25-18(2)16-22(28-24)29-14-4-3-5-15-29/h6-13,16H,3-5,14-15H2,1-2H3,(H,26,30)(H,25,27,28)"
ZINC000017013516,ZINC000017013516,3.0,Cc1cc(N2CCCCC2)nc(Nc3ccc(NC(=O)c4ccccc4)cc3)n1,c1cc(C(Nc2ccc(N=c3[nH]c(N4CCCCCC4)cc(C)n3)cc2)=O)ccc1,0.4264705882352941,0.99240017,0.98793066,0.99603474,1.0,1.0,1.0,0.0,387.487,1,"InChI=1S/C24H27N5O/c1-18-17-22(29-15-7-2-3-8-16-29)28-24(25-18)27-21-13-11-20(12-14-21)26-23(30)19-9-5-4-6-10-19/h4-6,9-14,17H,2-3,7-8,15-16H2,1H3,(H,26,30)(H,25,27,28)","InChI=1S/C23H25N5O/c1-17-16-21(28-14-6-3-7-15-28)27-23(24-17)26-20-12-10-19(11-13-20)25-22(29)18-8-4-2-5-9-18/h2,4-5,8-13,16H,3,6-7,14-15H2,1H3,(H,25,29)(H,24,26,27)"
MCULE-8278623228,https://mcule.com/MCULE-8278623228/,,N1=C(C=C(N=C1NC1=CC=C(C=C1)NC(C1=CC=CC=C1)=O)C)N1CCCCC1,c1cc(C(Nc2ccc(N=c3[nH]c(N4CCCCCC4)cc(C)n3)cc2)=O)ccc1,0.7265100671140939,0.99240017,0.98793066,0.99603474,1.0,1.0,1.0,0.0,387.487,1,"InChI=1S/C24H27N5O/c1-18-17-22(29-15-7-2-3-8-16-29)28-24(25-18)27-21-13-11-20(12-14-21)26-23(30)19-9-5-4-6-10-19/h4-6,9-14,17H,2-3,7-8,15-16H2,1H3,(H,26,30)(H,25,27,28)","InChI=1S/C23H25N5O/c1-17-16-21(28-14-6-3-7-15-28)27-23(24-17)26-20-12-10-19(11-13-20)25-22(29)18-8-4-2-5-9-18/h2,4-5,8-13,16H,3,6-7,14-15H2,1H3,(H,25,29)(H,24,26,27)"
ZINC000017013516,ZINC000017013516,3.0,Cc1cc(N2CCCCC2)nc(Nc3ccc(NC(=O)c4ccccc4)cc3)n1,c1ccc(C(Nc2ccc(N=c3[nH]c(N4CCCCCC4)cc(C)n3)cc2)=O)cc1,0.4264705882352941,0.99240017,0.98793066,0.99603474,1.0,1.0,1.0,0.0,387.487,1,"InChI=1S/C24H27N5O/c1-18-17-22(29-15-7-2-3-8-16-29)28-24(25-18)27-21-13-11-20(12-14-21)26-23(30)19-9-5-4-6-10-19/h4-6,9-14,17H,2-3,7-8,15-16H2,1H3,(H,26,30)(H,25,27,28)","InChI=1S/C23H25N5O/c1-17-16-21(28-14-6-3-7-15-28)27-23(24-17)26-20-12-10-19(11-13-20)25-22(29)18-8-4-2-5-9-18/h2,4-5,8-13,16H,3,6-7,14-15H2,1H3,(H,25,29)(H,24,26,27)"
MCULE-8278623228,https://mcule.com/MCULE-8278623228/,,N1=C(C=C(N=C1NC1=CC=C(C=C1)NC(C1=CC=CC=C1)=O)C)N1CCCCC1,c1ccc(C(Nc2ccc(N=c3[nH]c(N4CCCCCC4)cc(C)n3)cc2)=O)cc1,0.7265100671140939,0.99240017,0.98793066,0.99603474,1.0,1.0,1.0,0.0,387.487,1,"InChI=1S/C24H27N5O/c1-18-17-22(29-15-7-2-3-8-16-29)28-24(25-18)27-21-13-11-20(12-14-21)26-23(30)19-9-5-4-6-10-19/h4-6,9-14,17H,2-3,7-8,15-16H2,1H3,(H,26,30)(H,25,27,28)","InChI=1S/C23H25N5O/c1-17-16-21(28-14-6-3-7-15-28)27-23(24-17)26-20-12-10-19(11-13-20)25-22(29)18-8-4-2-5-9-18/h2,4-5,8-13,16H,3,6-7,14-15H2,1H3,(H,25,29)(H,24,26,27)"
MCULE-8278623228,https://mcule.com/MCULE-8278623228/,,N1=C(C=C(N=C1NC1=CC=C(C=C1)NC(C1=CC=CC=C1)=O)C)N1CCCCC1,c1ccccc1C(=O)Nc1ccc(N=c2[nH]c(N3CCCCCC3)cc(C)n2)cc1,0.7265100671140939,0.99240017,0.98793066,0.99603474,1.0,1.0,1.0,0.0,387.487,1,"InChI=1S/C24H27N5O/c1-18-17-22(29-15-7-2-3-8-16-29)28-24(25-18)27-21-13-11-20(12-14-21)26-23(30)19-9-5-4-6-10-19/h4-6,9-14,17H,2-3,7-8,15-16H2,1H3,(H,26,30)(H,25,27,28)","InChI=1S/C23H25N5O/c1-17-16-21(28-14-6-3-7-15-28)27-23(24-17)26-20-12-10-19(11-13-20)25-22(29)18-8-4-2-5-9-18/h2,4-5,8-13,16H,3,6-7,14-15H2,1H3,(H,25,29)(H,24,26,27)"
ZINC000017013516,ZINC000017013516,3.0,Cc1cc(N2CCCCC2)nc(Nc3ccc(NC(=O)c4ccccc4)cc3)n1,c1ccccc1C(=O)Nc2ccc(N=c3[nH]c(N4CCCCCC4)cc(C)n3)cc2,0.4264705882352941,0.99240017,0.98793066,0.99603474,1.0,1.0,1.0,0.0,387.487,1,"InChI=1S/C24H27N5O/c1-18-17-22(29-15-7-2-3-8-16-29)28-24(25-18)27-21-13-11-20(12-14-21)26-23(30)19-9-5-4-6-10-19/h4-6,9-14,17H,2-3,7-8,15-16H2,1H3,(H,26,30)(H,25,27,28)","InChI=1S/C23H25N5O/c1-17-16-21(28-14-6-3-7-15-28)27-23(24-17)26-20-12-10-19(11-13-20)25-22(29)18-8-4-2-5-9-18/h2,4-5,8-13,16H,3,6-7,14-15H2,1H3,(H,25,29)(H,24,26,27)"
MCULE-8278623228,https://mcule.com/MCULE-8278623228/,,N1=C(C=C(N=C1NC1=CC=C(C=C1)NC(C1=CC=CC=C1)=O)C)N1CCCCC1,c1ccccc1C(Nc1ccc(N=c2[nH]c(N3CCCCCC3)cc(C)n2)cc1)=O,0.7265100671140939,0.99240017,0.98793066,0.99603474,1.0,1.0,1.0,0.0,387.487,1,"InChI=1S/C24H27N5O/c1-18-17-22(29-15-7-2-3-8-16-29)28-24(25-18)27-21-13-11-20(12-14-21)26-23(30)19-9-5-4-6-10-19/h4-6,9-14,17H,2-3,7-8,15-16H2,1H3,(H,26,30)(H,25,27,28)","InChI=1S/C23H25N5O/c1-17-16-21(28-14-6-3-7-15-28)27-23(24-17)26-20-12-10-19(11-13-20)25-22(29)18-8-4-2-5-9-18/h2,4-5,8-13,16H,3,6-7,14-15H2,1H3,(H,25,29)(H,24,26,27)"
ZINC000017013516,ZINC000017013516,3.0,Cc1cc(N2CCCCC2)nc(Nc3ccc(NC(=O)c4ccccc4)cc3)n1,c1ccccc1C(Nc2ccc(N=c3[nH]c(N4CCCCCC4)cc(C)n3)cc2)=O,0.4264705882352941,0.99240017,0.98793066,0.99603474,1.0,1.0,1.0,0.0,387.487,1,"InChI=1S/C24H27N5O/c1-18-17-22(29-15-7-2-3-8-16-29)28-24(25-18)27-21-13-11-20(12-14-21)26-23(30)19-9-5-4-6-10-19/h4-6,9-14,17H,2-3,7-8,15-16H2,1H3,(H,26,30)(H,25,27,28)","InChI=1S/C23H25N5O/c1-17-16-21(28-14-6-3-7-15-28)27-23(24-17)26-20-12-10-19(11-13-20)25-22(29)18-8-4-2-5-9-18/h2,4-5,8-13,16H,3,6-7,14-15H2,1H3,(H,25,29)(H,24,26,27)"
ZINC000009573351,ZINC000009573351,4.0,Cc1ccc(C(=O)Nc2ccc(Nc3nc(C)cc(N4CCCCC4)n3)cc2)cc1,c1cc(C(Nc2ccc(N=c3[nH]c(N4CCCCCC4)cc(C)n3)cc2)=O)ccc1,0.3561643835616438,0.99240017,0.98793066,0.99603474,1.0,1.0,1.0,0.0,401.514,1,"InChI=1S/C24H27N5O/c1-18-17-22(29-15-7-2-3-8-16-29)28-24(25-18)27-21-13-11-20(12-14-21)26-23(30)19-9-5-4-6-10-19/h4-6,9-14,17H,2-3,7-8,15-16H2,1H3,(H,26,30)(H,25,27,28)","InChI=1S/C24H27N5O/c1-17-6-8-19(9-7-17)23(30)26-20-10-12-21(13-11-20)27-24-25-18(2)16-22(28-24)29-14-4-3-5-15-29/h6-13,16H,3-5,14-15H2,1-2H3,(H,26,30)(H,25,27,28)"
MCULE-1329927232,https://mcule.com/MCULE-1329927232/,,N1=C(C=C(N=C1NC1C=CC(=CC=1)NC(=O)C1C=CC(=CC=1)C)C)N1CCCCC1,c1cc(C(Nc2ccc(N=c3[nH]c(N4CCCCCC4)cc(C)n3)cc2)=O)ccc1,0.7079934747145188,0.99240017,0.98793066,0.99603474,1.0,1.0,1.0,0.0,401.514,1,"InChI=1S/C24H27N5O/c1-18-17-22(29-15-7-2-3-8-16-29)28-24(25-18)27-21-13-11-20(12-14-21)26-23(30)19-9-5-4-6-10-19/h4-6,9-14,17H,2-3,7-8,15-16H2,1H3,(H,26,30)(H,25,27,28)","InChI=1S/C24H27N5O/c1-17-6-8-19(9-7-17)23(30)26-20-10-12-21(13-11-20)27-24-25-18(2)16-22(28-24)29-14-4-3-5-15-29/h6-13,16H,3-5,14-15H2,1-2H3,(H,26,30)(H,25,27,28)"
ZINC000009573351,ZINC000009573351,4.0,Cc1ccc(C(=O)Nc2ccc(Nc3nc(C)cc(N4CCCCC4)n3)cc2)cc1,c1ccc(C(Nc2ccc(N=c3[nH]c(N4CCCCCC4)cc(C)n3)cc2)=O)cc1,0.3561643835616438,0.99240017,0.98793066,0.99603474,1.0,1.0,1.0,0.0,401.514,1,"InChI=1S/C24H27N5O/c1-18-17-22(29-15-7-2-3-8-16-29)28-24(25-18)27-21-13-11-20(12-14-21)26-23(30)19-9-5-4-6-10-19/h4-6,9-14,17H,2-3,7-8,15-16H2,1H3,(H,26,30)(H,25,27,28)","InChI=1S/C24H27N5O/c1-17-6-8-19(9-7-17)23(30)26-20-10-12-21(13-11-20)27-24-25-18(2)16-22(28-24)29-14-4-3-5-15-29/h6-13,16H,3-5,14-15H2,1-2H3,(H,26,30)(H,25,27,28)"
MCULE-1329927232,https://mcule.com/MCULE-1329927232/,,N1=C(C=C(N=C1NC1C=CC(=CC=1)NC(=O)C1C=CC(=CC=1)C)C)N1CCCCC1,c1ccc(C(Nc2ccc(N=c3[nH]c(N4CCCCCC4)cc(C)n3)cc2)=O)cc1,0.7079934747145188,0.99240017,0.98793066,0.99603474,1.0,1.0,1.0,0.0,401.514,1,"InChI=1S/C24H27N5O/c1-18-17-22(29-15-7-2-3-8-16-29)28-24(25-18)27-21-13-11-20(12-14-21)26-23(30)19-9-5-4-6-10-19/h4-6,9-14,17H,2-3,7-8,15-16H2,1H3,(H,26,30)(H,25,27,28)","InChI=1S/C24H27N5O/c1-17-6-8-19(9-7-17)23(30)26-20-10-12-21(13-11-20)27-24-25-18(2)16-22(28-24)29-14-4-3-5-15-29/h6-13,16H,3-5,14-15H2,1-2H3,(H,26,30)(H,25,27,28)"
MCULE-1329927232,https://mcule.com/MCULE-1329927232/,,N1=C(C=C(N=C1NC1C=CC(=CC=1)NC(=O)C1C=CC(=CC=1)C)C)N1CCCCC1,c1ccccc1C(=O)Nc1ccc(N=c2[nH]c(N3CCCCCC3)cc(C)n2)cc1,0.7079934747145188,0.99240017,0.98793066,0.99603474,1.0,1.0,1.0,0.0,401.514,1,"InChI=1S/C24H27N5O/c1-18-17-22(29-15-7-2-3-8-16-29)28-24(25-18)27-21-13-11-20(12-14-21)26-23(30)19-9-5-4-6-10-19/h4-6,9-14,17H,2-3,7-8,15-16H2,1H3,(H,26,30)(H,25,27,28)","InChI=1S/C24H27N5O/c1-17-6-8-19(9-7-17)23(30)26-20-10-12-21(13-11-20)27-24-25-18(2)16-22(28-24)29-14-4-3-5-15-29/h6-13,16H,3-5,14-15H2,1-2H3,(H,26,30)(H,25,27,28)"
ZINC000009573351,ZINC000009573351,4.0,Cc1ccc(C(=O)Nc2ccc(Nc3nc(C)cc(N4CCCCC4)n3)cc2)cc1,c1ccccc1C(=O)Nc2ccc(N=c3[nH]c(N4CCCCCC4)cc(C)n3)cc2,0.3561643835616438,0.99240017,0.98793066,0.99603474,1.0,1.0,1.0,0.0,401.514,1,"InChI=1S/C24H27N5O/c1-18-17-22(29-15-7-2-3-8-16-29)28-24(25-18)27-21-13-11-20(12-14-21)26-23(30)19-9-5-4-6-10-19/h4-6,9-14,17H,2-3,7-8,15-16H2,1H3,(H,26,30)(H,25,27,28)","InChI=1S/C24H27N5O/c1-17-6-8-19(9-7-17)23(30)26-20-10-12-21(13-11-20)27-24-25-18(2)16-22(28-24)29-14-4-3-5-15-29/h6-13,16H,3-5,14-15H2,1-2H3,(H,26,30)(H,25,27,28)"
MCULE-1329927232,https://mcule.com/MCULE-1329927232/,,N1=C(C=C(N=C1NC1C=CC(=CC=1)NC(=O)C1C=CC(=CC=1)C)C)N1CCCCC1,c1ccccc1C(Nc1ccc(N=c2[nH]c(N3CCCCCC3)cc(C)n2)cc1)=O,0.7079934747145188,0.99240017,0.98793066,0.99603474,1.0,1.0,1.0,0.0,401.514,1,"InChI=1S/C24H27N5O/c1-18-17-22(29-15-7-2-3-8-16-29)28-24(25-18)27-21-13-11-20(12-14-21)26-23(30)19-9-5-4-6-10-19/h4-6,9-14,17H,2-3,7-8,15-16H2,1H3,(H,26,30)(H,25,27,28)","InChI=1S/C24H27N5O/c1-17-6-8-19(9-7-17)23(30)26-20-10-12-21(13-11-20)27-24-25-18(2)16-22(28-24)29-14-4-3-5-15-29/h6-13,16H,3-5,14-15H2,1-2H3,(H,26,30)(H,25,27,28)"
ZINC000009573351,ZINC000009573351,4.0,Cc1ccc(C(=O)Nc2ccc(Nc3nc(C)cc(N4CCCCC4)n3)cc2)cc1,c1ccccc1C(Nc2ccc(N=c3[nH]c(N4CCCCCC4)cc(C)n3)cc2)=O,0.3561643835616438,0.99240017,0.98793066,0.99603474,1.0,1.0,1.0,0.0,401.514,1,"InChI=1S/C24H27N5O/c1-18-17-22(29-15-7-2-3-8-16-29)28-24(25-18)27-21-13-11-20(12-14-21)26-23(30)19-9-5-4-6-10-19/h4-6,9-14,17H,2-3,7-8,15-16H2,1H3,(H,26,30)(H,25,27,28)","InChI=1S/C24H27N5O/c1-17-6-8-19(9-7-17)23(30)26-20-10-12-21(13-11-20)27-24-25-18(2)16-22(28-24)29-14-4-3-5-15-29/h6-13,16H,3-5,14-15H2,1-2H3,(H,26,30)(H,25,27,28)"
MCULE-7283096933,https://mcule.com/MCULE-7283096933/,,N1C2C=C(C=CC=2SC2C=CC=CC=2C=1CCC)C(=O)NCC1=CC=CO1,CCC1=Nc2cc(C(=O)NCc3ccc4ccoc4c3)ccc2Sc2c1cccc2,0.8214826021180031,0.963802,0.93837357,0.99312925,1.0,1.0,0.79,0.02,376.481,1,"InChI=1S/C25H20N2O2S/c1-2-20-19-5-3-4-6-23(19)30-24-10-9-18(14-21(24)27-20)25(28)26-15-16-7-8-17-11-12-29-22(17)13-16/h3-14H,2,15H2,1H3,(H,26,28)","InChI=1S/C22H20N2O2S/c1-2-6-18-17-8-3-4-9-20(17)27-21-11-10-15(13-19(21)24-18)22(25)23-14-16-7-5-12-26-16/h3-5,7-13H,2,6,14H2,1H3,(H,23,25)"
MCULE-1997084486,https://mcule.com/MCULE-1997084486/,,N1C2C=C(C=CC=2SC2C=CC(Cl)=CC=2C=1CC)C(=O)NCC1C=CC=CC=1,CCC1=Nc2cc(C(=O)NCc3ccc4ccoc4c3)ccc2Sc2c1cccc2,0.8127853881278538,0.84905577,0.9335762,0.56864136,1.0,1.0,0.78,0.19,406.938,1,"InChI=1S/C25H20N2O2S/c1-2-20-19-5-3-4-6-23(19)30-24-10-9-18(14-21(24)27-20)25(28)26-15-16-7-8-17-11-12-29-22(17)13-16/h3-14H,2,15H2,1H3,(H,26,28)","InChI=1S/C23H19ClN2OS/c1-2-19-18-13-17(24)9-11-21(18)28-22-10-8-16(12-20(22)26-19)23(27)25-14-15-6-4-3-5-7-15/h3-13H,2,14H2,1H3,(H,25,27)"
MCULE-8454725046,https://mcule.com/MCULE-8454725046/,,N1C2C=C(C=CC=2SC2C=CC=CC=2C=1CC)C(=O)NCC1=CC=C(C=C1)F,CCC1=Nc2cc(C(=O)NCc3ccc4ccoc4c3)ccc2Sc2c1cccc2,0.8317757009345794,0.9289299,0.957852,0.79924,1.0,1.0,0.84,0.15,390.483,1,"InChI=1S/C25H20N2O2S/c1-2-20-19-5-3-4-6-23(19)30-24-10-9-18(14-21(24)27-20)25(28)26-15-16-7-8-17-11-12-29-22(17)13-16/h3-14H,2,15H2,1H3,(H,26,28)","InChI=1S/C23H19FN2OS/c1-2-19-18-5-3-4-6-21(18)28-22-12-9-16(13-20(22)26-19)23(27)25-14-15-7-10-17(24)11-8-15/h3-13H,2,14H2,1H3,(H,25,27)"
ZINC000013365770,ZINC000013365770,3.0,CCC1=Nc2cc(C(=O)NCc3ccc4c(c3)OCO4)ccc2Sc5ccc(Cl)cc51,CCC1=Nc2cc(C(=O)NCc3ccc4ccoc4c3)ccc2Sc2c1cccc2,0.6133333333333333,0.0,0.83226955,0.98439837,0.0,1.0,0.65,0.05,450.947,1,"InChI=1S/C25H20N2O2S/c1-2-20-19-5-3-4-6-23(19)30-24-10-9-18(14-21(24)27-20)25(28)26-15-16-7-8-17-11-12-29-22(17)13-16/h3-14H,2,15H2,1H3,(H,26,28)","InChI=1S/C24H19ClN2O3S/c1-2-18-17-11-16(25)5-8-22(17)31-23-7-4-15(10-19(23)27-18)24(28)26-12-14-3-6-20-21(9-14)30-13-29-20/h3-11H,2,12-13H2,1H3,(H,26,28)"
MCULE-9257155722,https://mcule.com/MCULE-9257155722/,,N1C2C=C(C=CC=2SC2C=CC=CC=2C=1CCC)C(=O)NCC1=CC=C(C=C1)F,CCC1=Nc2cc(C(=O)NCc3ccc4ccoc4c3)ccc2Sc2c1cccc2,0.815267175572519,0.9306083,0.9609694,0.79924,1.0,1.0,0.85,0.15,404.51,1,"InChI=1S/C25H20N2O2S/c1-2-20-19-5-3-4-6-23(19)30-24-10-9-18(14-21(24)27-20)25(28)26-15-16-7-8-17-11-12-29-22(17)13-16/h3-14H,2,15H2,1H3,(H,26,28)","InChI=1S/C24H21FN2OS/c1-2-5-20-19-6-3-4-7-22(19)29-23-13-10-17(14-21(23)27-20)24(28)26-15-16-8-11-18(25)12-9-16/h3-4,6-14H,2,5,15H2,1H3,(H,26,28)"
MCULE-8318145015,https://mcule.com/MCULE-8318145015/,,N1C2C=C(C=CC=2SC2C=CC(C)=CC=2C=1CC)C(=O)NCC1=CC=C(C=C1)F,CCC1=Nc2cc(C(=O)NCc3ccc4ccoc4c3)ccc2Sc2c1cccc2,0.8124054462934948,0.9340865,0.9335762,0.8737104,1.0,1.0,0.78,0.13,404.51,1,"InChI=1S/C25H20N2O2S/c1-2-20-19-5-3-4-6-23(19)30-24-10-9-18(14-21(24)27-20)25(28)26-15-16-7-8-17-11-12-29-22(17)13-16/h3-14H,2,15H2,1H3,(H,26,28)","InChI=1S/C24H21FN2OS/c1-3-20-19-12-15(2)4-10-22(19)29-23-11-7-17(13-21(23)27-20)24(28)26-14-16-5-8-18(25)9-6-16/h4-13H,3,14H2,1-2H3,(H,26,28)"
MCULE-4087326320,https://mcule.com/MCULE-4087326320/,,N1C2C=C(C=CC=2SC2C=CC=CC=2C=1CCC)C(=O)NCC1C=CC=CC=1,CCC1=Nc2cc(C(=O)NCc3ccc4ccoc4c3)ccc2Sc2c1cccc2,0.8351648351648352,0.97716236,0.9638649,0.9881202,1.0,1.0,0.86,0.04,386.52,1,"InChI=1S/C25H20N2O2S/c1-2-20-19-5-3-4-6-23(19)30-24-10-9-18(14-21(24)27-20)25(28)26-15-16-7-8-17-11-12-29-22(17)13-16/h3-14H,2,15H2,1H3,(H,26,28)","InChI=1S/C24H22N2OS/c1-2-8-20-19-11-6-7-12-22(19)28-23-14-13-18(15-21(23)26-20)24(27)25-16-17-9-4-3-5-10-17/h3-7,9-15H,2,8,16H2,1H3,(H,25,27)"
ZINC000013365766,ZINC000013365766,3.0,CCCC1=Nc2cc(C(=O)NCc3ccc4c(c3)OCO4)ccc2Sc5ccccc51,CCC1=Nc2cc(C(=O)NCc3ccc4ccoc4c3)ccc2Sc2c1cccc2,0.6164383561643836,0.0,0.7826946,0.98439837,0.0,1.0,0.61,0.05,430.529,1,"InChI=1S/C25H20N2O2S/c1-2-20-19-5-3-4-6-23(19)30-24-10-9-18(14-21(24)27-20)25(28)26-15-16-7-8-17-11-12-29-22(17)13-16/h3-14H,2,15H2,1H3,(H,26,28)","InChI=1S/C25H22N2O3S/c1-2-5-19-18-6-3-4-7-23(18)31-24-11-9-17(13-20(24)27-19)25(28)26-14-16-8-10-21-22(12-16)30-15-29-21/h3-4,6-13H,2,5,14-15H2,1H3,(H,26,28)"
ZINC000013365772,ZINC000013365772,3.0,CCC1=Nc2cc(C(=O)NCc3ccc4c(c3)OCO4)ccc2Sc5ccc(C)cc51,CCC1=Nc2cc(C(=O)NCc3ccc4ccoc4c3)ccc2Sc2c1cccc2,0.6216216216216216,0.0,0.98793066,0.99603474,0.0,1.0,1.0,0.0,430.529,1,"InChI=1S/C25H20N2O2S/c1-2-20-19-5-3-4-6-23(19)30-24-10-9-18(14-21(24)27-20)25(28)26-15-16-7-8-17-11-12-29-22(17)13-16/h3-14H,2,15H2,1H3,(H,26,28)","InChI=1S/C25H22N2O3S/c1-3-19-18-10-15(2)4-8-23(18)31-24-9-6-17(12-20(24)27-19)25(28)26-13-16-5-7-21-22(11-16)30-14-29-21/h4-12H,3,13-14H2,1-2H3,(H,26,28)"
MCULE-5769957136,https://mcule.com/MCULE-5769957136/,,N1C2C=C(C=CC=2SC2C=CC=CC=2C=1CCC)C(=O)NC(C)C1=CC=CC=C1,CCC1=Nc2cc(C(=O)NCc3ccc4ccoc4c3)ccc2Sc2c1cccc2,0.8112633181126332,0.9369809,0.8968244,0.9795346,1.0,1.0,0.72,0.06,400.547,1,"InChI=1S/C25H20N2O2S/c1-2-20-19-5-3-4-6-23(19)30-24-10-9-18(14-21(24)27-20)25(28)26-15-16-7-8-17-11-12-29-22(17)13-16/h3-14H,2,15H2,1H3,(H,26,28)","InChI=1S/C25H24N2OS/c1-3-9-21-20-12-7-8-13-23(20)29-24-15-14-19(16-22(24)27-21)25(28)26-17(2)18-10-5-4-6-11-18/h4-8,10-17H,3,9H2,1-2H3,(H,26,28)"
MCULE-6561969005,https://mcule.com/MCULE-6561969005/,,N1C2C=C(C=CC=2SC2=CC=C(C)C=C2C=1CC)C(=O)NCC1C=CC(=CC=1)C,CCC1=Nc2cc(C(=O)NCc3ccc4ccoc4c3)ccc2Sc2c1cccc2,0.823076923076923,0.9271211,0.95449746,0.79924,1.0,1.0,0.83,0.15,400.547,1,"InChI=1S/C25H20N2O2S/c1-2-20-19-5-3-4-6-23(19)30-24-10-9-18(14-21(24)27-20)25(28)26-15-16-7-8-17-11-12-29-22(17)13-16/h3-14H,2,15H2,1H3,(H,26,28)","InChI=1S/C25H24N2OS/c1-4-21-20-13-17(3)7-11-23(20)29-24-12-10-19(14-22(24)27-21)25(28)26-15-18-8-5-16(2)6-9-18/h5-14H,4,15H2,1-3H3,(H,26,28)"
MCULE-6622690555,https://mcule.com/MCULE-6622690555/,,N1C2C=C(C=CC=2SC2C=CC(C)=CC=2C=1CC)C(=O)NC(C)C1=CC=CC=C1,CCC1=Nc2cc(C(=O)NCc3ccc4ccoc4c3)ccc2Sc2c1cccc2,0.81089258698941,0.8919808,0.82078993,0.9795346,1.0,1.0,0.64,0.06,400.547,1,"InChI=1S/C25H20N2O2S/c1-2-20-19-5-3-4-6-23(19)30-24-10-9-18(14-21(24)27-20)25(28)26-15-16-7-8-17-11-12-29-22(17)13-16/h3-14H,2,15H2,1H3,(H,26,28)","InChI=1S/C25H24N2OS/c1-4-21-20-14-16(2)10-12-23(20)29-24-13-11-19(15-22(24)27-21)25(28)26-17(3)18-8-6-5-7-9-18/h5-15,17H,4H2,1-3H3,(H,26,28)"
ZINC000013365776,ZINC000013365776,4.0,CCCC1=Nc2cc(C(=O)NCc3ccc4c(c3)OCO4)ccc2Sc5ccc(C)cc51,CCC1=Nc2cc(C(=O)NCc3ccc4ccoc4c3)ccc2Sc2c1cccc2,0.525,0.0,0.82078993,0.9909623,0.0,1.0,0.64,0.03,444.556,1,"InChI=1S/C25H20N2O2S/c1-2-20-19-5-3-4-6-23(19)30-24-10-9-18(14-21(24)27-20)25(28)26-15-16-7-8-17-11-12-29-22(17)13-16/h3-14H,2,15H2,1H3,(H,26,28)","InChI=1S/C26H24N2O3S/c1-3-4-20-19-11-16(2)5-9-24(19)32-25-10-7-18(13-21(25)28-20)26(29)27-14-17-6-8-22-23(12-17)31-15-30-22/h5-13H,3-4,14-15H2,1-2H3,(H,27,29)"
MCULE-9681315168,https://mcule.com/MCULE-9681315168/,,N1C2C=C(C=CC=2SC2C=CC=CC=2C=1CC)C(NCCCC)=O,CCC1=Nc2cc(C(=O)NCc3ccc4ccsc4c3)ccc2Sc2c1cccc2,0.8136942675159236,0.99240017,0.98793066,0.99603474,1.0,1.0,1.0,0.0,338.476,1,"InChI=1S/C25H20N2OS2/c1-2-20-19-5-3-4-6-22(19)30-23-10-9-18(14-21(23)27-20)25(28)26-15-16-7-8-17-11-12-29-24(17)13-16/h3-14H,2,15H2,1H3,(H,26,28)","InChI=1S/C20H22N2OS/c1-3-5-12-21-20(23)14-10-11-19-17(13-14)22-16(4-2)15-8-6-7-9-18(15)24-19/h6-11,13H,3-5,12H2,1-2H3,(H,21,23)"
MCULE-1997084486,https://mcule.com/MCULE-1997084486/,,N1C2C=C(C=CC=2SC2C=CC(Cl)=CC=2C=1CC)C(=O)NCC1C=CC=CC=1,CCC1=Nc2cc(C(=O)NCc3ccc4ccsc4c3)ccc2Sc2c1cccc2,0.8192955589586524,0.84905577,0.9335762,0.56864136,1.0,1.0,0.78,0.19,406.938,1,"InChI=1S/C25H20N2OS2/c1-2-20-19-5-3-4-6-22(19)30-23-10-9-18(14-21(23)27-20)25(28)26-15-16-7-8-17-11-12-29-24(17)13-16/h3-14H,2,15H2,1H3,(H,26,28)","InChI=1S/C23H19ClN2OS/c1-2-19-18-13-17(24)9-11-21(18)28-22-10-8-16(12-20(22)26-19)23(27)25-14-15-6-4-3-5-7-15/h3-13H,2,14H2,1H3,(H,25,27)"
MCULE-8454725046,https://mcule.com/MCULE-8454725046/,,N1C2C=C(C=CC=2SC2C=CC=CC=2C=1CC)C(=O)NCC1=CC=C(C=C1)F,CCC1=Nc2cc(C(=O)NCc3ccc4ccsc4c3)ccc2Sc2c1cccc2,0.8414442700156985,0.9289299,0.957852,0.79924,1.0,1.0,0.84,0.15,390.483,1,"InChI=1S/C25H20N2OS2/c1-2-20-19-5-3-4-6-22(19)30-23-10-9-18(14-21(23)27-20)25(28)26-15-16-7-8-17-11-12-29-24(17)13-16/h3-14H,2,15H2,1H3,(H,26,28)","InChI=1S/C23H19FN2OS/c1-2-19-18-5-3-4-6-21(18)28-22-12-9-16(13-20(22)26-19)23(27)25-14-15-7-10-17(24)11-8-15/h3-13H,2,14H2,1H3,(H,25,27)"
ZINC000013365770,ZINC000013365770,4.0,CCC1=Nc2cc(C(=O)NCc3ccc4c(c3)OCO4)ccc2Sc5ccc(Cl)cc51,CCC1=Nc2cc(C(=O)NCc3ccc4ccsc4c3)ccc2Sc2c1cccc2,0.5657894736842105,0.0,0.83226955,0.98439837,0.0,1.0,0.65,0.05,450.947,1,"InChI=1S/C25H20N2OS2/c1-2-20-19-5-3-4-6-22(19)30-23-10-9-18(14-21(23)27-20)25(28)26-15-16-7-8-17-11-12-29-24(17)13-16/h3-14H,2,15H2,1H3,(H,26,28)","InChI=1S/C24H19ClN2O3S/c1-2-18-17-11-16(25)5-8-22(17)31-23-7-4-15(10-19(23)27-18)24(28)26-12-14-3-6-20-21(9-14)30-13-29-20/h3-11H,2,12-13H2,1H3,(H,26,28)"
MCULE-9257155722,https://mcule.com/MCULE-9257155722/,,N1C2C=C(C=CC=2SC2C=CC=CC=2C=1CCC)C(=O)NCC1=CC=C(C=C1)F,CCC1=Nc2cc(C(=O)NCc3ccc4ccsc4c3)ccc2Sc2c1cccc2,0.827426810477658,0.9306083,0.9609694,0.79924,1.0,1.0,0.85,0.15,404.51,1,"InChI=1S/C25H20N2OS2/c1-2-20-19-5-3-4-6-22(19)30-23-10-9-18(14-21(23)27-20)25(28)26-15-16-7-8-17-11-12-29-24(17)13-16/h3-14H,2,15H2,1H3,(H,26,28)","InChI=1S/C24H21FN2OS/c1-2-5-20-19-6-3-4-7-22(19)29-23-13-10-17(14-21(23)27-20)24(28)26-15-16-8-11-18(25)12-9-16/h3-4,6-14H,2,5,15H2,1H3,(H,26,28)"
MCULE-8318145015,https://mcule.com/MCULE-8318145015/,,N1C2C=C(C=CC=2SC2C=CC(C)=CC=2C=1CC)C(=O)NCC1=CC=C(C=C1)F,CCC1=Nc2cc(C(=O)NCc3ccc4ccsc4c3)ccc2Sc2c1cccc2,0.8216463414634146,0.9340865,0.9335762,0.8737104,1.0,1.0,0.78,0.13,404.51,1,"InChI=1S/C25H20N2OS2/c1-2-20-19-5-3-4-6-22(19)30-23-10-9-18(14-21(23)27-20)25(28)26-15-16-7-8-17-11-12-29-24(17)13-16/h3-14H,2,15H2,1H3,(H,26,28)","InChI=1S/C24H21FN2OS/c1-3-20-19-12-15(2)4-10-22(19)29-23-11-7-17(13-21(23)27-20)24(28)26-14-16-5-8-18(25)9-6-16/h4-13H,3,14H2,1-2H3,(H,26,28)"
MCULE-4087326320,https://mcule.com/MCULE-4087326320/,,N1C2C=C(C=CC=2SC2C=CC=CC=2C=1CCC)C(=O)NCC1C=CC=CC=1,CCC1=Nc2cc(C(=O)NCc3ccc4ccsc4c3)ccc2Sc2c1cccc2,0.8420221169036335,0.97716236,0.9638649,0.9881202,1.0,1.0,0.86,0.04,386.52,1,"InChI=1S/C25H20N2OS2/c1-2-20-19-5-3-4-6-22(19)30-23-10-9-18(14-21(23)27-20)25(28)26-15-16-7-8-17-11-12-29-24(17)13-16/h3-14H,2,15H2,1H3,(H,26,28)","InChI=1S/C24H22N2OS/c1-2-8-20-19-11-6-7-12-22(19)28-23-14-13-18(15-21(23)26-20)24(27)25-16-17-9-4-3-5-10-17/h3-7,9-15H,2,8,16H2,1H3,(H,25,27)"
ZINC000013365766,ZINC000013365766,4.0,CCCC1=Nc2cc(C(=O)NCc3ccc4c(c3)OCO4)ccc2Sc5ccccc51,CCC1=Nc2cc(C(=O)NCc3ccc4ccsc4c3)ccc2Sc2c1cccc2,0.5675675675675675,0.0,0.7826946,0.98439837,0.0,1.0,0.61,0.05,430.529,1,"InChI=1S/C25H20N2OS2/c1-2-20-19-5-3-4-6-22(19)30-23-10-9-18(14-21(23)27-20)25(28)26-15-16-7-8-17-11-12-29-24(17)13-16/h3-14H,2,15H2,1H3,(H,26,28)","InChI=1S/C25H22N2O3S/c1-2-5-19-18-6-3-4-7-23(18)31-24-11-9-17(13-20(24)27-19)25(28)26-14-16-8-10-21-22(12-16)30-15-29-21/h3-4,6-13H,2,5,14-15H2,1H3,(H,26,28)"
ZINC000013365772,ZINC000013365772,4.0,CCC1=Nc2cc(C(=O)NCc3ccc4c(c3)OCO4)ccc2Sc5ccc(C)cc51,CCC1=Nc2cc(C(=O)NCc3ccc4ccsc4c3)ccc2Sc2c1cccc2,0.5733333333333334,0.0,0.98793066,0.99603474,0.0,1.0,1.0,0.0,430.529,1,"InChI=1S/C25H20N2OS2/c1-2-20-19-5-3-4-6-22(19)30-23-10-9-18(14-21(23)27-20)25(28)26-15-16-7-8-17-11-12-29-24(17)13-16/h3-14H,2,15H2,1H3,(H,26,28)","InChI=1S/C25H22N2O3S/c1-3-19-18-10-15(2)4-8-23(18)31-24-9-6-17(12-20(24)27-19)25(28)26-13-16-5-7-21-22(11-16)30-14-29-21/h4-12H,3,13-14H2,1-2H3,(H,26,28)"
MCULE-5769957136,https://mcule.com/MCULE-5769957136/,,N1C2C=C(C=CC=2SC2C=CC=CC=2C=1CCC)C(=O)NC(C)C1=CC=CC=C1,CCC1=Nc2cc(C(=O)NCc3ccc4ccsc4c3)ccc2Sc2c1cccc2,0.8149847094801224,0.9369809,0.8968244,0.9795346,1.0,1.0,0.72,0.06,400.547,1,"InChI=1S/C25H20N2OS2/c1-2-20-19-5-3-4-6-22(19)30-23-10-9-18(14-21(23)27-20)25(28)26-15-16-7-8-17-11-12-29-24(17)13-16/h3-14H,2,15H2,1H3,(H,26,28)","InChI=1S/C25H24N2OS/c1-3-9-21-20-12-7-8-13-23(20)29-24-15-14-19(16-22(24)27-21)25(28)26-17(2)18-10-5-4-6-11-18/h4-8,10-17H,3,9H2,1-2H3,(H,26,28)"
MCULE-6561969005,https://mcule.com/MCULE-6561969005/,,N1C2C=C(C=CC=2SC2=CC=C(C)C=C2C=1CC)C(=O)NCC1C=CC(=CC=1)C,CCC1=Nc2cc(C(=O)NCc3ccc4ccsc4c3)ccc2Sc2c1cccc2,0.8297213622291022,0.9271211,0.95449746,0.79924,1.0,1.0,0.83,0.15,400.547,1,"InChI=1S/C25H20N2OS2/c1-2-20-19-5-3-4-6-22(19)30-23-10-9-18(14-21(23)27-20)25(28)26-15-16-7-8-17-11-12-29-24(17)13-16/h3-14H,2,15H2,1H3,(H,26,28)","InChI=1S/C25H24N2OS/c1-4-21-20-13-17(3)7-11-23(20)29-24-12-10-19(14-22(24)27-21)25(28)26-15-18-8-5-16(2)6-9-18/h5-14H,4,15H2,1-3H3,(H,26,28)"
MCULE-6622690555,https://mcule.com/MCULE-6622690555/,,N1C2C=C(C=CC=2SC2C=CC(C)=CC=2C=1CC)C(=O)NC(C)C1=CC=CC=C1,CCC1=Nc2cc(C(=O)NCc3ccc4ccsc4c3)ccc2Sc2c1cccc2,0.8118361153262519,0.8919808,0.82078993,0.9795346,1.0,1.0,0.64,0.06,400.547,1,"InChI=1S/C25H20N2OS2/c1-2-20-19-5-3-4-6-22(19)30-23-10-9-18(14-21(23)27-20)25(28)26-15-16-7-8-17-11-12-29-24(17)13-16/h3-14H,2,15H2,1H3,(H,26,28)","InChI=1S/C25H24N2OS/c1-4-21-20-14-16(2)10-12-23(20)29-24-13-11-19(15-22(24)27-21)25(28)26-17(3)18-8-6-5-7-9-18/h5-15,17H,4H2,1-3H3,(H,26,28)"
ZINC000013365776,ZINC000013365776,5.0,CCCC1=Nc2cc(C(=O)NCc3ccc4c(c3)OCO4)ccc2Sc5ccc(C)cc51,CCC1=Nc2cc(C(=O)NCc3ccc4ccsc4c3)ccc2Sc2c1cccc2,0.4814814814814814,0.0,0.82078993,0.9909623,0.0,1.0,0.64,0.03,444.556,1,"InChI=1S/C25H20N2OS2/c1-2-20-19-5-3-4-6-22(19)30-23-10-9-18(14-21(23)27-20)25(28)26-15-16-7-8-17-11-12-29-24(17)13-16/h3-14H,2,15H2,1H3,(H,26,28)","InChI=1S/C26H24N2O3S/c1-3-4-20-19-11-16(2)5-9-24(19)32-25-10-7-18(13-21(25)28-20)26(29)27-14-17-6-8-22-23(12-17)31-15-30-22/h5-13H,3-4,14-15H2,1-2H3,(H,27,29)"
MCULE-4171244775,https://mcule.com/MCULE-4171244775/,,N1C2C=C(C=CC=2SC2C=CC(Br)=CC=2C=1CC)C(NCCC(C)C)=O,c1cc(C(C)C)ccc1CNC(=O)c1cc2c(cc1)Sc1c(cc(Br)cc1)C(C)=N2,0.8613376835236541,0.8757673,0.84315443,0.8432988,1.0,1.0,0.66,0.13909091,431.399,1,"InChI=1S/C25H23BrN2OS/c1-15(2)18-6-4-17(5-7-18)14-27-25(29)19-8-10-24-22(12-19)28-16(3)21-13-20(26)9-11-23(21)30-24/h4-13,15H,14H2,1-3H3,(H,27,29)","InChI=1S/C21H23BrN2OS/c1-4-17-16-12-15(22)6-8-19(16)26-20-7-5-14(11-18(20)24-17)21(25)23-10-9-13(2)3/h5-8,11-13H,4,9-10H2,1-3H3,(H,23,25)"
ZINC000020178868,ZINC000020178868,4.0,CC1=Nc2cc(C(=O)NCc3ccc(Cl)cc3)ccc2Sc4ccc(Cl)cc41,c1cc(C(C)C)ccc1CNC(=O)c1cc2c(cc1)Sc1c(cc(Br)cc1)C(C)=N2,0.6461538461538462,0.9154157,0.88917464,0.9011868,1.0,1.0,0.71,0.12,427.356,1,"InChI=1S/C25H23BrN2OS/c1-15(2)18-6-4-17(5-7-18)14-27-25(29)19-8-10-24-22(12-19)28-16(3)21-13-20(26)9-11-23(21)30-24/h4-13,15H,14H2,1-3H3,(H,27,29)","InChI=1S/C22H16Cl2N2OS/c1-13-18-11-17(24)7-9-20(18)28-21-8-4-15(10-19(21)26-13)22(27)25-12-14-2-5-16(23)6-3-14/h2-11H,12H2,1H3,(H,25,27)"
ZINC000004712687,ZINC000004712687,3.0,CC1=Nc2cc(C(=O)NCc3ccc(C)cc3)ccc2Sc4ccc(Cl)cc41,c1cc(C(C)C)ccc1CNC(=O)c1cc2c(cc1)Sc1c(cc(Br)cc1)C(C)=N2,0.6086956521739131,0.94606656,0.91073215,0.98439837,1.0,1.0,0.74,0.05,406.938,1,"InChI=1S/C25H23BrN2OS/c1-15(2)18-6-4-17(5-7-18)14-27-25(29)19-8-10-24-22(12-19)28-16(3)21-13-20(26)9-11-23(21)30-24/h4-13,15H,14H2,1-3H3,(H,27,29)","InChI=1S/C23H19ClN2OS/c1-14-3-5-16(6-4-14)13-25-23(27)17-7-9-22-20(11-17)26-15(2)19-12-18(24)8-10-21(19)28-22/h3-12H,13H2,1-2H3,(H,25,27)"
MCULE-3162875168,https://mcule.com/MCULE-3162875168/,,N1C2C=C(C=CC=2SC2=CC=C(Cl)C=C2C=1C)C(=O)NCC1C=CC(=CC=1)C,c1cc(C(C)C)ccc1CNC(=O)c1cc2c(cc1)Sc1c(cc(Br)cc1)C(C)=N2,0.8569078947368421,0.94606656,0.91073215,0.98439837,1.0,1.0,0.74,0.05,406.938,1,"InChI=1S/C25H23BrN2OS/c1-15(2)18-6-4-17(5-7-18)14-27-25(29)19-8-10-24-22(12-19)28-16(3)21-13-20(26)9-11-23(21)30-24/h4-13,15H,14H2,1-3H3,(H,27,29)","InChI=1S/C23H19ClN2OS/c1-14-3-5-16(6-4-14)13-25-23(27)17-7-9-22-20(11-17)26-15(2)19-12-18(24)8-10-21(19)28-22/h3-12H,13H2,1-2H3,(H,25,27)"
ZINC000004929971,ZINC000004929971,4.0,CC1=Nc2cc(C(=O)NCc3ccc(Cl)cc3)ccc2Sc4ccc(C)cc41,c1cc(C(C)C)ccc1CNC(=O)c1cc2c(cc1)Sc1c(cc(Br)cc1)C(C)=N2,0.6086956521739131,0.90551126,0.8968244,0.8399507,1.0,1.0,0.72,0.14,406.938,1,"InChI=1S/C25H23BrN2OS/c1-15(2)18-6-4-17(5-7-18)14-27-25(29)19-8-10-24-22(12-19)28-16(3)21-13-20(26)9-11-23(21)30-24/h4-13,15H,14H2,1-3H3,(H,27,29)","InChI=1S/C23H19ClN2OS/c1-14-3-9-21-19(11-14)15(2)26-20-12-17(6-10-22(20)28-21)23(27)25-13-16-4-7-18(24)8-5-16/h3-12H,13H2,1-2H3,(H,25,27)"
MCULE-5074289166,https://mcule.com/MCULE-5074289166/,,N1C2C=C(C=CC=2SC2C=CC(C)=CC=2C=1C)C(=O)NCC1=CC=C(C=C1)Cl,c1cc(C(C)C)ccc1CNC(=O)c1cc2c(cc1)Sc1c(cc(Br)cc1)C(C)=N2,0.8456486042692939,0.90551126,0.8968244,0.8399507,1.0,1.0,0.72,0.14,406.938,1,"InChI=1S/C25H23BrN2OS/c1-15(2)18-6-4-17(5-7-18)14-27-25(29)19-8-10-24-22(12-19)28-16(3)21-13-20(26)9-11-23(21)30-24/h4-13,15H,14H2,1-3H3,(H,27,29)","InChI=1S/C23H19ClN2OS/c1-14-3-9-21-19(11-14)15(2)26-20-12-17(6-10-22(20)28-21)23(27)25-13-16-4-7-18(24)8-5-16/h3-12H,13H2,1-2H3,(H,25,27)"
ZINC000020178909,ZINC000020178909,4.0,CCC1=Nc2cc(C(=O)NCc3ccc(OC)cc3)ccc2Sc4ccc(Cl)cc41,c1cc(C(C)C)ccc1CNC(=O)c1cc2c(cc1)Sc1c(cc(Br)cc1)C(C)=N2,0.45,0.93741363,0.95449746,0.8399507,1.0,1.0,0.83,0.14,436.964,1,"InChI=1S/C25H23BrN2OS/c1-15(2)18-6-4-17(5-7-18)14-27-25(29)19-8-10-24-22(12-19)28-16(3)21-13-20(26)9-11-23(21)30-24/h4-13,15H,14H2,1-3H3,(H,27,29)","InChI=1S/C24H21ClN2O2S/c1-3-20-19-13-17(25)7-11-22(19)30-23-10-6-16(12-21(23)27-20)24(28)26-14-15-4-8-18(29-2)9-5-15/h4-13H,3,14H2,1-2H3,(H,26,28)"
ZINC000004929999,ZINC000004929999,3.0,CC1=Nc2cc(C(=O)NCc3ccc(C)cc3)ccc2Sc4ccc(C)cc41,c1cc(C(C)C)ccc1CNC(=O)c1cc2c(cc1)Sc1c(cc(Br)cc1)C(C)=N2,0.65625,0.94321793,0.93837357,0.9011868,1.0,1.0,0.79,0.12,386.52,1,"InChI=1S/C25H23BrN2OS/c1-15(2)18-6-4-17(5-7-18)14-27-25(29)19-8-10-24-22(12-19)28-16(3)21-13-20(26)9-11-23(21)30-24/h4-13,15H,14H2,1-3H3,(H,27,29)","InChI=1S/C24H22N2OS/c1-15-4-7-18(8-5-15)14-25-24(27)19-9-11-23-21(13-19)26-17(3)20-12-16(2)6-10-22(20)28-23/h4-13H,14H2,1-3H3,(H,25,27)"
MCULE-2040607482,https://mcule.com/MCULE-2040607482/,,N1C2C=C(C=CC=2SC2C=CC(C)=CC=2C=1C)C(=O)NCC1=CC=C(C=C1)C,c1cc(C(C)C)ccc1CNC(=O)c1cc2c(cc1)Sc1c(cc(Br)cc1)C(C)=N2,0.889267461669506,0.94321793,0.93837357,0.9011868,1.0,1.0,0.79,0.12,386.52,1,"InChI=1S/C25H23BrN2OS/c1-15(2)18-6-4-17(5-7-18)14-27-25(29)19-8-10-24-22(12-19)28-16(3)21-13-20(26)9-11-23(21)30-24/h4-13,15H,14H2,1-3H3,(H,27,29)","InChI=1S/C24H22N2OS/c1-15-4-7-18(8-5-15)14-25-24(27)19-9-11-23-21(13-19)26-17(3)20-12-16(2)6-10-22(20)28-23/h4-13H,14H2,1-3H3,(H,25,27)"
MCULE-8353454535,https://mcule.com/MCULE-8353454535/,,N1C2C=C(C=CC=2SC2C=CC(Br)=CC=2C=1CC)C(NCCCC1C=CC=CC=1)=O,c1cc(C(C)C)ccc1CNC(=O)c1cc2c(cc1)Sc1c(cc(Br)cc1)C(C)=N2,0.8555194805194806,0.8791336,0.88917464,0.7512408,1.0,1.0,0.71,0.16,479.443,1,"InChI=1S/C25H23BrN2OS/c1-15(2)18-6-4-17(5-7-18)14-27-25(29)19-8-10-24-22(12-19)28-16(3)21-13-20(26)9-11-23(21)30-24/h4-13,15H,14H2,1-3H3,(H,27,29)","InChI=1S/C25H23BrN2OS/c1-2-21-20-16-19(26)11-13-23(20)30-24-12-10-18(15-22(24)28-21)25(29)27-14-6-9-17-7-4-3-5-8-17/h3-5,7-8,10-13,15-16H,2,6,9,14H2,1H3,(H,27,29)"
ZINC000004930088,ZINC000004930088,4.0,CCC1=Nc2cc(C(=O)NCc3ccc(OC)cc3)ccc2Sc4ccc(C)cc41,c1cc(C(C)C)ccc1CNC(=O)c1cc2c(cc1)Sc1c(cc(Br)cc1)C(C)=N2,0.4556962025316455,0.945596,0.9335762,0.9232107,1.0,1.0,0.78,0.11,416.546,1,"InChI=1S/C25H23BrN2OS/c1-15(2)18-6-4-17(5-7-18)14-27-25(29)19-8-10-24-22(12-19)28-16(3)21-13-20(26)9-11-23(21)30-24/h4-13,15H,14H2,1-3H3,(H,27,29)","InChI=1S/C25H24N2O2S/c1-4-21-20-13-16(2)5-11-23(20)30-24-12-8-18(14-22(24)27-21)25(28)26-15-17-6-9-19(29-3)10-7-17/h5-14H,4,15H2,1-3H3,(H,26,28)"
MCULE-6561969005,https://mcule.com/MCULE-6561969005/,,N1C2C=C(C=CC=2SC2=CC=C(C)C=C2C=1CC)C(=O)NCC1C=CC(=CC=1)C,c1cc(C(C)C)ccc1CNC(=O)c1cc2c(cc1)Sc1c(cc(Br)cc1)C(C)=N2,0.8562091503267973,0.9271211,0.95449746,0.79924,1.0,1.0,0.83,0.15,400.547,1,"InChI=1S/C25H23BrN2OS/c1-15(2)18-6-4-17(5-7-18)14-27-25(29)19-8-10-24-22(12-19)28-16(3)21-13-20(26)9-11-23(21)30-24/h4-13,15H,14H2,1-3H3,(H,27,29)","InChI=1S/C25H24N2OS/c1-4-21-20-13-17(3)7-11-23(20)29-24-12-10-19(14-22(24)27-21)25(28)26-15-18-8-5-16(2)6-9-18/h5-14H,4,15H2,1-3H3,(H,26,28)"
MCULE-9872399404,https://mcule.com/MCULE-9872399404/,,N1C2C=C(C=CC=2SC2C=CC=CC=2C=1CC)C(=O)NCC(OC)OC,CCC1=Nc2cc(C(=O)NCCOc3c(C)cccc3)ccc2Sc2c1cccc2,0.8795986622073578,0.0,0.93837357,0.97319597,0.0,1.0,0.79,0.07,370.474,1,"InChI=1S/C25H24N2O2S/c1-3-20-19-9-5-7-11-23(19)30-24-13-12-18(16-21(24)27-20)25(28)26-14-15-29-22-10-6-4-8-17(22)2/h4-13,16H,3,14-15H2,1-2H3,(H,26,28)","InChI=1S/C20H22N2O3S/c1-4-15-14-7-5-6-8-17(14)26-18-10-9-13(11-16(18)22-15)20(23)21-12-19(24-2)25-3/h5-11,19H,4,12H2,1-3H3,(H,21,23)"
MCULE-9681315168,https://mcule.com/MCULE-9681315168/,,N1C2C=C(C=CC=2SC2C=CC=CC=2C=1CC)C(NCCCC)=O,CCC1=Nc2cc(C(=O)NCCOc3c(C)cccc3)ccc2Sc2c1cccc2,0.8762886597938144,0.99240017,0.98793066,0.99603474,1.0,1.0,1.0,0.0,338.476,1,"InChI=1S/C25H24N2O2S/c1-3-20-19-9-5-7-11-23(19)30-24-13-12-18(16-21(24)27-20)25(28)26-14-15-29-22-10-6-4-8-17(22)2/h4-13,16H,3,14-15H2,1-2H3,(H,26,28)","InChI=1S/C20H22N2OS/c1-3-5-12-21-20(23)14-10-11-19-17(13-14)22-16(4-2)15-8-6-7-9-18(15)24-19/h6-11,13H,3-5,12H2,1-2H3,(H,21,23)"
MCULE-2326121181,https://mcule.com/MCULE-2326121181/,,N1C2C=C(C=CC=2SC2C=CC=CC=2C=1CC)C(NCCCOC(C)C)=O,CCC1=Nc2cc(C(=O)NCCOc3c(C)cccc3)ccc2Sc2c1cccc2,0.8720538720538721,0.9698787,0.9638649,0.9554058,1.0,1.0,0.86,0.089090906,382.529,1,"InChI=1S/C25H24N2O2S/c1-3-20-19-9-5-7-11-23(19)30-24-13-12-18(16-21(24)27-20)25(28)26-14-15-29-22-10-6-4-8-17(22)2/h4-13,16H,3,14-15H2,1-2H3,(H,26,28)","InChI=1S/C22H26N2O2S/c1-4-18-17-8-5-6-9-20(17)27-21-11-10-16(14-19(21)24-18)22(25)23-12-7-13-26-15(2)3/h5-6,8-11,14-15H,4,7,12-13H2,1-3H3,(H,23,25)"
MCULE-9301248301,https://mcule.com/MCULE-9301248301/,,N1C2C=C(C=CC=2SC2C=CC(Cl)=CC=2C=1CC)C(=O)NCC1=CC=CC=C1OC,CCC1=Nc2cc(C(=O)NCCOc3c(C)cccc3)ccc2Sc2c1cccc2,0.8694968553459119,0.9062657,0.8534572,0.95432323,1.0,1.0,0.67,0.09,436.964,1,"InChI=1S/C25H24N2O2S/c1-3-20-19-9-5-7-11-23(19)30-24-13-12-18(16-21(24)27-20)25(28)26-14-15-29-22-10-6-4-8-17(22)2/h4-13,16H,3,14-15H2,1-2H3,(H,26,28)","InChI=1S/C24H21ClN2O2S/c1-3-19-18-13-17(25)9-11-22(18)30-23-10-8-15(12-20(23)27-19)24(28)26-14-16-6-4-5-7-21(16)29-2/h4-13H,3,14H2,1-2H3,(H,26,28)"
ZINC000009608354,ZINC000009608354,3.0,CCC1=Nc2cc(C(=O)NCCCc3ccccc3)ccc2Sc4ccc(Br)cc41,CCC1=Nc2cc(C(=O)NCCOc3c(C)cccc3)ccc2Sc2c1cccc2,0.547945205479452,0.8791336,0.88917464,0.7512408,1.0,1.0,0.71,0.16,479.443,1,"InChI=1S/C25H24N2O2S/c1-3-20-19-9-5-7-11-23(19)30-24-13-12-18(16-21(24)27-20)25(28)26-14-15-29-22-10-6-4-8-17(22)2/h4-13,16H,3,14-15H2,1-2H3,(H,26,28)","InChI=1S/C25H23BrN2OS/c1-2-21-20-16-19(26)11-13-23(20)30-24-12-10-18(15-22(24)28-21)25(29)27-14-6-9-17-7-4-3-5-8-17/h3-5,7-8,10-13,15-16H,2,6,9,14H2,1H3,(H,27,29)"
MCULE-4298234344,https://mcule.com/MCULE-4298234344/,,N1C2C=C(C=CC=2SC2C=CC=CC=2C=1CCC)C(=O)NCC1=CC=C(C=C1)OC,CCC1=Nc2cc(C(=O)NCCOc3c(C)cccc3)ccc2Sc2c1cccc2,0.8885245901639345,0.969992,0.95449746,0.9795346,1.0,1.0,0.83,0.06,416.546,1,"InChI=1S/C25H24N2O2S/c1-3-20-19-9-5-7-11-23(19)30-24-13-12-18(16-21(24)27-20)25(28)26-14-15-29-22-10-6-4-8-17(22)2/h4-13,16H,3,14-15H2,1-2H3,(H,26,28)","InChI=1S/C25H24N2O2S/c1-3-6-21-20-7-4-5-8-23(20)30-24-14-11-18(15-22(24)27-21)25(28)26-16-17-9-12-19(29-2)13-10-17/h4-5,7-15H,3,6,16H2,1-2H3,(H,26,28)"
MCULE-1253350417,https://mcule.com/MCULE-1253350417/,,N1C2C=C(C=CC=2SC2C=CC=CC=2C=1CCC)C(=O)NCC1=CC=CC=C1OC,CCC1=Nc2cc(C(=O)NCCOc3c(C)cccc3)ccc2Sc2c1cccc2,0.8991869918699187,0.95218784,0.95449746,0.9011868,1.0,1.0,0.83,0.12,416.546,1,"InChI=1S/C25H24N2O2S/c1-3-20-19-9-5-7-11-23(19)30-24-13-12-18(16-21(24)27-20)25(28)26-14-15-29-22-10-6-4-8-17(22)2/h4-13,16H,3,14-15H2,1-2H3,(H,26,28)","InChI=1S/C25H24N2O2S/c1-3-8-20-19-10-5-7-12-23(19)30-24-14-13-17(15-21(24)27-20)25(28)26-16-18-9-4-6-11-22(18)29-2/h4-7,9-15H,3,8,16H2,1-2H3,(H,26,28)"
MCULE-2991428382,https://mcule.com/MCULE-2991428382/,,N1C2C=C(C=CC=2SC2C=CC(C)=CC=2C=1CC)C(=O)NCC1=CC=CC=C1OC,CCC1=Nc2cc(C(=O)NCCOc3c(C)cccc3)ccc2Sc2c1cccc2,0.8819776714513556,0.94966793,0.9284339,0.95432323,1.0,1.0,0.77,0.09,416.546,1,"InChI=1S/C25H24N2O2S/c1-3-20-19-9-5-7-11-23(19)30-24-13-12-18(16-21(24)27-20)25(28)26-14-15-29-22-10-6-4-8-17(22)2/h4-13,16H,3,14-15H2,1-2H3,(H,26,28)","InChI=1S/C25H24N2O2S/c1-4-20-19-13-16(2)9-11-23(19)30-24-12-10-17(14-21(24)27-20)25(28)26-15-18-7-5-6-8-22(18)29-3/h5-14H,4,15H2,1-3H3,(H,26,28)"
MCULE-9286432657,https://mcule.com/MCULE-9286432657/,,N1C2C=C(C=CC=2SC2C=CC(C)=CC=2C=1CC)C(=O)NCC1=CC=C(C=C1)OC,CCC1=Nc2cc(C(=O)NCCOc3c(C)cccc3)ccc2Sc2c1cccc2,0.8725806451612903,0.945596,0.9335762,0.9232107,1.0,1.0,0.78,0.11,416.546,1,"InChI=1S/C25H24N2O2S/c1-3-20-19-9-5-7-11-23(19)30-24-13-12-18(16-21(24)27-20)25(28)26-14-15-29-22-10-6-4-8-17(22)2/h4-13,16H,3,14-15H2,1-2H3,(H,26,28)","InChI=1S/C25H24N2O2S/c1-4-21-20-13-16(2)5-11-23(20)30-24-12-8-18(14-22(24)27-21)25(28)26-15-17-6-9-19(29-3)10-7-17/h5-14H,4,15H2,1-3H3,(H,26,28)"
ZINC000004930486,ZINC000004930486,3.0,CCCC1=Nc2cc(C(=O)NCCCc3ccccc3)ccc2Sc4ccccc41,CCC1=Nc2cc(C(=O)NCCOc3c(C)cccc3)ccc2Sc2c1cccc2,0.5352112676056338,0.9411403,0.90400314,0.9795346,1.0,1.0,0.73,0.06,414.574,1,"InChI=1S/C25H24N2O2S/c1-3-20-19-9-5-7-11-23(19)30-24-13-12-18(16-21(24)27-20)25(28)26-14-15-29-22-10-6-4-8-17(22)2/h4-13,16H,3,14-15H2,1-2H3,(H,26,28)","InChI=1S/C26H26N2OS/c1-2-9-22-21-13-6-7-14-24(21)30-25-16-15-20(18-23(25)28-22)26(29)27-17-8-12-19-10-4-3-5-11-19/h3-7,10-11,13-16,18H,2,8-9,12,17H2,1H3,(H,27,29)"
ZINC000004930405,ZINC000004930405,3.0,CCC1=Nc2cc(C(=O)NCCCc3ccccc3)ccc2Sc4ccc(C)cc41,CCC1=Nc2cc(C(=O)NCCOc3c(C)cccc3)ccc2Sc2c1cccc2,0.6,0.8645324,0.9229263,0.63474333,1.0,1.0,0.76,0.18,414.574,1,"InChI=1S/C25H24N2O2S/c1-3-20-19-9-5-7-11-23(19)30-24-13-12-18(16-21(24)27-20)25(28)26-14-15-29-22-10-6-4-8-17(22)2/h4-13,16H,3,14-15H2,1-2H3,(H,26,28)","InChI=1S/C26H26N2OS/c1-3-22-21-16-18(2)11-13-24(21)30-25-14-12-20(17-23(25)28-22)26(29)27-15-7-10-19-8-5-4-6-9-19/h4-6,8-9,11-14,16-17H,3,7,10,15H2,1-2H3,(H,27,29)"
MCULE-9865938357,https://mcule.com/MCULE-9865938357/,,N1C2C=C(C=CC=2SC2C=CC=CC=2C=1CCC)C(NCCC1C=CC(=CC=1)OCC)=O,CCC1=Nc2cc(C(=O)NCCOc3c(C)cccc3)ccc2Sc2c1cccc2,0.8923327895595432,0.924496,0.8723789,0.9881202,1.0,1.0,0.69,0.04,444.6,1,"InChI=1S/C25H24N2O2S/c1-3-20-19-9-5-7-11-23(19)30-24-13-12-18(16-21(24)27-20)25(28)26-14-15-29-22-10-6-4-8-17(22)2/h4-13,16H,3,14-15H2,1-2H3,(H,26,28)","InChI=1S/C27H28N2O2S/c1-3-7-23-22-8-5-6-9-25(22)32-26-15-12-20(18-24(26)29-23)27(30)28-17-16-19-10-13-21(14-11-19)31-4-2/h5-6,8-15,18H,3-4,7,16-17H2,1-2H3,(H,28,30)"
MCULE-2354057686,https://mcule.com/MCULE-2354057686/,,N1C2C=C(C=CC=2SC2C=CC(C)=CC=2C=1CC)C(NCCC1C=CC(=CC=1)OCC)=O,CCC1=Nc2cc(C(=O)NCCOc3c(C)cccc3)ccc2Sc2c1cccc2,0.8778135048231511,0.876733,0.80870515,0.94064903,1.0,1.0,0.63,0.1,444.6,1,"InChI=1S/C25H24N2O2S/c1-3-20-19-9-5-7-11-23(19)30-24-13-12-18(16-21(24)27-20)25(28)26-14-15-29-22-10-6-4-8-17(22)2/h4-13,16H,3,14-15H2,1-2H3,(H,26,28)","InChI=1S/C27H28N2O2S/c1-4-23-22-16-18(3)6-12-25(22)32-26-13-9-20(17-24(26)29-23)27(30)28-15-14-19-7-10-21(11-8-19)31-5-2/h6-13,16-17H,4-5,14-15H2,1-3H3,(H,28,30)"
MCULE-9872399404,https://mcule.com/MCULE-9872399404/,,N1C2C=C(C=CC=2SC2C=CC=CC=2C=1CC)C(=O)NCC(OC)OC,CCC1=Nc2cc(C(=O)NCCOc3cc(C)ccc3)ccc2Sc2c1cccc2,0.8868243243243243,0.0,0.93837357,0.97319597,0.0,1.0,0.79,0.07,370.474,1,"InChI=1S/C25H24N2O2S/c1-3-21-20-9-4-5-10-23(20)30-24-12-11-18(16-22(24)27-21)25(28)26-13-14-29-19-8-6-7-17(2)15-19/h4-12,15-16H,3,13-14H2,1-2H3,(H,26,28)","InChI=1S/C20H22N2O3S/c1-4-15-14-7-5-6-8-17(14)26-18-10-9-13(11-16(18)22-15)20(23)21-12-19(24-2)25-3/h5-11,19H,4,12H2,1-3H3,(H,21,23)"
MCULE-9681315168,https://mcule.com/MCULE-9681315168/,,N1C2C=C(C=CC=2SC2C=CC=CC=2C=1CC)C(NCCCC)=O,CCC1=Nc2cc(C(=O)NCCOc3cc(C)ccc3)ccc2Sc2c1cccc2,0.8869565217391304,0.99240017,0.98793066,0.99603474,1.0,1.0,1.0,0.0,338.476,1,"InChI=1S/C25H24N2O2S/c1-3-21-20-9-4-5-10-23(20)30-24-12-11-18(16-22(24)27-21)25(28)26-13-14-29-19-8-6-7-17(2)15-19/h4-12,15-16H,3,13-14H2,1-2H3,(H,26,28)","InChI=1S/C20H22N2OS/c1-3-5-12-21-20(23)14-10-11-19-17(13-14)22-16(4-2)15-8-6-7-9-18(15)24-19/h6-11,13H,3-5,12H2,1-2H3,(H,21,23)"
MCULE-3588716120,https://mcule.com/MCULE-3588716120/,,N1C2C=C(C=CC=2SC2C=CC=CC=2C=1CCC)C(NCCC)=O,CCC1=Nc2cc(C(=O)NCCOc3cc(C)ccc3)ccc2Sc2c1cccc2,0.8735042735042735,0.9685936,0.95449746,0.97319597,1.0,1.0,0.83,0.07,338.476,1,"InChI=1S/C25H24N2O2S/c1-3-21-20-9-4-5-10-23(20)30-24-12-11-18(16-22(24)27-21)25(28)26-13-14-29-19-8-6-7-17(2)15-19/h4-12,15-16H,3,13-14H2,1-2H3,(H,26,28)","InChI=1S/C20H22N2OS/c1-3-7-16-15-8-5-6-9-18(15)24-19-11-10-14(13-17(19)22-16)20(23)21-12-4-2/h5-6,8-11,13H,3-4,7,12H2,1-2H3,(H,21,23)"
MCULE-6742382703,https://mcule.com/MCULE-6742382703/,,N1C2C=C(C=CC=2SC2C=CC=CC=2C=1CC)C(=O)NC(C)CC,CCC1=Nc2cc(C(=O)NCCOc3cc(C)ccc3)ccc2Sc2c1cccc2,0.8732876712328768,0.87565285,0.796008,0.97319597,1.0,1.0,0.62,0.07,338.476,1,"InChI=1S/C25H24N2O2S/c1-3-21-20-9-4-5-10-23(20)30-24-12-11-18(16-22(24)27-21)25(28)26-13-14-29-19-8-6-7-17(2)15-19/h4-12,15-16H,3,13-14H2,1-2H3,(H,26,28)","InChI=1S/C20H22N2OS/c1-4-13(3)21-20(23)14-10-11-19-17(12-14)22-16(5-2)15-8-6-7-9-18(15)24-19/h6-13H,4-5H2,1-3H3,(H,21,23)"
MCULE-2326121181,https://mcule.com/MCULE-2326121181/,,N1C2C=C(C=CC=2SC2C=CC=CC=2C=1CC)C(NCCCOC(C)C)=O,CCC1=Nc2cc(C(=O)NCCOc3cc(C)ccc3)ccc2Sc2c1cccc2,0.8824531516183987,0.9698787,0.9638649,0.9554058,1.0,1.0,0.86,0.089090906,382.529,1,"InChI=1S/C25H24N2O2S/c1-3-21-20-9-4-5-10-23(20)30-24-12-11-18(16-22(24)27-21)25(28)26-13-14-29-19-8-6-7-17(2)15-19/h4-12,15-16H,3,13-14H2,1-2H3,(H,26,28)","InChI=1S/C22H26N2O2S/c1-4-18-17-8-5-6-9-20(17)27-21-11-10-16(14-19(21)24-18)22(25)23-12-7-13-26-15(2)3/h5-6,8-11,14-15H,4,7,12-13H2,1-3H3,(H,23,25)"
ZINC000009608354,ZINC000009608354,3.0,CCC1=Nc2cc(C(=O)NCCCc3ccccc3)ccc2Sc4ccc(Br)cc41,CCC1=Nc2cc(C(=O)NCCOc3cc(C)ccc3)ccc2Sc2c1cccc2,0.5540540540540541,0.8791336,0.88917464,0.7512408,1.0,1.0,0.71,0.16,479.443,1,"InChI=1S/C25H24N2O2S/c1-3-21-20-9-4-5-10-23(20)30-24-12-11-18(16-22(24)27-21)25(28)26-13-14-29-19-8-6-7-17(2)15-19/h4-12,15-16H,3,13-14H2,1-2H3,(H,26,28)","InChI=1S/C25H23BrN2OS/c1-2-21-20-16-19(26)11-13-23(20)30-24-12-10-18(15-22(24)28-21)25(29)27-14-6-9-17-7-4-3-5-8-17/h3-5,7-8,10-13,15-16H,2,6,9,14H2,1H3,(H,27,29)"
MCULE-4298234344,https://mcule.com/MCULE-4298234344/,,N1C2C=C(C=CC=2SC2C=CC=CC=2C=1CCC)C(=O)NCC1=CC=C(C=C1)OC,CCC1=Nc2cc(C(=O)NCCOc3cc(C)ccc3)ccc2Sc2c1cccc2,0.8956953642384106,0.969992,0.95449746,0.9795346,1.0,1.0,0.83,0.06,416.546,1,"InChI=1S/C25H24N2O2S/c1-3-21-20-9-4-5-10-23(20)30-24-12-11-18(16-22(24)27-21)25(28)26-13-14-29-19-8-6-7-17(2)15-19/h4-12,15-16H,3,13-14H2,1-2H3,(H,26,28)","InChI=1S/C25H24N2O2S/c1-3-6-21-20-7-4-5-8-23(20)30-24-14-11-18(15-22(24)27-21)25(28)26-16-17-9-12-19(29-2)13-10-17/h4-5,7-15H,3,6,16H2,1-2H3,(H,26,28)"
MCULE-1253350417,https://mcule.com/MCULE-1253350417/,,N1C2C=C(C=CC=2SC2C=CC=CC=2C=1CCC)C(=O)NCC1=CC=CC=C1OC,CCC1=Nc2cc(C(=O)NCCOc3cc(C)ccc3)ccc2Sc2c1cccc2,0.875605815831987,0.95218784,0.95449746,0.9011868,1.0,1.0,0.83,0.12,416.546,1,"InChI=1S/C25H24N2O2S/c1-3-21-20-9-4-5-10-23(20)30-24-12-11-18(16-22(24)27-21)25(28)26-13-14-29-19-8-6-7-17(2)15-19/h4-12,15-16H,3,13-14H2,1-2H3,(H,26,28)","InChI=1S/C25H24N2O2S/c1-3-8-20-19-10-5-7-12-23(19)30-24-14-13-17(15-21(24)27-20)25(28)26-16-18-9-4-6-11-22(18)29-2/h4-7,9-15H,3,8,16H2,1-2H3,(H,26,28)"
MCULE-9286432657,https://mcule.com/MCULE-9286432657/,,N1C2C=C(C=CC=2SC2C=CC(C)=CC=2C=1CC)C(=O)NCC1=CC=C(C=C1)OC,CCC1=Nc2cc(C(=O)NCCOc3cc(C)ccc3)ccc2Sc2c1cccc2,0.8825448613376835,0.945596,0.9335762,0.9232107,1.0,1.0,0.78,0.11,416.546,1,"InChI=1S/C25H24N2O2S/c1-3-21-20-9-4-5-10-23(20)30-24-12-11-18(16-22(24)27-21)25(28)26-13-14-29-19-8-6-7-17(2)15-19/h4-12,15-16H,3,13-14H2,1-2H3,(H,26,28)","InChI=1S/C25H24N2O2S/c1-4-21-20-13-16(2)5-11-23(20)30-24-12-8-18(14-22(24)27-21)25(28)26-15-17-6-9-19(29-3)10-7-17/h5-14H,4,15H2,1-3H3,(H,26,28)"
ZINC000004930486,ZINC000004930486,3.0,CCCC1=Nc2cc(C(=O)NCCCc3ccccc3)ccc2Sc4ccccc41,CCC1=Nc2cc(C(=O)NCCOc3cc(C)ccc3)ccc2Sc2c1cccc2,0.5416666666666666,0.9411403,0.90400314,0.9795346,1.0,1.0,0.73,0.06,414.574,1,"InChI=1S/C25H24N2O2S/c1-3-21-20-9-4-5-10-23(20)30-24-12-11-18(16-22(24)27-21)25(28)26-13-14-29-19-8-6-7-17(2)15-19/h4-12,15-16H,3,13-14H2,1-2H3,(H,26,28)","InChI=1S/C26H26N2OS/c1-2-9-22-21-13-6-7-14-24(21)30-25-16-15-20(18-23(25)28-22)26(29)27-17-8-12-19-10-4-3-5-11-19/h3-7,10-11,13-16,18H,2,8-9,12,17H2,1H3,(H,27,29)"
ZINC000004930405,ZINC000004930405,3.0,CCC1=Nc2cc(C(=O)NCCCc3ccccc3)ccc2Sc4ccc(C)cc41,CCC1=Nc2cc(C(=O)NCCOc3cc(C)ccc3)ccc2Sc2c1cccc2,0.6521739130434783,0.8645324,0.9229263,0.63474333,1.0,1.0,0.76,0.18,414.574,1,"InChI=1S/C25H24N2O2S/c1-3-21-20-9-4-5-10-23(20)30-24-12-11-18(16-22(24)27-21)25(28)26-13-14-29-19-8-6-7-17(2)15-19/h4-12,15-16H,3,13-14H2,1-2H3,(H,26,28)","InChI=1S/C26H26N2OS/c1-3-22-21-16-18(2)11-13-24(21)30-25-14-12-20(17-23(25)28-22)26(29)27-15-7-10-19-8-5-4-6-9-19/h4-6,8-9,11-14,16-17H,3,7,10,15H2,1-2H3,(H,27,29)"
ZINC000004712593,ZINC000004712593,2.0,CCC1=Nc2cc(C(=O)NCCc3cccc(C)c3)ccc2Sc4ccc(C)cc41,CCC1=Nc2cc(C(=O)NCCOc3cc(C)ccc3)ccc2Sc2c1cccc2,0.6617647058823529,0.9119947,0.8631931,0.95432323,1.0,1.0,0.68,0.09,414.574,1,"InChI=1S/C25H24N2O2S/c1-3-21-20-9-4-5-10-23(20)30-24-12-11-18(16-22(24)27-21)25(28)26-13-14-29-19-8-6-7-17(2)15-19/h4-12,15-16H,3,13-14H2,1-2H3,(H,26,28)","InChI=1S/C26H26N2OS/c1-4-22-21-15-18(3)8-10-24(21)30-25-11-9-20(16-23(25)28-22)26(29)27-13-12-19-7-5-6-17(2)14-19/h5-11,14-16H,4,12-13H2,1-3H3,(H,27,29)"
MCULE-9865938357,https://mcule.com/MCULE-9865938357/,,N1C2C=C(C=CC=2SC2C=CC=CC=2C=1CCC)C(NCCC1C=CC(=CC=1)OCC)=O,CCC1=Nc2cc(C(=O)NCCOc3cc(C)ccc3)ccc2Sc2c1cccc2,0.899505766062603,0.924496,0.8723789,0.9881202,1.0,1.0,0.69,0.04,444.6,1,"InChI=1S/C25H24N2O2S/c1-3-21-20-9-4-5-10-23(20)30-24-12-11-18(16-22(24)27-21)25(28)26-13-14-29-19-8-6-7-17(2)15-19/h4-12,15-16H,3,13-14H2,1-2H3,(H,26,28)","InChI=1S/C27H28N2O2S/c1-3-7-23-22-8-5-6-9-25(22)32-26-15-12-20(18-24(26)29-23)27(30)28-17-16-19-10-13-21(14-11-19)31-4-2/h5-6,8-15,18H,3-4,7,16-17H2,1-2H3,(H,28,30)"
MCULE-2354057686,https://mcule.com/MCULE-2354057686/,,N1C2C=C(C=CC=2SC2C=CC(C)=CC=2C=1CC)C(NCCC1C=CC(=CC=1)OCC)=O,CCC1=Nc2cc(C(=O)NCCOc3cc(C)ccc3)ccc2Sc2c1cccc2,0.8878048780487805,0.876733,0.80870515,0.94064903,1.0,1.0,0.63,0.1,444.6,1,"InChI=1S/C25H24N2O2S/c1-3-21-20-9-4-5-10-23(20)30-24-12-11-18(16-22(24)27-21)25(28)26-13-14-29-19-8-6-7-17(2)15-19/h4-12,15-16H,3,13-14H2,1-2H3,(H,26,28)","InChI=1S/C27H28N2O2S/c1-4-23-22-16-18(3)6-12-25(22)32-26-13-9-20(17-24(26)29-23)27(30)28-15-14-19-7-10-21(11-8-19)31-5-2/h6-13,16-17H,4-5,14-15H2,1-3H3,(H,28,30)"
MCULE-8278623228,https://mcule.com/MCULE-8278623228/,,N1=C(C=C(N=C1NC1=CC=C(C=C1)NC(C1=CC=CC=C1)=O)C)N1CCCCC1,O=C(c1ccc(C)cc1)Nc1ccc(N=c2[nH]c(N3CCCCCC3)cc(C)n2)cc1,0.7068403908794788,0.99240017,0.98793066,0.99603474,1.0,1.0,1.0,0.0,387.487,1,"InChI=1S/C25H29N5O/c1-18-7-9-20(10-8-18)24(31)27-21-11-13-22(14-12-21)28-25-26-19(2)17-23(29-25)30-15-5-3-4-6-16-30/h7-14,17H,3-6,15-16H2,1-2H3,(H,27,31)(H,26,28,29)","InChI=1S/C23H25N5O/c1-17-16-21(28-14-6-3-7-15-28)27-23(24-17)26-20-12-10-19(11-13-20)25-22(29)18-8-4-2-5-9-18/h2,4-5,8-13,16H,3,6-7,14-15H2,1H3,(H,25,29)(H,24,26,27)"
MCULE-1329927232,https://mcule.com/MCULE-1329927232/,,N1=C(C=C(N=C1NC1C=CC(=CC=1)NC(=O)C1C=CC(=CC=1)C)C)N1CCCCC1,O=C(c1ccc(C)cc1)Nc1ccc(N=c2[nH]c(N3CCCCCC3)cc(C)n2)cc1,0.7361563517915309,0.99240017,0.98793066,0.99603474,1.0,1.0,1.0,0.0,401.514,1,"InChI=1S/C25H29N5O/c1-18-7-9-20(10-8-18)24(31)27-21-11-13-22(14-12-21)28-25-26-19(2)17-23(29-25)30-15-5-3-4-6-16-30/h7-14,17H,3-6,15-16H2,1-2H3,(H,27,31)(H,26,28,29)","InChI=1S/C24H27N5O/c1-17-6-8-19(9-7-17)23(30)26-20-10-12-21(13-11-20)27-24-25-18(2)16-22(28-24)29-14-4-3-5-15-29/h6-13,16H,3-5,14-15H2,1-2H3,(H,26,30)(H,25,27,28)"
MCULE-5335059826,https://mcule.com/MCULE-5335059826/,,N1C2C=C(C=CC=2SC2C=CC(Cl)=CC=2C=1C)C(=O)NCC1C=CC=CC=1Cl,CC1=Nc2cc(C(=O)NCc3ccc4cc(Cl)ccc4c3)ccc2Sc2c1cccc2,0.8580750407830342,0.8947171,0.82078993,0.99312925,1.0,1.0,0.64,0.02,427.356,1,"InChI=1S/C26H19ClN2OS/c1-16-22-4-2-3-5-24(22)31-25-11-9-20(14-23(25)29-16)26(30)28-15-17-6-7-19-13-21(27)10-8-18(19)12-17/h2-14H,15H2,1H3,(H,28,30)","InChI=1S/C22H16Cl2N2OS/c1-13-17-11-16(23)7-9-20(17)28-21-8-6-14(10-19(21)26-13)22(27)25-12-15-4-2-3-5-18(15)24/h2-11H,12H2,1H3,(H,25,27)"
MCULE-6543484347,https://mcule.com/MCULE-6543484347/,,N1C2C=C(C=CC=2SC2C=CC(Cl)=CC=2C=1C)C(=O)NCC1=CC=C(C=C1)Cl,CC1=Nc2cc(C(=O)NCc3ccc4cc(Cl)ccc4c3)ccc2Sc2c1cccc2,0.8663366336633663,0.9154157,0.88917464,0.9011868,1.0,1.0,0.71,0.12,427.356,1,"InChI=1S/C26H19ClN2OS/c1-16-22-4-2-3-5-24(22)31-25-11-9-20(14-23(25)29-16)26(30)28-15-17-6-7-19-13-21(27)10-8-18(19)12-17/h2-14H,15H2,1H3,(H,28,30)","InChI=1S/C22H16Cl2N2OS/c1-13-18-11-17(24)7-9-20(18)28-21-8-4-15(10-19(21)26-13)22(27)25-12-14-2-5-16(23)6-3-14/h2-11H,12H2,1H3,(H,25,27)"
MCULE-1153524502,https://mcule.com/MCULE-1153524502/,,N1C2C=C(C=CC=2SC2C=CC(Cl)=CC=2C=1C)C(=O)NCC1C=CC=CC=1,CC1=Nc2cc(C(=O)NCc3ccc4cc(Cl)ccc4c3)ccc2Sc2c1cccc2,0.8836424957841484,0.8890152,0.82078993,0.9649643,1.0,1.0,0.64,0.08,392.911,1,"InChI=1S/C26H19ClN2OS/c1-16-22-4-2-3-5-24(22)31-25-11-9-20(14-23(25)29-16)26(30)28-15-17-6-7-19-13-21(27)10-8-18(19)12-17/h2-14H,15H2,1H3,(H,28,30)","InChI=1S/C22H17ClN2OS/c1-14-18-12-17(23)8-10-20(18)27-21-9-7-16(11-19(21)25-14)22(26)24-13-15-5-3-2-4-6-15/h2-12H,13H2,1H3,(H,24,26)"
MCULE-3162875168,https://mcule.com/MCULE-3162875168/,,N1C2C=C(C=CC=2SC2=CC=C(Cl)C=C2C=1C)C(=O)NCC1C=CC(=CC=1)C,CC1=Nc2cc(C(=O)NCc3ccc4cc(Cl)ccc4c3)ccc2Sc2c1cccc2,0.8694214876033057,0.94606656,0.91073215,0.98439837,1.0,1.0,0.74,0.05,406.938,1,"InChI=1S/C26H19ClN2OS/c1-16-22-4-2-3-5-24(22)31-25-11-9-20(14-23(25)29-16)26(30)28-15-17-6-7-19-13-21(27)10-8-18(19)12-17/h2-14H,15H2,1H3,(H,28,30)","InChI=1S/C23H19ClN2OS/c1-14-3-5-16(6-4-14)13-25-23(27)17-7-9-22-20(11-17)26-15(2)19-12-18(24)8-10-21(19)28-22/h3-12H,13H2,1-2H3,(H,25,27)"
MCULE-5074289166,https://mcule.com/MCULE-5074289166/,,N1C2C=C(C=CC=2SC2C=CC(C)=CC=2C=1C)C(=O)NCC1=CC=C(C=C1)Cl,CC1=Nc2cc(C(=O)NCc3ccc4cc(Cl)ccc4c3)ccc2Sc2c1cccc2,0.8766666666666667,0.90551126,0.8968244,0.8399507,1.0,1.0,0.72,0.14,406.938,1,"InChI=1S/C26H19ClN2OS/c1-16-22-4-2-3-5-24(22)31-25-11-9-20(14-23(25)29-16)26(30)28-15-17-6-7-19-13-21(27)10-8-18(19)12-17/h2-14H,15H2,1H3,(H,28,30)","InChI=1S/C23H19ClN2OS/c1-14-3-9-21-19(11-14)15(2)26-20-12-17(6-10-22(20)28-21)23(27)25-13-16-4-7-18(24)8-5-16/h3-12H,13H2,1-2H3,(H,25,27)"
MCULE-1997084486,https://mcule.com/MCULE-1997084486/,,N1C2C=C(C=CC=2SC2C=CC(Cl)=CC=2C=1CC)C(=O)NCC1C=CC=CC=1,CC1=Nc2cc(C(=O)NCc3ccc4cc(Cl)ccc4c3)ccc2Sc2c1cccc2,0.8511326860841424,0.84905577,0.9335762,0.56864136,1.0,1.0,0.78,0.19,406.938,1,"InChI=1S/C26H19ClN2OS/c1-16-22-4-2-3-5-24(22)31-25-11-9-20(14-23(25)29-16)26(30)28-15-17-6-7-19-13-21(27)10-8-18(19)12-17/h2-14H,15H2,1H3,(H,28,30)","InChI=1S/C23H19ClN2OS/c1-2-19-18-13-17(24)9-11-21(18)28-22-10-8-16(12-20(22)26-19)23(27)25-14-15-6-4-3-5-7-15/h3-13H,2,14H2,1H3,(H,25,27)"
MCULE-1599297501,https://mcule.com/MCULE-1599297501/,,N1C2C=C(C=CC=2SC2C=CC(C)=CC=2C=1CC)C(=O)NCC1=CC=C(C=C1)Cl,CC1=Nc2cc(C(=O)NCc3ccc4cc(Cl)ccc4c3)ccc2Sc2c1cccc2,0.8448,0.9431713,0.9170328,0.95432323,1.0,1.0,0.75,0.09,420.965,1,"InChI=1S/C26H19ClN2OS/c1-16-22-4-2-3-5-24(22)31-25-11-9-20(14-23(25)29-16)26(30)28-15-17-6-7-19-13-21(27)10-8-18(19)12-17/h2-14H,15H2,1H3,(H,28,30)","InChI=1S/C24H21ClN2OS/c1-3-20-19-12-15(2)4-10-22(19)29-23-11-7-17(13-21(23)27-20)24(28)26-14-16-5-8-18(25)9-6-16/h4-13H,3,14H2,1-2H3,(H,26,28)"
MCULE-1153524502,https://mcule.com/MCULE-1153524502/,,N1C2C=C(C=CC=2SC2C=CC(Cl)=CC=2C=1C)C(=O)NCC1C=CC=CC=1,CC1=Nc2cc(C(=O)NCc3ccc4cc(F)ccc4c3)ccc2Sc2c1cccc2,0.8275862068965517,0.8890152,0.82078993,0.9649643,1.0,1.0,0.64,0.08,392.911,1,"InChI=1S/C26H19FN2OS/c1-16-22-4-2-3-5-24(22)31-25-11-9-20(14-23(25)29-16)26(30)28-15-17-6-7-19-13-21(27)10-8-18(19)12-17/h2-14H,15H2,1H3,(H,28,30)","InChI=1S/C22H17ClN2OS/c1-14-18-12-17(23)8-10-20(18)27-21-9-7-16(11-19(21)25-14)22(26)24-13-15-5-3-2-4-6-15/h2-12H,13H2,1H3,(H,24,26)"
MCULE-1339597839,https://mcule.com/MCULE-1339597839/,,N1C2C=C(C=CC=2SC2C=CC(Cl)=CC=2C=1CC)C(=O)NCC1=CC=C(C=C1)F,CC1=Nc2cc(C(=O)NCc3ccc4cc(F)ccc4c3)ccc2Sc2c1cccc2,0.8226059654631083,0.8317034,0.94701153,0.5,1.0,1.0,0.81,0.2,424.928,1,"InChI=1S/C26H19FN2OS/c1-16-22-4-2-3-5-24(22)31-25-11-9-20(14-23(25)29-16)26(30)28-15-17-6-7-19-13-21(27)10-8-18(19)12-17/h2-14H,15H2,1H3,(H,28,30)","InChI=1S/C23H18ClFN2OS/c1-2-19-18-12-16(24)6-10-21(18)29-22-9-5-15(11-20(22)27-19)23(28)26-13-14-3-7-17(25)8-4-14/h3-12H,2,13H2,1H3,(H,26,28)"
MCULE-8454725046,https://mcule.com/MCULE-8454725046/,,N1C2C=C(C=CC=2SC2C=CC=CC=2C=1CC)C(=O)NCC1=CC=C(C=C1)F,CC1=Nc2cc(C(=O)NCc3ccc4cc(F)ccc4c3)ccc2Sc2c1cccc2,0.8718801996672213,0.9289299,0.957852,0.79924,1.0,1.0,0.84,0.15,390.483,1,"InChI=1S/C26H19FN2OS/c1-16-22-4-2-3-5-24(22)31-25-11-9-20(14-23(25)29-16)26(30)28-15-17-6-7-19-13-21(27)10-8-18(19)12-17/h2-14H,15H2,1H3,(H,28,30)","InChI=1S/C23H19FN2OS/c1-2-19-18-5-3-4-6-21(18)28-22-12-9-16(13-20(22)26-19)23(27)25-14-15-7-10-17(24)11-8-15/h3-13H,2,14H2,1H3,(H,25,27)"
MCULE-9257155722,https://mcule.com/MCULE-9257155722/,,N1C2C=C(C=CC=2SC2C=CC=CC=2C=1CCC)C(=O)NCC1=CC=C(C=C1)F,CC1=Nc2cc(C(=O)NCc3ccc4cc(F)ccc4c3)ccc2Sc2c1cccc2,0.8534201954397395,0.9306083,0.9609694,0.79924,1.0,1.0,0.85,0.15,404.51,1,"InChI=1S/C26H19FN2OS/c1-16-22-4-2-3-5-24(22)31-25-11-9-20(14-23(25)29-16)26(30)28-15-17-6-7-19-13-21(27)10-8-18(19)12-17/h2-14H,15H2,1H3,(H,28,30)","InChI=1S/C24H21FN2OS/c1-2-5-20-19-6-3-4-7-22(19)29-23-13-10-17(14-21(23)27-20)24(28)26-15-16-8-11-18(25)12-9-16/h3-4,6-14H,2,5,15H2,1H3,(H,26,28)"
MCULE-8318145015,https://mcule.com/MCULE-8318145015/,,N1C2C=C(C=CC=2SC2C=CC(C)=CC=2C=1CC)C(=O)NCC1=CC=C(C=C1)F,CC1=Nc2cc(C(=O)NCc3ccc4cc(F)ccc4c3)ccc2Sc2c1cccc2,0.8470209339774557,0.9340865,0.9335762,0.8737104,1.0,1.0,0.78,0.13,404.51,1,"InChI=1S/C26H19FN2OS/c1-16-22-4-2-3-5-24(22)31-25-11-9-20(14-23(25)29-16)26(30)28-15-17-6-7-19-13-21(27)10-8-18(19)12-17/h2-14H,15H2,1H3,(H,28,30)","InChI=1S/C24H21FN2OS/c1-3-20-19-12-15(2)4-10-22(19)29-23-11-7-17(13-21(23)27-20)24(28)26-14-16-5-8-18(25)9-6-16/h4-13H,3,14H2,1-2H3,(H,26,28)"
MCULE-2040607482,https://mcule.com/MCULE-2040607482/,,N1C2C=C(C=CC=2SC2C=CC(C)=CC=2C=1C)C(=O)NCC1=CC=C(C=C1)C,CC1=Nc2cc(C(=O)NCc3ccc4cc(F)ccc4c3)ccc2Sc2c1cccc2,0.8419301164725458,0.94321793,0.93837357,0.9011868,1.0,1.0,0.79,0.12,386.52,1,"InChI=1S/C26H19FN2OS/c1-16-22-4-2-3-5-24(22)31-25-11-9-20(14-23(25)29-16)26(30)28-15-17-6-7-19-13-21(27)10-8-18(19)12-17/h2-14H,15H2,1H3,(H,28,30)","InChI=1S/C24H22N2OS/c1-15-4-7-18(8-5-15)14-25-24(27)19-9-11-23-21(13-19)26-17(3)20-12-16(2)6-10-22(20)28-23/h4-13H,14H2,1-3H3,(H,25,27)"
MCULE-4087326320,https://mcule.com/MCULE-4087326320/,,N1C2C=C(C=CC=2SC2C=CC=CC=2C=1CCC)C(=O)NCC1C=CC=CC=1,CC1=Nc2cc(C(=O)NCc3ccc4cc(F)ccc4c3)ccc2Sc2c1cccc2,0.8327868852459016,0.97716236,0.9638649,0.9881202,1.0,1.0,0.86,0.04,386.52,1,"InChI=1S/C26H19FN2OS/c1-16-22-4-2-3-5-24(22)31-25-11-9-20(14-23(25)29-16)26(30)28-15-17-6-7-19-13-21(27)10-8-18(19)12-17/h2-14H,15H2,1H3,(H,28,30)","InChI=1S/C24H22N2OS/c1-2-8-20-19-11-6-7-12-22(19)28-23-14-13-18(15-21(23)26-20)24(27)25-16-17-9-4-3-5-10-17/h3-7,9-15H,2,8,16H2,1H3,(H,25,27)"
MCULE-1153524502,https://mcule.com/MCULE-1153524502/,,N1C2C=C(C=CC=2SC2C=CC(Cl)=CC=2C=1C)C(=O)NCC1C=CC=CC=1,CC1=Nc2cc(C(=O)NCc3ccc4ccccc4c3)ccc2Sc2c1cccc2,0.858603066439523,0.8890152,0.82078993,0.9649643,1.0,1.0,0.64,0.08,392.911,1,"InChI=1S/C26H20N2OS/c1-17-22-8-4-5-9-24(22)30-25-13-12-21(15-23(25)28-17)26(29)27-16-18-10-11-19-6-2-3-7-20(19)14-18/h2-15H,16H2,1H3,(H,27,29)","InChI=1S/C22H17ClN2OS/c1-14-18-12-17(23)8-10-20(18)27-21-9-7-16(11-19(21)25-14)22(26)24-13-15-5-3-2-4-6-15/h2-12H,13H2,1H3,(H,24,26)"
MCULE-3162875168,https://mcule.com/MCULE-3162875168/,,N1C2C=C(C=CC=2SC2=CC=C(Cl)C=C2C=1C)C(=O)NCC1C=CC(=CC=1)C,CC1=Nc2cc(C(=O)NCc3ccc4ccccc4c3)ccc2Sc2c1cccc2,0.8447412353923205,0.94606656,0.91073215,0.98439837,1.0,1.0,0.74,0.05,406.938,1,"InChI=1S/C26H20N2OS/c1-17-22-8-4-5-9-24(22)30-25-13-12-21(15-23(25)28-17)26(29)27-16-18-10-11-19-6-2-3-7-20(19)14-18/h2-15H,16H2,1H3,(H,27,29)","InChI=1S/C23H19ClN2OS/c1-14-3-5-16(6-4-14)13-25-23(27)17-7-9-22-20(11-17)26-15(2)19-12-18(24)8-10-21(19)28-22/h3-12H,13H2,1-2H3,(H,25,27)"
MCULE-5074289166,https://mcule.com/MCULE-5074289166/,,N1C2C=C(C=CC=2SC2C=CC(C)=CC=2C=1C)C(=O)NCC1=CC=C(C=C1)Cl,CC1=Nc2cc(C(=O)NCc3ccc4ccccc4c3)ccc2Sc2c1cccc2,0.8518518518518519,0.90551126,0.8968244,0.8399507,1.0,1.0,0.72,0.14,406.938,1,"InChI=1S/C26H20N2OS/c1-17-22-8-4-5-9-24(22)30-25-13-12-21(15-23(25)28-17)26(29)27-16-18-10-11-19-6-2-3-7-20(19)14-18/h2-15H,16H2,1H3,(H,27,29)","InChI=1S/C23H19ClN2OS/c1-14-3-9-21-19(11-14)15(2)26-20-12-17(6-10-22(20)28-21)23(27)25-13-16-4-7-18(24)8-5-16/h3-12H,13H2,1-2H3,(H,25,27)"
MCULE-8454725046,https://mcule.com/MCULE-8454725046/,,N1C2C=C(C=CC=2SC2C=CC=CC=2C=1CC)C(=O)NCC1=CC=C(C=C1)F,CC1=Nc2cc(C(=O)NCc3ccc4ccccc4c3)ccc2Sc2c1cccc2,0.853781512605042,0.9289299,0.957852,0.79924,1.0,1.0,0.84,0.15,390.483,1,"InChI=1S/C26H20N2OS/c1-17-22-8-4-5-9-24(22)30-25-13-12-21(15-23(25)28-17)26(29)27-16-18-10-11-19-6-2-3-7-20(19)14-18/h2-15H,16H2,1H3,(H,27,29)","InChI=1S/C23H19FN2OS/c1-2-19-18-5-3-4-6-21(18)28-22-12-9-16(13-20(22)26-19)23(27)25-14-15-7-10-17(24)11-8-15/h3-13H,2,14H2,1H3,(H,25,27)"
MCULE-5830374764,https://mcule.com/MCULE-5830374764/,,N1C2C=C(C=CC=2SC2C=CC=CC=2C=1C)C(NCCC1C=CC=CC=1)=O,CC1=Nc2cc(C(=O)NCc3ccc4ccccc4c3)ccc2Sc2c1cccc2,0.8458844133099825,0.885635,0.80870515,0.98439837,1.0,1.0,0.63,0.05,372.493,1,"InChI=1S/C26H20N2OS/c1-17-22-8-4-5-9-24(22)30-25-13-12-21(15-23(25)28-17)26(29)27-16-18-10-11-19-6-2-3-7-20(19)14-18/h2-15H,16H2,1H3,(H,27,29)","InChI=1S/C23H20N2OS/c1-16-19-9-5-6-10-21(19)27-22-12-11-18(15-20(22)25-16)23(26)24-14-13-17-7-3-2-4-8-17/h2-12,15H,13-14H2,1H3,(H,24,26)"
MCULE-2040607482,https://mcule.com/MCULE-2040607482/,,N1C2C=C(C=CC=2SC2C=CC(C)=CC=2C=1C)C(=O)NCC1=CC=C(C=C1)C,CC1=Nc2cc(C(=O)NCc3ccc4ccccc4c3)ccc2Sc2c1cccc2,0.8739205526770294,0.94321793,0.93837357,0.9011868,1.0,1.0,0.79,0.12,386.52,1,"InChI=1S/C26H20N2OS/c1-17-22-8-4-5-9-24(22)30-25-13-12-21(15-23(25)28-17)26(29)27-16-18-10-11-19-6-2-3-7-20(19)14-18/h2-15H,16H2,1H3,(H,27,29)","InChI=1S/C24H22N2OS/c1-15-4-7-18(8-5-15)14-25-24(27)19-9-11-23-21(13-19)26-17(3)20-12-16(2)6-10-22(20)28-23/h4-13H,14H2,1-3H3,(H,25,27)"
MCULE-4087326320,https://mcule.com/MCULE-4087326320/,,N1C2C=C(C=CC=2SC2C=CC=CC=2C=1CCC)C(=O)NCC1C=CC=CC=1,CC1=Nc2cc(C(=O)NCc3ccc4ccccc4c3)ccc2Sc2c1cccc2,0.8576271186440678,0.97716236,0.9638649,0.9881202,1.0,1.0,0.86,0.04,386.52,1,"InChI=1S/C26H20N2OS/c1-17-22-8-4-5-9-24(22)30-25-13-12-21(15-23(25)28-17)26(29)27-16-18-10-11-19-6-2-3-7-20(19)14-18/h2-15H,16H2,1H3,(H,27,29)","InChI=1S/C24H22N2OS/c1-2-8-20-19-11-6-7-12-22(19)28-23-14-13-18(15-21(23)26-20)24(27)25-16-17-9-4-3-5-10-17/h3-7,9-15H,2,8,16H2,1H3,(H,25,27)"
MCULE-9681315168,https://mcule.com/MCULE-9681315168/,,N1C2C=C(C=CC=2SC2C=CC=CC=2C=1CC)C(NCCCC)=O,CCC1=Nc2cc(C(=O)NCCCCc3ccccc3)ccc2Sc2c1cccc2,0.9664804469273744,0.99240017,0.98793066,0.99603474,1.0,1.0,1.0,0.0,338.476,1,"InChI=1S/C26H26N2OS/c1-2-22-21-13-6-7-14-24(21)30-25-16-15-20(18-23(25)28-22)26(29)27-17-9-8-12-19-10-4-3-5-11-19/h3-7,10-11,13-16,18H,2,8-9,12,17H2,1H3,(H,27,29)","InChI=1S/C20H22N2OS/c1-3-5-12-21-20(23)14-10-11-19-17(13-14)22-16(4-2)15-8-6-7-9-18(15)24-19/h6-11,13H,3-5,12H2,1-2H3,(H,21,23)"
MCULE-3588716120,https://mcule.com/MCULE-3588716120/,,N1C2C=C(C=CC=2SC2C=CC=CC=2C=1CCC)C(NCCC)=O,CCC1=Nc2cc(C(=O)NCCCCc3ccccc3)ccc2Sc2c1cccc2,0.9577981651376148,0.9685936,0.95449746,0.97319597,1.0,1.0,0.83,0.07,338.476,1,"InChI=1S/C26H26N2OS/c1-2-22-21-13-6-7-14-24(21)30-25-16-15-20(18-23(25)28-22)26(29)27-17-9-8-12-19-10-4-3-5-11-19/h3-7,10-11,13-16,18H,2,8-9,12,17H2,1H3,(H,27,29)","InChI=1S/C20H22N2OS/c1-3-7-16-15-8-5-6-9-18(15)24-19-11-10-14(13-17(19)22-16)20(23)21-12-4-2/h5-6,8-11,13H,3-4,7,12H2,1-2H3,(H,21,23)"
MCULE-6742382703,https://mcule.com/MCULE-6742382703/,,N1C2C=C(C=CC=2SC2C=CC=CC=2C=1CC)C(=O)NC(C)CC,CCC1=Nc2cc(C(=O)NCCCCc3ccccc3)ccc2Sc2c1cccc2,0.946983546617916,0.87565285,0.796008,0.97319597,1.0,1.0,0.62,0.07,338.476,1,"InChI=1S/C26H26N2OS/c1-2-22-21-13-6-7-14-24(21)30-25-16-15-20(18-23(25)28-22)26(29)27-17-9-8-12-19-10-4-3-5-11-19/h3-7,10-11,13-16,18H,2,8-9,12,17H2,1H3,(H,27,29)","InChI=1S/C20H22N2OS/c1-4-13(3)21-20(23)14-10-11-19-17(12-14)22-16(5-2)15-8-6-7-9-18(15)24-19/h6-13H,4-5H2,1-3H3,(H,21,23)"
MCULE-8571732010,https://mcule.com/MCULE-8571732010/,,N1C2C=C(C=CC=2SC2=CC=C(C)C=C2C=1CCC)C(NCCCC)=O,CCC1=Nc2cc(C(=O)NCCCCc3ccccc3)ccc2Sc2c1cccc2,0.9357142857142856,0.8709424,0.97733986,0.56864136,1.0,1.0,0.92,0.19,366.53,1,"InChI=1S/C26H26N2OS/c1-2-22-21-13-6-7-14-24(21)30-25-16-15-20(18-23(25)28-22)26(29)27-17-9-8-12-19-10-4-3-5-11-19/h3-7,10-11,13-16,18H,2,8-9,12,17H2,1H3,(H,27,29)","InChI=1S/C22H26N2OS/c1-4-6-12-23-22(25)16-9-11-21-19(14-16)24-18(7-5-2)17-13-15(3)8-10-20(17)26-21/h8-11,13-14H,4-7,12H2,1-3H3,(H,23,25)"
ZINC000009608354,ZINC000009608354,2.0,CCC1=Nc2cc(C(=O)NCCCc3ccccc3)ccc2Sc4ccc(Br)cc41,CCC1=Nc2cc(C(=O)NCCCCc3ccccc3)ccc2Sc2c1cccc2,0.7868852459016393,0.8791336,0.88917464,0.7512408,1.0,1.0,0.71,0.16,479.443,1,"InChI=1S/C26H26N2OS/c1-2-22-21-13-6-7-14-24(21)30-25-16-15-20(18-23(25)28-22)26(29)27-17-9-8-12-19-10-4-3-5-11-19/h3-7,10-11,13-16,18H,2,8-9,12,17H2,1H3,(H,27,29)","InChI=1S/C25H23BrN2OS/c1-2-21-20-16-19(26)11-13-23(20)30-24-12-10-18(15-22(24)28-21)25(29)27-14-6-9-17-7-4-3-5-8-17/h3-5,7-8,10-13,15-16H,2,6,9,14H2,1H3,(H,27,29)"
MCULE-3551346871,https://mcule.com/MCULE-3551346871/,,N1C2C=C(C=CC=2SC2C=CC=CC=2C=1CCC)C(NCCC1C=CC=CC=1)=O,CCC1=Nc2cc(C(=O)NCCCCc3ccccc3)ccc2Sc2c1cccc2,0.9443447037701976,0.9735318,0.9665531,0.9649643,1.0,1.0,0.87,0.08,400.547,1,"InChI=1S/C26H26N2OS/c1-2-22-21-13-6-7-14-24(21)30-25-16-15-20(18-23(25)28-22)26(29)27-17-9-8-12-19-10-4-3-5-11-19/h3-7,10-11,13-16,18H,2,8-9,12,17H2,1H3,(H,27,29)","InChI=1S/C25H24N2OS/c1-2-8-21-20-11-6-7-12-23(20)29-24-14-13-19(17-22(24)27-21)25(28)26-16-15-18-9-4-3-5-10-18/h3-7,9-14,17H,2,8,15-16H2,1H3,(H,26,28)"
ZINC000004930486,ZINC000004930486,2.0,CCCC1=Nc2cc(C(=O)NCCCc3ccccc3)ccc2Sc4ccccc41,CCC1=Nc2cc(C(=O)NCCCCc3ccccc3)ccc2Sc2c1cccc2,0.7796610169491526,0.9411403,0.90400314,0.9795346,1.0,1.0,0.73,0.06,414.574,1,"InChI=1S/C26H26N2OS/c1-2-22-21-13-6-7-14-24(21)30-25-16-15-20(18-23(25)28-22)26(29)27-17-9-8-12-19-10-4-3-5-11-19/h3-7,10-11,13-16,18H,2,8-9,12,17H2,1H3,(H,27,29)","InChI=1S/C26H26N2OS/c1-2-9-22-21-13-6-7-14-24(21)30-25-16-15-20(18-23(25)28-22)26(29)27-17-8-12-19-10-4-3-5-11-19/h3-7,10-11,13-16,18H,2,8-9,12,17H2,1H3,(H,27,29)"
MCULE-3502062233,https://mcule.com/MCULE-3502062233/,,N1C2C=C(C=CC=2SC2C=CC=CC=2C=1CCC)C(NCCCC1C=CC=CC=1)=O,CCC1=Nc2cc(C(=O)NCCCCc3ccccc3)ccc2Sc2c1cccc2,0.9726277372262774,0.9411403,0.90400314,0.9795346,1.0,1.0,0.73,0.06,414.574,1,"InChI=1S/C26H26N2OS/c1-2-22-21-13-6-7-14-24(21)30-25-16-15-20(18-23(25)28-22)26(29)27-17-9-8-12-19-10-4-3-5-11-19/h3-7,10-11,13-16,18H,2,8-9,12,17H2,1H3,(H,27,29)","InChI=1S/C26H26N2OS/c1-2-9-22-21-13-6-7-14-24(21)30-25-16-15-20(18-23(25)28-22)26(29)27-17-8-12-19-10-4-3-5-11-19/h3-7,10-11,13-16,18H,2,8-9,12,17H2,1H3,(H,27,29)"
ZINC000004930405,ZINC000004930405,2.0,CCC1=Nc2cc(C(=O)NCCCc3ccccc3)ccc2Sc4ccc(C)cc41,CCC1=Nc2cc(C(=O)NCCCCc3ccccc3)ccc2Sc2c1cccc2,0.8,0.8645324,0.9229263,0.63474333,1.0,1.0,0.76,0.18,414.574,1,"InChI=1S/C26H26N2OS/c1-2-22-21-13-6-7-14-24(21)30-25-16-15-20(18-23(25)28-22)26(29)27-17-9-8-12-19-10-4-3-5-11-19/h3-7,10-11,13-16,18H,2,8-9,12,17H2,1H3,(H,27,29)","InChI=1S/C26H26N2OS/c1-3-22-21-16-18(2)11-13-24(21)30-25-14-12-20(17-23(25)28-22)26(29)27-15-7-10-19-8-5-4-6-9-19/h4-6,8-9,11-14,16-17H,3,7,10,15H2,1-2H3,(H,27,29)"
MCULE-3090142097,https://mcule.com/MCULE-3090142097/,,N1C2C=C(C=CC=2SC2C=CC(C)=CC=2C=1CC)C(NCCCC1C=CC=CC=1)=O,CCC1=Nc2cc(C(=O)NCCCCc3ccccc3)ccc2Sc2c1cccc2,0.9395017793594306,0.8645324,0.9229263,0.63474333,1.0,1.0,0.76,0.18,414.574,1,"InChI=1S/C26H26N2OS/c1-2-22-21-13-6-7-14-24(21)30-25-16-15-20(18-23(25)28-22)26(29)27-17-9-8-12-19-10-4-3-5-11-19/h3-7,10-11,13-16,18H,2,8-9,12,17H2,1H3,(H,27,29)","InChI=1S/C26H26N2OS/c1-3-22-21-16-18(2)11-13-24(21)30-25-14-12-20(17-23(25)28-22)26(29)27-15-7-10-19-8-5-4-6-9-19/h4-6,8-9,11-14,16-17H,3,7,10,15H2,1-2H3,(H,27,29)"
MCULE-1186099515,https://mcule.com/MCULE-1186099515/,,N1C2C=C(C=CC=2SC2C=CC=CC=2C=1CCC)C(NCCC1=CC=C(C=C1)SC)=O,CCC1=Nc2cc(C(=O)NCCCCc3ccccc3)ccc2Sc2c1cccc2,0.9359430604982206,0.93563014,0.8968244,0.97319597,1.0,1.0,0.72,0.07,446.641,1,"InChI=1S/C26H26N2OS/c1-2-22-21-13-6-7-14-24(21)30-25-16-15-20(18-23(25)28-22)26(29)27-17-9-8-12-19-10-4-3-5-11-19/h3-7,10-11,13-16,18H,2,8-9,12,17H2,1H3,(H,27,29)","InChI=1S/C26H26N2OS2/c1-3-6-22-21-7-4-5-8-24(21)31-25-14-11-19(17-23(25)28-22)26(29)27-16-15-18-9-12-20(30-2)13-10-18/h4-5,7-14,17H,3,6,15-16H2,1-2H3,(H,27,29)"
MCULE-2252653599,https://mcule.com/MCULE-2252653599/,,N1C2C=C(C=CC=2SC2C=CC=CC=2C=1CCC)C(=O)NC(C)CCC1C=CC=CC=1,CCC1=Nc2cc(C(=O)NCCCCc3ccccc3)ccc2Sc2c1cccc2,0.9450354609929078,0.9142448,0.8631931,0.9649643,1.0,1.0,0.68,0.08,428.601,1,"InChI=1S/C26H26N2OS/c1-2-22-21-13-6-7-14-24(21)30-25-16-15-20(18-23(25)28-22)26(29)27-17-9-8-12-19-10-4-3-5-11-19/h3-7,10-11,13-16,18H,2,8-9,12,17H2,1H3,(H,27,29)","InChI=1S/C27H28N2OS/c1-3-9-23-22-12-7-8-13-25(22)31-26-17-16-21(18-24(26)29-23)27(30)28-19(2)14-15-20-10-5-4-6-11-20/h4-8,10-13,16-19H,3,9,14-15H2,1-2H3,(H,28,30)"
MCULE-9681315168,https://mcule.com/MCULE-9681315168/,,N1C2C=C(C=CC=2SC2C=CC=CC=2C=1CC)C(NCCCC)=O,CCC1=Nc2cc(C(=O)NCc3ccc4cc(F)ccc4c3)ccc2Sc2c1cccc2,0.8415841584158416,0.99240017,0.98793066,0.99603474,1.0,1.0,1.0,0.0,338.476,1,"InChI=1S/C27H21FN2OS/c1-2-23-22-5-3-4-6-25(22)32-26-12-10-20(15-24(26)30-23)27(31)29-16-17-7-8-19-14-21(28)11-9-18(19)13-17/h3-15H,2,16H2,1H3,(H,29,31)","InChI=1S/C20H22N2OS/c1-3-5-12-21-20(23)14-10-11-19-17(13-14)22-16(4-2)15-8-6-7-9-18(15)24-19/h6-11,13H,3-5,12H2,1-2H3,(H,21,23)"
MCULE-1339597839,https://mcule.com/MCULE-1339597839/,,N1C2C=C(C=CC=2SC2C=CC(Cl)=CC=2C=1CC)C(=O)NCC1=CC=C(C=C1)F,CCC1=Nc2cc(C(=O)NCc3ccc4cc(F)ccc4c3)ccc2Sc2c1cccc2,0.8618524332810047,0.8317034,0.94701153,0.5,1.0,1.0,0.81,0.2,424.928,1,"InChI=1S/C27H21FN2OS/c1-2-23-22-5-3-4-6-25(22)32-26-12-10-20(15-24(26)30-23)27(31)29-16-17-7-8-19-14-21(28)11-9-18(19)13-17/h3-15H,2,16H2,1H3,(H,29,31)","InChI=1S/C23H18ClFN2OS/c1-2-19-18-12-16(24)6-10-21(18)29-22-9-5-15(11-20(22)27-19)23(28)26-13-14-3-7-17(25)8-4-14/h3-12H,2,13H2,1H3,(H,26,28)"
MCULE-8454725046,https://mcule.com/MCULE-8454725046/,,N1C2C=C(C=CC=2SC2C=CC=CC=2C=1CC)C(=O)NCC1=CC=C(C=C1)F,CCC1=Nc2cc(C(=O)NCc3ccc4cc(F)ccc4c3)ccc2Sc2c1cccc2,0.913477537437604,0.9289299,0.957852,0.79924,1.0,1.0,0.84,0.15,390.483,1,"InChI=1S/C27H21FN2OS/c1-2-23-22-5-3-4-6-25(22)32-26-12-10-20(15-24(26)30-23)27(31)29-16-17-7-8-19-14-21(28)11-9-18(19)13-17/h3-15H,2,16H2,1H3,(H,29,31)","InChI=1S/C23H19FN2OS/c1-2-19-18-5-3-4-6-21(18)28-22-12-9-16(13-20(22)26-19)23(27)25-14-15-7-10-17(24)11-8-15/h3-13H,2,14H2,1H3,(H,25,27)"
MCULE-9257155722,https://mcule.com/MCULE-9257155722/,,N1C2C=C(C=CC=2SC2C=CC=CC=2C=1CCC)C(=O)NCC1=CC=C(C=C1)F,CCC1=Nc2cc(C(=O)NCc3ccc4cc(F)ccc4c3)ccc2Sc2c1cccc2,0.8941368078175895,0.9306083,0.9609694,0.79924,1.0,1.0,0.85,0.15,404.51,1,"InChI=1S/C27H21FN2OS/c1-2-23-22-5-3-4-6-25(22)32-26-12-10-20(15-24(26)30-23)27(31)29-16-17-7-8-19-14-21(28)11-9-18(19)13-17/h3-15H,2,16H2,1H3,(H,29,31)","InChI=1S/C24H21FN2OS/c1-2-5-20-19-6-3-4-7-22(19)29-23-13-10-17(14-21(23)27-20)24(28)26-15-16-8-11-18(25)12-9-16/h3-4,6-14H,2,5,15H2,1H3,(H,26,28)"
MCULE-8318145015,https://mcule.com/MCULE-8318145015/,,N1C2C=C(C=CC=2SC2C=CC(C)=CC=2C=1CC)C(=O)NCC1=CC=C(C=C1)F,CCC1=Nc2cc(C(=O)NCc3ccc4cc(F)ccc4c3)ccc2Sc2c1cccc2,0.8872785829307569,0.9340865,0.9335762,0.8737104,1.0,1.0,0.78,0.13,404.51,1,"InChI=1S/C27H21FN2OS/c1-2-23-22-5-3-4-6-25(22)32-26-12-10-20(15-24(26)30-23)27(31)29-16-17-7-8-19-14-21(28)11-9-18(19)13-17/h3-15H,2,16H2,1H3,(H,29,31)","InChI=1S/C24H21FN2OS/c1-3-20-19-12-15(2)4-10-22(19)29-23-11-7-17(13-21(23)27-20)24(28)26-14-16-5-8-18(25)9-6-16/h4-13H,3,14H2,1-2H3,(H,26,28)"
MCULE-4087326320,https://mcule.com/MCULE-4087326320/,,N1C2C=C(C=CC=2SC2C=CC=CC=2C=1CCC)C(=O)NCC1C=CC=CC=1,CCC1=Nc2cc(C(=O)NCc3ccc4cc(F)ccc4c3)ccc2Sc2c1cccc2,0.8737704918032787,0.97716236,0.9638649,0.9881202,1.0,1.0,0.86,0.04,386.52,1,"InChI=1S/C27H21FN2OS/c1-2-23-22-5-3-4-6-25(22)32-26-12-10-20(15-24(26)30-23)27(31)29-16-17-7-8-19-14-21(28)11-9-18(19)13-17/h3-15H,2,16H2,1H3,(H,29,31)","InChI=1S/C24H22N2OS/c1-2-8-20-19-11-6-7-12-22(19)28-23-14-13-18(15-21(23)26-20)24(27)25-16-17-9-4-3-5-10-17/h3-7,9-15H,2,8,16H2,1H3,(H,25,27)"
MCULE-5769957136,https://mcule.com/MCULE-5769957136/,,N1C2C=C(C=CC=2SC2C=CC=CC=2C=1CCC)C(=O)NC(C)C1=CC=CC=C1,CCC1=Nc2cc(C(=O)NCc3ccc4cc(F)ccc4c3)ccc2Sc2c1cccc2,0.8476190476190476,0.9369809,0.8968244,0.9795346,1.0,1.0,0.72,0.06,400.547,1,"InChI=1S/C27H21FN2OS/c1-2-23-22-5-3-4-6-25(22)32-26-12-10-20(15-24(26)30-23)27(31)29-16-17-7-8-19-14-21(28)11-9-18(19)13-17/h3-15H,2,16H2,1H3,(H,29,31)","InChI=1S/C25H24N2OS/c1-3-9-21-20-12-7-8-13-23(20)29-24-15-14-19(16-22(24)27-21)25(28)26-17(2)18-10-5-4-6-11-18/h4-8,10-17H,3,9H2,1-2H3,(H,26,28)"
MCULE-6561969005,https://mcule.com/MCULE-6561969005/,,N1C2C=C(C=CC=2SC2=CC=C(C)C=C2C=1CC)C(=O)NCC1C=CC(=CC=1)C,CCC1=Nc2cc(C(=O)NCc3ccc4cc(F)ccc4c3)ccc2Sc2c1cccc2,0.8544,0.9271211,0.95449746,0.79924,1.0,1.0,0.83,0.15,400.547,1,"InChI=1S/C27H21FN2OS/c1-2-23-22-5-3-4-6-25(22)32-26-12-10-20(15-24(26)30-23)27(31)29-16-17-7-8-19-14-21(28)11-9-18(19)13-17/h3-15H,2,16H2,1H3,(H,29,31)","InChI=1S/C25H24N2OS/c1-4-21-20-13-17(3)7-11-23(20)29-24-12-10-19(14-22(24)27-21)25(28)26-15-18-8-5-16(2)6-9-18/h5-14H,4,15H2,1-3H3,(H,26,28)"
MCULE-6622690555,https://mcule.com/MCULE-6622690555/,,N1C2C=C(C=CC=2SC2C=CC(C)=CC=2C=1CC)C(=O)NC(C)C1=CC=CC=C1,CCC1=Nc2cc(C(=O)NCc3ccc4cc(F)ccc4c3)ccc2Sc2c1cccc2,0.8440944881889764,0.8919808,0.82078993,0.9795346,1.0,1.0,0.64,0.06,400.547,1,"InChI=1S/C27H21FN2OS/c1-2-23-22-5-3-4-6-25(22)32-26-12-10-20(15-24(26)30-23)27(31)29-16-17-7-8-19-14-21(28)11-9-18(19)13-17/h3-15H,2,16H2,1H3,(H,29,31)","InChI=1S/C25H24N2OS/c1-4-21-20-14-16(2)10-12-23(20)29-24-13-11-19(15-22(24)27-21)25(28)26-17(3)18-8-6-5-7-9-18/h5-15,17H,4H2,1-3H3,(H,26,28)"
MCULE-9681315168,https://mcule.com/MCULE-9681315168/,,N1C2C=C(C=CC=2SC2C=CC=CC=2C=1CC)C(NCCCC)=O,CCC1=Nc2cc(C(=O)NCc3c4c(cccc4)ccc3)ccc2Sc2c1cccc2,0.8585858585858586,0.99240017,0.98793066,0.99603474,1.0,1.0,1.0,0.0,338.476,1,"InChI=1S/C27H22N2OS/c1-2-23-22-12-5-6-13-25(22)31-26-15-14-19(16-24(26)29-23)27(30)28-17-20-10-7-9-18-8-3-4-11-21(18)20/h3-16H,2,17H2,1H3,(H,28,30)","InChI=1S/C20H22N2OS/c1-3-5-12-21-20(23)14-10-11-19-17(13-14)22-16(4-2)15-8-6-7-9-18(15)24-19/h6-11,13H,3-5,12H2,1-2H3,(H,21,23)"
MCULE-9681315168,https://mcule.com/MCULE-9681315168/,,N1C2C=C(C=CC=2SC2C=CC=CC=2C=1CC)C(NCCCC)=O,CCC1=Nc2cc(C(=O)NCc3c4ccccc4ccc3)ccc2Sc2c1cccc2,0.8585858585858586,0.99240017,0.98793066,0.99603474,1.0,1.0,1.0,0.0,338.476,1,"InChI=1S/C27H22N2OS/c1-2-23-22-12-5-6-13-25(22)31-26-15-14-19(16-24(26)29-23)27(30)28-17-20-10-7-9-18-8-3-4-11-21(18)20/h3-16H,2,17H2,1H3,(H,28,30)","InChI=1S/C20H22N2OS/c1-3-5-12-21-20(23)14-10-11-19-17(13-14)22-16(4-2)15-8-6-7-9-18(15)24-19/h6-11,13H,3-5,12H2,1-2H3,(H,21,23)"
MCULE-1997084486,https://mcule.com/MCULE-1997084486/,,N1C2C=C(C=CC=2SC2C=CC(Cl)=CC=2C=1CC)C(=O)NCC1C=CC=CC=1,CCC1=Nc2cc(C(=O)NCc3c4c(cccc4)ccc3)ccc2Sc2c1cccc2,0.856682769726248,0.84905577,0.9335762,0.56864136,1.0,1.0,0.78,0.19,406.938,1,"InChI=1S/C27H22N2OS/c1-2-23-22-12-5-6-13-25(22)31-26-15-14-19(16-24(26)29-23)27(30)28-17-20-10-7-9-18-8-3-4-11-21(18)20/h3-16H,2,17H2,1H3,(H,28,30)","InChI=1S/C23H19ClN2OS/c1-2-19-18-13-17(24)9-11-21(18)28-22-10-8-16(12-20(22)26-19)23(27)25-14-15-6-4-3-5-7-15/h3-13H,2,14H2,1H3,(H,25,27)"
MCULE-1997084486,https://mcule.com/MCULE-1997084486/,,N1C2C=C(C=CC=2SC2C=CC(Cl)=CC=2C=1CC)C(=O)NCC1C=CC=CC=1,CCC1=Nc2cc(C(=O)NCc3c4ccccc4ccc3)ccc2Sc2c1cccc2,0.856682769726248,0.84905577,0.9335762,0.56864136,1.0,1.0,0.78,0.19,406.938,1,"InChI=1S/C27H22N2OS/c1-2-23-22-12-5-6-13-25(22)31-26-15-14-19(16-24(26)29-23)27(30)28-17-20-10-7-9-18-8-3-4-11-21(18)20/h3-16H,2,17H2,1H3,(H,28,30)","InChI=1S/C23H19ClN2OS/c1-2-19-18-13-17(24)9-11-21(18)28-22-10-8-16(12-20(22)26-19)23(27)25-14-15-6-4-3-5-7-15/h3-13H,2,14H2,1H3,(H,25,27)"
MCULE-8454725046,https://mcule.com/MCULE-8454725046/,,N1C2C=C(C=CC=2SC2C=CC=CC=2C=1CC)C(=O)NCC1=CC=C(C=C1)F,CCC1=Nc2cc(C(=O)NCc3c4c(cccc4)ccc3)ccc2Sc2c1cccc2,0.8872305140961857,0.9289299,0.957852,0.79924,1.0,1.0,0.84,0.15,390.483,1,"InChI=1S/C27H22N2OS/c1-2-23-22-12-5-6-13-25(22)31-26-15-14-19(16-24(26)29-23)27(30)28-17-20-10-7-9-18-8-3-4-11-21(18)20/h3-16H,2,17H2,1H3,(H,28,30)","InChI=1S/C23H19FN2OS/c1-2-19-18-5-3-4-6-21(18)28-22-12-9-16(13-20(22)26-19)23(27)25-14-15-7-10-17(24)11-8-15/h3-13H,2,14H2,1H3,(H,25,27)"
MCULE-8454725046,https://mcule.com/MCULE-8454725046/,,N1C2C=C(C=CC=2SC2C=CC=CC=2C=1CC)C(=O)NCC1=CC=C(C=C1)F,CCC1=Nc2cc(C(=O)NCc3c4ccccc4ccc3)ccc2Sc2c1cccc2,0.8872305140961857,0.9289299,0.957852,0.79924,1.0,1.0,0.84,0.15,390.483,1,"InChI=1S/C27H22N2OS/c1-2-23-22-12-5-6-13-25(22)31-26-15-14-19(16-24(26)29-23)27(30)28-17-20-10-7-9-18-8-3-4-11-21(18)20/h3-16H,2,17H2,1H3,(H,28,30)","InChI=1S/C23H19FN2OS/c1-2-19-18-5-3-4-6-21(18)28-22-12-9-16(13-20(22)26-19)23(27)25-14-15-7-10-17(24)11-8-15/h3-13H,2,14H2,1H3,(H,25,27)"
MCULE-9257155722,https://mcule.com/MCULE-9257155722/,,N1C2C=C(C=CC=2SC2C=CC=CC=2C=1CCC)C(=O)NCC1=CC=C(C=C1)F,CCC1=Nc2cc(C(=O)NCc3c4c(cccc4)ccc3)ccc2Sc2c1cccc2,0.8685064935064936,0.9306083,0.9609694,0.79924,1.0,1.0,0.85,0.15,404.51,1,"InChI=1S/C27H22N2OS/c1-2-23-22-12-5-6-13-25(22)31-26-15-14-19(16-24(26)29-23)27(30)28-17-20-10-7-9-18-8-3-4-11-21(18)20/h3-16H,2,17H2,1H3,(H,28,30)","InChI=1S/C24H21FN2OS/c1-2-5-20-19-6-3-4-7-22(19)29-23-13-10-17(14-21(23)27-20)24(28)26-15-16-8-11-18(25)12-9-16/h3-4,6-14H,2,5,15H2,1H3,(H,26,28)"
MCULE-9257155722,https://mcule.com/MCULE-9257155722/,,N1C2C=C(C=CC=2SC2C=CC=CC=2C=1CCC)C(=O)NCC1=CC=C(C=C1)F,CCC1=Nc2cc(C(=O)NCc3c4ccccc4ccc3)ccc2Sc2c1cccc2,0.8685064935064936,0.9306083,0.9609694,0.79924,1.0,1.0,0.85,0.15,404.51,1,"InChI=1S/C27H22N2OS/c1-2-23-22-12-5-6-13-25(22)31-26-15-14-19(16-24(26)29-23)27(30)28-17-20-10-7-9-18-8-3-4-11-21(18)20/h3-16H,2,17H2,1H3,(H,28,30)","InChI=1S/C24H21FN2OS/c1-2-5-20-19-6-3-4-7-22(19)29-23-13-10-17(14-21(23)27-20)24(28)26-15-16-8-11-18(25)12-9-16/h3-4,6-14H,2,5,15H2,1H3,(H,26,28)"
MCULE-8318145015,https://mcule.com/MCULE-8318145015/,,N1C2C=C(C=CC=2SC2C=CC(C)=CC=2C=1CC)C(=O)NCC1=CC=C(C=C1)F,CCC1=Nc2cc(C(=O)NCc3c4c(cccc4)ccc3)ccc2Sc2c1cccc2,0.8679549114331723,0.9340865,0.9335762,0.8737104,1.0,1.0,0.78,0.13,404.51,1,"InChI=1S/C27H22N2OS/c1-2-23-22-12-5-6-13-25(22)31-26-15-14-19(16-24(26)29-23)27(30)28-17-20-10-7-9-18-8-3-4-11-21(18)20/h3-16H,2,17H2,1H3,(H,28,30)","InChI=1S/C24H21FN2OS/c1-3-20-19-12-15(2)4-10-22(19)29-23-11-7-17(13-21(23)27-20)24(28)26-14-16-5-8-18(25)9-6-16/h4-13H,3,14H2,1-2H3,(H,26,28)"
MCULE-8318145015,https://mcule.com/MCULE-8318145015/,,N1C2C=C(C=CC=2SC2C=CC(C)=CC=2C=1CC)C(=O)NCC1=CC=C(C=C1)F,CCC1=Nc2cc(C(=O)NCc3c4ccccc4ccc3)ccc2Sc2c1cccc2,0.8679549114331723,0.9340865,0.9335762,0.8737104,1.0,1.0,0.78,0.13,404.51,1,"InChI=1S/C27H22N2OS/c1-2-23-22-12-5-6-13-25(22)31-26-15-14-19(16-24(26)29-23)27(30)28-17-20-10-7-9-18-8-3-4-11-21(18)20/h3-16H,2,17H2,1H3,(H,28,30)","InChI=1S/C24H21FN2OS/c1-3-20-19-12-15(2)4-10-22(19)29-23-11-7-17(13-21(23)27-20)24(28)26-14-16-5-8-18(25)9-6-16/h4-13H,3,14H2,1-2H3,(H,26,28)"
MCULE-4087326320,https://mcule.com/MCULE-4087326320/,,N1C2C=C(C=CC=2SC2C=CC=CC=2C=1CCC)C(=O)NCC1C=CC=CC=1,CCC1=Nc2cc(C(=O)NCc3c4c(cccc4)ccc3)ccc2Sc2c1cccc2,0.8913043478260869,0.97716236,0.9638649,0.9881202,1.0,1.0,0.86,0.04,386.52,1,"InChI=1S/C27H22N2OS/c1-2-23-22-12-5-6-13-25(22)31-26-15-14-19(16-24(26)29-23)27(30)28-17-20-10-7-9-18-8-3-4-11-21(18)20/h3-16H,2,17H2,1H3,(H,28,30)","InChI=1S/C24H22N2OS/c1-2-8-20-19-11-6-7-12-22(19)28-23-14-13-18(15-21(23)26-20)24(27)25-16-17-9-4-3-5-10-17/h3-7,9-15H,2,8,16H2,1H3,(H,25,27)"
MCULE-4087326320,https://mcule.com/MCULE-4087326320/,,N1C2C=C(C=CC=2SC2C=CC=CC=2C=1CCC)C(=O)NCC1C=CC=CC=1,CCC1=Nc2cc(C(=O)NCc3c4ccccc4ccc3)ccc2Sc2c1cccc2,0.8913043478260869,0.97716236,0.9638649,0.9881202,1.0,1.0,0.86,0.04,386.52,1,"InChI=1S/C27H22N2OS/c1-2-23-22-12-5-6-13-25(22)31-26-15-14-19(16-24(26)29-23)27(30)28-17-20-10-7-9-18-8-3-4-11-21(18)20/h3-16H,2,17H2,1H3,(H,28,30)","InChI=1S/C24H22N2OS/c1-2-8-20-19-11-6-7-12-22(19)28-23-14-13-18(15-21(23)26-20)24(27)25-16-17-9-4-3-5-10-17/h3-7,9-15H,2,8,16H2,1H3,(H,25,27)"
MCULE-5769957136,https://mcule.com/MCULE-5769957136/,,N1C2C=C(C=CC=2SC2C=CC=CC=2C=1CCC)C(=O)NC(C)C1=CC=CC=C1,CCC1=Nc2cc(C(=O)NCc3c4c(cccc4)ccc3)ccc2Sc2c1cccc2,0.8610662358642972,0.9369809,0.8968244,0.9795346,1.0,1.0,0.72,0.06,400.547,1,"InChI=1S/C27H22N2OS/c1-2-23-22-12-5-6-13-25(22)31-26-15-14-19(16-24(26)29-23)27(30)28-17-20-10-7-9-18-8-3-4-11-21(18)20/h3-16H,2,17H2,1H3,(H,28,30)","InChI=1S/C25H24N2OS/c1-3-9-21-20-12-7-8-13-23(20)29-24-15-14-19(16-22(24)27-21)25(28)26-17(2)18-10-5-4-6-11-18/h4-8,10-17H,3,9H2,1-2H3,(H,26,28)"
MCULE-5769957136,https://mcule.com/MCULE-5769957136/,,N1C2C=C(C=CC=2SC2C=CC=CC=2C=1CCC)C(=O)NC(C)C1=CC=CC=C1,CCC1=Nc2cc(C(=O)NCc3c4ccccc4ccc3)ccc2Sc2c1cccc2,0.8610662358642972,0.9369809,0.8968244,0.9795346,1.0,1.0,0.72,0.06,400.547,1,"InChI=1S/C27H22N2OS/c1-2-23-22-12-5-6-13-25(22)31-26-15-14-19(16-24(26)29-23)27(30)28-17-20-10-7-9-18-8-3-4-11-21(18)20/h3-16H,2,17H2,1H3,(H,28,30)","InChI=1S/C25H24N2OS/c1-3-9-21-20-12-7-8-13-23(20)29-24-15-14-19(16-22(24)27-21)25(28)26-17(2)18-10-5-4-6-11-18/h4-8,10-17H,3,9H2,1-2H3,(H,26,28)"
MCULE-6561969005,https://mcule.com/MCULE-6561969005/,,N1C2C=C(C=CC=2SC2=CC=C(C)C=C2C=1CC)C(=O)NCC1C=CC(=CC=1)C,CCC1=Nc2cc(C(=O)NCc3c4c(cccc4)ccc3)ccc2Sc2c1cccc2,0.8772504091653028,0.9271211,0.95449746,0.79924,1.0,1.0,0.83,0.15,400.547,1,"InChI=1S/C27H22N2OS/c1-2-23-22-12-5-6-13-25(22)31-26-15-14-19(16-24(26)29-23)27(30)28-17-20-10-7-9-18-8-3-4-11-21(18)20/h3-16H,2,17H2,1H3,(H,28,30)","InChI=1S/C25H24N2OS/c1-4-21-20-13-17(3)7-11-23(20)29-24-12-10-19(14-22(24)27-21)25(28)26-15-18-8-5-16(2)6-9-18/h5-14H,4,15H2,1-3H3,(H,26,28)"
MCULE-6561969005,https://mcule.com/MCULE-6561969005/,,N1C2C=C(C=CC=2SC2=CC=C(C)C=C2C=1CC)C(=O)NCC1C=CC(=CC=1)C,CCC1=Nc2cc(C(=O)NCc3c4ccccc4ccc3)ccc2Sc2c1cccc2,0.8772504091653028,0.9271211,0.95449746,0.79924,1.0,1.0,0.83,0.15,400.547,1,"InChI=1S/C27H22N2OS/c1-2-23-22-12-5-6-13-25(22)31-26-15-14-19(16-24(26)29-23)27(30)28-17-20-10-7-9-18-8-3-4-11-21(18)20/h3-16H,2,17H2,1H3,(H,28,30)","InChI=1S/C25H24N2OS/c1-4-21-20-13-17(3)7-11-23(20)29-24-12-10-19(14-22(24)27-21)25(28)26-15-18-8-5-16(2)6-9-18/h5-14H,4,15H2,1-3H3,(H,26,28)"
MCULE-6622690555,https://mcule.com/MCULE-6622690555/,,N1C2C=C(C=CC=2SC2C=CC(C)=CC=2C=1CC)C(=O)NC(C)C1=CC=CC=C1,CCC1=Nc2cc(C(=O)NCc3c4c(cccc4)ccc3)ccc2Sc2c1cccc2,0.8633440514469454,0.8919808,0.82078993,0.9795346,1.0,1.0,0.64,0.06,400.547,1,"InChI=1S/C27H22N2OS/c1-2-23-22-12-5-6-13-25(22)31-26-15-14-19(16-24(26)29-23)27(30)28-17-20-10-7-9-18-8-3-4-11-21(18)20/h3-16H,2,17H2,1H3,(H,28,30)","InChI=1S/C25H24N2OS/c1-4-21-20-14-16(2)10-12-23(20)29-24-13-11-19(15-22(24)27-21)25(28)26-17(3)18-8-6-5-7-9-18/h5-15,17H,4H2,1-3H3,(H,26,28)"
MCULE-6622690555,https://mcule.com/MCULE-6622690555/,,N1C2C=C(C=CC=2SC2C=CC(C)=CC=2C=1CC)C(=O)NC(C)C1=CC=CC=C1,CCC1=Nc2cc(C(=O)NCc3c4ccccc4ccc3)ccc2Sc2c1cccc2,0.8633440514469454,0.8919808,0.82078993,0.9795346,1.0,1.0,0.64,0.06,400.547,1,"InChI=1S/C27H22N2OS/c1-2-23-22-12-5-6-13-25(22)31-26-15-14-19(16-24(26)29-23)27(30)28-17-20-10-7-9-18-8-3-4-11-21(18)20/h3-16H,2,17H2,1H3,(H,28,30)","InChI=1S/C25H24N2OS/c1-4-21-20-14-16(2)10-12-23(20)29-24-13-11-19(15-22(24)27-21)25(28)26-17(3)18-8-6-5-7-9-18/h5-15,17H,4H2,1-3H3,(H,26,28)"
MCULE-9681315168,https://mcule.com/MCULE-9681315168/,,N1C2C=C(C=CC=2SC2C=CC=CC=2C=1CC)C(NCCCC)=O,CCC1=Nc2cc(C(=O)NCc3ccc4ccccc4c3)ccc2Sc2c1cccc2,0.8717948717948718,0.99240017,0.98793066,0.99603474,1.0,1.0,1.0,0.0,338.476,1,"InChI=1S/C27H22N2OS/c1-2-23-22-9-5-6-10-25(22)31-26-14-13-21(16-24(26)29-23)27(30)28-17-18-11-12-19-7-3-4-8-20(19)15-18/h3-16H,2,17H2,1H3,(H,28,30)","InChI=1S/C20H22N2OS/c1-3-5-12-21-20(23)14-10-11-19-17(13-14)22-16(4-2)15-8-6-7-9-18(15)24-19/h6-11,13H,3-5,12H2,1-2H3,(H,21,23)"
MCULE-1997084486,https://mcule.com/MCULE-1997084486/,,N1C2C=C(C=CC=2SC2C=CC(Cl)=CC=2C=1CC)C(=O)NCC1C=CC=CC=1,CCC1=Nc2cc(C(=O)NCc3ccc4ccccc4c3)ccc2Sc2c1cccc2,0.869281045751634,0.84905577,0.9335762,0.56864136,1.0,1.0,0.78,0.19,406.938,1,"InChI=1S/C27H22N2OS/c1-2-23-22-9-5-6-10-25(22)31-26-14-13-21(16-24(26)29-23)27(30)28-17-18-11-12-19-7-3-4-8-20(19)15-18/h3-16H,2,17H2,1H3,(H,28,30)","InChI=1S/C23H19ClN2OS/c1-2-19-18-13-17(24)9-11-21(18)28-22-10-8-16(12-20(22)26-19)23(27)25-14-15-6-4-3-5-7-15/h3-13H,2,14H2,1H3,(H,25,27)"
MCULE-8454725046,https://mcule.com/MCULE-8454725046/,,N1C2C=C(C=CC=2SC2C=CC=CC=2C=1CC)C(=O)NCC1=CC=C(C=C1)F,CCC1=Nc2cc(C(=O)NCc3ccc4ccccc4c3)ccc2Sc2c1cccc2,0.8974789915966387,0.9289299,0.957852,0.79924,1.0,1.0,0.84,0.15,390.483,1,"InChI=1S/C27H22N2OS/c1-2-23-22-9-5-6-10-25(22)31-26-14-13-21(16-24(26)29-23)27(30)28-17-18-11-12-19-7-3-4-8-20(19)15-18/h3-16H,2,17H2,1H3,(H,28,30)","InChI=1S/C23H19FN2OS/c1-2-19-18-5-3-4-6-21(18)28-22-12-9-16(13-20(22)26-19)23(27)25-14-15-7-10-17(24)11-8-15/h3-13H,2,14H2,1H3,(H,25,27)"
MCULE-9257155722,https://mcule.com/MCULE-9257155722/,,N1C2C=C(C=CC=2SC2C=CC=CC=2C=1CCC)C(=O)NCC1=CC=C(C=C1)F,CCC1=Nc2cc(C(=O)NCc3ccc4ccccc4c3)ccc2Sc2c1cccc2,0.8782894736842105,0.9306083,0.9609694,0.79924,1.0,1.0,0.85,0.15,404.51,1,"InChI=1S/C27H22N2OS/c1-2-23-22-9-5-6-10-25(22)31-26-14-13-21(16-24(26)29-23)27(30)28-17-18-11-12-19-7-3-4-8-20(19)15-18/h3-16H,2,17H2,1H3,(H,28,30)","InChI=1S/C24H21FN2OS/c1-2-5-20-19-6-3-4-7-22(19)29-23-13-10-17(14-21(23)27-20)24(28)26-15-16-8-11-18(25)12-9-16/h3-4,6-14H,2,5,15H2,1H3,(H,26,28)"
MCULE-8318145015,https://mcule.com/MCULE-8318145015/,,N1C2C=C(C=CC=2SC2C=CC(C)=CC=2C=1CC)C(=O)NCC1=CC=C(C=C1)F,CCC1=Nc2cc(C(=O)NCc3ccc4ccccc4c3)ccc2Sc2c1cccc2,0.8715447154471545,0.9340865,0.9335762,0.8737104,1.0,1.0,0.78,0.13,404.51,1,"InChI=1S/C27H22N2OS/c1-2-23-22-9-5-6-10-25(22)31-26-14-13-21(16-24(26)29-23)27(30)28-17-18-11-12-19-7-3-4-8-20(19)15-18/h3-16H,2,17H2,1H3,(H,28,30)","InChI=1S/C24H21FN2OS/c1-3-20-19-12-15(2)4-10-22(19)29-23-11-7-17(13-21(23)27-20)24(28)26-14-16-5-8-18(25)9-6-16/h4-13H,3,14H2,1-2H3,(H,26,28)"
MCULE-4087326320,https://mcule.com/MCULE-4087326320/,,N1C2C=C(C=CC=2SC2C=CC=CC=2C=1CCC)C(=O)NCC1C=CC=CC=1,CCC1=Nc2cc(C(=O)NCc3ccc4ccccc4c3)ccc2Sc2c1cccc2,0.9016949152542372,0.97716236,0.9638649,0.9881202,1.0,1.0,0.86,0.04,386.52,1,"InChI=1S/C27H22N2OS/c1-2-23-22-9-5-6-10-25(22)31-26-14-13-21(16-24(26)29-23)27(30)28-17-18-11-12-19-7-3-4-8-20(19)15-18/h3-16H,2,17H2,1H3,(H,28,30)","InChI=1S/C24H22N2OS/c1-2-8-20-19-11-6-7-12-22(19)28-23-14-13-18(15-21(23)26-20)24(27)25-16-17-9-4-3-5-10-17/h3-7,9-15H,2,8,16H2,1H3,(H,25,27)"
MCULE-5769957136,https://mcule.com/MCULE-5769957136/,,N1C2C=C(C=CC=2SC2C=CC=CC=2C=1CCC)C(=O)NC(C)C1=CC=CC=C1,CCC1=Nc2cc(C(=O)NCc3ccc4ccccc4c3)ccc2Sc2c1cccc2,0.8707037643207856,0.9369809,0.8968244,0.9795346,1.0,1.0,0.72,0.06,400.547,1,"InChI=1S/C27H22N2OS/c1-2-23-22-9-5-6-10-25(22)31-26-14-13-21(16-24(26)29-23)27(30)28-17-18-11-12-19-7-3-4-8-20(19)15-18/h3-16H,2,17H2,1H3,(H,28,30)","InChI=1S/C25H24N2OS/c1-3-9-21-20-12-7-8-13-23(20)29-24-15-14-19(16-22(24)27-21)25(28)26-17(2)18-10-5-4-6-11-18/h4-8,10-17H,3,9H2,1-2H3,(H,26,28)"
MCULE-6561969005,https://mcule.com/MCULE-6561969005/,,N1C2C=C(C=CC=2SC2=CC=C(C)C=C2C=1CC)C(=O)NCC1C=CC(=CC=1)C,CCC1=Nc2cc(C(=O)NCc3ccc4ccccc4c3)ccc2Sc2c1cccc2,0.8841059602649006,0.9271211,0.95449746,0.79924,1.0,1.0,0.83,0.15,400.547,1,"InChI=1S/C27H22N2OS/c1-2-23-22-9-5-6-10-25(22)31-26-14-13-21(16-24(26)29-23)27(30)28-17-18-11-12-19-7-3-4-8-20(19)15-18/h3-16H,2,17H2,1H3,(H,28,30)","InChI=1S/C25H24N2OS/c1-4-21-20-13-17(3)7-11-23(20)29-24-12-10-19(14-22(24)27-21)25(28)26-15-18-8-5-16(2)6-9-18/h5-14H,4,15H2,1-3H3,(H,26,28)"
MCULE-6622690555,https://mcule.com/MCULE-6622690555/,,N1C2C=C(C=CC=2SC2C=CC(C)=CC=2C=1CC)C(=O)NC(C)C1=CC=CC=C1,CCC1=Nc2cc(C(=O)NCc3ccc4ccccc4c3)ccc2Sc2c1cccc2,0.8668831168831169,0.8919808,0.82078993,0.9795346,1.0,1.0,0.64,0.06,400.547,1,"InChI=1S/C27H22N2OS/c1-2-23-22-9-5-6-10-25(22)31-26-14-13-21(16-24(26)29-23)27(30)28-17-18-11-12-19-7-3-4-8-20(19)15-18/h3-16H,2,17H2,1H3,(H,28,30)","InChI=1S/C25H24N2OS/c1-4-21-20-14-16(2)10-12-23(20)29-24-13-11-19(15-22(24)27-21)25(28)26-17(3)18-8-6-5-7-9-18/h5-15,17H,4H2,1-3H3,(H,26,28)"
MCULE-2722812960,https://mcule.com/MCULE-2722812960/,,N1C2C=C(C=CC=2SC2C=CC(C)=CC=2C=1C)C(=O)NCC1=CC=CS1,c1cc(-c2ccsc2)ccc1CNC(=O)c1cc2c(cc1)Sc1c(cc(C)cc1)C(C)=N2,0.812111801242236,0.90867716,0.8534572,0.9658036,1.0,1.0,0.67,0.07909091,378.522,1,"InChI=1S/C27H22N2OS2/c1-17-3-9-25-23(13-17)18(2)29-24-14-21(8-10-26(24)32-25)27(30)28-15-19-4-6-20(7-5-19)22-11-12-31-16-22/h3-14,16H,15H2,1-2H3,(H,28,30)","InChI=1S/C21H18N2OS2/c1-13-5-7-19-17(10-13)14(2)23-18-11-15(6-8-20(18)26-19)21(24)22-12-16-4-3-9-25-16/h3-11H,12H2,1-2H3,(H,22,24)"
MCULE-3162875168,https://mcule.com/MCULE-3162875168/,,N1C2C=C(C=CC=2SC2=CC=C(Cl)C=C2C=1C)C(=O)NCC1C=CC(=CC=1)C,c1cc(-c2ccsc2)ccc1CNC(=O)c1cc2c(cc1)Sc1c(cc(C)cc1)C(C)=N2,0.8033794162826421,0.94606656,0.91073215,0.98439837,1.0,1.0,0.74,0.05,406.938,1,"InChI=1S/C27H22N2OS2/c1-17-3-9-25-23(13-17)18(2)29-24-14-21(8-10-26(24)32-25)27(30)28-15-19-4-6-20(7-5-19)22-11-12-31-16-22/h3-14,16H,15H2,1-2H3,(H,28,30)","InChI=1S/C23H19ClN2OS/c1-14-3-5-16(6-4-14)13-25-23(27)17-7-9-22-20(11-17)26-15(2)19-12-18(24)8-10-21(19)28-22/h3-12H,13H2,1-2H3,(H,25,27)"
MCULE-5074289166,https://mcule.com/MCULE-5074289166/,,N1C2C=C(C=CC=2SC2C=CC(C)=CC=2C=1C)C(=O)NCC1=CC=C(C=C1)Cl,c1cc(-c2ccsc2)ccc1CNC(=O)c1cc2c(cc1)Sc1c(cc(C)cc1)C(C)=N2,0.8237129485179407,0.90551126,0.8968244,0.8399507,1.0,1.0,0.72,0.14,406.938,1,"InChI=1S/C27H22N2OS2/c1-17-3-9-25-23(13-17)18(2)29-24-14-21(8-10-26(24)32-25)27(30)28-15-19-4-6-20(7-5-19)22-11-12-31-16-22/h3-14,16H,15H2,1-2H3,(H,28,30)","InChI=1S/C23H19ClN2OS/c1-14-3-9-21-19(11-14)15(2)26-20-12-17(6-10-22(20)28-21)23(27)25-13-16-4-7-18(24)8-5-16/h3-12H,13H2,1-2H3,(H,25,27)"
MCULE-1599297501,https://mcule.com/MCULE-1599297501/,,N1C2C=C(C=CC=2SC2C=CC(C)=CC=2C=1CC)C(=O)NCC1=CC=C(C=C1)Cl,c1cc(-c2ccsc2)ccc1CNC(=O)c1cc2c(cc1)Sc1c(cc(C)cc1)C(C)=N2,0.7984962406015037,0.9431713,0.9170328,0.95432323,1.0,1.0,0.75,0.09,420.965,1,"InChI=1S/C27H22N2OS2/c1-17-3-9-25-23(13-17)18(2)29-24-14-21(8-10-26(24)32-25)27(30)28-15-19-4-6-20(7-5-19)22-11-12-31-16-22/h3-14,16H,15H2,1-2H3,(H,28,30)","InChI=1S/C24H21ClN2OS/c1-3-20-19-12-15(2)4-10-22(19)29-23-11-7-17(13-21(23)27-20)24(28)26-14-16-5-8-18(25)9-6-16/h4-13H,3,14H2,1-2H3,(H,26,28)"
MCULE-8318145015,https://mcule.com/MCULE-8318145015/,,N1C2C=C(C=CC=2SC2C=CC(C)=CC=2C=1CC)C(=O)NCC1=CC=C(C=C1)F,c1cc(-c2ccsc2)ccc1CNC(=O)c1cc2c(cc1)Sc1c(cc(C)cc1)C(C)=N2,0.8090909090909091,0.9340865,0.9335762,0.8737104,1.0,1.0,0.78,0.13,404.51,1,"InChI=1S/C27H22N2OS2/c1-17-3-9-25-23(13-17)18(2)29-24-14-21(8-10-26(24)32-25)27(30)28-15-19-4-6-20(7-5-19)22-11-12-31-16-22/h3-14,16H,15H2,1-2H3,(H,28,30)","InChI=1S/C24H21FN2OS/c1-3-20-19-12-15(2)4-10-22(19)29-23-11-7-17(13-21(23)27-20)24(28)26-14-16-5-8-18(25)9-6-16/h4-13H,3,14H2,1-2H3,(H,26,28)"
MCULE-2040607482,https://mcule.com/MCULE-2040607482/,,N1C2C=C(C=CC=2SC2C=CC(C)=CC=2C=1C)C(=O)NCC1=CC=C(C=C1)C,c1cc(-c2ccsc2)ccc1CNC(=O)c1cc2c(cc1)Sc1c(cc(C)cc1)C(C)=N2,0.864297253634895,0.94321793,0.93837357,0.9011868,1.0,1.0,0.79,0.12,386.52,1,"InChI=1S/C27H22N2OS2/c1-17-3-9-25-23(13-17)18(2)29-24-14-21(8-10-26(24)32-25)27(30)28-15-19-4-6-20(7-5-19)22-11-12-31-16-22/h3-14,16H,15H2,1-2H3,(H,28,30)","InChI=1S/C24H22N2OS/c1-15-4-7-18(8-5-15)14-25-24(27)19-9-11-23-21(13-19)26-17(3)20-12-16(2)6-10-22(20)28-23/h4-13H,14H2,1-3H3,(H,25,27)"
MCULE-6561969005,https://mcule.com/MCULE-6561969005/,,N1C2C=C(C=CC=2SC2=CC=C(C)C=C2C=1CC)C(=O)NCC1C=CC(=CC=1)C,c1cc(-c2ccsc2)ccc1CNC(=O)c1cc2c(cc1)Sc1c(cc(C)cc1)C(C)=N2,0.8367029548989113,0.9271211,0.95449746,0.79924,1.0,1.0,0.83,0.15,400.547,1,"InChI=1S/C27H22N2OS2/c1-17-3-9-25-23(13-17)18(2)29-24-14-21(8-10-26(24)32-25)27(30)28-15-19-4-6-20(7-5-19)22-11-12-31-16-22/h3-14,16H,15H2,1-2H3,(H,28,30)","InChI=1S/C25H24N2OS/c1-4-21-20-13-17(3)7-11-23(20)29-24-12-10-19(14-22(24)27-21)25(28)26-15-18-8-5-16(2)6-9-18/h5-14H,4,15H2,1-3H3,(H,26,28)"
MCULE-6622690555,https://mcule.com/MCULE-6622690555/,,N1C2C=C(C=CC=2SC2C=CC(C)=CC=2C=1CC)C(=O)NC(C)C1=CC=CC=C1,c1cc(-c2ccsc2)ccc1CNC(=O)c1cc2c(cc1)Sc1c(cc(C)cc1)C(C)=N2,0.8021148036253777,0.8919808,0.82078993,0.9795346,1.0,1.0,0.64,0.06,400.547,1,"InChI=1S/C27H22N2OS2/c1-17-3-9-25-23(13-17)18(2)29-24-14-21(8-10-26(24)32-25)27(30)28-15-19-4-6-20(7-5-19)22-11-12-31-16-22/h3-14,16H,15H2,1-2H3,(H,28,30)","InChI=1S/C25H24N2OS/c1-4-21-20-14-16(2)10-12-23(20)29-24-13-11-19(15-22(24)27-21)25(28)26-17(3)18-8-6-5-7-9-18/h5-15,17H,4H2,1-3H3,(H,26,28)"
MCULE-3186976994,https://mcule.com/MCULE-3186976994/,,N1C2C=C(C=CC=2SC2C=CC(Br)=CC=2C=1CC)C(=O)NCC(OC)OC,c1cccc(-c2ccccc2)c1CNC(c1cc2c(cc1)Sc1c(cc(Br)cc1)C(C)=N2)=O,0.7665706051873199,0.0,0.82078993,0.9011868,0.0,1.0,0.64,0.12,449.37,1,"InChI=1S/C28H21BrN2OS/c1-18-24-16-22(29)12-14-26(24)33-27-13-11-20(15-25(27)31-18)28(32)30-17-21-9-5-6-10-23(21)19-7-3-2-4-8-19/h2-16H,17H2,1H3,(H,30,32)","InChI=1S/C20H21BrN2O3S/c1-4-15-14-10-13(21)6-8-17(14)27-18-7-5-12(9-16(18)23-15)20(24)22-11-19(25-2)26-3/h5-10,19H,4,11H2,1-3H3,(H,22,24)"
MCULE-1120310875,https://mcule.com/MCULE-1120310875/,,N1C2C=C(C=CC=2SC2C=CC(Br)=CC=2C=1CC)C(=O)NCC1=CC=CS1,c1cccc(-c2ccccc2)c1CNC(c1cc2c(cc1)Sc1c(cc(Br)cc1)C(C)=N2)=O,0.7657142857142857,0.99240017,0.98793066,0.99603474,1.0,1.0,1.0,0.0,457.418,1,"InChI=1S/C28H21BrN2OS/c1-18-24-16-22(29)12-14-26(24)33-27-13-11-20(15-25(27)31-18)28(32)30-17-21-9-5-6-10-23(21)19-7-3-2-4-8-19/h2-16H,17H2,1H3,(H,30,32)","InChI=1S/C21H17BrN2OS2/c1-2-17-16-11-14(22)6-8-19(16)27-20-7-5-13(10-18(20)24-17)21(25)23-12-15-4-3-9-26-15/h3-11H,2,12H2,1H3,(H,23,25)"
MCULE-4171244775,https://mcule.com/MCULE-4171244775/,,N1C2C=C(C=CC=2SC2C=CC(Br)=CC=2C=1CC)C(NCCC(C)C)=O,c1cccc(-c2ccccc2)c1CNC(c1cc2c(cc1)Sc1c(cc(Br)cc1)C(C)=N2)=O,0.7772861356932154,0.8757673,0.84315443,0.8432988,1.0,1.0,0.66,0.13909091,431.399,1,"InChI=1S/C28H21BrN2OS/c1-18-24-16-22(29)12-14-26(24)33-27-13-11-20(15-25(27)31-18)28(32)30-17-21-9-5-6-10-23(21)19-7-3-2-4-8-19/h2-16H,17H2,1H3,(H,30,32)","InChI=1S/C21H23BrN2OS/c1-4-17-16-12-15(22)6-8-19(16)26-20-7-5-14(11-18(20)24-17)21(25)23-10-9-13(2)3/h5-8,11-13H,4,9-10H2,1-3H3,(H,23,25)"
MCULE-1465671080,https://mcule.com/MCULE-1465671080/,,N1C2C=C(C=CC=2SC2C=CC(Br)=CC=2C=1CC)C(NCCCOC(C)C)=O,c1cccc(-c2ccccc2)c1CNC(c1cc2c(cc1)Sc1c(cc(Br)cc1)C(C)=N2)=O,0.7737226277372263,0.8936966,0.83226955,0.95432323,1.0,1.0,0.65,0.09,461.425,1,"InChI=1S/C28H21BrN2OS/c1-18-24-16-22(29)12-14-26(24)33-27-13-11-20(15-25(27)31-18)28(32)30-17-21-9-5-6-10-23(21)19-7-3-2-4-8-19/h2-16H,17H2,1H3,(H,30,32)","InChI=1S/C22H25BrN2O2S/c1-4-18-17-13-16(23)7-9-20(17)28-21-8-6-15(12-19(21)25-18)22(26)24-10-5-11-27-14(2)3/h6-9,12-14H,4-5,10-11H2,1-3H3,(H,24,26)"
MCULE-8708689992,https://mcule.com/MCULE-8708689992/,,N1C2C=C(C=CC=2SC2C=CC(Br)=CC=2C=1CC)C(NCCC1C=CC(=CC=1)Cl)=O,c1cccc(-c2ccccc2)c1CNC(c1cc2c(cc1)Sc1c(cc(Br)cc1)C(C)=N2)=O,0.7661406025824964,0.904261,0.91073215,0.80324024,1.0,1.0,0.74,0.14909092,499.861,1,"InChI=1S/C28H21BrN2OS/c1-18-24-16-22(29)12-14-26(24)33-27-13-11-20(15-25(27)31-18)28(32)30-17-21-9-5-6-10-23(21)19-7-3-2-4-8-19/h2-16H,17H2,1H3,(H,30,32)","InChI=1S/C24H20BrClN2OS/c1-2-20-19-14-17(25)6-10-22(19)30-23-9-5-16(13-21(23)28-20)24(29)27-12-11-15-3-7-18(26)8-4-15/h3-10,13-14H,2,11-12H2,1H3,(H,27,29)"
MCULE-2040607482,https://mcule.com/MCULE-2040607482/,,N1C2C=C(C=CC=2SC2C=CC(C)=CC=2C=1C)C(=O)NCC1=CC=C(C=C1)C,c1cccc(-c2ccccc2)c1CNC(c1cc2c(cc1)Sc1c(cc(Br)cc1)C(C)=N2)=O,0.7826747720364742,0.94321793,0.93837357,0.9011868,1.0,1.0,0.79,0.12,386.52,1,"InChI=1S/C28H21BrN2OS/c1-18-24-16-22(29)12-14-26(24)33-27-13-11-20(15-25(27)31-18)28(32)30-17-21-9-5-6-10-23(21)19-7-3-2-4-8-19/h2-16H,17H2,1H3,(H,30,32)","InChI=1S/C24H22N2OS/c1-15-4-7-18(8-5-15)14-25-24(27)19-9-11-23-21(13-19)26-17(3)20-12-16(2)6-10-22(20)28-23/h4-13H,14H2,1-3H3,(H,25,27)"
MCULE-8353454535,https://mcule.com/MCULE-8353454535/,,N1C2C=C(C=CC=2SC2C=CC(Br)=CC=2C=1CC)C(NCCCC1C=CC=CC=1)=O,c1cccc(-c2ccccc2)c1CNC(c1cc2c(cc1)Sc1c(cc(Br)cc1)C(C)=N2)=O,0.7802359882005899,0.8791336,0.88917464,0.7512408,1.0,1.0,0.71,0.16,479.443,1,"InChI=1S/C28H21BrN2OS/c1-18-24-16-22(29)12-14-26(24)33-27-13-11-20(15-25(27)31-18)28(32)30-17-21-9-5-6-10-23(21)19-7-3-2-4-8-19/h2-16H,17H2,1H3,(H,30,32)","InChI=1S/C25H23BrN2OS/c1-2-21-20-16-19(26)11-13-23(20)30-24-12-10-18(15-22(24)28-21)25(29)27-14-6-9-17-7-4-3-5-8-17/h3-5,7-8,10-13,15-16H,2,6,9,14H2,1H3,(H,27,29)"
MCULE-6561969005,https://mcule.com/MCULE-6561969005/,,N1C2C=C(C=CC=2SC2=CC=C(C)C=C2C=1CC)C(=O)NCC1C=CC(=CC=1)C,c1cccc(-c2ccccc2)c1CNC(c1cc2c(cc1)Sc1c(cc(Br)cc1)C(C)=N2)=O,0.7673048600883653,0.9271211,0.95449746,0.79924,1.0,1.0,0.83,0.15,400.547,1,"InChI=1S/C28H21BrN2OS/c1-18-24-16-22(29)12-14-26(24)33-27-13-11-20(15-25(27)31-18)28(32)30-17-21-9-5-6-10-23(21)19-7-3-2-4-8-19/h2-16H,17H2,1H3,(H,30,32)","InChI=1S/C25H24N2OS/c1-4-21-20-13-17(3)7-11-23(20)29-24-12-10-19(14-22(24)27-21)25(28)26-15-18-8-5-16(2)6-9-18/h5-14H,4,15H2,1-3H3,(H,26,28)"
MCULE-4171244775,https://mcule.com/MCULE-4171244775/,,N1C2C=C(C=CC=2SC2C=CC(Br)=CC=2C=1CC)C(NCCC(C)C)=O,c1cc(-c2ccccc2)ccc1CNC(=O)c1cc2c(cc1)Sc1c(cc(Br)cc1)C(C)=N2,0.8180404354587869,0.8757673,0.84315443,0.8432988,1.0,1.0,0.66,0.13909091,431.399,1,"InChI=1S/C28H21BrN2OS/c1-18-24-16-23(29)12-14-26(24)33-27-13-11-22(15-25(27)31-18)28(32)30-17-19-7-9-21(10-8-19)20-5-3-2-4-6-20/h2-16H,17H2,1H3,(H,30,32)","InChI=1S/C21H23BrN2OS/c1-4-17-16-12-15(22)6-8-19(16)26-20-7-5-14(11-18(20)24-17)21(25)23-10-9-13(2)3/h5-8,11-13H,4,9-10H2,1-3H3,(H,23,25)"
MCULE-1465671080,https://mcule.com/MCULE-1465671080/,,N1C2C=C(C=CC=2SC2C=CC(Br)=CC=2C=1CC)C(NCCCOC(C)C)=O,c1cc(-c2ccccc2)ccc1CNC(=O)c1cc2c(cc1)Sc1c(cc(Br)cc1)C(C)=N2,0.8110599078341014,0.8936966,0.83226955,0.95432323,1.0,1.0,0.65,0.09,461.425,1,"InChI=1S/C28H21BrN2OS/c1-18-24-16-23(29)12-14-26(24)33-27-13-11-22(15-25(27)31-18)28(32)30-17-19-7-9-21(10-8-19)20-5-3-2-4-6-20/h2-16H,17H2,1H3,(H,30,32)","InChI=1S/C22H25BrN2O2S/c1-4-18-17-13-16(23)7-9-20(17)28-21-8-6-15(12-19(21)25-18)22(26)24-10-5-11-27-14(2)3/h6-9,12-14H,4-5,10-11H2,1-3H3,(H,24,26)"
MCULE-3162875168,https://mcule.com/MCULE-3162875168/,,N1C2C=C(C=CC=2SC2=CC=C(Cl)C=C2C=1C)C(=O)NCC1C=CC(=CC=1)C,c1cc(-c2ccccc2)ccc1CNC(=O)c1cc2c(cc1)Sc1c(cc(Br)cc1)C(C)=N2,0.8191823899371069,0.94606656,0.91073215,0.98439837,1.0,1.0,0.74,0.05,406.938,1,"InChI=1S/C28H21BrN2OS/c1-18-24-16-23(29)12-14-26(24)33-27-13-11-22(15-25(27)31-18)28(32)30-17-19-7-9-21(10-8-19)20-5-3-2-4-6-20/h2-16H,17H2,1H3,(H,30,32)","InChI=1S/C23H19ClN2OS/c1-14-3-5-16(6-4-14)13-25-23(27)17-7-9-22-20(11-17)26-15(2)19-12-18(24)8-10-21(19)28-22/h3-12H,13H2,1-2H3,(H,25,27)"
MCULE-5074289166,https://mcule.com/MCULE-5074289166/,,N1C2C=C(C=CC=2SC2C=CC(C)=CC=2C=1C)C(=O)NCC1=CC=C(C=C1)Cl,c1cc(-c2ccccc2)ccc1CNC(=O)c1cc2c(cc1)Sc1c(cc(Br)cc1)C(C)=N2,0.8028169014084507,0.90551126,0.8968244,0.8399507,1.0,1.0,0.72,0.14,406.938,1,"InChI=1S/C28H21BrN2OS/c1-18-24-16-23(29)12-14-26(24)33-27-13-11-22(15-25(27)31-18)28(32)30-17-19-7-9-21(10-8-19)20-5-3-2-4-6-20/h2-16H,17H2,1H3,(H,30,32)","InChI=1S/C23H19ClN2OS/c1-14-3-9-21-19(11-14)15(2)26-20-12-17(6-10-22(20)28-21)23(27)25-13-16-4-7-18(24)8-5-16/h3-12H,13H2,1-2H3,(H,25,27)"
MCULE-2040607482,https://mcule.com/MCULE-2040607482/,,N1C2C=C(C=CC=2SC2C=CC(C)=CC=2C=1C)C(=O)NCC1=CC=C(C=C1)C,c1cc(-c2ccccc2)ccc1CNC(=O)c1cc2c(cc1)Sc1c(cc(Br)cc1)C(C)=N2,0.8457792207792207,0.94321793,0.93837357,0.9011868,1.0,1.0,0.79,0.12,386.52,1,"InChI=1S/C28H21BrN2OS/c1-18-24-16-23(29)12-14-26(24)33-27-13-11-22(15-25(27)31-18)28(32)30-17-19-7-9-21(10-8-19)20-5-3-2-4-6-20/h2-16H,17H2,1H3,(H,30,32)","InChI=1S/C24H22N2OS/c1-15-4-7-18(8-5-15)14-25-24(27)19-9-11-23-21(13-19)26-17(3)20-12-16(2)6-10-22(20)28-23/h4-13H,14H2,1-3H3,(H,25,27)"
MCULE-8353454535,https://mcule.com/MCULE-8353454535/,,N1C2C=C(C=CC=2SC2C=CC(Br)=CC=2C=1CC)C(NCCCC1C=CC=CC=1)=O,c1cc(-c2ccccc2)ccc1CNC(=O)c1cc2c(cc1)Sc1c(cc(Br)cc1)C(C)=N2,0.8211508553654744,0.8791336,0.88917464,0.7512408,1.0,1.0,0.71,0.16,479.443,1,"InChI=1S/C28H21BrN2OS/c1-18-24-16-23(29)12-14-26(24)33-27-13-11-22(15-25(27)31-18)28(32)30-17-19-7-9-21(10-8-19)20-5-3-2-4-6-20/h2-16H,17H2,1H3,(H,30,32)","InChI=1S/C25H23BrN2OS/c1-2-21-20-16-19(26)11-13-23(20)30-24-12-10-18(15-22(24)28-21)25(29)27-14-6-9-17-7-4-3-5-8-17/h3-5,7-8,10-13,15-16H,2,6,9,14H2,1H3,(H,27,29)"
MCULE-6561969005,https://mcule.com/MCULE-6561969005/,,N1C2C=C(C=CC=2SC2=CC=C(C)C=C2C=1CC)C(=O)NCC1C=CC(=CC=1)C,c1cc(-c2ccccc2)ccc1CNC(=O)c1cc2c(cc1)Sc1c(cc(Br)cc1)C(C)=N2,0.8244514106583072,0.9271211,0.95449746,0.79924,1.0,1.0,0.83,0.15,400.547,1,"InChI=1S/C28H21BrN2OS/c1-18-24-16-23(29)12-14-26(24)33-27-13-11-22(15-25(27)31-18)28(32)30-17-19-7-9-21(10-8-19)20-5-3-2-4-6-20/h2-16H,17H2,1H3,(H,30,32)","InChI=1S/C25H24N2OS/c1-4-21-20-13-17(3)7-11-23(20)29-24-12-10-19(14-22(24)27-21)25(28)26-15-18-8-5-16(2)6-9-18/h5-14H,4,15H2,1-3H3,(H,26,28)"
MCULE-1153524502,https://mcule.com/MCULE-1153524502/,,N1C2C=C(C=CC=2SC2C=CC(Cl)=CC=2C=1C)C(=O)NCC1C=CC=CC=1,c1cc(-c2ccccc2)ccc1CNC(=O)c1cc2c(cc1)Sc1c(cccc1)C(C)=N2,0.8419301164725458,0.8890152,0.82078993,0.9649643,1.0,1.0,0.64,0.08,392.911,1,"InChI=1S/C28H22N2OS/c1-19-24-9-5-6-10-26(24)32-27-16-15-23(17-25(27)30-19)28(31)29-18-20-11-13-22(14-12-20)21-7-3-2-4-8-21/h2-17H,18H2,1H3,(H,29,31)","InChI=1S/C22H17ClN2OS/c1-14-18-12-17(23)8-10-20(18)27-21-9-7-16(11-19(21)25-14)22(26)24-13-15-5-3-2-4-6-15/h2-12H,13H2,1H3,(H,24,26)"
MCULE-3162875168,https://mcule.com/MCULE-3162875168/,,N1C2C=C(C=CC=2SC2=CC=C(Cl)C=C2C=1C)C(=O)NCC1C=CC(=CC=1)C,c1cc(-c2ccccc2)ccc1CNC(=O)c1cc2c(cc1)Sc1c(cccc1)C(C)=N2,0.8652246256239601,0.94606656,0.91073215,0.98439837,1.0,1.0,0.74,0.05,406.938,1,"InChI=1S/C28H22N2OS/c1-19-24-9-5-6-10-26(24)32-27-16-15-23(17-25(27)30-19)28(31)29-18-20-11-13-22(14-12-20)21-7-3-2-4-8-21/h2-17H,18H2,1H3,(H,29,31)","InChI=1S/C23H19ClN2OS/c1-14-3-5-16(6-4-14)13-25-23(27)17-7-9-22-20(11-17)26-15(2)19-12-18(24)8-10-21(19)28-22/h3-12H,13H2,1-2H3,(H,25,27)"
MCULE-5074289166,https://mcule.com/MCULE-5074289166/,,N1C2C=C(C=CC=2SC2C=CC(C)=CC=2C=1C)C(=O)NCC1=CC=C(C=C1)Cl,c1cc(-c2ccccc2)ccc1CNC(=O)c1cc2c(cc1)Sc1c(cccc1)C(C)=N2,0.847682119205298,0.90551126,0.8968244,0.8399507,1.0,1.0,0.72,0.14,406.938,1,"InChI=1S/C28H22N2OS/c1-19-24-9-5-6-10-26(24)32-27-16-15-23(17-25(27)30-19)28(31)29-18-20-11-13-22(14-12-20)21-7-3-2-4-8-21/h2-17H,18H2,1H3,(H,29,31)","InChI=1S/C23H19ClN2OS/c1-14-3-9-21-19(11-14)15(2)26-20-12-17(6-10-22(20)28-21)23(27)25-13-16-4-7-18(24)8-5-16/h3-12H,13H2,1-2H3,(H,25,27)"
MCULE-8454725046,https://mcule.com/MCULE-8454725046/,,N1C2C=C(C=CC=2SC2C=CC=CC=2C=1CC)C(=O)NCC1=CC=C(C=C1)F,c1cc(-c2ccccc2)ccc1CNC(=O)c1cc2c(cc1)Sc1c(cccc1)C(C)=N2,0.8344262295081967,0.9289299,0.957852,0.79924,1.0,1.0,0.84,0.15,390.483,1,"InChI=1S/C28H22N2OS/c1-19-24-9-5-6-10-26(24)32-27-16-15-23(17-25(27)30-19)28(31)29-18-20-11-13-22(14-12-20)21-7-3-2-4-8-21/h2-17H,18H2,1H3,(H,29,31)","InChI=1S/C23H19FN2OS/c1-2-19-18-5-3-4-6-21(18)28-22-12-9-16(13-20(22)26-19)23(27)25-14-15-7-10-17(24)11-8-15/h3-13H,2,14H2,1H3,(H,25,27)"
MCULE-5830374764,https://mcule.com/MCULE-5830374764/,,N1C2C=C(C=CC=2SC2C=CC=CC=2C=1C)C(NCCC1C=CC=CC=1)=O,c1cc(-c2ccccc2)ccc1CNC(=O)c1cc2c(cc1)Sc1c(cccc1)C(C)=N2,0.8321917808219178,0.885635,0.80870515,0.98439837,1.0,1.0,0.63,0.05,372.493,1,"InChI=1S/C28H22N2OS/c1-19-24-9-5-6-10-26(24)32-27-16-15-23(17-25(27)30-19)28(31)29-18-20-11-13-22(14-12-20)21-7-3-2-4-8-21/h2-17H,18H2,1H3,(H,29,31)","InChI=1S/C23H20N2OS/c1-16-19-9-5-6-10-21(19)27-22-12-11-18(15-20(22)25-16)23(26)24-14-13-17-7-3-2-4-8-17/h2-12,15H,13-14H2,1H3,(H,24,26)"
MCULE-2040607482,https://mcule.com/MCULE-2040607482/,,N1C2C=C(C=CC=2SC2C=CC(C)=CC=2C=1C)C(=O)NCC1=CC=C(C=C1)C,c1cc(-c2ccccc2)ccc1CNC(=O)c1cc2c(cc1)Sc1c(cccc1)C(C)=N2,0.8950086058519794,0.94321793,0.93837357,0.9011868,1.0,1.0,0.79,0.12,386.52,1,"InChI=1S/C28H22N2OS/c1-19-24-9-5-6-10-26(24)32-27-16-15-23(17-25(27)30-19)28(31)29-18-20-11-13-22(14-12-20)21-7-3-2-4-8-21/h2-17H,18H2,1H3,(H,29,31)","InChI=1S/C24H22N2OS/c1-15-4-7-18(8-5-15)14-25-24(27)19-9-11-23-21(13-19)26-17(3)20-12-16(2)6-10-22(20)28-23/h4-13H,14H2,1-3H3,(H,25,27)"
MCULE-4087326320,https://mcule.com/MCULE-4087326320/,,N1C2C=C(C=CC=2SC2C=CC=CC=2C=1CCC)C(=O)NCC1C=CC=CC=1,c1cc(-c2ccccc2)ccc1CNC(=O)c1cc2c(cc1)Sc1c(cccc1)C(C)=N2,0.8380165289256198,0.97716236,0.9638649,0.9881202,1.0,1.0,0.86,0.04,386.52,1,"InChI=1S/C28H22N2OS/c1-19-24-9-5-6-10-26(24)32-27-16-15-23(17-25(27)30-19)28(31)29-18-20-11-13-22(14-12-20)21-7-3-2-4-8-21/h2-17H,18H2,1H3,(H,29,31)","InChI=1S/C24H22N2OS/c1-2-8-20-19-11-6-7-12-22(19)28-23-14-13-18(15-21(23)26-20)24(27)25-16-17-9-4-3-5-10-17/h3-7,9-15H,2,8,16H2,1H3,(H,25,27)"
MCULE-6561969005,https://mcule.com/MCULE-6561969005/,,N1C2C=C(C=CC=2SC2=CC=C(C)C=C2C=1CC)C(=O)NCC1C=CC(=CC=1)C,c1cc(-c2ccccc2)ccc1CNC(=O)c1cc2c(cc1)Sc1c(cccc1)C(C)=N2,0.8644628099173554,0.9271211,0.95449746,0.79924,1.0,1.0,0.83,0.15,400.547,1,"InChI=1S/C28H22N2OS/c1-19-24-9-5-6-10-26(24)32-27-16-15-23(17-25(27)30-19)28(31)29-18-20-11-13-22(14-12-20)21-7-3-2-4-8-21/h2-17H,18H2,1H3,(H,29,31)","InChI=1S/C25H24N2OS/c1-4-21-20-13-17(3)7-11-23(20)29-24-12-10-19(14-22(24)27-21)25(28)26-15-18-8-5-16(2)6-9-18/h5-14H,4,15H2,1-3H3,(H,26,28)"
MCULE-1153524502,https://mcule.com/MCULE-1153524502/,,N1C2C=C(C=CC=2SC2C=CC(Cl)=CC=2C=1C)C(=O)NCC1C=CC=CC=1,c1cc(-c2ccc(Cl)cc2)ccc1CNC(=O)c1cc2c(cc1)Sc1c(cc(C)cc1)C(C)=N2,0.8470209339774557,0.8890152,0.82078993,0.9649643,1.0,1.0,0.64,0.08,392.911,1,"InChI=1S/C29H23ClN2OS/c1-18-3-13-27-25(15-18)19(2)32-26-16-23(10-14-28(26)34-27)29(33)31-17-20-4-6-21(7-5-20)22-8-11-24(30)12-9-22/h3-16H,17H2,1-2H3,(H,31,33)","InChI=1S/C22H17ClN2OS/c1-14-18-12-17(23)8-10-20(18)27-21-9-7-16(11-19(21)25-14)22(26)24-13-15-5-3-2-4-6-15/h2-12H,13H2,1H3,(H,24,26)"
MCULE-3162875168,https://mcule.com/MCULE-3162875168/,,N1C2C=C(C=CC=2SC2=CC=C(Cl)C=C2C=1C)C(=O)NCC1C=CC(=CC=1)C,c1cc(-c2ccc(Cl)cc2)ccc1CNC(=O)c1cc2c(cc1)Sc1c(cc(C)cc1)C(C)=N2,0.8695652173913043,0.94606656,0.91073215,0.98439837,1.0,1.0,0.74,0.05,406.938,1,"InChI=1S/C29H23ClN2OS/c1-18-3-13-27-25(15-18)19(2)32-26-16-23(10-14-28(26)34-27)29(33)31-17-20-4-6-21(7-5-20)22-8-11-24(30)12-9-22/h3-16H,17H2,1-2H3,(H,31,33)","InChI=1S/C23H19ClN2OS/c1-14-3-5-16(6-4-14)13-25-23(27)17-7-9-22-20(11-17)26-15(2)19-12-18(24)8-10-21(19)28-22/h3-12H,13H2,1-2H3,(H,25,27)"
MCULE-5074289166,https://mcule.com/MCULE-5074289166/,,N1C2C=C(C=CC=2SC2C=CC(C)=CC=2C=1C)C(=O)NCC1=CC=C(C=C1)Cl,c1cc(-c2ccc(Cl)cc2)ccc1CNC(=O)c1cc2c(cc1)Sc1c(cc(C)cc1)C(C)=N2,0.9075907590759076,0.90551126,0.8968244,0.8399507,1.0,1.0,0.72,0.14,406.938,1,"InChI=1S/C29H23ClN2OS/c1-18-3-13-27-25(15-18)19(2)32-26-16-23(10-14-28(26)34-27)29(33)31-17-20-4-6-21(7-5-20)22-8-11-24(30)12-9-22/h3-16H,17H2,1-2H3,(H,31,33)","InChI=1S/C23H19ClN2OS/c1-14-3-9-21-19(11-14)15(2)26-20-12-17(6-10-22(20)28-21)23(27)25-13-16-4-7-18(24)8-5-16/h3-12H,13H2,1-2H3,(H,25,27)"
MCULE-5416782635,https://mcule.com/MCULE-5416782635/,,N1C2C=C(C=CC=2SC2=CC=C(C)C=C2C=1CC)C(=O)NCC1=CC=CC=C1Cl,c1cc(-c2ccc(Cl)cc2)ccc1CNC(=O)c1cc2c(cc1)Sc1c(cc(C)cc1)C(C)=N2,0.8551401869158879,0.93801117,0.90400314,0.9649643,1.0,1.0,0.73,0.08,420.965,1,"InChI=1S/C29H23ClN2OS/c1-18-3-13-27-25(15-18)19(2)32-26-16-23(10-14-28(26)34-27)29(33)31-17-20-4-6-21(7-5-20)22-8-11-24(30)12-9-22/h3-16H,17H2,1-2H3,(H,31,33)","InChI=1S/C24H21ClN2OS/c1-3-20-18-12-15(2)8-10-22(18)29-23-11-9-16(13-21(23)27-20)24(28)26-14-17-6-4-5-7-19(17)25/h4-13H,3,14H2,1-2H3,(H,26,28)"
MCULE-1599297501,https://mcule.com/MCULE-1599297501/,,N1C2C=C(C=CC=2SC2C=CC(C)=CC=2C=1CC)C(=O)NCC1=CC=C(C=C1)Cl,c1cc(-c2ccc(Cl)cc2)ccc1CNC(=O)c1cc2c(cc1)Sc1c(cc(C)cc1)C(C)=N2,0.8777777777777778,0.9431713,0.9170328,0.95432323,1.0,1.0,0.75,0.09,420.965,1,"InChI=1S/C29H23ClN2OS/c1-18-3-13-27-25(15-18)19(2)32-26-16-23(10-14-28(26)34-27)29(33)31-17-20-4-6-21(7-5-20)22-8-11-24(30)12-9-22/h3-16H,17H2,1-2H3,(H,31,33)","InChI=1S/C24H21ClN2OS/c1-3-20-19-12-15(2)4-10-22(19)29-23-11-7-17(13-21(23)27-20)24(28)26-14-16-5-8-18(25)9-6-16/h4-13H,3,14H2,1-2H3,(H,26,28)"
MCULE-2040607482,https://mcule.com/MCULE-2040607482/,,N1C2C=C(C=CC=2SC2C=CC(C)=CC=2C=1C)C(=O)NCC1=CC=C(C=C1)C,c1cc(-c2ccc(Cl)cc2)ccc1CNC(=O)c1cc2c(cc1)Sc1c(cc(C)cc1)C(C)=N2,0.8828382838283828,0.94321793,0.93837357,0.9011868,1.0,1.0,0.79,0.12,386.52,1,"InChI=1S/C29H23ClN2OS/c1-18-3-13-27-25(15-18)19(2)32-26-16-23(10-14-28(26)34-27)29(33)31-17-20-4-6-21(7-5-20)22-8-11-24(30)12-9-22/h3-16H,17H2,1-2H3,(H,31,33)","InChI=1S/C24H22N2OS/c1-15-4-7-18(8-5-15)14-25-24(27)19-9-11-23-21(13-19)26-17(3)20-12-16(2)6-10-22(20)28-23/h4-13H,14H2,1-3H3,(H,25,27)"
MCULE-6657013841,https://mcule.com/MCULE-6657013841/,,N1C2C=C(C=CC=2SC2C=CC(C)=CC=2C=1CCC)C(=O)NCC1=CC=C(C=C1)Cl,c1cc(-c2ccc(Cl)cc2)ccc1CNC(=O)c1cc2c(cc1)Sc1c(cc(C)cc1)C(C)=N2,0.8586956521739131,0.9553029,0.93837357,0.95432323,1.0,1.0,0.79,0.09,434.992,1,"InChI=1S/C29H23ClN2OS/c1-18-3-13-27-25(15-18)19(2)32-26-16-23(10-14-28(26)34-27)29(33)31-17-20-4-6-21(7-5-20)22-8-11-24(30)12-9-22/h3-16H,17H2,1-2H3,(H,31,33)","InChI=1S/C25H23ClN2OS/c1-3-4-21-20-13-16(2)5-11-23(20)30-24-12-8-18(14-22(24)28-21)25(29)27-15-17-6-9-19(26)10-7-17/h5-14H,3-4,15H2,1-2H3,(H,27,29)"
MCULE-6561969005,https://mcule.com/MCULE-6561969005/,,N1C2C=C(C=CC=2SC2=CC=C(C)C=C2C=1CC)C(=O)NCC1C=CC(=CC=1)C,c1cc(-c2ccc(Cl)cc2)ccc1CNC(=O)c1cc2c(cc1)Sc1c(cc(C)cc1)C(C)=N2,0.8539682539682539,0.9271211,0.95449746,0.79924,1.0,1.0,0.83,0.15,400.547,1,"InChI=1S/C29H23ClN2OS/c1-18-3-13-27-25(15-18)19(2)32-26-16-23(10-14-28(26)34-27)29(33)31-17-20-4-6-21(7-5-20)22-8-11-24(30)12-9-22/h3-16H,17H2,1-2H3,(H,31,33)","InChI=1S/C25H24N2OS/c1-4-21-20-13-17(3)7-11-23(20)29-24-12-10-19(14-22(24)27-21)25(28)26-15-18-8-5-16(2)6-9-18/h5-14H,4,15H2,1-3H3,(H,26,28)"
MCULE-3162875168,https://mcule.com/MCULE-3162875168/,,N1C2C=C(C=CC=2SC2=CC=C(Cl)C=C2C=1C)C(=O)NCC1C=CC(=CC=1)C,c1cccc(-c2ccc(Cl)cc2)c1CNC(=O)c1cc2c(cc1)Sc1c(cc(C)cc1)C(C)=N2,0.803921568627451,0.94606656,0.91073215,0.98439837,1.0,1.0,0.74,0.05,406.938,1,"InChI=1S/C29H23ClN2OS/c1-18-7-13-27-25(15-18)19(2)32-26-16-21(10-14-28(26)34-27)29(33)31-17-22-5-3-4-6-24(22)20-8-11-23(30)12-9-20/h3-16H,17H2,1-2H3,(H,31,33)","InChI=1S/C23H19ClN2OS/c1-14-3-5-16(6-4-14)13-25-23(27)17-7-9-22-20(11-17)26-15(2)19-12-18(24)8-10-21(19)28-22/h3-12H,13H2,1-2H3,(H,25,27)"
MCULE-5074289166,https://mcule.com/MCULE-5074289166/,,N1C2C=C(C=CC=2SC2C=CC(C)=CC=2C=1C)C(=O)NCC1=CC=C(C=C1)Cl,c1cccc(-c2ccc(Cl)cc2)c1CNC(=O)c1cc2c(cc1)Sc1c(cc(C)cc1)C(C)=N2,0.858034321372855,0.90551126,0.8968244,0.8399507,1.0,1.0,0.72,0.14,406.938,1,"InChI=1S/C29H23ClN2OS/c1-18-7-13-27-25(15-18)19(2)32-26-16-21(10-14-28(26)34-27)29(33)31-17-22-5-3-4-6-24(22)20-8-11-23(30)12-9-20/h3-16H,17H2,1-2H3,(H,31,33)","InChI=1S/C23H19ClN2OS/c1-14-3-9-21-19(11-14)15(2)26-20-12-17(6-10-22(20)28-21)23(27)25-13-16-4-7-18(24)8-5-16/h3-12H,13H2,1-2H3,(H,25,27)"
MCULE-5304352317,https://mcule.com/MCULE-5304352317/,,C12C(C)=CC=C(C)C=1C(C)=NC1C=C(C=CC=1S2)C(=O)NCC1=CC=C(C=C1)Cl,c1cccc(-c2ccc(Cl)cc2)c1CNC(=O)c1cc2c(cc1)Sc1c(cc(C)cc1)C(C)=N2,0.8168604651162791,0.88713825,0.83226955,0.9232107,1.0,1.0,0.65,0.11,420.965,1,"InChI=1S/C29H23ClN2OS/c1-18-7-13-27-25(15-18)19(2)32-26-16-21(10-14-28(26)34-27)29(33)31-17-22-5-3-4-6-24(22)20-8-11-23(30)12-9-20/h3-16H,17H2,1-2H3,(H,31,33)","InChI=1S/C24H21ClN2OS/c1-14-4-5-15(2)23-22(14)16(3)27-20-12-18(8-11-21(20)29-23)24(28)26-13-17-6-9-19(25)10-7-17/h4-12H,13H2,1-3H3,(H,26,28)"
MCULE-5416782635,https://mcule.com/MCULE-5416782635/,,N1C2C=C(C=CC=2SC2=CC=C(C)C=C2C=1CC)C(=O)NCC1=CC=CC=C1Cl,c1cccc(-c2ccc(Cl)cc2)c1CNC(=O)c1cc2c(cc1)Sc1c(cc(C)cc1)C(C)=N2,0.8136094674556213,0.93801117,0.90400314,0.9649643,1.0,1.0,0.73,0.08,420.965,1,"InChI=1S/C29H23ClN2OS/c1-18-7-13-27-25(15-18)19(2)32-26-16-21(10-14-28(26)34-27)29(33)31-17-22-5-3-4-6-24(22)20-8-11-23(30)12-9-20/h3-16H,17H2,1-2H3,(H,31,33)","InChI=1S/C24H21ClN2OS/c1-3-20-18-12-15(2)8-10-22(18)29-23-11-9-16(13-21(23)27-20)24(28)26-14-17-6-4-5-7-19(17)25/h4-13H,3,14H2,1-2H3,(H,26,28)"
MCULE-1599297501,https://mcule.com/MCULE-1599297501/,,N1C2C=C(C=CC=2SC2C=CC(C)=CC=2C=1CC)C(=O)NCC1=CC=C(C=C1)Cl,c1cccc(-c2ccc(Cl)cc2)c1CNC(=O)c1cc2c(cc1)Sc1c(cc(C)cc1)C(C)=N2,0.8343373493975904,0.9431713,0.9170328,0.95432323,1.0,1.0,0.75,0.09,420.965,1,"InChI=1S/C29H23ClN2OS/c1-18-7-13-27-25(15-18)19(2)32-26-16-21(10-14-28(26)34-27)29(33)31-17-22-5-3-4-6-24(22)20-8-11-23(30)12-9-20/h3-16H,17H2,1-2H3,(H,31,33)","InChI=1S/C24H21ClN2OS/c1-3-20-19-12-15(2)4-10-22(19)29-23-11-7-17(13-21(23)27-20)24(28)26-14-16-5-8-18(25)9-6-16/h4-13H,3,14H2,1-2H3,(H,26,28)"
MCULE-2040607482,https://mcule.com/MCULE-2040607482/,,N1C2C=C(C=CC=2SC2C=CC(C)=CC=2C=1C)C(=O)NCC1=CC=C(C=C1)C,c1cccc(-c2ccc(Cl)cc2)c1CNC(=O)c1cc2c(cc1)Sc1c(cc(C)cc1)C(C)=N2,0.8148148148148148,0.94321793,0.93837357,0.9011868,1.0,1.0,0.79,0.12,386.52,1,"InChI=1S/C29H23ClN2OS/c1-18-7-13-27-25(15-18)19(2)32-26-16-21(10-14-28(26)34-27)29(33)31-17-22-5-3-4-6-24(22)20-8-11-23(30)12-9-20/h3-16H,17H2,1-2H3,(H,31,33)","InChI=1S/C24H22N2OS/c1-15-4-7-18(8-5-15)14-25-24(27)19-9-11-23-21(13-19)26-17(3)20-12-16(2)6-10-22(20)28-23/h4-13H,14H2,1-3H3,(H,25,27)"
MCULE-6657013841,https://mcule.com/MCULE-6657013841/,,N1C2C=C(C=CC=2SC2C=CC(C)=CC=2C=1CCC)C(=O)NCC1=CC=C(C=C1)Cl,c1cccc(-c2ccc(Cl)cc2)c1CNC(=O)c1cc2c(cc1)Sc1c(cc(C)cc1)C(C)=N2,0.8197932053175776,0.9553029,0.93837357,0.95432323,1.0,1.0,0.79,0.09,434.992,1,"InChI=1S/C29H23ClN2OS/c1-18-7-13-27-25(15-18)19(2)32-26-16-21(10-14-28(26)34-27)29(33)31-17-22-5-3-4-6-24(22)20-8-11-23(30)12-9-20/h3-16H,17H2,1-2H3,(H,31,33)","InChI=1S/C25H23ClN2OS/c1-3-4-21-20-13-16(2)5-11-23(20)30-24-12-8-18(14-22(24)28-21)25(29)27-15-17-6-9-19(26)10-7-17/h5-14H,3-4,15H2,1-2H3,(H,27,29)"
MCULE-6814427357,https://mcule.com/MCULE-6814427357/,,N1C2C=C(C=CC=2SC2C=CC(C)=CC=2C=1C)C(NCCOC)=O,c1cccc(-c2ccccc2)c1CNC(=O)c1cc2c(cc1)Sc1c(cc(C)cc1)C(C)=N2,0.7923930269413629,0.943409,0.9170328,0.9554058,1.0,1.0,0.75,0.089090906,340.448,1,"InChI=1S/C29H24N2OS/c1-19-12-14-27-25(16-19)20(2)31-26-17-22(13-15-28(26)33-27)29(32)30-18-23-10-6-7-11-24(23)21-8-4-3-5-9-21/h3-17H,18H2,1-2H3,(H,30,32)","InChI=1S/C19H20N2O2S/c1-12-4-6-17-15(10-12)13(2)21-16-11-14(5-7-18(16)24-17)19(22)20-8-9-23-3/h4-7,10-11H,8-9H2,1-3H3,(H,20,22)"
MCULE-5074289166,https://mcule.com/MCULE-5074289166/,,N1C2C=C(C=CC=2SC2C=CC(C)=CC=2C=1C)C(=O)NCC1=CC=C(C=C1)Cl,c1cccc(-c2ccccc2)c1CNC(=O)c1cc2c(cc1)Sc1c(cc(C)cc1)C(C)=N2,0.8278560250391236,0.90551126,0.8968244,0.8399507,1.0,1.0,0.72,0.14,406.938,1,"InChI=1S/C29H24N2OS/c1-19-12-14-27-25(16-19)20(2)31-26-17-22(13-15-28(26)33-27)29(32)30-18-23-10-6-7-11-24(23)21-8-4-3-5-9-21/h3-17H,18H2,1-2H3,(H,30,32)","InChI=1S/C23H19ClN2OS/c1-14-3-9-21-19(11-14)15(2)26-20-12-17(6-10-22(20)28-21)23(27)25-13-16-4-7-18(24)8-5-16/h3-12H,13H2,1-2H3,(H,25,27)"
MCULE-1599297501,https://mcule.com/MCULE-1599297501/,,N1C2C=C(C=CC=2SC2C=CC(C)=CC=2C=1CC)C(=O)NCC1=CC=C(C=C1)Cl,c1cccc(-c2ccccc2)c1CNC(=O)c1cc2c(cc1)Sc1c(cc(C)cc1)C(C)=N2,0.8051359516616314,0.9431713,0.9170328,0.95432323,1.0,1.0,0.75,0.09,420.965,1,"InChI=1S/C29H24N2OS/c1-19-12-14-27-25(16-19)20(2)31-26-17-22(13-15-28(26)33-27)29(32)30-18-23-10-6-7-11-24(23)21-8-4-3-5-9-21/h3-17H,18H2,1-2H3,(H,30,32)","InChI=1S/C24H21ClN2OS/c1-3-20-19-12-15(2)4-10-22(19)29-23-11-7-17(13-21(23)27-20)24(28)26-14-16-5-8-18(25)9-6-16/h4-13H,3,14H2,1-2H3,(H,26,28)"
MCULE-8318145015,https://mcule.com/MCULE-8318145015/,,N1C2C=C(C=CC=2SC2C=CC(C)=CC=2C=1CC)C(=O)NCC1=CC=C(C=C1)F,c1cccc(-c2ccccc2)c1CNC(=O)c1cc2c(cc1)Sc1c(cc(C)cc1)C(C)=N2,0.8075757575757576,0.9340865,0.9335762,0.8737104,1.0,1.0,0.78,0.13,404.51,1,"InChI=1S/C29H24N2OS/c1-19-12-14-27-25(16-19)20(2)31-26-17-22(13-15-28(26)33-27)29(32)30-18-23-10-6-7-11-24(23)21-8-4-3-5-9-21/h3-17H,18H2,1-2H3,(H,30,32)","InChI=1S/C24H21FN2OS/c1-3-20-19-12-15(2)4-10-22(19)29-23-11-7-17(13-21(23)27-20)24(28)26-14-16-5-8-18(25)9-6-16/h4-13H,3,14H2,1-2H3,(H,26,28)"
MCULE-2040607482,https://mcule.com/MCULE-2040607482/,,N1C2C=C(C=CC=2SC2C=CC(C)=CC=2C=1C)C(=O)NCC1=CC=C(C=C1)C,c1cccc(-c2ccccc2)c1CNC(=O)c1cc2c(cc1)Sc1c(cc(C)cc1)C(C)=N2,0.8448,0.94321793,0.93837357,0.9011868,1.0,1.0,0.79,0.12,386.52,1,"InChI=1S/C29H24N2OS/c1-19-12-14-27-25(16-19)20(2)31-26-17-22(13-15-28(26)33-27)29(32)30-18-23-10-6-7-11-24(23)21-8-4-3-5-9-21/h3-17H,18H2,1-2H3,(H,30,32)","InChI=1S/C24H22N2OS/c1-15-4-7-18(8-5-15)14-25-24(27)19-9-11-23-21(13-19)26-17(3)20-12-16(2)6-10-22(20)28-23/h4-13H,14H2,1-3H3,(H,25,27)"
MCULE-6561969005,https://mcule.com/MCULE-6561969005/,,N1C2C=C(C=CC=2SC2=CC=C(C)C=C2C=1CC)C(=O)NCC1C=CC(=CC=1)C,c1cccc(-c2ccccc2)c1CNC(=O)c1cc2c(cc1)Sc1c(cc(C)cc1)C(C)=N2,0.8209876543209876,0.9271211,0.95449746,0.79924,1.0,1.0,0.83,0.15,400.547,1,"InChI=1S/C29H24N2OS/c1-19-12-14-27-25(16-19)20(2)31-26-17-22(13-15-28(26)33-27)29(32)30-18-23-10-6-7-11-24(23)21-8-4-3-5-9-21/h3-17H,18H2,1-2H3,(H,30,32)","InChI=1S/C25H24N2OS/c1-4-21-20-13-17(3)7-11-23(20)29-24-12-10-19(14-22(24)27-21)25(28)26-15-18-8-5-16(2)6-9-18/h5-14H,4,15H2,1-3H3,(H,26,28)"
MCULE-6622690555,https://mcule.com/MCULE-6622690555/,,N1C2C=C(C=CC=2SC2C=CC(C)=CC=2C=1CC)C(=O)NC(C)C1=CC=CC=C1,c1cccc(-c2ccccc2)c1CNC(=O)c1cc2c(cc1)Sc1c(cc(C)cc1)C(C)=N2,0.8033282904689864,0.8919808,0.82078993,0.9795346,1.0,1.0,0.64,0.06,400.547,1,"InChI=1S/C29H24N2OS/c1-19-12-14-27-25(16-19)20(2)31-26-17-22(13-15-28(26)33-27)29(32)30-18-23-10-6-7-11-24(23)21-8-4-3-5-9-21/h3-17H,18H2,1-2H3,(H,30,32)","InChI=1S/C25H24N2OS/c1-4-21-20-14-16(2)10-12-23(20)29-24-13-11-19(15-22(24)27-21)25(28)26-17(3)18-8-6-5-7-9-18/h5-15,17H,4H2,1-3H3,(H,26,28)"
MCULE-3162875168,https://mcule.com/MCULE-3162875168/,,N1C2C=C(C=CC=2SC2=CC=C(Cl)C=C2C=1C)C(=O)NCC1C=CC(=CC=1)C,c1cc(-c2ccccc2)ccc1CNC(=O)c1cc2c(cc1)Sc1c(cc(C)cc1)C(C)=N2,0.8471544715447155,0.94606656,0.91073215,0.98439837,1.0,1.0,0.74,0.05,406.938,1,"InChI=1S/C29H24N2OS/c1-19-8-14-27-25(16-19)20(2)31-26-17-24(13-15-28(26)33-27)29(32)30-18-21-9-11-23(12-10-21)22-6-4-3-5-7-22/h3-17H,18H2,1-2H3,(H,30,32)","InChI=1S/C23H19ClN2OS/c1-14-3-5-16(6-4-14)13-25-23(27)17-7-9-22-20(11-17)26-15(2)19-12-18(24)8-10-21(19)28-22/h3-12H,13H2,1-2H3,(H,25,27)"
MCULE-5074289166,https://mcule.com/MCULE-5074289166/,,N1C2C=C(C=CC=2SC2C=CC(C)=CC=2C=1C)C(=O)NCC1=CC=C(C=C1)Cl,c1cc(-c2ccccc2)ccc1CNC(=O)c1cc2c(cc1)Sc1c(cc(C)cc1)C(C)=N2,0.8725165562913907,0.90551126,0.8968244,0.8399507,1.0,1.0,0.72,0.14,406.938,1,"InChI=1S/C29H24N2OS/c1-19-8-14-27-25(16-19)20(2)31-26-17-24(13-15-28(26)33-27)29(32)30-18-21-9-11-23(12-10-21)22-6-4-3-5-7-22/h3-17H,18H2,1-2H3,(H,30,32)","InChI=1S/C23H19ClN2OS/c1-14-3-9-21-19(11-14)15(2)26-20-12-17(6-10-22(20)28-21)23(27)25-13-16-4-7-18(24)8-5-16/h3-12H,13H2,1-2H3,(H,25,27)"
MCULE-1599297501,https://mcule.com/MCULE-1599297501/,,N1C2C=C(C=CC=2SC2C=CC(C)=CC=2C=1CC)C(=O)NCC1=CC=C(C=C1)Cl,c1cc(-c2ccccc2)ccc1CNC(=O)c1cc2c(cc1)Sc1c(cc(C)cc1)C(C)=N2,0.8439490445859873,0.9431713,0.9170328,0.95432323,1.0,1.0,0.75,0.09,420.965,1,"InChI=1S/C29H24N2OS/c1-19-8-14-27-25(16-19)20(2)31-26-17-24(13-15-28(26)33-27)29(32)30-18-21-9-11-23(12-10-21)22-6-4-3-5-7-22/h3-17H,18H2,1-2H3,(H,30,32)","InChI=1S/C24H21ClN2OS/c1-3-20-19-12-15(2)4-10-22(19)29-23-11-7-17(13-21(23)27-20)24(28)26-14-16-5-8-18(25)9-6-16/h4-13H,3,14H2,1-2H3,(H,26,28)"
MCULE-8318145015,https://mcule.com/MCULE-8318145015/,,N1C2C=C(C=CC=2SC2C=CC(C)=CC=2C=1CC)C(=O)NCC1=CC=C(C=C1)F,c1cc(-c2ccccc2)ccc1CNC(=O)c1cc2c(cc1)Sc1c(cc(C)cc1)C(C)=N2,0.8525641025641025,0.9340865,0.9335762,0.8737104,1.0,1.0,0.78,0.13,404.51,1,"InChI=1S/C29H24N2OS/c1-19-8-14-27-25(16-19)20(2)31-26-17-24(13-15-28(26)33-27)29(32)30-18-21-9-11-23(12-10-21)22-6-4-3-5-7-22/h3-17H,18H2,1-2H3,(H,30,32)","InChI=1S/C24H21FN2OS/c1-3-20-19-12-15(2)4-10-22(19)29-23-11-7-17(13-21(23)27-20)24(28)26-14-16-5-8-18(25)9-6-16/h4-13H,3,14H2,1-2H3,(H,26,28)"
MCULE-2040607482,https://mcule.com/MCULE-2040607482/,,N1C2C=C(C=CC=2SC2C=CC(C)=CC=2C=1C)C(=O)NCC1=CC=C(C=C1)C,c1cc(-c2ccccc2)ccc1CNC(=O)c1cc2c(cc1)Sc1c(cc(C)cc1)C(C)=N2,0.9208261617900172,0.94321793,0.93837357,0.9011868,1.0,1.0,0.79,0.12,386.52,1,"InChI=1S/C29H24N2OS/c1-19-8-14-27-25(16-19)20(2)31-26-17-24(13-15-28(26)33-27)29(32)30-18-21-9-11-23(12-10-21)22-6-4-3-5-7-22/h3-17H,18H2,1-2H3,(H,30,32)","InChI=1S/C24H22N2OS/c1-15-4-7-18(8-5-15)14-25-24(27)19-9-11-23-21(13-19)26-17(3)20-12-16(2)6-10-22(20)28-23/h4-13H,14H2,1-3H3,(H,25,27)"
MCULE-6561969005,https://mcule.com/MCULE-6561969005/,,N1C2C=C(C=CC=2SC2=CC=C(C)C=C2C=1CC)C(=O)NCC1C=CC(=CC=1)C,c1cc(-c2ccccc2)ccc1CNC(=O)c1cc2c(cc1)Sc1c(cc(C)cc1)C(C)=N2,0.8892561983471075,0.9271211,0.95449746,0.79924,1.0,1.0,0.83,0.15,400.547,1,"InChI=1S/C29H24N2OS/c1-19-8-14-27-25(16-19)20(2)31-26-17-24(13-15-28(26)33-27)29(32)30-18-21-9-11-23(12-10-21)22-6-4-3-5-7-22/h3-17H,18H2,1-2H3,(H,30,32)","InChI=1S/C25H24N2OS/c1-4-21-20-13-17(3)7-11-23(20)29-24-12-10-19(14-22(24)27-21)25(28)26-15-18-8-5-16(2)6-9-18/h5-14H,4,15H2,1-3H3,(H,26,28)"
MCULE-6622690555,https://mcule.com/MCULE-6622690555/,,N1C2C=C(C=CC=2SC2C=CC(C)=CC=2C=1CC)C(=O)NC(C)C1=CC=CC=C1,c1cc(-c2ccccc2)ccc1CNC(=O)c1cc2c(cc1)Sc1c(cc(C)cc1)C(C)=N2,0.848,0.8919808,0.82078993,0.9795346,1.0,1.0,0.64,0.06,400.547,1,"InChI=1S/C29H24N2OS/c1-19-8-14-27-25(16-19)20(2)31-26-17-24(13-15-28(26)33-27)29(32)30-18-21-9-11-23(12-10-21)22-6-4-3-5-7-22/h3-17H,18H2,1-2H3,(H,30,32)","InChI=1S/C25H24N2OS/c1-4-21-20-14-16(2)10-12-23(20)29-24-13-11-19(15-22(24)27-21)25(28)26-17(3)18-8-6-5-7-9-18/h5-15,17H,4H2,1-3H3,(H,26,28)"
MCULE-6865250371,https://mcule.com/MCULE-6865250371/,,N1C2C=C(C=CC=2SC2=CC=C(C)C=C2C=1CC)C(NCCC1=CC=C(C=C1)Cl)=O,CCC1=Nc2cc(C(=O)NCCc3ccc(C)cc3)ccc2Sc2c1cc1c(c2)CCCC1,0.8386123680241327,0.84741783,0.83226955,0.7512408,1.0,1.0,0.65,0.16,434.992,1,"InChI=1S/C29H30N2OS/c1-3-25-24-16-21-6-4-5-7-22(21)18-28(24)33-27-13-12-23(17-26(27)31-25)29(32)30-15-14-20-10-8-19(2)9-11-20/h8-13,16-18H,3-7,14-15H2,1-2H3,(H,30,32)","InChI=1S/C25H23ClN2OS/c1-3-21-20-14-16(2)4-10-23(20)30-24-11-7-18(15-22(24)28-21)25(29)27-13-12-17-5-8-19(26)9-6-17/h4-11,14-15H,3,12-13H2,1-2H3,(H,27,29)"
MCULE-2150483193,https://mcule.com/MCULE-2150483193/,,N1C2C=C(C=CC=2SC2C=CC(C)=CC=2C=1CC)C(NCCC1C=CC=CC=1)=O,CCC1=Nc2cc(C(=O)NCCc3ccc(C)cc3)ccc2Sc2c1cc1c(c2)CCCC1,0.8613707165109035,0.91946477,0.8810329,0.94064903,1.0,1.0,0.7,0.1,400.547,1,"InChI=1S/C29H30N2OS/c1-3-25-24-16-21-6-4-5-7-22(21)18-28(24)33-27-13-12-23(17-26(27)31-25)29(32)30-15-14-20-10-8-19(2)9-11-20/h8-13,16-18H,3-7,14-15H2,1-2H3,(H,30,32)","InChI=1S/C25H24N2OS/c1-3-21-20-15-17(2)9-11-23(20)29-24-12-10-19(16-22(24)27-21)25(28)26-14-13-18-7-5-4-6-8-18/h4-12,15-16H,3,13-14H2,1-2H3,(H,26,28)"
MCULE-7015520159,https://mcule.com/MCULE-7015520159/,,N1C2C=C(C=CC=2SC2=CC=C(C)C=C2C=1CCC)C(NCCC1=CC=C(C=C1)Cl)=O,CCC1=Nc2cc(C(=O)NCCc3ccc(C)cc3)ccc2Sc2c1cc1c(c2)CCCC1,0.8390461997019374,0.8809173,0.8534572,0.8399507,1.0,1.0,0.67,0.14,449.019,1,"InChI=1S/C29H30N2OS/c1-3-25-24-16-21-6-4-5-7-22(21)18-28(24)33-27-13-12-23(17-26(27)31-25)29(32)30-15-14-20-10-8-19(2)9-11-20/h8-13,16-18H,3-7,14-15H2,1-2H3,(H,30,32)","InChI=1S/C26H25ClN2OS/c1-3-4-22-21-15-17(2)5-11-24(21)31-25-12-8-19(16-23(25)29-22)26(30)28-14-13-18-6-9-20(27)10-7-18/h5-12,15-16H,3-4,13-14H2,1-2H3,(H,28,30)"
MCULE-3090142097,https://mcule.com/MCULE-3090142097/,,N1C2C=C(C=CC=2SC2C=CC(C)=CC=2C=1CC)C(NCCCC1C=CC=CC=1)=O,CCC1=Nc2cc(C(=O)NCCc3ccc(C)cc3)ccc2Sc2c1cc1c(c2)CCCC1,0.8469860896445132,0.8645324,0.9229263,0.63474333,1.0,1.0,0.76,0.18,414.574,1,"InChI=1S/C29H30N2OS/c1-3-25-24-16-21-6-4-5-7-22(21)18-28(24)33-27-13-12-23(17-26(27)31-25)29(32)30-15-14-20-10-8-19(2)9-11-20/h8-13,16-18H,3-7,14-15H2,1-2H3,(H,30,32)","InChI=1S/C26H26N2OS/c1-3-22-21-16-18(2)11-13-24(21)30-25-14-12-20(17-23(25)28-22)26(29)27-15-7-10-19-8-5-4-6-9-19/h4-6,8-9,11-14,16-17H,3,7,10,15H2,1-2H3,(H,27,29)"
MCULE-1266934263,https://mcule.com/MCULE-1266934263/,,N1C2C=C(C=CC=2SC2C=CC(C)=CC=2C=1CCC)C(NCCC1C=CC=CC=1)=O,CCC1=Nc2cc(C(=O)NCCc3ccc(C)cc3)ccc2Sc2c1cc1c(c2)CCCC1,0.8615384615384616,0.90953094,0.90400314,0.8399507,1.0,1.0,0.73,0.14,414.574,1,"InChI=1S/C29H30N2OS/c1-3-25-24-16-21-6-4-5-7-22(21)18-28(24)33-27-13-12-23(17-26(27)31-25)29(32)30-15-14-20-10-8-19(2)9-11-20/h8-13,16-18H,3-7,14-15H2,1-2H3,(H,30,32)","InChI=1S/C26H26N2OS/c1-3-7-22-21-16-18(2)10-12-24(21)30-25-13-11-20(17-23(25)28-22)26(29)27-15-14-19-8-5-4-6-9-19/h4-6,8-13,16-17H,3,7,14-15H2,1-2H3,(H,27,29)"
MCULE-1329921853,https://mcule.com/MCULE-1329921853/,,N1C2C=C(C=CC=2SC2=CC=C(C)C=C2C=1CC)C(NCCC1C=CC(=CC=1)C)=O,CCC1=Nc2cc(C(=O)NCCc3ccc(C)cc3)ccc2Sc2c1cc1c(c2)CCCC1,0.8738317757009346,0.89661825,0.8810329,0.8399507,1.0,1.0,0.7,0.14,414.574,1,"InChI=1S/C29H30N2OS/c1-3-25-24-16-21-6-4-5-7-22(21)18-28(24)33-27-13-12-23(17-26(27)31-25)29(32)30-15-14-20-10-8-19(2)9-11-20/h8-13,16-18H,3-7,14-15H2,1-2H3,(H,30,32)","InChI=1S/C26H26N2OS/c1-4-22-21-15-18(3)7-11-24(21)30-25-12-10-20(16-23(25)28-22)26(29)27-14-13-19-8-5-17(2)6-9-19/h5-12,15-16H,4,13-14H2,1-3H3,(H,27,29)"
MCULE-9498502378,https://mcule.com/MCULE-9498502378/,,N1C2C=C(C=CC=2SC2=CC=C(C)C=C2C=1CC)C(NCCC1C=CC=C(C)C=1)=O,CCC1=Nc2cc(C(=O)NCCc3ccc(C)cc3)ccc2Sc2c1cc1c(c2)CCCC1,0.862015503875969,0.9119947,0.8631931,0.95432323,1.0,1.0,0.68,0.09,414.574,1,"InChI=1S/C29H30N2OS/c1-3-25-24-16-21-6-4-5-7-22(21)18-28(24)33-27-13-12-23(17-26(27)31-25)29(32)30-15-14-20-10-8-19(2)9-11-20/h8-13,16-18H,3-7,14-15H2,1-2H3,(H,30,32)","InChI=1S/C26H26N2OS/c1-4-22-21-15-18(3)8-10-24(21)30-25-11-9-20(16-23(25)28-22)26(29)27-13-12-19-7-5-6-17(2)14-19/h5-11,14-16H,4,12-13H2,1-3H3,(H,27,29)"
MCULE-4655030945,https://mcule.com/MCULE-4655030945/,,N1C2C=C(C=CC=2SC2=CC=C(C)C=C2C=1CCC)C(NCCC1C=CC(=CC=1)C)=O,CCC1=Nc2cc(C(=O)NCCc3ccc(C)cc3)ccc2Sc2c1cc1c(c2)CCCC1,0.8738461538461538,0.91564924,0.8810329,0.9232107,1.0,1.0,0.7,0.11,428.601,1,"InChI=1S/C29H30N2OS/c1-3-25-24-16-21-6-4-5-7-22(21)18-28(24)33-27-13-12-23(17-26(27)31-25)29(32)30-15-14-20-10-8-19(2)9-11-20/h8-13,16-18H,3-7,14-15H2,1-2H3,(H,30,32)","InChI=1S/C27H28N2OS/c1-4-5-23-22-16-19(3)8-12-25(22)31-26-13-11-21(17-24(26)29-23)27(30)28-15-14-20-9-6-18(2)7-10-20/h6-13,16-17H,4-5,14-15H2,1-3H3,(H,28,30)"
MCULE-1153524502,https://mcule.com/MCULE-1153524502/,,N1C2C=C(C=CC=2SC2C=CC(Cl)=CC=2C=1C)C(=O)NCC1C=CC=CC=1,CC1=Nc2cc(C(=O)NCc3ccc4cc5ccccc5cc4c3)ccc2Sc2c1cccc2,0.8414023372287145,0.8890152,0.82078993,0.9649643,1.0,1.0,0.64,0.08,392.911,1,"InChI=1S/C30H22N2OS/c1-19-26-8-4-5-9-28(26)34-29-13-12-24(17-27(29)32-19)30(33)31-18-20-10-11-23-15-21-6-2-3-7-22(21)16-25(23)14-20/h2-17H,18H2,1H3,(H,31,33)","InChI=1S/C22H17ClN2OS/c1-14-18-12-17(23)8-10-20(18)27-21-9-7-16(11-19(21)25-14)22(26)24-13-15-5-3-2-4-6-15/h2-12H,13H2,1H3,(H,24,26)"
MCULE-3162875168,https://mcule.com/MCULE-3162875168/,,N1C2C=C(C=CC=2SC2=CC=C(Cl)C=C2C=1C)C(=O)NCC1C=CC(=CC=1)C,CC1=Nc2cc(C(=O)NCc3ccc4cc5ccccc5cc4c3)ccc2Sc2c1cccc2,0.8281505728314239,0.94606656,0.91073215,0.98439837,1.0,1.0,0.74,0.05,406.938,1,"InChI=1S/C30H22N2OS/c1-19-26-8-4-5-9-28(26)34-29-13-12-24(17-27(29)32-19)30(33)31-18-20-10-11-23-15-21-6-2-3-7-22(21)16-25(23)14-20/h2-17H,18H2,1H3,(H,31,33)","InChI=1S/C23H19ClN2OS/c1-14-3-5-16(6-4-14)13-25-23(27)17-7-9-22-20(11-17)26-15(2)19-12-18(24)8-10-21(19)28-22/h3-12H,13H2,1-2H3,(H,25,27)"
MCULE-5074289166,https://mcule.com/MCULE-5074289166/,,N1C2C=C(C=CC=2SC2C=CC(C)=CC=2C=1C)C(=O)NCC1=CC=C(C=C1)Cl,CC1=Nc2cc(C(=O)NCc3ccc4cc5ccccc5cc4c3)ccc2Sc2c1cccc2,0.834983498349835,0.90551126,0.8968244,0.8399507,1.0,1.0,0.72,0.14,406.938,1,"InChI=1S/C30H22N2OS/c1-19-26-8-4-5-9-28(26)34-29-13-12-24(17-27(29)32-19)30(33)31-18-20-10-11-23-15-21-6-2-3-7-22(21)16-25(23)14-20/h2-17H,18H2,1H3,(H,31,33)","InChI=1S/C23H19ClN2OS/c1-14-3-9-21-19(11-14)15(2)26-20-12-17(6-10-22(20)28-21)23(27)25-13-16-4-7-18(24)8-5-16/h3-12H,13H2,1-2H3,(H,25,27)"
MCULE-8454725046,https://mcule.com/MCULE-8454725046/,,N1C2C=C(C=CC=2SC2C=CC=CC=2C=1CC)C(=O)NCC1=CC=C(C=C1)F,CC1=Nc2cc(C(=O)NCc3ccc4cc5ccccc5cc4c3)ccc2Sc2c1cccc2,0.8369028006589786,0.9289299,0.957852,0.79924,1.0,1.0,0.84,0.15,390.483,1,"InChI=1S/C30H22N2OS/c1-19-26-8-4-5-9-28(26)34-29-13-12-24(17-27(29)32-19)30(33)31-18-20-10-11-23-15-21-6-2-3-7-22(21)16-25(23)14-20/h2-17H,18H2,1H3,(H,31,33)","InChI=1S/C23H19FN2OS/c1-2-19-18-5-3-4-6-21(18)28-22-12-9-16(13-20(22)26-19)23(27)25-14-15-7-10-17(24)11-8-15/h3-13H,2,14H2,1H3,(H,25,27)"
MCULE-5830374764,https://mcule.com/MCULE-5830374764/,,N1C2C=C(C=CC=2SC2C=CC=CC=2C=1C)C(NCCC1C=CC=CC=1)=O,CC1=Nc2cc(C(=O)NCc3ccc4cc5ccccc5cc4c3)ccc2Sc2c1cccc2,0.8284734133790738,0.885635,0.80870515,0.98439837,1.0,1.0,0.63,0.05,372.493,1,"InChI=1S/C30H22N2OS/c1-19-26-8-4-5-9-28(26)34-29-13-12-24(17-27(29)32-19)30(33)31-18-20-10-11-23-15-21-6-2-3-7-22(21)16-25(23)14-20/h2-17H,18H2,1H3,(H,31,33)","InChI=1S/C23H20N2OS/c1-16-19-9-5-6-10-21(19)27-22-12-11-18(15-20(22)25-16)23(26)24-14-13-17-7-3-2-4-8-17/h2-12,15H,13-14H2,1H3,(H,24,26)"
MCULE-2040607482,https://mcule.com/MCULE-2040607482/,,N1C2C=C(C=CC=2SC2C=CC(C)=CC=2C=1C)C(=O)NCC1=CC=C(C=C1)C,CC1=Nc2cc(C(=O)NCc3ccc4cc5ccccc5cc4c3)ccc2Sc2c1cccc2,0.856175972927242,0.94321793,0.93837357,0.9011868,1.0,1.0,0.79,0.12,386.52,1,"InChI=1S/C30H22N2OS/c1-19-26-8-4-5-9-28(26)34-29-13-12-24(17-27(29)32-19)30(33)31-18-20-10-11-23-15-21-6-2-3-7-22(21)16-25(23)14-20/h2-17H,18H2,1H3,(H,31,33)","InChI=1S/C24H22N2OS/c1-15-4-7-18(8-5-15)14-25-24(27)19-9-11-23-21(13-19)26-17(3)20-12-16(2)6-10-22(20)28-23/h4-13H,14H2,1-3H3,(H,25,27)"
MCULE-4087326320,https://mcule.com/MCULE-4087326320/,,N1C2C=C(C=CC=2SC2C=CC=CC=2C=1CCC)C(=O)NCC1C=CC=CC=1,CC1=Nc2cc(C(=O)NCc3ccc4cc5ccccc5cc4c3)ccc2Sc2c1cccc2,0.840531561461794,0.97716236,0.9638649,0.9881202,1.0,1.0,0.86,0.04,386.52,1,"InChI=1S/C30H22N2OS/c1-19-26-8-4-5-9-28(26)34-29-13-12-24(17-27(29)32-19)30(33)31-18-20-10-11-23-15-21-6-2-3-7-22(21)16-25(23)14-20/h2-17H,18H2,1H3,(H,31,33)","InChI=1S/C24H22N2OS/c1-2-8-20-19-11-6-7-12-22(19)28-23-14-13-18(15-21(23)26-20)24(27)25-16-17-9-4-3-5-10-17/h3-7,9-15H,2,8,16H2,1H3,(H,25,27)"
MCULE-3162875168,https://mcule.com/MCULE-3162875168/,,N1C2C=C(C=CC=2SC2=CC=C(Cl)C=C2C=1C)C(=O)NCC1C=CC(=CC=1)C,c1c(-c2ccc(C)cc2)ccc(CNC(=O)c2cc3c(cc2)Sc2c(cc(C)cc2)C(C)=N3)c1,0.843042071197411,0.94606656,0.91073215,0.98439837,1.0,1.0,0.74,0.05,406.938,1,"InChI=1S/C30H26N2OS/c1-19-4-9-23(10-5-19)24-11-7-22(8-12-24)18-31-30(33)25-13-15-29-27(17-25)32-21(3)26-16-20(2)6-14-28(26)34-29/h4-17H,18H2,1-3H3,(H,31,33)","InChI=1S/C23H19ClN2OS/c1-14-3-5-16(6-4-14)13-25-23(27)17-7-9-22-20(11-17)26-15(2)19-12-18(24)8-10-21(19)28-22/h3-12H,13H2,1-2H3,(H,25,27)"
MCULE-3162875168,https://mcule.com/MCULE-3162875168/,,N1C2C=C(C=CC=2SC2=CC=C(Cl)C=C2C=1C)C(=O)NCC1C=CC(=CC=1)C,c1cc(-c2ccc(C)cc2)ccc1CNC(=O)c1cc2c(cc1)Sc1c(cc(C)cc1)C(C)=N2,0.843042071197411,0.94606656,0.91073215,0.98439837,1.0,1.0,0.74,0.05,406.938,1,"InChI=1S/C30H26N2OS/c1-19-4-9-23(10-5-19)24-11-7-22(8-12-24)18-31-30(33)25-13-15-29-27(17-25)32-21(3)26-16-20(2)6-14-28(26)34-29/h4-17H,18H2,1-3H3,(H,31,33)","InChI=1S/C23H19ClN2OS/c1-14-3-5-16(6-4-14)13-25-23(27)17-7-9-22-20(11-17)26-15(2)19-12-18(24)8-10-21(19)28-22/h3-12H,13H2,1-2H3,(H,25,27)"
MCULE-5074289166,https://mcule.com/MCULE-5074289166/,,N1C2C=C(C=CC=2SC2C=CC(C)=CC=2C=1C)C(=O)NCC1=CC=C(C=C1)Cl,c1c(-c2ccc(C)cc2)ccc(CNC(=O)c2cc3c(cc2)Sc2c(cc(C)cc2)C(C)=N3)c1,0.8682042833607908,0.90551126,0.8968244,0.8399507,1.0,1.0,0.72,0.14,406.938,1,"InChI=1S/C30H26N2OS/c1-19-4-9-23(10-5-19)24-11-7-22(8-12-24)18-31-30(33)25-13-15-29-27(17-25)32-21(3)26-16-20(2)6-14-28(26)34-29/h4-17H,18H2,1-3H3,(H,31,33)","InChI=1S/C23H19ClN2OS/c1-14-3-9-21-19(11-14)15(2)26-20-12-17(6-10-22(20)28-21)23(27)25-13-16-4-7-18(24)8-5-16/h3-12H,13H2,1-2H3,(H,25,27)"
MCULE-5074289166,https://mcule.com/MCULE-5074289166/,,N1C2C=C(C=CC=2SC2C=CC(C)=CC=2C=1C)C(=O)NCC1=CC=C(C=C1)Cl,c1cc(-c2ccc(C)cc2)ccc1CNC(=O)c1cc2c(cc1)Sc1c(cc(C)cc1)C(C)=N2,0.8682042833607908,0.90551126,0.8968244,0.8399507,1.0,1.0,0.72,0.14,406.938,1,"InChI=1S/C30H26N2OS/c1-19-4-9-23(10-5-19)24-11-7-22(8-12-24)18-31-30(33)25-13-15-29-27(17-25)32-21(3)26-16-20(2)6-14-28(26)34-29/h4-17H,18H2,1-3H3,(H,31,33)","InChI=1S/C23H19ClN2OS/c1-14-3-9-21-19(11-14)15(2)26-20-12-17(6-10-22(20)28-21)23(27)25-13-16-4-7-18(24)8-5-16/h3-12H,13H2,1-2H3,(H,25,27)"
MCULE-1599297501,https://mcule.com/MCULE-1599297501/,,N1C2C=C(C=CC=2SC2C=CC(C)=CC=2C=1CC)C(=O)NCC1=CC=C(C=C1)Cl,c1c(-c2ccc(C)cc2)ccc(CNC(=O)c2cc3c(cc2)Sc2c(cc(C)cc2)C(C)=N3)c1,0.8399366085578447,0.9431713,0.9170328,0.95432323,1.0,1.0,0.75,0.09,420.965,1,"InChI=1S/C30H26N2OS/c1-19-4-9-23(10-5-19)24-11-7-22(8-12-24)18-31-30(33)25-13-15-29-27(17-25)32-21(3)26-16-20(2)6-14-28(26)34-29/h4-17H,18H2,1-3H3,(H,31,33)","InChI=1S/C24H21ClN2OS/c1-3-20-19-12-15(2)4-10-22(19)29-23-11-7-17(13-21(23)27-20)24(28)26-14-16-5-8-18(25)9-6-16/h4-13H,3,14H2,1-2H3,(H,26,28)"
MCULE-1599297501,https://mcule.com/MCULE-1599297501/,,N1C2C=C(C=CC=2SC2C=CC(C)=CC=2C=1CC)C(=O)NCC1=CC=C(C=C1)Cl,c1cc(-c2ccc(C)cc2)ccc1CNC(=O)c1cc2c(cc1)Sc1c(cc(C)cc1)C(C)=N2,0.8399366085578447,0.9431713,0.9170328,0.95432323,1.0,1.0,0.75,0.09,420.965,1,"InChI=1S/C30H26N2OS/c1-19-4-9-23(10-5-19)24-11-7-22(8-12-24)18-31-30(33)25-13-15-29-27(17-25)32-21(3)26-16-20(2)6-14-28(26)34-29/h4-17H,18H2,1-3H3,(H,31,33)","InChI=1S/C24H21ClN2OS/c1-3-20-19-12-15(2)4-10-22(19)29-23-11-7-17(13-21(23)27-20)24(28)26-14-16-5-8-18(25)9-6-16/h4-13H,3,14H2,1-2H3,(H,26,28)"
MCULE-8318145015,https://mcule.com/MCULE-8318145015/,,N1C2C=C(C=CC=2SC2C=CC(C)=CC=2C=1CC)C(=O)NCC1=CC=C(C=C1)F,c1c(-c2ccc(C)cc2)ccc(CNC(=O)c2cc3c(cc2)Sc2c(cc(C)cc2)C(C)=N3)c1,0.8484848484848485,0.9340865,0.9335762,0.8737104,1.0,1.0,0.78,0.13,404.51,1,"InChI=1S/C30H26N2OS/c1-19-4-9-23(10-5-19)24-11-7-22(8-12-24)18-31-30(33)25-13-15-29-27(17-25)32-21(3)26-16-20(2)6-14-28(26)34-29/h4-17H,18H2,1-3H3,(H,31,33)","InChI=1S/C24H21FN2OS/c1-3-20-19-12-15(2)4-10-22(19)29-23-11-7-17(13-21(23)27-20)24(28)26-14-16-5-8-18(25)9-6-16/h4-13H,3,14H2,1-2H3,(H,26,28)"
MCULE-8318145015,https://mcule.com/MCULE-8318145015/,,N1C2C=C(C=CC=2SC2C=CC(C)=CC=2C=1CC)C(=O)NCC1=CC=C(C=C1)F,c1cc(-c2ccc(C)cc2)ccc1CNC(=O)c1cc2c(cc1)Sc1c(cc(C)cc1)C(C)=N2,0.8484848484848485,0.9340865,0.9335762,0.8737104,1.0,1.0,0.78,0.13,404.51,1,"InChI=1S/C30H26N2OS/c1-19-4-9-23(10-5-19)24-11-7-22(8-12-24)18-31-30(33)25-13-15-29-27(17-25)32-21(3)26-16-20(2)6-14-28(26)34-29/h4-17H,18H2,1-3H3,(H,31,33)","InChI=1S/C24H21FN2OS/c1-3-20-19-12-15(2)4-10-22(19)29-23-11-7-17(13-21(23)27-20)24(28)26-14-16-5-8-18(25)9-6-16/h4-13H,3,14H2,1-2H3,(H,26,28)"
MCULE-2040607482,https://mcule.com/MCULE-2040607482/,,N1C2C=C(C=CC=2SC2C=CC(C)=CC=2C=1C)C(=O)NCC1=CC=C(C=C1)C,c1c(-c2ccc(C)cc2)ccc(CNC(=O)c2cc3c(cc2)Sc2c(cc(C)cc2)C(C)=N3)c1,0.916095890410959,0.94321793,0.93837357,0.9011868,1.0,1.0,0.79,0.12,386.52,1,"InChI=1S/C30H26N2OS/c1-19-4-9-23(10-5-19)24-11-7-22(8-12-24)18-31-30(33)25-13-15-29-27(17-25)32-21(3)26-16-20(2)6-14-28(26)34-29/h4-17H,18H2,1-3H3,(H,31,33)","InChI=1S/C24H22N2OS/c1-15-4-7-18(8-5-15)14-25-24(27)19-9-11-23-21(13-19)26-17(3)20-12-16(2)6-10-22(20)28-23/h4-13H,14H2,1-3H3,(H,25,27)"
MCULE-2040607482,https://mcule.com/MCULE-2040607482/,,N1C2C=C(C=CC=2SC2C=CC(C)=CC=2C=1C)C(=O)NCC1=CC=C(C=C1)C,c1cc(-c2ccc(C)cc2)ccc1CNC(=O)c1cc2c(cc1)Sc1c(cc(C)cc1)C(C)=N2,0.916095890410959,0.94321793,0.93837357,0.9011868,1.0,1.0,0.79,0.12,386.52,1,"InChI=1S/C30H26N2OS/c1-19-4-9-23(10-5-19)24-11-7-22(8-12-24)18-31-30(33)25-13-15-29-27(17-25)32-21(3)26-16-20(2)6-14-28(26)34-29/h4-17H,18H2,1-3H3,(H,31,33)","InChI=1S/C24H22N2OS/c1-15-4-7-18(8-5-15)14-25-24(27)19-9-11-23-21(13-19)26-17(3)20-12-16(2)6-10-22(20)28-23/h4-13H,14H2,1-3H3,(H,25,27)"
MCULE-6561969005,https://mcule.com/MCULE-6561969005/,,N1C2C=C(C=CC=2SC2=CC=C(C)C=C2C=1CC)C(=O)NCC1C=CC(=CC=1)C,c1c(-c2ccc(C)cc2)ccc(CNC(=O)c2cc3c(cc2)Sc2c(cc(C)cc2)C(C)=N3)c1,0.8848684210526315,0.9271211,0.95449746,0.79924,1.0,1.0,0.83,0.15,400.547,1,"InChI=1S/C30H26N2OS/c1-19-4-9-23(10-5-19)24-11-7-22(8-12-24)18-31-30(33)25-13-15-29-27(17-25)32-21(3)26-16-20(2)6-14-28(26)34-29/h4-17H,18H2,1-3H3,(H,31,33)","InChI=1S/C25H24N2OS/c1-4-21-20-13-17(3)7-11-23(20)29-24-12-10-19(14-22(24)27-21)25(28)26-15-18-8-5-16(2)6-9-18/h5-14H,4,15H2,1-3H3,(H,26,28)"
MCULE-6561969005,https://mcule.com/MCULE-6561969005/,,N1C2C=C(C=CC=2SC2=CC=C(C)C=C2C=1CC)C(=O)NCC1C=CC(=CC=1)C,c1cc(-c2ccc(C)cc2)ccc1CNC(=O)c1cc2c(cc1)Sc1c(cc(C)cc1)C(C)=N2,0.8848684210526315,0.9271211,0.95449746,0.79924,1.0,1.0,0.83,0.15,400.547,1,"InChI=1S/C30H26N2OS/c1-19-4-9-23(10-5-19)24-11-7-22(8-12-24)18-31-30(33)25-13-15-29-27(17-25)32-21(3)26-16-20(2)6-14-28(26)34-29/h4-17H,18H2,1-3H3,(H,31,33)","InChI=1S/C25H24N2OS/c1-4-21-20-13-17(3)7-11-23(20)29-24-12-10-19(14-22(24)27-21)25(28)26-15-18-8-5-16(2)6-9-18/h5-14H,4,15H2,1-3H3,(H,26,28)"
MCULE-6622690555,https://mcule.com/MCULE-6622690555/,,N1C2C=C(C=CC=2SC2C=CC(C)=CC=2C=1CC)C(=O)NC(C)C1=CC=CC=C1,c1c(-c2ccc(C)cc2)ccc(CNC(=O)c2cc3c(cc2)Sc2c(cc(C)cc2)C(C)=N3)c1,0.8439490445859873,0.8919808,0.82078993,0.9795346,1.0,1.0,0.64,0.06,400.547,1,"InChI=1S/C30H26N2OS/c1-19-4-9-23(10-5-19)24-11-7-22(8-12-24)18-31-30(33)25-13-15-29-27(17-25)32-21(3)26-16-20(2)6-14-28(26)34-29/h4-17H,18H2,1-3H3,(H,31,33)","InChI=1S/C25H24N2OS/c1-4-21-20-14-16(2)10-12-23(20)29-24-13-11-19(15-22(24)27-21)25(28)26-17(3)18-8-6-5-7-9-18/h5-15,17H,4H2,1-3H3,(H,26,28)"
MCULE-6622690555,https://mcule.com/MCULE-6622690555/,,N1C2C=C(C=CC=2SC2C=CC(C)=CC=2C=1CC)C(=O)NC(C)C1=CC=CC=C1,c1cc(-c2ccc(C)cc2)ccc1CNC(=O)c1cc2c(cc1)Sc1c(cc(C)cc1)C(C)=N2,0.8439490445859873,0.8919808,0.82078993,0.9795346,1.0,1.0,0.64,0.06,400.547,1,"InChI=1S/C30H26N2OS/c1-19-4-9-23(10-5-19)24-11-7-22(8-12-24)18-31-30(33)25-13-15-29-27(17-25)32-21(3)26-16-20(2)6-14-28(26)34-29/h4-17H,18H2,1-3H3,(H,31,33)","InChI=1S/C25H24N2OS/c1-4-21-20-14-16(2)10-12-23(20)29-24-13-11-19(15-22(24)27-21)25(28)26-17(3)18-8-6-5-7-9-18/h5-15,17H,4H2,1-3H3,(H,26,28)"
MCULE-3162875168,https://mcule.com/MCULE-3162875168/,,N1C2C=C(C=CC=2SC2=CC=C(Cl)C=C2C=1C)C(=O)NCC1C=CC(=CC=1)C,c1cc(-c2cccc(C)c2)ccc1CNC(=O)c1cc2c(cc1)Sc1c(cc(C)cc1)C(C)=N2,0.8349358974358975,0.94606656,0.91073215,0.98439837,1.0,1.0,0.74,0.05,406.938,1,"InChI=1S/C30H26N2OS/c1-19-5-4-6-24(15-19)23-10-8-22(9-11-23)18-31-30(33)25-12-14-29-27(17-25)32-21(3)26-16-20(2)7-13-28(26)34-29/h4-17H,18H2,1-3H3,(H,31,33)","InChI=1S/C23H19ClN2OS/c1-14-3-5-16(6-4-14)13-25-23(27)17-7-9-22-20(11-17)26-15(2)19-12-18(24)8-10-21(19)28-22/h3-12H,13H2,1-2H3,(H,25,27)"
MCULE-5074289166,https://mcule.com/MCULE-5074289166/,,N1C2C=C(C=CC=2SC2C=CC(C)=CC=2C=1C)C(=O)NCC1=CC=C(C=C1)Cl,c1cc(-c2cccc(C)c2)ccc1CNC(=O)c1cc2c(cc1)Sc1c(cc(C)cc1)C(C)=N2,0.8597063621533442,0.90551126,0.8968244,0.8399507,1.0,1.0,0.72,0.14,406.938,1,"InChI=1S/C30H26N2OS/c1-19-5-4-6-24(15-19)23-10-8-22(9-11-23)18-31-30(33)25-12-14-29-27(17-25)32-21(3)26-16-20(2)7-13-28(26)34-29/h4-17H,18H2,1-3H3,(H,31,33)","InChI=1S/C23H19ClN2OS/c1-14-3-9-21-19(11-14)15(2)26-20-12-17(6-10-22(20)28-21)23(27)25-13-16-4-7-18(24)8-5-16/h3-12H,13H2,1-2H3,(H,25,27)"
MCULE-1599297501,https://mcule.com/MCULE-1599297501/,,N1C2C=C(C=CC=2SC2C=CC(C)=CC=2C=1CC)C(=O)NCC1=CC=C(C=C1)Cl,c1cc(-c2cccc(C)c2)ccc1CNC(=O)c1cc2c(cc1)Sc1c(cc(C)cc1)C(C)=N2,0.8349056603773585,0.9431713,0.9170328,0.95432323,1.0,1.0,0.75,0.09,420.965,1,"InChI=1S/C30H26N2OS/c1-19-5-4-6-24(15-19)23-10-8-22(9-11-23)18-31-30(33)25-12-14-29-27(17-25)32-21(3)26-16-20(2)7-13-28(26)34-29/h4-17H,18H2,1-3H3,(H,31,33)","InChI=1S/C24H21ClN2OS/c1-3-20-19-12-15(2)4-10-22(19)29-23-11-7-17(13-21(23)27-20)24(28)26-14-16-5-8-18(25)9-6-16/h4-13H,3,14H2,1-2H3,(H,26,28)"
MCULE-8318145015,https://mcule.com/MCULE-8318145015/,,N1C2C=C(C=CC=2SC2C=CC(C)=CC=2C=1CC)C(=O)NCC1=CC=C(C=C1)F,c1cc(-c2cccc(C)c2)ccc1CNC(=O)c1cc2c(cc1)Sc1c(cc(C)cc1)C(C)=N2,0.8433544303797469,0.9340865,0.9335762,0.8737104,1.0,1.0,0.78,0.13,404.51,1,"InChI=1S/C30H26N2OS/c1-19-5-4-6-24(15-19)23-10-8-22(9-11-23)18-31-30(33)25-12-14-29-27(17-25)32-21(3)26-16-20(2)7-13-28(26)34-29/h4-17H,18H2,1-3H3,(H,31,33)","InChI=1S/C24H21FN2OS/c1-3-20-19-12-15(2)4-10-22(19)29-23-11-7-17(13-21(23)27-20)24(28)26-14-16-5-8-18(25)9-6-16/h4-13H,3,14H2,1-2H3,(H,26,28)"
MCULE-2040607482,https://mcule.com/MCULE-2040607482/,,N1C2C=C(C=CC=2SC2C=CC(C)=CC=2C=1C)C(=O)NCC1=CC=C(C=C1)C,c1cc(-c2cccc(C)c2)ccc1CNC(=O)c1cc2c(cc1)Sc1c(cc(C)cc1)C(C)=N2,0.9067796610169492,0.94321793,0.93837357,0.9011868,1.0,1.0,0.79,0.12,386.52,1,"InChI=1S/C30H26N2OS/c1-19-5-4-6-24(15-19)23-10-8-22(9-11-23)18-31-30(33)25-12-14-29-27(17-25)32-21(3)26-16-20(2)7-13-28(26)34-29/h4-17H,18H2,1-3H3,(H,31,33)","InChI=1S/C24H22N2OS/c1-15-4-7-18(8-5-15)14-25-24(27)19-9-11-23-21(13-19)26-17(3)20-12-16(2)6-10-22(20)28-23/h4-13H,14H2,1-3H3,(H,25,27)"
MCULE-6561969005,https://mcule.com/MCULE-6561969005/,,N1C2C=C(C=CC=2SC2=CC=C(C)C=C2C=1CC)C(=O)NCC1C=CC(=CC=1)C,c1cc(-c2cccc(C)c2)ccc1CNC(=O)c1cc2c(cc1)Sc1c(cc(C)cc1)C(C)=N2,0.8792822185970636,0.9271211,0.95449746,0.79924,1.0,1.0,0.83,0.15,400.547,1,"InChI=1S/C30H26N2OS/c1-19-5-4-6-24(15-19)23-10-8-22(9-11-23)18-31-30(33)25-12-14-29-27(17-25)32-21(3)26-16-20(2)7-13-28(26)34-29/h4-17H,18H2,1-3H3,(H,31,33)","InChI=1S/C25H24N2OS/c1-4-21-20-13-17(3)7-11-23(20)29-24-12-10-19(14-22(24)27-21)25(28)26-15-18-8-5-16(2)6-9-18/h5-14H,4,15H2,1-3H3,(H,26,28)"
MCULE-6622690555,https://mcule.com/MCULE-6622690555/,,N1C2C=C(C=CC=2SC2C=CC(C)=CC=2C=1CC)C(=O)NC(C)C1=CC=CC=C1,c1cc(-c2cccc(C)c2)ccc1CNC(=O)c1cc2c(cc1)Sc1c(cc(C)cc1)C(C)=N2,0.8388625592417062,0.8919808,0.82078993,0.9795346,1.0,1.0,0.64,0.06,400.547,1,"InChI=1S/C30H26N2OS/c1-19-5-4-6-24(15-19)23-10-8-22(9-11-23)18-31-30(33)25-12-14-29-27(17-25)32-21(3)26-16-20(2)7-13-28(26)34-29/h4-17H,18H2,1-3H3,(H,31,33)","InChI=1S/C25H24N2OS/c1-4-21-20-14-16(2)10-12-23(20)29-24-13-11-19(15-22(24)27-21)25(28)26-17(3)18-8-6-5-7-9-18/h5-15,17H,4H2,1-3H3,(H,26,28)"
MCULE-5074289166,https://mcule.com/MCULE-5074289166/,,N1C2C=C(C=CC=2SC2C=CC(C)=CC=2C=1C)C(=O)NCC1=CC=C(C=C1)Cl,c1cccc(-c2ccc(C)cc2)c1CNC(=O)c1cc2c(cc1)Sc1c(cc(C)cc1)C(C)=N2,0.8188854489164087,0.90551126,0.8968244,0.8399507,1.0,1.0,0.72,0.14,406.938,1,"InChI=1S/C30H26N2OS/c1-19-8-11-22(12-9-19)25-7-5-4-6-24(25)18-31-30(33)23-13-15-29-27(17-23)32-21(3)26-16-20(2)10-14-28(26)34-29/h4-17H,18H2,1-3H3,(H,31,33)","InChI=1S/C23H19ClN2OS/c1-14-3-9-21-19(11-14)15(2)26-20-12-17(6-10-22(20)28-21)23(27)25-13-16-4-7-18(24)8-5-16/h3-12H,13H2,1-2H3,(H,25,27)"
MCULE-5304352317,https://mcule.com/MCULE-5304352317/,,C12C(C)=CC=C(C)C=1C(C)=NC1C=C(C=CC=1S2)C(=O)NCC1=CC=C(C=C1)Cl,c1cccc(-c2ccc(C)cc2)c1CNC(=O)c1cc2c(cc1)Sc1c(cc(C)cc1)C(C)=N2,0.7962154294032023,0.88713825,0.83226955,0.9232107,1.0,1.0,0.65,0.11,420.965,1,"InChI=1S/C30H26N2OS/c1-19-8-11-22(12-9-19)25-7-5-4-6-24(25)18-31-30(33)23-13-15-29-27(17-23)32-21(3)26-16-20(2)10-14-28(26)34-29/h4-17H,18H2,1-3H3,(H,31,33)","InChI=1S/C24H21ClN2OS/c1-14-4-5-15(2)23-22(14)16(3)27-20-12-18(8-11-21(20)29-23)24(28)26-13-17-6-9-19(25)10-7-17/h4-12H,13H2,1-3H3,(H,26,28)"
MCULE-1599297501,https://mcule.com/MCULE-1599297501/,,N1C2C=C(C=CC=2SC2C=CC(C)=CC=2C=1CC)C(=O)NCC1=CC=C(C=C1)Cl,c1cccc(-c2ccc(C)cc2)c1CNC(=O)c1cc2c(cc1)Sc1c(cc(C)cc1)C(C)=N2,0.796711509715994,0.9431713,0.9170328,0.95432323,1.0,1.0,0.75,0.09,420.965,1,"InChI=1S/C30H26N2OS/c1-19-8-11-22(12-9-19)25-7-5-4-6-24(25)18-31-30(33)23-13-15-29-27(17-23)32-21(3)26-16-20(2)10-14-28(26)34-29/h4-17H,18H2,1-3H3,(H,31,33)","InChI=1S/C24H21ClN2OS/c1-3-20-19-12-15(2)4-10-22(19)29-23-11-7-17(13-21(23)27-20)24(28)26-14-16-5-8-18(25)9-6-16/h4-13H,3,14H2,1-2H3,(H,26,28)"
MCULE-7427575619,https://mcule.com/MCULE-7427575619/,,C12C(C)=CC=C(C)C=1C(C)=NC1C=C(C=CC=1S2)C(=O)NCC1=CC=C(C=C1)F,c1cccc(-c2ccc(C)cc2)c1CNC(=O)c1cc2c(cc1)Sc1c(cc(C)cc1)C(C)=N2,0.7965116279069767,0.87634027,0.83226955,0.8737104,1.0,1.0,0.65,0.13,404.51,1,"InChI=1S/C30H26N2OS/c1-19-8-11-22(12-9-19)25-7-5-4-6-24(25)18-31-30(33)23-13-15-29-27(17-23)32-21(3)26-16-20(2)10-14-28(26)34-29/h4-17H,18H2,1-3H3,(H,31,33)","InChI=1S/C24H21FN2OS/c1-14-4-5-15(2)23-22(14)16(3)27-20-12-18(8-11-21(20)29-23)24(28)26-13-17-6-9-19(25)10-7-17/h4-12H,13H2,1-3H3,(H,26,28)"
MCULE-8318145015,https://mcule.com/MCULE-8318145015/,,N1C2C=C(C=CC=2SC2C=CC(C)=CC=2C=1CC)C(=O)NCC1=CC=C(C=C1)F,c1cccc(-c2ccc(C)cc2)c1CNC(=O)c1cc2c(cc1)Sc1c(cc(C)cc1)C(C)=N2,0.7991004497751124,0.9340865,0.9335762,0.8737104,1.0,1.0,0.78,0.13,404.51,1,"InChI=1S/C30H26N2OS/c1-19-8-11-22(12-9-19)25-7-5-4-6-24(25)18-31-30(33)23-13-15-29-27(17-23)32-21(3)26-16-20(2)10-14-28(26)34-29/h4-17H,18H2,1-3H3,(H,31,33)","InChI=1S/C24H21FN2OS/c1-3-20-19-12-15(2)4-10-22(19)29-23-11-7-17(13-21(23)27-20)24(28)26-14-16-5-8-18(25)9-6-16/h4-13H,3,14H2,1-2H3,(H,26,28)"
MCULE-2040607482,https://mcule.com/MCULE-2040607482/,,N1C2C=C(C=CC=2SC2C=CC(C)=CC=2C=1C)C(=O)NCC1=CC=C(C=C1)C,c1cccc(-c2ccc(C)cc2)c1CNC(=O)c1cc2c(cc1)Sc1c(cc(C)cc1)C(C)=N2,0.853035143769968,0.94321793,0.93837357,0.9011868,1.0,1.0,0.79,0.12,386.52,1,"InChI=1S/C30H26N2OS/c1-19-8-11-22(12-9-19)25-7-5-4-6-24(25)18-31-30(33)23-13-15-29-27(17-23)32-21(3)26-16-20(2)10-14-28(26)34-29/h4-17H,18H2,1-3H3,(H,31,33)","InChI=1S/C24H22N2OS/c1-15-4-7-18(8-5-15)14-25-24(27)19-9-11-23-21(13-19)26-17(3)20-12-16(2)6-10-22(20)28-23/h4-13H,14H2,1-3H3,(H,25,27)"
MCULE-6561969005,https://mcule.com/MCULE-6561969005/,,N1C2C=C(C=CC=2SC2=CC=C(C)C=C2C=1CC)C(=O)NCC1C=CC(=CC=1)C,c1cccc(-c2ccc(C)cc2)c1CNC(=O)c1cc2c(cc1)Sc1c(cc(C)cc1)C(C)=N2,0.8289676425269645,0.9271211,0.95449746,0.79924,1.0,1.0,0.83,0.15,400.547,1,"InChI=1S/C30H26N2OS/c1-19-8-11-22(12-9-19)25-7-5-4-6-24(25)18-31-30(33)23-13-15-29-27(17-23)32-21(3)26-16-20(2)10-14-28(26)34-29/h4-17H,18H2,1-3H3,(H,31,33)","InChI=1S/C25H24N2OS/c1-4-21-20-13-17(3)7-11-23(20)29-24-12-10-19(14-22(24)27-21)25(28)26-15-18-8-5-16(2)6-9-18/h5-14H,4,15H2,1-3H3,(H,26,28)"
MCULE-6622690555,https://mcule.com/MCULE-6622690555/,,N1C2C=C(C=CC=2SC2C=CC(C)=CC=2C=1CC)C(=O)NC(C)C1=CC=CC=C1,c1cccc(-c2ccc(C)cc2)c1CNC(=O)c1cc2c(cc1)Sc1c(cc(C)cc1)C(C)=N2,0.7949101796407185,0.8919808,0.82078993,0.9795346,1.0,1.0,0.64,0.06,400.547,1,"InChI=1S/C30H26N2OS/c1-19-8-11-22(12-9-19)25-7-5-4-6-24(25)18-31-30(33)23-13-15-29-27(17-23)32-21(3)26-16-20(2)10-14-28(26)34-29/h4-17H,18H2,1-3H3,(H,31,33)","InChI=1S/C25H24N2OS/c1-4-21-20-14-16(2)10-12-23(20)29-24-13-11-19(15-22(24)27-21)25(28)26-17(3)18-8-6-5-7-9-18/h5-15,17H,4H2,1-3H3,(H,26,28)"
MCULE-3162875168,https://mcule.com/MCULE-3162875168/,,N1C2C=C(C=CC=2SC2=CC=C(Cl)C=C2C=1C)C(=O)NCC1C=CC(=CC=1)C,c1cc(-c2ccccc2C)ccc1CNC(=O)c1cc2c(cc1)Sc1c(cc(C)cc1)C(C)=N2,0.8102643856920684,0.94606656,0.91073215,0.98439837,1.0,1.0,0.74,0.05,406.938,1,"InChI=1S/C30H26N2OS/c1-19-8-14-28-26(16-19)21(3)32-27-17-24(13-15-29(27)34-28)30(33)31-18-22-9-11-23(12-10-22)25-7-5-4-6-20(25)2/h4-17H,18H2,1-3H3,(H,31,33)","InChI=1S/C23H19ClN2OS/c1-14-3-5-16(6-4-14)13-25-23(27)17-7-9-22-20(11-17)26-15(2)19-12-18(24)8-10-21(19)28-22/h3-12H,13H2,1-2H3,(H,25,27)"
MCULE-5074289166,https://mcule.com/MCULE-5074289166/,,N1C2C=C(C=CC=2SC2C=CC(C)=CC=2C=1C)C(=O)NCC1=CC=C(C=C1)Cl,c1cc(-c2ccccc2C)ccc1CNC(=O)c1cc2c(cc1)Sc1c(cc(C)cc1)C(C)=N2,0.8396825396825397,0.90551126,0.8968244,0.8399507,1.0,1.0,0.72,0.14,406.938,1,"InChI=1S/C30H26N2OS/c1-19-8-14-28-26(16-19)21(3)32-27-17-24(13-15-29(27)34-28)30(33)31-18-22-9-11-23(12-10-22)25-7-5-4-6-20(25)2/h4-17H,18H2,1-3H3,(H,31,33)","InChI=1S/C23H19ClN2OS/c1-14-3-9-21-19(11-14)15(2)26-20-12-17(6-10-22(20)28-21)23(27)25-13-16-4-7-18(24)8-5-16/h3-12H,13H2,1-2H3,(H,25,27)"
MCULE-5304352317,https://mcule.com/MCULE-5304352317/,,C12C(C)=CC=C(C)C=1C(C)=NC1C=C(C=CC=1S2)C(=O)NCC1=CC=C(C=C1)Cl,c1cc(-c2ccccc2C)ccc1CNC(=O)c1cc2c(cc1)Sc1c(cc(C)cc1)C(C)=N2,0.8152011922503726,0.88713825,0.83226955,0.9232107,1.0,1.0,0.65,0.11,420.965,1,"InChI=1S/C30H26N2OS/c1-19-8-14-28-26(16-19)21(3)32-27-17-24(13-15-29(27)34-28)30(33)31-18-22-9-11-23(12-10-22)25-7-5-4-6-20(25)2/h4-17H,18H2,1-3H3,(H,31,33)","InChI=1S/C24H21ClN2OS/c1-14-4-5-15(2)23-22(14)16(3)27-20-12-18(8-11-21(20)29-23)24(28)26-13-17-6-9-19(25)10-7-17/h4-12H,13H2,1-3H3,(H,26,28)"
MCULE-1599297501,https://mcule.com/MCULE-1599297501/,,N1C2C=C(C=CC=2SC2C=CC(C)=CC=2C=1CC)C(=O)NCC1=CC=C(C=C1)Cl,c1cc(-c2ccccc2C)ccc1CNC(=O)c1cc2c(cc1)Sc1c(cc(C)cc1)C(C)=N2,0.8134556574923547,0.9431713,0.9170328,0.95432323,1.0,1.0,0.75,0.09,420.965,1,"InChI=1S/C30H26N2OS/c1-19-8-14-28-26(16-19)21(3)32-27-17-24(13-15-29(27)34-28)30(33)31-18-22-9-11-23(12-10-22)25-7-5-4-6-20(25)2/h4-17H,18H2,1-3H3,(H,31,33)","InChI=1S/C24H21ClN2OS/c1-3-20-19-12-15(2)4-10-22(19)29-23-11-7-17(13-21(23)27-20)24(28)26-14-16-5-8-18(25)9-6-16/h4-13H,3,14H2,1-2H3,(H,26,28)"
MCULE-7427575619,https://mcule.com/MCULE-7427575619/,,C12C(C)=CC=C(C)C=1C(C)=NC1C=C(C=CC=1S2)C(=O)NCC1=CC=C(C=C1)F,c1cc(-c2ccccc2C)ccc1CNC(=O)c1cc2c(cc1)Sc1c(cc(C)cc1)C(C)=N2,0.8154761904761905,0.87634027,0.83226955,0.8737104,1.0,1.0,0.65,0.13,404.51,1,"InChI=1S/C30H26N2OS/c1-19-8-14-28-26(16-19)21(3)32-27-17-24(13-15-29(27)34-28)30(33)31-18-22-9-11-23(12-10-22)25-7-5-4-6-20(25)2/h4-17H,18H2,1-3H3,(H,31,33)","InChI=1S/C24H21FN2OS/c1-14-4-5-15(2)23-22(14)16(3)27-20-12-18(8-11-21(20)29-23)24(28)26-13-17-6-9-19(25)10-7-17/h4-12H,13H2,1-3H3,(H,26,28)"
MCULE-8318145015,https://mcule.com/MCULE-8318145015/,,N1C2C=C(C=CC=2SC2C=CC(C)=CC=2C=1CC)C(=O)NCC1=CC=C(C=C1)F,c1cc(-c2ccccc2C)ccc1CNC(=O)c1cc2c(cc1)Sc1c(cc(C)cc1)C(C)=N2,0.8159509202453987,0.9340865,0.9335762,0.8737104,1.0,1.0,0.78,0.13,404.51,1,"InChI=1S/C30H26N2OS/c1-19-8-14-28-26(16-19)21(3)32-27-17-24(13-15-29(27)34-28)30(33)31-18-22-9-11-23(12-10-22)25-7-5-4-6-20(25)2/h4-17H,18H2,1-3H3,(H,31,33)","InChI=1S/C24H21FN2OS/c1-3-20-19-12-15(2)4-10-22(19)29-23-11-7-17(13-21(23)27-20)24(28)26-14-16-5-8-18(25)9-6-16/h4-13H,3,14H2,1-2H3,(H,26,28)"
MCULE-2040607482,https://mcule.com/MCULE-2040607482/,,N1C2C=C(C=CC=2SC2C=CC(C)=CC=2C=1C)C(=O)NCC1=CC=C(C=C1)C,c1cc(-c2ccccc2C)ccc1CNC(=O)c1cc2c(cc1)Sc1c(cc(C)cc1)C(C)=N2,0.8784893267651889,0.94321793,0.93837357,0.9011868,1.0,1.0,0.79,0.12,386.52,1,"InChI=1S/C30H26N2OS/c1-19-8-14-28-26(16-19)21(3)32-27-17-24(13-15-29(27)34-28)30(33)31-18-22-9-11-23(12-10-22)25-7-5-4-6-20(25)2/h4-17H,18H2,1-3H3,(H,31,33)","InChI=1S/C24H22N2OS/c1-15-4-7-18(8-5-15)14-25-24(27)19-9-11-23-21(13-19)26-17(3)20-12-16(2)6-10-22(20)28-23/h4-13H,14H2,1-3H3,(H,25,27)"
MCULE-6561969005,https://mcule.com/MCULE-6561969005/,,N1C2C=C(C=CC=2SC2=CC=C(C)C=C2C=1CC)C(=O)NCC1C=CC(=CC=1)C,c1cc(-c2ccccc2C)ccc1CNC(=O)c1cc2c(cc1)Sc1c(cc(C)cc1)C(C)=N2,0.8499210110584519,0.9271211,0.95449746,0.79924,1.0,1.0,0.83,0.15,400.547,1,"InChI=1S/C30H26N2OS/c1-19-8-14-28-26(16-19)21(3)32-27-17-24(13-15-29(27)34-28)30(33)31-18-22-9-11-23(12-10-22)25-7-5-4-6-20(25)2/h4-17H,18H2,1-3H3,(H,31,33)","InChI=1S/C25H24N2OS/c1-4-21-20-13-17(3)7-11-23(20)29-24-12-10-19(14-22(24)27-21)25(28)26-15-18-8-5-16(2)6-9-18/h5-14H,4,15H2,1-3H3,(H,26,28)"
MCULE-6622690555,https://mcule.com/MCULE-6622690555/,,N1C2C=C(C=CC=2SC2C=CC(C)=CC=2C=1CC)C(=O)NC(C)C1=CC=CC=C1,c1cc(-c2ccccc2C)ccc1CNC(=O)c1cc2c(cc1)Sc1c(cc(C)cc1)C(C)=N2,0.8116385911179173,0.8919808,0.82078993,0.9795346,1.0,1.0,0.64,0.06,400.547,1,"InChI=1S/C30H26N2OS/c1-19-8-14-28-26(16-19)21(3)32-27-17-24(13-15-29(27)34-28)30(33)31-18-22-9-11-23(12-10-22)25-7-5-4-6-20(25)2/h4-17H,18H2,1-3H3,(H,31,33)","InChI=1S/C25H24N2OS/c1-4-21-20-14-16(2)10-12-23(20)29-24-13-11-19(15-22(24)27-21)25(28)26-17(3)18-8-6-5-7-9-18/h5-15,17H,4H2,1-3H3,(H,26,28)"
MCULE-9681315168,https://mcule.com/MCULE-9681315168/,,N1C2C=C(C=CC=2SC2C=CC=CC=2C=1CC)C(NCCCC)=O,CCC1=Nc2cc(C(=O)NCc3ccc4cc5ccccc5cc4c3)ccc2Sc2c1cccc2,0.8542713567839196,0.99240017,0.98793066,0.99603474,1.0,1.0,1.0,0.0,338.476,1,"InChI=1S/C31H24N2OS/c1-2-27-26-9-5-6-10-29(26)35-30-14-13-24(18-28(30)33-27)31(34)32-19-20-11-12-23-16-21-7-3-4-8-22(21)17-25(23)15-20/h3-18H,2,19H2,1H3,(H,32,34)","InChI=1S/C20H22N2OS/c1-3-5-12-21-20(23)14-10-11-19-17(13-14)22-16(4-2)15-8-6-7-9-18(15)24-19/h6-11,13H,3-5,12H2,1-2H3,(H,21,23)"
MCULE-1997084486,https://mcule.com/MCULE-1997084486/,,N1C2C=C(C=CC=2SC2C=CC(Cl)=CC=2C=1CC)C(=O)NCC1C=CC=CC=1,CCC1=Nc2cc(C(=O)NCc3ccc4cc5ccccc5cc4c3)ccc2Sc2c1cccc2,0.8525641025641025,0.84905577,0.9335762,0.56864136,1.0,1.0,0.78,0.19,406.938,1,"InChI=1S/C31H24N2OS/c1-2-27-26-9-5-6-10-29(26)35-30-14-13-24(18-28(30)33-27)31(34)32-19-20-11-12-23-16-21-7-3-4-8-22(21)17-25(23)15-20/h3-18H,2,19H2,1H3,(H,32,34)","InChI=1S/C23H19ClN2OS/c1-2-19-18-13-17(24)9-11-21(18)28-22-10-8-16(12-20(22)26-19)23(27)25-14-15-6-4-3-5-7-15/h3-13H,2,14H2,1H3,(H,25,27)"
MCULE-8454725046,https://mcule.com/MCULE-8454725046/,,N1C2C=C(C=CC=2SC2C=CC=CC=2C=1CC)C(=O)NCC1=CC=C(C=C1)F,CCC1=Nc2cc(C(=O)NCc3ccc4cc5ccccc5cc4c3)ccc2Sc2c1cccc2,0.8797364085667215,0.9289299,0.957852,0.79924,1.0,1.0,0.84,0.15,390.483,1,"InChI=1S/C31H24N2OS/c1-2-27-26-9-5-6-10-29(26)35-30-14-13-24(18-28(30)33-27)31(34)32-19-20-11-12-23-16-21-7-3-4-8-22(21)17-25(23)15-20/h3-18H,2,19H2,1H3,(H,32,34)","InChI=1S/C23H19FN2OS/c1-2-19-18-5-3-4-6-21(18)28-22-12-9-16(13-20(22)26-19)23(27)25-14-15-7-10-17(24)11-8-15/h3-13H,2,14H2,1H3,(H,25,27)"
MCULE-9257155722,https://mcule.com/MCULE-9257155722/,,N1C2C=C(C=CC=2SC2C=CC=CC=2C=1CCC)C(=O)NCC1=CC=C(C=C1)F,CCC1=Nc2cc(C(=O)NCc3ccc4cc5ccccc5cc4c3)ccc2Sc2c1cccc2,0.8612903225806452,0.9306083,0.9609694,0.79924,1.0,1.0,0.85,0.15,404.51,1,"InChI=1S/C31H24N2OS/c1-2-27-26-9-5-6-10-29(26)35-30-14-13-24(18-28(30)33-27)31(34)32-19-20-11-12-23-16-21-7-3-4-8-22(21)17-25(23)15-20/h3-18H,2,19H2,1H3,(H,32,34)","InChI=1S/C24H21FN2OS/c1-2-5-20-19-6-3-4-7-22(19)29-23-13-10-17(14-21(23)27-20)24(28)26-15-16-8-11-18(25)12-9-16/h3-4,6-14H,2,5,15H2,1H3,(H,26,28)"
MCULE-8318145015,https://mcule.com/MCULE-8318145015/,,N1C2C=C(C=CC=2SC2C=CC(C)=CC=2C=1CC)C(=O)NCC1=CC=C(C=C1)F,CCC1=Nc2cc(C(=O)NCc3ccc4cc5ccccc5cc4c3)ccc2Sc2c1cccc2,0.8548644338118022,0.9340865,0.9335762,0.8737104,1.0,1.0,0.78,0.13,404.51,1,"InChI=1S/C31H24N2OS/c1-2-27-26-9-5-6-10-29(26)35-30-14-13-24(18-28(30)33-27)31(34)32-19-20-11-12-23-16-21-7-3-4-8-22(21)17-25(23)15-20/h3-18H,2,19H2,1H3,(H,32,34)","InChI=1S/C24H21FN2OS/c1-3-20-19-12-15(2)4-10-22(19)29-23-11-7-17(13-21(23)27-20)24(28)26-14-16-5-8-18(25)9-6-16/h4-13H,3,14H2,1-2H3,(H,26,28)"
MCULE-4087326320,https://mcule.com/MCULE-4087326320/,,N1C2C=C(C=CC=2SC2C=CC=CC=2C=1CCC)C(=O)NCC1C=CC=CC=1,CCC1=Nc2cc(C(=O)NCc3ccc4cc5ccccc5cc4c3)ccc2Sc2c1cccc2,0.8837209302325582,0.97716236,0.9638649,0.9881202,1.0,1.0,0.86,0.04,386.52,1,"InChI=1S/C31H24N2OS/c1-2-27-26-9-5-6-10-29(26)35-30-14-13-24(18-28(30)33-27)31(34)32-19-20-11-12-23-16-21-7-3-4-8-22(21)17-25(23)15-20/h3-18H,2,19H2,1H3,(H,32,34)","InChI=1S/C24H22N2OS/c1-2-8-20-19-11-6-7-12-22(19)28-23-14-13-18(15-21(23)26-20)24(27)25-16-17-9-4-3-5-10-17/h3-7,9-15H,2,8,16H2,1H3,(H,25,27)"
MCULE-5769957136,https://mcule.com/MCULE-5769957136/,,N1C2C=C(C=CC=2SC2C=CC=CC=2C=1CCC)C(=O)NC(C)C1=CC=CC=C1,CCC1=Nc2cc(C(=O)NCc3ccc4cc5ccccc5cc4c3)ccc2Sc2c1cccc2,0.8539325842696629,0.9369809,0.8968244,0.9795346,1.0,1.0,0.72,0.06,400.547,1,"InChI=1S/C31H24N2OS/c1-2-27-26-9-5-6-10-29(26)35-30-14-13-24(18-28(30)33-27)31(34)32-19-20-11-12-23-16-21-7-3-4-8-22(21)17-25(23)15-20/h3-18H,2,19H2,1H3,(H,32,34)","InChI=1S/C25H24N2OS/c1-3-9-21-20-12-7-8-13-23(20)29-24-15-14-19(16-22(24)27-21)25(28)26-17(2)18-10-5-4-6-11-18/h4-8,10-17H,3,9H2,1-2H3,(H,26,28)"
MCULE-6561969005,https://mcule.com/MCULE-6561969005/,,N1C2C=C(C=CC=2SC2=CC=C(C)C=C2C=1CC)C(=O)NCC1C=CC(=CC=1)C,CCC1=Nc2cc(C(=O)NCc3ccc4cc5ccccc5cc4c3)ccc2Sc2c1cccc2,0.8668831168831169,0.9271211,0.95449746,0.79924,1.0,1.0,0.83,0.15,400.547,1,"InChI=1S/C31H24N2OS/c1-2-27-26-9-5-6-10-29(26)35-30-14-13-24(18-28(30)33-27)31(34)32-19-20-11-12-23-16-21-7-3-4-8-22(21)17-25(23)15-20/h3-18H,2,19H2,1H3,(H,32,34)","InChI=1S/C25H24N2OS/c1-4-21-20-13-17(3)7-11-23(20)29-24-12-10-19(14-22(24)27-21)25(28)26-15-18-8-5-16(2)6-9-18/h5-14H,4,15H2,1-3H3,(H,26,28)"
MCULE-6622690555,https://mcule.com/MCULE-6622690555/,,N1C2C=C(C=CC=2SC2C=CC(C)=CC=2C=1CC)C(=O)NC(C)C1=CC=CC=C1,CCC1=Nc2cc(C(=O)NCc3ccc4cc5ccccc5cc4c3)ccc2Sc2c1cccc2,0.8503184713375797,0.8919808,0.82078993,0.9795346,1.0,1.0,0.64,0.06,400.547,1,"InChI=1S/C31H24N2OS/c1-2-27-26-9-5-6-10-29(26)35-30-14-13-24(18-28(30)33-27)31(34)32-19-20-11-12-23-16-21-7-3-4-8-22(21)17-25(23)15-20/h3-18H,2,19H2,1H3,(H,32,34)","InChI=1S/C25H24N2OS/c1-4-21-20-14-16(2)10-12-23(20)29-24-13-11-19(15-22(24)27-21)25(28)26-17(3)18-8-6-5-7-9-18/h5-15,17H,4H2,1-3H3,(H,26,28)"
MCULE-5074289166,https://mcule.com/MCULE-5074289166/,,N1C2C=C(C=CC=2SC2C=CC(C)=CC=2C=1C)C(=O)NCC1=CC=C(C=C1)Cl,c1cccc(-c2ccc(CC)cc2)c1CNC(=O)c1cc2c(cc1)Sc1c(cc(C)cc1)C(C)=N2,0.8153846153846154,0.90551126,0.8968244,0.8399507,1.0,1.0,0.72,0.14,406.938,1,"InChI=1S/C31H28N2OS/c1-4-22-10-12-23(13-11-22)26-8-6-5-7-25(26)19-32-31(34)24-14-16-30-28(18-24)33-21(3)27-17-20(2)9-15-29(27)35-30/h5-18H,4,19H2,1-3H3,(H,32,34)","InChI=1S/C23H19ClN2OS/c1-14-3-9-21-19(11-14)15(2)26-20-12-17(6-10-22(20)28-21)23(27)25-13-16-4-7-18(24)8-5-16/h3-12H,13H2,1-2H3,(H,25,27)"
MCULE-5304352317,https://mcule.com/MCULE-5304352317/,,C12C(C)=CC=C(C)C=1C(C)=NC1C=C(C=CC=1S2)C(=O)NCC1=CC=C(C=C1)Cl,c1cccc(-c2ccc(CC)cc2)c1CNC(=O)c1cc2c(cc1)Sc1c(cc(C)cc1)C(C)=N2,0.7930535455861071,0.88713825,0.83226955,0.9232107,1.0,1.0,0.65,0.11,420.965,1,"InChI=1S/C31H28N2OS/c1-4-22-10-12-23(13-11-22)26-8-6-5-7-25(26)19-32-31(34)24-14-16-30-28(18-24)33-21(3)27-17-20(2)9-15-29(27)35-30/h5-18H,4,19H2,1-3H3,(H,32,34)","InChI=1S/C24H21ClN2OS/c1-14-4-5-15(2)23-22(14)16(3)27-20-12-18(8-11-21(20)29-23)24(28)26-13-17-6-9-19(25)10-7-17/h4-12H,13H2,1-3H3,(H,26,28)"
MCULE-1599297501,https://mcule.com/MCULE-1599297501/,,N1C2C=C(C=CC=2SC2C=CC(C)=CC=2C=1CC)C(=O)NCC1=CC=C(C=C1)Cl,c1cccc(-c2ccc(CC)cc2)c1CNC(=O)c1cc2c(cc1)Sc1c(cc(C)cc1)C(C)=N2,0.7961309523809523,0.9431713,0.9170328,0.95432323,1.0,1.0,0.75,0.09,420.965,1,"InChI=1S/C31H28N2OS/c1-4-22-10-12-23(13-11-22)26-8-6-5-7-25(26)19-32-31(34)24-14-16-30-28(18-24)33-21(3)27-17-20(2)9-15-29(27)35-30/h5-18H,4,19H2,1-3H3,(H,32,34)","InChI=1S/C24H21ClN2OS/c1-3-20-19-12-15(2)4-10-22(19)29-23-11-7-17(13-21(23)27-20)24(28)26-14-16-5-8-18(25)9-6-16/h4-13H,3,14H2,1-2H3,(H,26,28)"
MCULE-8318145015,https://mcule.com/MCULE-8318145015/,,N1C2C=C(C=CC=2SC2C=CC(C)=CC=2C=1CC)C(=O)NCC1=CC=C(C=C1)F,c1cccc(-c2ccc(CC)cc2)c1CNC(=O)c1cc2c(cc1)Sc1c(cc(C)cc1)C(C)=N2,0.7958271236959762,0.9340865,0.9335762,0.8737104,1.0,1.0,0.78,0.13,404.51,1,"InChI=1S/C31H28N2OS/c1-4-22-10-12-23(13-11-22)26-8-6-5-7-25(26)19-32-31(34)24-14-16-30-28(18-24)33-21(3)27-17-20(2)9-15-29(27)35-30/h5-18H,4,19H2,1-3H3,(H,32,34)","InChI=1S/C24H21FN2OS/c1-3-20-19-12-15(2)4-10-22(19)29-23-11-7-17(13-21(23)27-20)24(28)26-14-16-5-8-18(25)9-6-16/h4-13H,3,14H2,1-2H3,(H,26,28)"
MCULE-2040607482,https://mcule.com/MCULE-2040607482/,,N1C2C=C(C=CC=2SC2C=CC(C)=CC=2C=1C)C(=O)NCC1=CC=C(C=C1)C,c1cccc(-c2ccc(CC)cc2)c1CNC(=O)c1cc2c(cc1)Sc1c(cc(C)cc1)C(C)=N2,0.8462757527733756,0.94321793,0.93837357,0.9011868,1.0,1.0,0.79,0.12,386.52,1,"InChI=1S/C31H28N2OS/c1-4-22-10-12-23(13-11-22)26-8-6-5-7-25(26)19-32-31(34)24-14-16-30-28(18-24)33-21(3)27-17-20(2)9-15-29(27)35-30/h5-18H,4,19H2,1-3H3,(H,32,34)","InChI=1S/C24H22N2OS/c1-15-4-7-18(8-5-15)14-25-24(27)19-9-11-23-21(13-19)26-17(3)20-12-16(2)6-10-22(20)28-23/h4-13H,14H2,1-3H3,(H,25,27)"
MCULE-6561969005,https://mcule.com/MCULE-6561969005/,,N1C2C=C(C=CC=2SC2=CC=C(C)C=C2C=1CC)C(=O)NCC1C=CC(=CC=1)C,c1cccc(-c2ccc(CC)cc2)c1CNC(=O)c1cc2c(cc1)Sc1c(cc(C)cc1)C(C)=N2,0.8254211332312404,0.9271211,0.95449746,0.79924,1.0,1.0,0.83,0.15,400.547,1,"InChI=1S/C31H28N2OS/c1-4-22-10-12-23(13-11-22)26-8-6-5-7-25(26)19-32-31(34)24-14-16-30-28(18-24)33-21(3)27-17-20(2)9-15-29(27)35-30/h5-18H,4,19H2,1-3H3,(H,32,34)","InChI=1S/C25H24N2OS/c1-4-21-20-13-17(3)7-11-23(20)29-24-12-10-19(14-22(24)27-21)25(28)26-15-18-8-5-16(2)6-9-18/h5-14H,4,15H2,1-3H3,(H,26,28)"
MCULE-6622690555,https://mcule.com/MCULE-6622690555/,,N1C2C=C(C=CC=2SC2C=CC(C)=CC=2C=1CC)C(=O)NC(C)C1=CC=CC=C1,c1cccc(-c2ccc(CC)cc2)c1CNC(=O)c1cc2c(cc1)Sc1c(cc(C)cc1)C(C)=N2,0.7997010463378177,0.8919808,0.82078993,0.9795346,1.0,1.0,0.64,0.06,400.547,1,"InChI=1S/C31H28N2OS/c1-4-22-10-12-23(13-11-22)26-8-6-5-7-25(26)19-32-31(34)24-14-16-30-28(18-24)33-21(3)27-17-20(2)9-15-29(27)35-30/h5-18H,4,19H2,1-3H3,(H,32,34)","InChI=1S/C25H24N2OS/c1-4-21-20-14-16(2)10-12-23(20)29-24-13-11-19(15-22(24)27-21)25(28)26-17(3)18-8-6-5-7-9-18/h5-15,17H,4H2,1-3H3,(H,26,28)"
MCULE-1329921853,https://mcule.com/MCULE-1329921853/,,N1C2C=C(C=CC=2SC2=CC=C(C)C=C2C=1CC)C(NCCC1C=CC(=CC=1)C)=O,c1cccc(-c2ccc(CC)cc2)c1CNC(=O)c1cc2c(cc1)Sc1c(cc(C)cc1)C(C)=N2,0.7936746987951807,0.89661825,0.8810329,0.8399507,1.0,1.0,0.7,0.14,414.574,1,"InChI=1S/C31H28N2OS/c1-4-22-10-12-23(13-11-22)26-8-6-5-7-25(26)19-32-31(34)24-14-16-30-28(18-24)33-21(3)27-17-20(2)9-15-29(27)35-30/h5-18H,4,19H2,1-3H3,(H,32,34)","InChI=1S/C26H26N2OS/c1-4-22-21-15-18(3)7-11-24(21)30-25-12-10-20(16-23(25)28-22)26(29)27-14-13-19-8-5-17(2)6-9-19/h5-12,15-16H,4,13-14H2,1-3H3,(H,27,29)"
MCULE-3162875168,https://mcule.com/MCULE-3162875168/,,N1C2C=C(C=CC=2SC2=CC=C(Cl)C=C2C=1C)C(=O)NCC1C=CC(=CC=1)C,c1c(-c2ccc(C(C)C)cc2)ccc(CNC(=O)c2cc3c(cc2)Sc2c(cc(C)cc2)C(C)=N3)c1,0.8249211356466877,0.94606656,0.91073215,0.98439837,1.0,1.0,0.74,0.05,406.938,1,"InChI=1S/C32H30N2OS/c1-20(2)24-10-12-26(13-11-24)25-8-6-23(7-9-25)19-33-32(35)27-14-16-31-29(18-27)34-22(4)28-17-21(3)5-15-30(28)36-31/h5-18,20H,19H2,1-4H3,(H,33,35)","InChI=1S/C23H19ClN2OS/c1-14-3-5-16(6-4-14)13-25-23(27)17-7-9-22-20(11-17)26-15(2)19-12-18(24)8-10-21(19)28-22/h3-12H,13H2,1-2H3,(H,25,27)"
MCULE-5074289166,https://mcule.com/MCULE-5074289166/,,N1C2C=C(C=CC=2SC2C=CC(C)=CC=2C=1C)C(=O)NCC1=CC=C(C=C1)Cl,c1c(-c2ccc(C(C)C)cc2)ccc(CNC(=O)c2cc3c(cc2)Sc2c(cc(C)cc2)C(C)=N3)c1,0.8461538461538461,0.90551126,0.8968244,0.8399507,1.0,1.0,0.72,0.14,406.938,1,"InChI=1S/C32H30N2OS/c1-20(2)24-10-12-26(13-11-24)25-8-6-23(7-9-25)19-33-32(35)27-14-16-31-29(18-27)34-22(4)28-17-21(3)5-15-30(28)36-31/h5-18,20H,19H2,1-4H3,(H,33,35)","InChI=1S/C23H19ClN2OS/c1-14-3-9-21-19(11-14)15(2)26-20-12-17(6-10-22(20)28-21)23(27)25-13-16-4-7-18(24)8-5-16/h3-12H,13H2,1-2H3,(H,25,27)"
MCULE-1599297501,https://mcule.com/MCULE-1599297501/,,N1C2C=C(C=CC=2SC2C=CC(C)=CC=2C=1CC)C(=O)NCC1=CC=C(C=C1)Cl,c1c(-c2ccc(C(C)C)cc2)ccc(CNC(=O)c2cc3c(cc2)Sc2c(cc(C)cc2)C(C)=N3)c1,0.8222565687789799,0.9431713,0.9170328,0.95432323,1.0,1.0,0.75,0.09,420.965,1,"InChI=1S/C32H30N2OS/c1-20(2)24-10-12-26(13-11-24)25-8-6-23(7-9-25)19-33-32(35)27-14-16-31-29(18-27)34-22(4)28-17-21(3)5-15-30(28)36-31/h5-18,20H,19H2,1-4H3,(H,33,35)","InChI=1S/C24H21ClN2OS/c1-3-20-19-12-15(2)4-10-22(19)29-23-11-7-17(13-21(23)27-20)24(28)26-14-16-5-8-18(25)9-6-16/h4-13H,3,14H2,1-2H3,(H,26,28)"
MCULE-8318145015,https://mcule.com/MCULE-8318145015/,,N1C2C=C(C=CC=2SC2C=CC(C)=CC=2C=1CC)C(=O)NCC1=CC=C(C=C1)F,c1c(-c2ccc(C(C)C)cc2)ccc(CNC(=O)c2cc3c(cc2)Sc2c(cc(C)cc2)C(C)=N3)c1,0.827639751552795,0.9340865,0.9335762,0.8737104,1.0,1.0,0.78,0.13,404.51,1,"InChI=1S/C32H30N2OS/c1-20(2)24-10-12-26(13-11-24)25-8-6-23(7-9-25)19-33-32(35)27-14-16-31-29(18-27)34-22(4)28-17-21(3)5-15-30(28)36-31/h5-18,20H,19H2,1-4H3,(H,33,35)","InChI=1S/C24H21FN2OS/c1-3-20-19-12-15(2)4-10-22(19)29-23-11-7-17(13-21(23)27-20)24(28)26-14-16-5-8-18(25)9-6-16/h4-13H,3,14H2,1-2H3,(H,26,28)"
MCULE-2040607482,https://mcule.com/MCULE-2040607482/,,N1C2C=C(C=CC=2SC2C=CC(C)=CC=2C=1C)C(=O)NCC1=CC=C(C=C1)C,c1c(-c2ccc(C(C)C)cc2)ccc(CNC(=O)c2cc3c(cc2)Sc2c(cc(C)cc2)C(C)=N3)c1,0.8887043189368771,0.94321793,0.93837357,0.9011868,1.0,1.0,0.79,0.12,386.52,1,"InChI=1S/C32H30N2OS/c1-20(2)24-10-12-26(13-11-24)25-8-6-23(7-9-25)19-33-32(35)27-14-16-31-29(18-27)34-22(4)28-17-21(3)5-15-30(28)36-31/h5-18,20H,19H2,1-4H3,(H,33,35)","InChI=1S/C24H22N2OS/c1-15-4-7-18(8-5-15)14-25-24(27)19-9-11-23-21(13-19)26-17(3)20-12-16(2)6-10-22(20)28-23/h4-13H,14H2,1-3H3,(H,25,27)"
MCULE-6561969005,https://mcule.com/MCULE-6561969005/,,N1C2C=C(C=CC=2SC2=CC=C(C)C=C2C=1CC)C(=O)NCC1C=CC(=CC=1)C,c1c(-c2ccc(C(C)C)cc2)ccc(CNC(=O)c2cc3c(cc2)Sc2c(cc(C)cc2)C(C)=N3)c1,0.8624,0.9271211,0.95449746,0.79924,1.0,1.0,0.83,0.15,400.547,1,"InChI=1S/C32H30N2OS/c1-20(2)24-10-12-26(13-11-24)25-8-6-23(7-9-25)19-33-32(35)27-14-16-31-29(18-27)34-22(4)28-17-21(3)5-15-30(28)36-31/h5-18,20H,19H2,1-4H3,(H,33,35)","InChI=1S/C25H24N2OS/c1-4-21-20-13-17(3)7-11-23(20)29-24-12-10-19(14-22(24)27-21)25(28)26-15-18-8-5-16(2)6-9-18/h5-14H,4,15H2,1-3H3,(H,26,28)"
MCULE-6622690555,https://mcule.com/MCULE-6622690555/,,N1C2C=C(C=CC=2SC2C=CC(C)=CC=2C=1CC)C(=O)NC(C)C1=CC=CC=C1,c1c(-c2ccc(C(C)C)cc2)ccc(CNC(=O)c2cc3c(cc2)Sc2c(cc(C)cc2)C(C)=N3)c1,0.8317757009345794,0.8919808,0.82078993,0.9795346,1.0,1.0,0.64,0.06,400.547,1,"InChI=1S/C32H30N2OS/c1-20(2)24-10-12-26(13-11-24)25-8-6-23(7-9-25)19-33-32(35)27-14-16-31-29(18-27)34-22(4)28-17-21(3)5-15-30(28)36-31/h5-18,20H,19H2,1-4H3,(H,33,35)","InChI=1S/C25H24N2OS/c1-4-21-20-14-16(2)10-12-23(20)29-24-13-11-19(15-22(24)27-21)25(28)26-17(3)18-8-6-5-7-9-18/h5-15,17H,4H2,1-3H3,(H,26,28)"
MCULE-1329921853,https://mcule.com/MCULE-1329921853/,,N1C2C=C(C=CC=2SC2=CC=C(C)C=C2C=1CC)C(NCCC1C=CC(=CC=1)C)=O,c1c(-c2ccc(C(C)C)cc2)ccc(CNC(=O)c2cc3c(cc2)Sc2c(cc(C)cc2)C(C)=N3)c1,0.822884012539185,0.89661825,0.8810329,0.8399507,1.0,1.0,0.7,0.14,414.574,1,"InChI=1S/C32H30N2OS/c1-20(2)24-10-12-26(13-11-24)25-8-6-23(7-9-25)19-33-32(35)27-14-16-31-29(18-27)34-22(4)28-17-21(3)5-15-30(28)36-31/h5-18,20H,19H2,1-4H3,(H,33,35)","InChI=1S/C26H26N2OS/c1-4-22-21-15-18(3)7-11-24(21)30-25-12-10-20(16-23(25)28-22)26(29)27-14-13-19-8-5-17(2)6-9-19/h5-12,15-16H,4,13-14H2,1-3H3,(H,27,29)"
MCULE-4365773061,https://mcule.com/MCULE-4365773061/,,N1C2C=C(C=CC=2SC2C=CC(C)=CC=2C=1CCC)C(=O)NC(C)C1=CC=CC=C1,c1c(-c2ccc(C(C)C)cc2)ccc(CNC(=O)c2cc3c(cc2)Sc2c(cc(C)cc2)C(C)=N3)c1,0.816793893129771,0.7972491,0.7687646,0.6961288,1.0,1.0,0.6,0.17,414.574,1,"InChI=1S/C32H30N2OS/c1-20(2)24-10-12-26(13-11-24)25-8-6-23(7-9-25)19-33-32(35)27-14-16-31-29(18-27)34-22(4)28-17-21(3)5-15-30(28)36-31/h5-18,20H,19H2,1-4H3,(H,33,35)","InChI=1S/C26H26N2OS/c1-4-8-22-21-15-17(2)11-13-24(21)30-25-14-12-20(16-23(25)28-22)26(29)27-18(3)19-9-6-5-7-10-19/h5-7,9-16,18H,4,8H2,1-3H3,(H,27,29)"
