id,url,GED,hitSmiles,qrySmiles,tanimoto_gen_vs_to_buy,total_score,BXPC3_classifier,HEK_classifier,Custom_alerts,MW,raw_BXPC3_classifier,raw_HEK_classifier,raw_MW,valid,qryInchis,inchi_to_buy
ZINC000005159007,ZINC000005159007,0.0,C[n+]1ccc(\C=C/c2c[nH]c3ccccc23)cc1,c12[nH]cc(C=Cc3cc[n+](C)cc3)c1cccc2,1.0,0.99905443,0.9999085,0.9978235,1.0,1.0,1.0,1.0,235.31,1,"InChI=1S/C16H14N2/c1-18-10-8-13(9-11-18)6-7-14-12-17-16-5-3-2-4-15(14)16/h2-12H,1H3/p+1","InChI=1S/C16H14N2/c1-18-10-8-13(9-11-18)6-7-14-12-17-16-5-3-2-4-15(14)16/h2-12H,1H3/p+1"
MCULE-6357406581,https://mcule.com/MCULE-6357406581/,,[N+]1(C)C=CC(=CC=1)/C=C/C1C2C=CC=CC=2NC=1,c12[nH]cc(C=Cc3cc[n+](C)cc3)c1cccc2,1.0,0.99905443,0.9999085,0.9978235,1.0,1.0,1.0,1.0,235.31,1,"InChI=1S/C16H14N2/c1-18-10-8-13(9-11-18)6-7-14-12-17-16-5-3-2-4-15(14)16/h2-12H,1H3/p+1","InChI=1S/C16H14N2/c1-18-10-8-13(9-11-18)6-7-14-12-17-16-5-3-2-4-15(14)16/h2-12H,1H3/p+1"
ZINC000004712625,ZINC000004712625,3.0,COCCNC(=O)c1ccc2c(c1)N=C(C)c3cc(Cl)ccc3S2,CC1=Nc2cc(C(=O)NCCN)ccc2Sc2ccc(C)cc21,0.5846153846153846,0.87556446,0.99361867,0.7315967,1.0,1.0,0.68,0.77,360.866,1,"InChI=1S/C18H19N3OS/c1-11-3-5-16-14(9-11)12(2)21-15-10-13(4-6-17(15)23-16)18(22)20-8-7-19/h3-6,9-10H,7-8,19H2,1-2H3,(H,20,22)","InChI=1S/C18H17ClN2O2S/c1-11-14-10-13(19)4-6-16(14)24-17-5-3-12(9-15(17)21-11)18(22)20-7-8-23-2/h3-6,9-10H,7-8H2,1-2H3,(H,20,22)"
MCULE-8749518880,https://mcule.com/MCULE-8749518880/,,N1C2C=C(C=CC=2SC2C=CC(C)=CC=2C=1CC)C(NC)=O,CC1=Nc2cc(C(=O)NCCN)ccc2Sc2ccc(C)cc21,0.9154135338345863,0.99905443,0.9999085,0.9978235,1.0,1.0,1.0,1.0,310.422,1,"InChI=1S/C18H19N3OS/c1-11-3-5-16-14(9-11)12(2)21-15-10-13(4-6-17(15)23-16)18(22)20-8-7-19/h3-6,9-10H,7-8,19H2,1-2H3,(H,20,22)","InChI=1S/C18H18N2OS/c1-4-14-13-9-11(2)5-7-16(13)22-17-8-6-12(18(21)19-3)10-15(17)20-14/h5-10H,4H2,1-3H3,(H,19,21)"
ZINC000006728357,ZINC000006728357,2.0,COCCNC(=O)c1ccc2c(c1)N=C(C)c3cc(C)ccc3S2,CC1=Nc2cc(C(=O)NCCN)ccc2Sc2ccc(C)cc21,0.7586206896551724,0.76544297,0.99747217,0.52782506,1.0,1.0,0.75,0.73,340.448,1,"InChI=1S/C18H19N3OS/c1-11-3-5-16-14(9-11)12(2)21-15-10-13(4-6-17(15)23-16)18(22)20-8-7-19/h3-6,9-10H,7-8,19H2,1-2H3,(H,20,22)","InChI=1S/C19H20N2O2S/c1-12-4-6-17-15(10-12)13(2)21-16-11-14(5-7-18(16)24-17)19(22)20-8-9-23-3/h4-7,10-11H,8-9H2,1-3H3,(H,20,22)"
MCULE-6814427357,https://mcule.com/MCULE-6814427357/,,N1C2C=C(C=CC=2SC2C=CC(C)=CC=2C=1C)C(NCCOC)=O,CC1=Nc2cc(C(=O)NCCN)ccc2Sc2ccc(C)cc21,0.9557692307692308,0.76544297,0.99747217,0.52782506,1.0,1.0,0.75,0.73,340.448,1,"InChI=1S/C18H19N3OS/c1-11-3-5-16-14(9-11)12(2)21-15-10-13(4-6-17(15)23-16)18(22)20-8-7-19/h3-6,9-10H,7-8,19H2,1-2H3,(H,20,22)","InChI=1S/C19H20N2O2S/c1-12-4-6-17-15(10-12)13(2)21-16-11-14(5-7-18(16)24-17)19(22)20-8-9-23-3/h4-7,10-11H,8-9H2,1-3H3,(H,20,22)"
ZINC000004930040,ZINC000004930040,2.0,CCCCNC(=O)c1ccc2c(c1)N=C(C)c3cc(C)ccc3S2,CC1=Nc2cc(C(=O)NCCN)ccc2Sc2ccc(C)cc21,0.7719298245614035,0.9147247,0.99711406,0.8097521,1.0,1.0,0.74,0.79,338.476,1,"InChI=1S/C18H19N3OS/c1-11-3-5-16-14(9-11)12(2)21-15-10-13(4-6-17(15)23-16)18(22)20-8-7-19/h3-6,9-10H,7-8,19H2,1-2H3,(H,20,22)","InChI=1S/C20H22N2OS/c1-4-5-10-21-20(23)15-7-9-19-17(12-15)22-14(3)16-11-13(2)6-8-18(16)24-19/h6-9,11-12H,4-5,10H2,1-3H3,(H,21,23)"
MCULE-6254148835,https://mcule.com/MCULE-6254148835/,,N1C2C=C(C=CC=2SC2C=CC(C)=CC=2C=1CC)C(=O)NC(C)CC,CC1=Nc2cc(C(=O)NCCN)ccc2Sc2ccc(C)cc21,0.9036363636363636,0.6941643,0.9980608,0.4172078,1.0,1.0,0.77,0.71,352.503,1,"InChI=1S/C18H19N3OS/c1-11-3-5-16-14(9-11)12(2)21-15-10-13(4-6-17(15)23-16)18(22)20-8-7-19/h3-6,9-10H,7-8,19H2,1-2H3,(H,20,22)","InChI=1S/C21H24N2OS/c1-5-14(4)22-21(24)15-8-10-20-18(12-15)23-17(6-2)16-11-13(3)7-9-19(16)25-20/h7-12,14H,5-6H2,1-4H3,(H,22,24)"
MCULE-5830374764,https://mcule.com/MCULE-5830374764/,,N1C2C=C(C=CC=2SC2C=CC=CC=2C=1C)C(NCCC1C=CC=CC=1)=O,CC1=Nc2cc(C(=O)NCCN)ccc2Sc2ccc(C)cc21,0.9163498098859316,0.89366335,0.98767555,0.7730422,1.0,1.0,0.63,0.78,372.493,1,"InChI=1S/C18H19N3OS/c1-11-3-5-16-14(9-11)12(2)21-15-10-13(4-6-17(15)23-16)18(22)20-8-7-19/h3-6,9-10H,7-8,19H2,1-2H3,(H,20,22)","InChI=1S/C23H20N2OS/c1-16-19-9-5-6-10-21(19)27-22-12-11-18(15-20(22)25-16)23(26)24-14-13-17-7-3-2-4-8-17/h2-12,15H,13-14H2,1H3,(H,24,26)"
MCULE-2040607482,https://mcule.com/MCULE-2040607482/,,N1C2C=C(C=CC=2SC2C=CC(C)=CC=2C=1C)C(=O)NCC1=CC=C(C=C1)C,CC1=Nc2cc(C(=O)NCCN)ccc2Sc2ccc(C)cc21,0.9169741697416974,0.91525906,0.99851257,0.8097521,1.0,1.0,0.79,0.79,386.52,1,"InChI=1S/C18H19N3OS/c1-11-3-5-16-14(9-11)12(2)21-15-10-13(4-6-17(15)23-16)18(22)20-8-7-19/h3-6,9-10H,7-8,19H2,1-2H3,(H,20,22)","InChI=1S/C24H22N2OS/c1-15-4-7-18(8-5-15)14-25-24(27)19-9-11-23-21(13-19)26-17(3)20-12-16(2)6-10-22(20)28-23/h4-13H,14H2,1-3H3,(H,25,27)"
ZINC000004712625,ZINC000004712625,2.0,COCCNC(=O)c1ccc2c(c1)N=C(C)c3cc(Cl)ccc3S2,CC1=Nc2cc(C(=O)NCCC)ccc2Sc2ccc(C)cc21,0.1264367816091954,0.87556446,0.99361867,0.7315967,1.0,1.0,0.68,0.77,360.866,1,"InChI=1S/C19H20N2OS/c1-4-9-20-19(22)14-6-8-18-16(11-14)21-13(3)15-10-12(2)5-7-17(15)23-18/h5-8,10-11H,4,9H2,1-3H3,(H,20,22)","InChI=1S/C18H17ClN2O2S/c1-11-14-10-13(19)4-6-16(14)24-17-5-3-12(9-15(17)21-11)18(22)20-7-8-23-2/h3-6,9-10H,7-8H2,1-2H3,(H,20,22)"
MCULE-8749518880,https://mcule.com/MCULE-8749518880/,,N1C2C=C(C=CC=2SC2C=CC(C)=CC=2C=1CC)C(NC)=O,CC1=Nc2cc(C(=O)NCCC)ccc2Sc2ccc(C)cc21,0.920754716981132,0.99905443,0.9999085,0.9978235,1.0,1.0,1.0,1.0,310.422,1,"InChI=1S/C19H20N2OS/c1-4-9-20-19(22)14-6-8-18-16(11-14)21-13(3)15-10-12(2)5-7-17(15)23-18/h5-8,10-11H,4,9H2,1-3H3,(H,20,22)","InChI=1S/C18H18N2OS/c1-4-14-13-9-11(2)5-7-16(13)22-17-8-6-12(18(21)19-3)10-15(17)20-14/h5-10H,4H2,1-3H3,(H,19,21)"
ZINC000006728357,ZINC000006728357,1.0,COCCNC(=O)c1ccc2c(c1)N=C(C)c3cc(C)ccc3S2,CC1=Nc2cc(C(=O)NCCC)ccc2Sc2ccc(C)cc21,0.127906976744186,0.76544297,0.99747217,0.52782506,1.0,1.0,0.75,0.73,340.448,1,"InChI=1S/C19H20N2OS/c1-4-9-20-19(22)14-6-8-18-16(11-14)21-13(3)15-10-12(2)5-7-17(15)23-18/h5-8,10-11H,4,9H2,1-3H3,(H,20,22)","InChI=1S/C19H20N2O2S/c1-12-4-6-17-15(10-12)13(2)21-16-11-14(5-7-18(16)24-17)19(22)20-8-9-23-3/h4-7,10-11H,8-9H2,1-3H3,(H,20,22)"
MCULE-6814427357,https://mcule.com/MCULE-6814427357/,,N1C2C=C(C=CC=2SC2C=CC(C)=CC=2C=1C)C(NCCOC)=O,CC1=Nc2cc(C(=O)NCCC)ccc2Sc2ccc(C)cc21,0.957610789980732,0.76544297,0.99747217,0.52782506,1.0,1.0,0.75,0.73,340.448,1,"InChI=1S/C19H20N2OS/c1-4-9-20-19(22)14-6-8-18-16(11-14)21-13(3)15-10-12(2)5-7-17(15)23-18/h5-8,10-11H,4,9H2,1-3H3,(H,20,22)","InChI=1S/C19H20N2O2S/c1-12-4-6-17-15(10-12)13(2)21-16-11-14(5-7-18(16)24-17)19(22)20-8-9-23-3/h4-7,10-11H,8-9H2,1-3H3,(H,20,22)"
ZINC000004930040,ZINC000004930040,1.0,CCCCNC(=O)c1ccc2c(c1)N=C(C)c3cc(C)ccc3S2,CC1=Nc2cc(C(=O)NCCC)ccc2Sc2ccc(C)cc21,0.1162790697674418,0.9147247,0.99711406,0.8097521,1.0,1.0,0.74,0.79,338.476,1,"InChI=1S/C19H20N2OS/c1-4-9-20-19(22)14-6-8-18-16(11-14)21-13(3)15-10-12(2)5-7-17(15)23-18/h5-8,10-11H,4,9H2,1-3H3,(H,20,22)","InChI=1S/C20H22N2OS/c1-4-5-10-21-20(23)15-7-9-19-17(12-15)22-14(3)16-11-13(2)6-8-18(16)24-19/h6-9,11-12H,4-5,10H2,1-3H3,(H,21,23)"
MCULE-6254148835,https://mcule.com/MCULE-6254148835/,,N1C2C=C(C=CC=2SC2C=CC(C)=CC=2C=1CC)C(=O)NC(C)CC,CC1=Nc2cc(C(=O)NCCC)ccc2Sc2ccc(C)cc21,0.9263351749539596,0.6941643,0.9980608,0.4172078,1.0,1.0,0.77,0.71,352.503,1,"InChI=1S/C19H20N2OS/c1-4-9-20-19(22)14-6-8-18-16(11-14)21-13(3)15-10-12(2)5-7-17(15)23-18/h5-8,10-11H,4,9H2,1-3H3,(H,20,22)","InChI=1S/C21H24N2OS/c1-5-14(4)22-21(24)15-8-10-20-18(12-15)23-17(6-2)16-11-13(3)7-9-19(16)25-20/h7-12,14H,5-6H2,1-4H3,(H,22,24)"
MCULE-5830374764,https://mcule.com/MCULE-5830374764/,,N1C2C=C(C=CC=2SC2C=CC=CC=2C=1C)C(NCCC1C=CC=CC=1)=O,CC1=Nc2cc(C(=O)NCCC)ccc2Sc2ccc(C)cc21,0.9402697495183044,0.89366335,0.98767555,0.7730422,1.0,1.0,0.63,0.78,372.493,1,"InChI=1S/C19H20N2OS/c1-4-9-20-19(22)14-6-8-18-16(11-14)21-13(3)15-10-12(2)5-7-17(15)23-18/h5-8,10-11H,4,9H2,1-3H3,(H,20,22)","InChI=1S/C23H20N2OS/c1-16-19-9-5-6-10-21(19)27-22-12-11-18(15-20(22)25-16)23(26)24-14-13-17-7-3-2-4-8-17/h2-12,15H,13-14H2,1H3,(H,24,26)"
MCULE-2040607482,https://mcule.com/MCULE-2040607482/,,N1C2C=C(C=CC=2SC2C=CC(C)=CC=2C=1C)C(=O)NCC1=CC=C(C=C1)C,CC1=Nc2cc(C(=O)NCCC)ccc2Sc2ccc(C)cc21,0.9186691312384472,0.91525906,0.99851257,0.8097521,1.0,1.0,0.79,0.79,386.52,1,"InChI=1S/C19H20N2OS/c1-4-9-20-19(22)14-6-8-18-16(11-14)21-13(3)15-10-12(2)5-7-17(15)23-18/h5-8,10-11H,4,9H2,1-3H3,(H,20,22)","InChI=1S/C24H22N2OS/c1-15-4-7-18(8-5-15)14-25-24(27)19-9-11-23-21(13-19)26-17(3)20-12-16(2)6-10-22(20)28-23/h4-13H,14H2,1-3H3,(H,25,27)"
ZINC000004712625,ZINC000004712625,2.0,COCCNC(=O)c1ccc2c(c1)N=C(C)c3cc(Cl)ccc3S2,CC1=Nc2cc(C(=O)NCCCCC)ccc2Sc2ccc(Cl)cc21,0.7377049180327869,0.87556446,0.99361867,0.7315967,1.0,1.0,0.68,0.77,360.866,1,"InChI=1S/C20H21ClN2OS/c1-3-4-5-10-22-20(24)14-6-8-19-17(11-14)23-13(2)16-12-15(21)7-9-18(16)25-19/h6-9,11-12H,3-5,10H2,1-2H3,(H,22,24)","InChI=1S/C18H17ClN2O2S/c1-11-14-10-13(19)4-6-16(14)24-17-5-3-12(9-15(17)21-11)18(22)20-7-8-23-2/h3-6,9-10H,7-8H2,1-2H3,(H,20,22)"
ZINC000004929768,ZINC000004929768,1.0,COCCCNC(=O)c1ccc2c(c1)N=C(C)c3cc(Cl)ccc3S2,CC1=Nc2cc(C(=O)NCCCCC)ccc2Sc2ccc(Cl)cc21,0.7704918032786885,0.929064,0.99570715,0.8417399,1.0,1.0,0.71,0.8,374.893,1,"InChI=1S/C20H21ClN2OS/c1-3-4-5-10-22-20(24)14-6-8-19-17(11-14)23-13(2)16-12-15(21)7-9-18(16)25-19/h6-9,11-12H,3-5,10H2,1-2H3,(H,22,24)","InChI=1S/C19H19ClN2O2S/c1-12-15-11-14(20)5-7-17(15)25-18-6-4-13(10-16(18)22-12)19(23)21-8-3-9-24-2/h4-7,10-11H,3,8-9H2,1-2H3,(H,21,23)"
MCULE-2433955741,https://mcule.com/MCULE-2433955741/,,N1C2C=C(C=CC=2SC2C=CC(Cl)=CC=2C=1C)C(NCCCOC)=O,CC1=Nc2cc(C(=O)NCCCCC)ccc2Sc2ccc(Cl)cc21,0.9615384615384616,0.929064,0.99570715,0.8417399,1.0,1.0,0.71,0.8,374.893,1,"InChI=1S/C20H21ClN2OS/c1-3-4-5-10-22-20(24)14-6-8-19-17(11-14)23-13(2)16-12-15(21)7-9-18(16)25-19/h6-9,11-12H,3-5,10H2,1-2H3,(H,22,24)","InChI=1S/C19H19ClN2O2S/c1-12-15-11-14(20)5-7-17(15)25-18-6-4-13(10-16(18)22-12)19(23)21-8-3-9-24-2/h4-7,10-11H,3,8-9H2,1-2H3,(H,21,23)"
ZINC000004929341,ZINC000004929341,2.0,COCCCNC(=O)c1ccc2c(c1)N=C(C)c3ccccc3S2,CC1=Nc2cc(C(=O)NCCCCC)ccc2Sc2ccc(Cl)cc21,0.609375,0.9669417,0.99361867,0.92841244,1.0,1.0,0.68,0.84,340.448,1,"InChI=1S/C20H21ClN2OS/c1-3-4-5-10-22-20(24)14-6-8-19-17(11-14)23-13(2)16-12-15(21)7-9-18(16)25-19/h6-9,11-12H,3-5,10H2,1-2H3,(H,22,24)","InChI=1S/C19H20N2O2S/c1-13-15-6-3-4-7-17(15)24-18-9-8-14(12-16(18)21-13)19(22)20-10-5-11-23-2/h3-4,6-9,12H,5,10-11H2,1-2H3,(H,20,22)"
ZINC000004930040,ZINC000004930040,2.0,CCCCNC(=O)c1ccc2c(c1)N=C(C)c3cc(C)ccc3S2,CC1=Nc2cc(C(=O)NCCCCC)ccc2Sc2ccc(Cl)cc21,0.7333333333333333,0.9147247,0.99711406,0.8097521,1.0,1.0,0.74,0.79,338.476,1,"InChI=1S/C20H21ClN2OS/c1-3-4-5-10-22-20(24)14-6-8-19-17(11-14)23-13(2)16-12-15(21)7-9-18(16)25-19/h6-9,11-12H,3-5,10H2,1-2H3,(H,22,24)","InChI=1S/C20H22N2OS/c1-4-5-10-21-20(23)15-7-9-19-17(12-15)22-14(3)16-11-13(2)6-8-18(16)24-19/h6-9,11-12H,4-5,10H2,1-3H3,(H,21,23)"
MCULE-2203522761,https://mcule.com/MCULE-2203522761/,,N1C2C=C(C=CC=2SC2=CC=C(Cl)C=C2C=1C)C(NCCCOC(C)C)=O,CC1=Nc2cc(C(=O)NCCCCC)ccc2Sc2ccc(Cl)cc21,0.9425493716337524,0.76420945,0.99361867,0.52782506,1.0,1.0,0.68,0.73,402.947,1,"InChI=1S/C20H21ClN2OS/c1-3-4-5-10-22-20(24)14-6-8-19-17(11-14)23-13(2)16-12-15(21)7-9-18(16)25-19/h6-9,11-12H,3-5,10H2,1-2H3,(H,22,24)","InChI=1S/C21H23ClN2O2S/c1-13(2)26-10-4-9-23-21(25)15-5-7-20-18(11-15)24-14(3)17-12-16(22)6-8-19(17)27-20/h5-8,11-13H,4,9-10H2,1-3H3,(H,23,25)"
MCULE-5784346685,https://mcule.com/MCULE-5784346685/,,N1C2C=C(C=CC=2SC2C=CC(Cl)=CC=2C=1CC)C(NCCC(C)C)=O,CC1=Nc2cc(C(=O)NCCCCC)ccc2Sc2ccc(Cl)cc21,0.9314586994727592,0.8272605,0.9977859,0.635776,1.0,1.0,0.76,0.75,386.948,1,"InChI=1S/C20H21ClN2OS/c1-3-4-5-10-22-20(24)14-6-8-19-17(11-14)23-13(2)16-12-15(21)7-9-18(16)25-19/h6-9,11-12H,3-5,10H2,1-2H3,(H,22,24)","InChI=1S/C21H23ClN2OS/c1-4-17-16-12-15(22)6-8-19(16)26-20-7-5-14(11-18(20)24-17)21(25)23-10-9-13(2)3/h5-8,11-13H,4,9-10H2,1-3H3,(H,23,25)"
MCULE-1153524502,https://mcule.com/MCULE-1153524502/,,N1C2C=C(C=CC=2SC2C=CC(Cl)=CC=2C=1C)C(=O)NCC1C=CC=CC=1,CC1=Nc2cc(C(=O)NCCCCC)ccc2Sc2ccc(Cl)cc21,0.933453237410072,0.9651445,0.98919207,0.92841244,1.0,1.0,0.64,0.84,392.911,1,"InChI=1S/C20H21ClN2OS/c1-3-4-5-10-22-20(24)14-6-8-19-17(11-14)23-13(2)16-12-15(21)7-9-18(16)25-19/h6-9,11-12H,3-5,10H2,1-2H3,(H,22,24)","InChI=1S/C22H17ClN2OS/c1-14-18-12-17(23)8-10-20(18)27-21-9-7-16(11-19(21)25-14)22(26)24-13-15-5-3-2-4-6-15/h2-12H,13H2,1H3,(H,24,26)"
MCULE-3283587573,https://mcule.com/MCULE-3283587573/,,N1C2C=C(C=CC=2SC2C=CC(Cl)=CC=2C=1CC)C(NCCC1C=CC=CC=1)=O,CC1=Nc2cc(C(=O)NCCCCC)ccc2Sc2ccc(Cl)cc21,0.9147826086956522,0.9890317,0.983985,0.9897282,1.0,1.0,0.61,0.93,420.965,1,"InChI=1S/C20H21ClN2OS/c1-3-4-5-10-22-20(24)14-6-8-19-17(11-14)23-13(2)16-12-15(21)7-9-18(16)25-19/h6-9,11-12H,3-5,10H2,1-2H3,(H,22,24)","InChI=1S/C24H21ClN2OS/c1-2-20-19-15-18(25)9-11-22(19)29-23-10-8-17(14-21(23)27-20)24(28)26-13-12-16-6-4-3-5-7-16/h3-11,14-15H,2,12-13H2,1H3,(H,26,28)"
MCULE-2883797677,https://mcule.com/MCULE-2883797677/,,N1C2C=C(C=CC=2SC2C=CC(Cl)=CC=2C=1CC)C(NCCCC1C=CC=CC=1)=O,CC1=Nc2cc(C(=O)NCCCCC)ccc2Sc2ccc(Cl)cc21,0.9281961471103328,0.91439015,0.9962391,0.8097521,1.0,1.0,0.72,0.79,434.992,1,"InChI=1S/C20H21ClN2OS/c1-3-4-5-10-22-20(24)14-6-8-19-17(11-14)23-13(2)16-12-15(21)7-9-18(16)25-19/h6-9,11-12H,3-5,10H2,1-2H3,(H,22,24)","InChI=1S/C25H23ClN2OS/c1-2-21-20-16-19(26)11-13-23(20)30-24-12-10-18(15-22(24)28-21)25(29)27-14-6-9-17-7-4-3-5-8-17/h3-5,7-8,10-13,15-16H,2,6,9,14H2,1H3,(H,27,29)"
ZINC000004712625,ZINC000004712625,2.0,COCCNC(=O)c1ccc2c(c1)N=C(C)c3cc(Cl)ccc3S2,CC1=Nc2cc(C(=O)NCCCC)ccc2Sc2ccc(C)cc21,0.5757575757575758,0.87556446,0.99361867,0.7315967,1.0,1.0,0.68,0.77,360.866,1,"InChI=1S/C20H22N2OS/c1-4-5-10-21-20(23)15-7-9-19-17(12-15)22-14(3)16-11-13(2)6-8-18(16)24-19/h6-9,11-12H,4-5,10H2,1-3H3,(H,21,23)","InChI=1S/C18H17ClN2O2S/c1-11-14-10-13(19)4-6-16(14)24-17-5-3-12(9-15(17)21-11)18(22)20-7-8-23-2/h3-6,9-10H,7-8H2,1-2H3,(H,20,22)"
MCULE-8749518880,https://mcule.com/MCULE-8749518880/,,N1C2C=C(C=CC=2SC2C=CC(C)=CC=2C=1CC)C(NC)=O,CC1=Nc2cc(C(=O)NCCCC)ccc2Sc2ccc(C)cc21,0.9191729323308272,0.99905443,0.9999085,0.9978235,1.0,1.0,1.0,1.0,310.422,1,"InChI=1S/C20H22N2OS/c1-4-5-10-21-20(23)15-7-9-19-17(12-15)22-14(3)16-11-13(2)6-8-18(16)24-19/h6-9,11-12H,4-5,10H2,1-3H3,(H,21,23)","InChI=1S/C18H18N2OS/c1-4-14-13-9-11(2)5-7-16(13)22-17-8-6-12(18(21)19-3)10-15(17)20-14/h5-10H,4H2,1-3H3,(H,19,21)"
ZINC000004929768,ZINC000004929768,2.0,COCCCNC(=O)c1ccc2c(c1)N=C(C)c3cc(Cl)ccc3S2,CC1=Nc2cc(C(=O)NCCCC)ccc2Sc2ccc(C)cc21,0.6060606060606061,0.929064,0.99570715,0.8417399,1.0,1.0,0.71,0.8,374.893,1,"InChI=1S/C20H22N2OS/c1-4-5-10-21-20(23)15-7-9-19-17(12-15)22-14(3)16-11-13(2)6-8-18(16)24-19/h6-9,11-12H,4-5,10H2,1-3H3,(H,21,23)","InChI=1S/C19H19ClN2O2S/c1-12-15-11-14(20)5-7-17(15)25-18-6-4-13(10-16(18)22-12)19(23)21-8-3-9-24-2/h4-7,10-11H,3,8-9H2,1-2H3,(H,21,23)"
ZINC000004929890,ZINC000004929890,3.0,CCC1=Nc2cc(C(=O)NCCOC)ccc2Sc3ccc(Cl)cc31,CC1=Nc2cc(C(=O)NCCCC)ccc2Sc2ccc(C)cc21,0.4520547945205479,0.8045474,0.99510026,0.59628946,1.0,1.0,0.7,0.74250335,374.893,1,"InChI=1S/C20H22N2OS/c1-4-5-10-21-20(23)15-7-9-19-17(12-15)22-14(3)16-11-13(2)6-8-18(16)24-19/h6-9,11-12H,4-5,10H2,1-3H3,(H,21,23)","InChI=1S/C19H19ClN2O2S/c1-3-15-14-11-13(20)5-7-17(14)25-18-6-4-12(10-16(18)22-15)19(23)21-8-9-24-2/h4-7,10-11H,3,8-9H2,1-2H3,(H,21,23)"
ZINC000006728357,ZINC000006728357,1.0,COCCNC(=O)c1ccc2c(c1)N=C(C)c3cc(C)ccc3S2,CC1=Nc2cc(C(=O)NCCCC)ccc2Sc2ccc(C)cc21,0.7457627118644068,0.76544297,0.99747217,0.52782506,1.0,1.0,0.75,0.73,340.448,1,"InChI=1S/C20H22N2OS/c1-4-5-10-21-20(23)15-7-9-19-17(12-15)22-14(3)16-11-13(2)6-8-18(16)24-19/h6-9,11-12H,4-5,10H2,1-3H3,(H,21,23)","InChI=1S/C19H20N2O2S/c1-12-4-6-17-15(10-12)13(2)21-16-11-14(5-7-18(16)24-17)19(22)20-8-9-23-3/h4-7,10-11H,8-9H2,1-3H3,(H,20,22)"
MCULE-6814427357,https://mcule.com/MCULE-6814427357/,,N1C2C=C(C=CC=2SC2C=CC(C)=CC=2C=1C)C(NCCOC)=O,CC1=Nc2cc(C(=O)NCCCC)ccc2Sc2ccc(C)cc21,0.9521072796934866,0.76544297,0.99747217,0.52782506,1.0,1.0,0.75,0.73,340.448,1,"InChI=1S/C20H22N2OS/c1-4-5-10-21-20(23)15-7-9-19-17(12-15)22-14(3)16-11-13(2)6-8-18(16)24-19/h6-9,11-12H,4-5,10H2,1-3H3,(H,21,23)","InChI=1S/C19H20N2O2S/c1-12-4-6-17-15(10-12)13(2)21-16-11-14(5-7-18(16)24-17)19(22)20-8-9-23-3/h4-7,10-11H,8-9H2,1-3H3,(H,20,22)"
ZINC000004929929,ZINC000004929929,2.0,CCCCNC(=O)c1ccc2c(c1)N=C(CC)c3cc(Cl)ccc3S2,CC1=Nc2cc(C(=O)NCCCC)ccc2Sc2ccc(C)cc21,0.6,0.99905443,0.9999085,0.9978235,1.0,1.0,1.0,1.0,372.921,1,"InChI=1S/C20H22N2OS/c1-4-5-10-21-20(23)15-7-9-19-17(12-15)22-14(3)16-11-13(2)6-8-18(16)24-19/h6-9,11-12H,4-5,10H2,1-3H3,(H,21,23)","InChI=1S/C20H21ClN2OS/c1-3-5-10-22-20(24)13-6-8-19-17(11-13)23-16(4-2)15-12-14(21)7-9-18(15)25-19/h6-9,11-12H,3-5,10H2,1-2H3,(H,22,24)"
MCULE-9681315168,https://mcule.com/MCULE-9681315168/,,N1C2C=C(C=CC=2SC2C=CC=CC=2C=1CC)C(NCCCC)=O,CC1=Nc2cc(C(=O)NCCCC)ccc2Sc2ccc(C)cc21,0.9194756554307116,0.99905443,0.9999085,0.9978235,1.0,1.0,1.0,1.0,338.476,1,"InChI=1S/C20H22N2OS/c1-4-5-10-21-20(23)15-7-9-19-17(12-15)22-14(3)16-11-13(2)6-8-18(16)24-19/h6-9,11-12H,4-5,10H2,1-3H3,(H,21,23)","InChI=1S/C20H22N2OS/c1-3-5-12-21-20(23)14-10-11-19-17(13-14)22-16(4-2)15-8-6-7-9-18(15)24-19/h6-11,13H,3-5,12H2,1-2H3,(H,21,23)"
ZINC000004930040,ZINC000004930040,0.0,CCCCNC(=O)c1ccc2c(c1)N=C(C)c3cc(C)ccc3S2,CC1=Nc2cc(C(=O)NCCCC)ccc2Sc2ccc(C)cc21,1.0,0.9147247,0.99711406,0.8097521,1.0,1.0,0.74,0.79,338.476,1,"InChI=1S/C20H22N2OS/c1-4-5-10-21-20(23)15-7-9-19-17(12-15)22-14(3)16-11-13(2)6-8-18(16)24-19/h6-9,11-12H,4-5,10H2,1-3H3,(H,21,23)","InChI=1S/C20H22N2OS/c1-4-5-10-21-20(23)15-7-9-19-17(12-15)22-14(3)16-11-13(2)6-8-18(16)24-19/h6-9,11-12H,4-5,10H2,1-3H3,(H,21,23)"
MCULE-6254148835,https://mcule.com/MCULE-6254148835/,,N1C2C=C(C=CC=2SC2C=CC(C)=CC=2C=1CC)C(=O)NC(C)CC,CC1=Nc2cc(C(=O)NCCCC)ccc2Sc2ccc(C)cc21,0.9247706422018348,0.6941643,0.9980608,0.4172078,1.0,1.0,0.77,0.71,352.503,1,"InChI=1S/C20H22N2OS/c1-4-5-10-21-20(23)15-7-9-19-17(12-15)22-14(3)16-11-13(2)6-8-18(16)24-19/h6-9,11-12H,4-5,10H2,1-3H3,(H,21,23)","InChI=1S/C21H24N2OS/c1-5-14(4)22-21(24)15-8-10-20-18(12-15)23-17(6-2)16-11-13(3)7-9-19(16)25-20/h7-12,14H,5-6H2,1-4H3,(H,22,24)"
MCULE-5830374764,https://mcule.com/MCULE-5830374764/,,N1C2C=C(C=CC=2SC2C=CC=CC=2C=1C)C(NCCC1C=CC=CC=1)=O,CC1=Nc2cc(C(=O)NCCCC)ccc2Sc2ccc(C)cc21,0.9348659003831418,0.89366335,0.98767555,0.7730422,1.0,1.0,0.63,0.78,372.493,1,"InChI=1S/C20H22N2OS/c1-4-5-10-21-20(23)15-7-9-19-17(12-15)22-14(3)16-11-13(2)6-8-18(16)24-19/h6-9,11-12H,4-5,10H2,1-3H3,(H,21,23)","InChI=1S/C23H20N2OS/c1-16-19-9-5-6-10-21(19)27-22-12-11-18(15-20(22)25-16)23(26)24-14-13-17-7-3-2-4-8-17/h2-12,15H,13-14H2,1H3,(H,24,26)"
ZINC000004712625,ZINC000004712625,3.0,COCCNC(=O)c1ccc2c(c1)N=C(C)c3cc(Cl)ccc3S2,CC1=Nc2cc(C(=O)NCCN(C)C)ccc2Sc2ccc(C)cc21,0.088235294117647,0.87556446,0.99361867,0.7315967,1.0,1.0,0.68,0.77,360.866,1,"InChI=1S/C20H23N3OS/c1-13-5-7-18-16(11-13)14(2)22-17-12-15(6-8-19(17)25-18)20(24)21-9-10-23(3)4/h5-8,11-12H,9-10H2,1-4H3,(H,21,24)","InChI=1S/C18H17ClN2O2S/c1-11-14-10-13(19)4-6-16(14)24-17-5-3-12(9-15(17)21-11)18(22)20-7-8-23-2/h3-6,9-10H,7-8H2,1-2H3,(H,20,22)"
ZINC000006728357,ZINC000006728357,2.0,COCCNC(=O)c1ccc2c(c1)N=C(C)c3cc(C)ccc3S2,CC1=Nc2cc(C(=O)NCCN(C)C)ccc2Sc2ccc(C)cc21,0.7333333333333333,0.76544297,0.99747217,0.52782506,1.0,1.0,0.75,0.73,340.448,1,"InChI=1S/C20H23N3OS/c1-13-5-7-18-16(11-13)14(2)22-17-12-15(6-8-19(17)25-18)20(24)21-9-10-23(3)4/h5-8,11-12H,9-10H2,1-4H3,(H,21,24)","InChI=1S/C19H20N2O2S/c1-12-4-6-17-15(10-12)13(2)21-16-11-14(5-7-18(16)24-17)19(22)20-8-9-23-3/h4-7,10-11H,8-9H2,1-3H3,(H,20,22)"
MCULE-6814427357,https://mcule.com/MCULE-6814427357/,,N1C2C=C(C=CC=2SC2C=CC(C)=CC=2C=1C)C(NCCOC)=O,CC1=Nc2cc(C(=O)NCCN(C)C)ccc2Sc2ccc(C)cc21,0.9272388059701492,0.76544297,0.99747217,0.52782506,1.0,1.0,0.75,0.73,340.448,1,"InChI=1S/C20H23N3OS/c1-13-5-7-18-16(11-13)14(2)22-17-12-15(6-8-19(17)25-18)20(24)21-9-10-23(3)4/h5-8,11-12H,9-10H2,1-4H3,(H,21,24)","InChI=1S/C19H20N2O2S/c1-12-4-6-17-15(10-12)13(2)21-16-11-14(5-7-18(16)24-17)19(22)20-8-9-23-3/h4-7,10-11H,8-9H2,1-3H3,(H,20,22)"
ZINC000004930040,ZINC000004930040,2.0,CCCCNC(=O)c1ccc2c(c1)N=C(C)c3cc(C)ccc3S2,CC1=Nc2cc(C(=O)NCCN(C)C)ccc2Sc2ccc(C)cc21,0.7457627118644068,0.9147247,0.99711406,0.8097521,1.0,1.0,0.74,0.79,338.476,1,"InChI=1S/C20H23N3OS/c1-13-5-7-18-16(11-13)14(2)22-17-12-15(6-8-19(17)25-18)20(24)21-9-10-23(3)4/h5-8,11-12H,9-10H2,1-4H3,(H,21,24)","InChI=1S/C20H22N2OS/c1-4-5-10-21-20(23)15-7-9-19-17(12-15)22-14(3)16-11-13(2)6-8-18(16)24-19/h6-9,11-12H,4-5,10H2,1-3H3,(H,21,23)"
ZINC000009608358,ZINC000009608358,3.0,CCC1=Nc2cc(C(=O)NCCC(C)C)ccc2Sc3ccc(Br)cc31,CC1=Nc2cc(C(=O)NCCN(C)C)ccc2Sc2ccc(C)cc21,0.0849056603773584,0.4622695,0.9916928,0.1582601,1.0,1.0,0.66,0.65,431.399,1,"InChI=1S/C20H23N3OS/c1-13-5-7-18-16(11-13)14(2)22-17-12-15(6-8-19(17)25-18)20(24)21-9-10-23(3)4/h5-8,11-12H,9-10H2,1-4H3,(H,21,24)","InChI=1S/C21H23BrN2OS/c1-4-17-16-12-15(22)6-8-19(16)26-20-7-5-14(11-18(20)24-17)21(25)23-10-9-13(2)3/h5-8,11-13H,4,9-10H2,1-3H3,(H,23,25)"
ZINC000004930456,ZINC000004930456,3.0,CCC1=Nc2cc(C(=O)NCCC(C)C)ccc2Sc3ccc(Cl)cc31,CC1=Nc2cc(C(=O)NCCN(C)C)ccc2Sc2ccc(C)cc21,0.4266666666666667,0.8272605,0.9977859,0.635776,1.0,1.0,0.76,0.75,386.948,1,"InChI=1S/C20H23N3OS/c1-13-5-7-18-16(11-13)14(2)22-17-12-15(6-8-19(17)25-18)20(24)21-9-10-23(3)4/h5-8,11-12H,9-10H2,1-4H3,(H,21,24)","InChI=1S/C21H23ClN2OS/c1-4-17-16-12-15(22)6-8-19(16)26-20-7-5-14(11-18(20)24-17)21(25)23-10-9-13(2)3/h5-8,11-13H,4,9-10H2,1-3H3,(H,23,25)"
MCULE-5830374764,https://mcule.com/MCULE-5830374764/,,N1C2C=C(C=CC=2SC2C=CC=CC=2C=1C)C(NCCC1C=CC=CC=1)=O,CC1=Nc2cc(C(=O)NCCN(C)C)ccc2Sc2ccc(C)cc21,0.8927911275415896,0.89366335,0.98767555,0.7730422,1.0,1.0,0.63,0.78,372.493,1,"InChI=1S/C20H23N3OS/c1-13-5-7-18-16(11-13)14(2)22-17-12-15(6-8-19(17)25-18)20(24)21-9-10-23(3)4/h5-8,11-12H,9-10H2,1-4H3,(H,21,24)","InChI=1S/C23H20N2OS/c1-16-19-9-5-6-10-21(19)27-22-12-11-18(15-20(22)25-16)23(26)24-14-13-17-7-3-2-4-8-17/h2-12,15H,13-14H2,1H3,(H,24,26)"
MCULE-6277287745,https://mcule.com/MCULE-6277287745/,,N1C2C=C(C=CC=2SC2=CC=C(C)C=C2C=1CC)C(NCCN1CCCC1)=O,CC1=Nc2cc(C(=O)NCCN(C)C)ccc2Sc2ccc(C)cc21,0.8996539792387543,0.7611134,0.983985,0.52782506,1.0,1.0,0.61,0.73,393.556,1,"InChI=1S/C20H23N3OS/c1-13-5-7-18-16(11-13)14(2)22-17-12-15(6-8-19(17)25-18)20(24)21-9-10-23(3)4/h5-8,11-12H,9-10H2,1-4H3,(H,21,24)","InChI=1S/C23H27N3OS/c1-3-19-18-14-16(2)6-8-21(18)28-22-9-7-17(15-20(22)25-19)23(27)24-10-13-26-11-4-5-12-26/h6-9,14-15H,3-5,10-13H2,1-2H3,(H,24,27)"
MCULE-2040607482,https://mcule.com/MCULE-2040607482/,,N1C2C=C(C=CC=2SC2C=CC(C)=CC=2C=1C)C(=O)NCC1=CC=C(C=C1)C,CC1=Nc2cc(C(=O)NCCN(C)C)ccc2Sc2ccc(C)cc21,0.8906810035842294,0.91525906,0.99851257,0.8097521,1.0,1.0,0.79,0.79,386.52,1,"InChI=1S/C20H23N3OS/c1-13-5-7-18-16(11-13)14(2)22-17-12-15(6-8-19(17)25-18)20(24)21-9-10-23(3)4/h5-8,11-12H,9-10H2,1-4H3,(H,21,24)","InChI=1S/C24H22N2OS/c1-15-4-7-18(8-5-15)14-25-24(27)19-9-11-23-21(13-19)26-17(3)20-12-16(2)6-10-22(20)28-23/h4-13H,14H2,1-3H3,(H,25,27)"
MCULE-8251463947,https://mcule.com/MCULE-8251463947/,,N1C2C=C(C=CC=2SC2=CC=C(C)C=C2C=1CC)C(NCCN(CCCC)CCCC)=O,CC1=Nc2cc(C(=O)NCCN(C)C)ccc2Sc2ccc(C)cc21,0.8919382504288165,0.36027488,0.98175126,0.08788607,1.0,1.0,0.6,0.62,451.68,1,"InChI=1S/C20H23N3OS/c1-13-5-7-18-16(11-13)14(2)22-17-12-15(6-8-19(17)25-18)20(24)21-9-10-23(3)4/h5-8,11-12H,9-10H2,1-4H3,(H,21,24)","InChI=1S/C27H37N3OS/c1-5-8-15-30(16-9-6-2)17-14-28-27(31)21-11-13-26-24(19-21)29-23(7-3)22-18-20(4)10-12-25(22)32-26/h10-13,18-19H,5-9,14-17H2,1-4H3,(H,28,31)"
MCULE-2347691535,https://mcule.com/MCULE-2347691535/,,N1C2C=C(C=CC=2SC2=CC=C(C)C=C2C=1CC)C(NCCN(C)CCC1C=CC=CC=1)=O,CC1=Nc2cc(C(=O)NCCN(C)C)ccc2Sc2ccc(C)cc21,0.8950086058519794,0.9395373,0.9905238,0.869218,1.0,1.0,0.65,0.81,457.643,1,"InChI=1S/C20H23N3OS/c1-13-5-7-18-16(11-13)14(2)22-17-12-15(6-8-19(17)25-18)20(24)21-9-10-23(3)4/h5-8,11-12H,9-10H2,1-4H3,(H,21,24)","InChI=1S/C28H31N3OS/c1-4-24-23-18-20(2)10-12-26(23)33-27-13-11-22(19-25(27)30-24)28(32)29-15-17-31(3)16-14-21-8-6-5-7-9-21/h5-13,18-19H,4,14-17H2,1-3H3,(H,29,32)"
ZINC000006728357,ZINC000006728357,2.0,COCCNC(=O)c1ccc2c(c1)N=C(C)c3cc(C)ccc3S2,CC1=Nc2cc(C(=O)NCCCCC)ccc2Sc2ccc(C)cc21,0.7333333333333333,0.76544297,0.99747217,0.52782506,1.0,1.0,0.75,0.73,340.448,1,"InChI=1S/C21H24N2OS/c1-4-5-6-11-22-21(24)16-8-10-20-18(13-16)23-15(3)17-12-14(2)7-9-19(17)25-20/h7-10,12-13H,4-6,11H2,1-3H3,(H,22,24)","InChI=1S/C19H20N2O2S/c1-12-4-6-17-15(10-12)13(2)21-16-11-14(5-7-18(16)24-17)19(22)20-8-9-23-3/h4-7,10-11H,8-9H2,1-3H3,(H,20,22)"
MCULE-6814427357,https://mcule.com/MCULE-6814427357/,,N1C2C=C(C=CC=2SC2C=CC(C)=CC=2C=1C)C(NCCOC)=O,CC1=Nc2cc(C(=O)NCCCCC)ccc2Sc2ccc(C)cc21,0.9412878787878788,0.76544297,0.99747217,0.52782506,1.0,1.0,0.75,0.73,340.448,1,"InChI=1S/C21H24N2OS/c1-4-5-6-11-22-21(24)16-8-10-20-18(13-16)23-15(3)17-12-14(2)7-9-19(17)25-20/h7-10,12-13H,4-6,11H2,1-3H3,(H,22,24)","InChI=1S/C19H20N2O2S/c1-12-4-6-17-15(10-12)13(2)21-16-11-14(5-7-18(16)24-17)19(22)20-8-9-23-3/h4-7,10-11H,8-9H2,1-3H3,(H,20,22)"
ZINC000004929341,ZINC000004929341,2.0,COCCCNC(=O)c1ccc2c(c1)N=C(C)c3ccccc3S2,CC1=Nc2cc(C(=O)NCCCCC)ccc2Sc2ccc(C)cc21,0.6190476190476191,0.9669417,0.99361867,0.92841244,1.0,1.0,0.68,0.84,340.448,1,"InChI=1S/C21H24N2OS/c1-4-5-6-11-22-21(24)16-8-10-20-18(13-16)23-15(3)17-12-14(2)7-9-19(17)25-20/h7-10,12-13H,4-6,11H2,1-3H3,(H,22,24)","InChI=1S/C19H20N2O2S/c1-13-15-6-3-4-7-17(15)24-18-9-8-14(12-16(18)21-13)19(22)20-10-5-11-23-2/h3-4,6-9,12H,5,10-11H2,1-2H3,(H,20,22)"
ZINC000004930040,ZINC000004930040,1.0,CCCCNC(=O)c1ccc2c(c1)N=C(C)c3cc(C)ccc3S2,CC1=Nc2cc(C(=O)NCCCCC)ccc2Sc2ccc(C)cc21,0.9433962264150944,0.9147247,0.99711406,0.8097521,1.0,1.0,0.74,0.79,338.476,1,"InChI=1S/C21H24N2OS/c1-4-5-6-11-22-21(24)16-8-10-20-18(13-16)23-15(3)17-12-14(2)7-9-19(17)25-20/h7-10,12-13H,4-6,11H2,1-3H3,(H,22,24)","InChI=1S/C20H22N2OS/c1-4-5-10-21-20(23)15-7-9-19-17(12-15)22-14(3)16-11-13(2)6-8-18(16)24-19/h6-9,11-12H,4-5,10H2,1-3H3,(H,21,23)"
MCULE-6254148835,https://mcule.com/MCULE-6254148835/,,N1C2C=C(C=CC=2SC2C=CC(C)=CC=2C=1CC)C(=O)NC(C)CC,CC1=Nc2cc(C(=O)NCCCCC)ccc2Sc2ccc(C)cc21,0.9216757741347904,0.6941643,0.9980608,0.4172078,1.0,1.0,0.77,0.71,352.503,1,"InChI=1S/C21H24N2OS/c1-4-5-6-11-22-21(24)16-8-10-20-18(13-16)23-15(3)17-12-14(2)7-9-19(17)25-20/h7-10,12-13H,4-6,11H2,1-3H3,(H,22,24)","InChI=1S/C21H24N2OS/c1-5-14(4)22-21(24)15-8-10-20-18(12-15)23-17(6-2)16-11-13(3)7-9-19(16)25-20/h7-12,14H,5-6H2,1-4H3,(H,22,24)"
MCULE-5830374764,https://mcule.com/MCULE-5830374764/,,N1C2C=C(C=CC=2SC2C=CC=CC=2C=1C)C(NCCC1C=CC=CC=1)=O,CC1=Nc2cc(C(=O)NCCCCC)ccc2Sc2ccc(C)cc21,0.9242424242424242,0.89366335,0.98767555,0.7730422,1.0,1.0,0.63,0.78,372.493,1,"InChI=1S/C21H24N2OS/c1-4-5-6-11-22-21(24)16-8-10-20-18(13-16)23-15(3)17-12-14(2)7-9-19(17)25-20/h7-10,12-13H,4-6,11H2,1-3H3,(H,22,24)","InChI=1S/C23H20N2OS/c1-16-19-9-5-6-10-21(19)27-22-12-11-18(15-20(22)25-16)23(26)24-14-13-17-7-3-2-4-8-17/h2-12,15H,13-14H2,1H3,(H,24,26)"
MCULE-4695144802,https://mcule.com/MCULE-4695144802/,,N1C2C=C(C=CC=2SC2C=CC(C)=CC=2C=1C)C(=O)NC1CCCCCC1,CC1=Nc2cc(C(=O)NCCCCC)ccc2Sc2ccc(C)cc21,0.924187725631769,0.9116896,0.98919207,0.8097521,1.0,1.0,0.64,0.79,378.541,1,"InChI=1S/C21H24N2OS/c1-4-5-6-11-22-21(24)16-8-10-20-18(13-16)23-15(3)17-12-14(2)7-9-19(17)25-20/h7-10,12-13H,4-6,11H2,1-3H3,(H,22,24)","InChI=1S/C23H26N2OS/c1-15-9-11-21-19(13-15)16(2)24-20-14-17(10-12-22(20)27-21)23(26)25-18-7-5-3-4-6-8-18/h9-14,18H,3-8H2,1-2H3,(H,25,26)"
MCULE-3194403633,https://mcule.com/MCULE-3194403633/,,N1C2C=C(C=CC=2SC2C=CC(C)=CC=2C=1C)C(=O)NC1CCCCCCC1,CC1=Nc2cc(C(=O)NCCCCC)ccc2Sc2ccc(C)cc21,0.920863309352518,0.0,0.98919207,0.8097521,0.0,1.0,0.64,0.79,392.568,1,"InChI=1S/C21H24N2OS/c1-4-5-6-11-22-21(24)16-8-10-20-18(13-16)23-15(3)17-12-14(2)7-9-19(17)25-20/h7-10,12-13H,4-6,11H2,1-3H3,(H,22,24)","InChI=1S/C24H28N2OS/c1-16-10-12-22-20(14-16)17(2)25-21-15-18(11-13-23(21)28-22)24(27)26-19-8-6-4-3-5-7-9-19/h10-15,19H,3-9H2,1-2H3,(H,26,27)"
ZINC000004901230,ZINC000004901230,3.0,CC1=Nc2cc(C(=O)NCc3cccnc3)ccc2Sc4ccccc41,CC1=Nc2cc(C(=O)NCc3cc(Cl)ccc3)ccc2Sc2ccc(Cl)cc21,0.625,0.87201726,0.983985,0.7315967,1.0,1.0,0.61,0.77,359.454,1,"InChI=1S/C22H16Cl2N2OS/c1-13-18-11-17(24)6-8-20(18)28-21-7-5-15(10-19(21)26-13)22(27)25-12-14-3-2-4-16(23)9-14/h2-11H,12H2,1H3,(H,25,27)","InChI=1S/C21H17N3OS/c1-14-17-6-2-3-7-19(17)26-20-9-8-16(11-18(20)24-14)21(25)23-13-15-5-4-10-22-12-15/h2-12H,13H2,1H3,(H,23,25)"
ZINC000003037078,ZINC000003037078,2.0,CC1=Nc2cc(C(=O)NCc3ccccc3Cl)ccc2Sc4ccc(Cl)cc41,CC1=Nc2cc(C(=O)NCc3cc(Cl)ccc3)ccc2Sc2ccc(Cl)cc21,0.75,0.98517025,0.98919207,0.97531843,1.0,1.0,0.64,0.89,427.356,1,"InChI=1S/C22H16Cl2N2OS/c1-13-18-11-17(24)6-8-20(18)28-21-7-5-15(10-19(21)26-13)22(27)25-12-14-3-2-4-16(23)9-14/h2-11H,12H2,1H3,(H,25,27)","InChI=1S/C22H16Cl2N2OS/c1-13-17-11-16(23)7-9-20(17)28-21-8-6-14(10-19(21)26-13)22(27)25-12-15-4-2-3-5-18(15)24/h2-11H,12H2,1H3,(H,25,27)"
MCULE-5335059826,https://mcule.com/MCULE-5335059826/,,N1C2C=C(C=CC=2SC2C=CC(Cl)=CC=2C=1C)C(=O)NCC1C=CC=CC=1Cl,CC1=Nc2cc(C(=O)NCc3cc(Cl)ccc3)ccc2Sc2ccc(Cl)cc21,0.9666666666666668,0.98517025,0.98919207,0.97531843,1.0,1.0,0.64,0.89,427.356,1,"InChI=1S/C22H16Cl2N2OS/c1-13-18-11-17(24)6-8-20(18)28-21-7-5-15(10-19(21)26-13)22(27)25-12-14-3-2-4-16(23)9-14/h2-11H,12H2,1H3,(H,25,27)","InChI=1S/C22H16Cl2N2OS/c1-13-17-11-16(23)7-9-20(17)28-21-8-6-14(10-19(21)26-13)22(27)25-12-15-4-2-3-5-18(15)24/h2-11H,12H2,1H3,(H,25,27)"
ZINC000020178868,ZINC000020178868,2.0,CC1=Nc2cc(C(=O)NCc3ccc(Cl)cc3)ccc2Sc4ccc(Cl)cc41,CC1=Nc2cc(C(=O)NCc3cc(Cl)ccc3)ccc2Sc2ccc(Cl)cc21,0.8545454545454545,0.929064,0.99570715,0.8417399,1.0,1.0,0.71,0.8,427.356,1,"InChI=1S/C22H16Cl2N2OS/c1-13-18-11-17(24)6-8-20(18)28-21-7-5-15(10-19(21)26-13)22(27)25-12-14-3-2-4-16(23)9-14/h2-11H,12H2,1H3,(H,25,27)","InChI=1S/C22H16Cl2N2OS/c1-13-18-11-17(24)7-9-20(18)28-21-8-4-15(10-19(21)26-13)22(27)25-12-14-2-5-16(23)6-3-14/h2-11H,12H2,1H3,(H,25,27)"
MCULE-6543484347,https://mcule.com/MCULE-6543484347/,,N1C2C=C(C=CC=2SC2C=CC(Cl)=CC=2C=1C)C(=O)NCC1=CC=C(C=C1)Cl,CC1=Nc2cc(C(=O)NCc3cc(Cl)ccc3)ccc2Sc2ccc(Cl)cc21,0.9804270462633452,0.929064,0.99570715,0.8417399,1.0,1.0,0.71,0.8,427.356,1,"InChI=1S/C22H16Cl2N2OS/c1-13-18-11-17(24)6-8-20(18)28-21-7-5-15(10-19(21)26-13)22(27)25-12-14-3-2-4-16(23)9-14/h2-11H,12H2,1H3,(H,25,27)","InChI=1S/C22H16Cl2N2OS/c1-13-18-11-17(24)7-9-20(18)28-21-8-4-15(10-19(21)26-13)22(27)25-12-14-2-5-16(23)6-3-14/h2-11H,12H2,1H3,(H,25,27)"
ZINC000004929775,ZINC000004929775,1.0,CC1=Nc2cc(C(=O)NCc3ccccc3)ccc2Sc4ccc(Cl)cc41,CC1=Nc2cc(C(=O)NCc3cc(Cl)ccc3)ccc2Sc2ccc(Cl)cc21,0.9074074074074074,0.9651445,0.98919207,0.92841244,1.0,1.0,0.64,0.84,392.911,1,"InChI=1S/C22H16Cl2N2OS/c1-13-18-11-17(24)6-8-20(18)28-21-7-5-15(10-19(21)26-13)22(27)25-12-14-3-2-4-16(23)9-14/h2-11H,12H2,1H3,(H,25,27)","InChI=1S/C22H17ClN2OS/c1-14-18-12-17(23)8-10-20(18)27-21-9-7-16(11-19(21)25-14)22(26)24-13-15-5-3-2-4-6-15/h2-12H,13H2,1H3,(H,24,26)"
MCULE-1153524502,https://mcule.com/MCULE-1153524502/,,N1C2C=C(C=CC=2SC2C=CC(Cl)=CC=2C=1C)C(=O)NCC1C=CC=CC=1,CC1=Nc2cc(C(=O)NCc3cc(Cl)ccc3)ccc2Sc2ccc(Cl)cc21,0.9695340501792116,0.9651445,0.98919207,0.92841244,1.0,1.0,0.64,0.84,392.911,1,"InChI=1S/C22H16Cl2N2OS/c1-13-18-11-17(24)6-8-20(18)28-21-7-5-15(10-19(21)26-13)22(27)25-12-14-3-2-4-16(23)9-14/h2-11H,12H2,1H3,(H,25,27)","InChI=1S/C22H17ClN2OS/c1-14-18-12-17(23)8-10-20(18)27-21-9-7-16(11-19(21)25-14)22(26)24-13-15-5-3-2-4-6-15/h2-12H,13H2,1H3,(H,24,26)"
MCULE-8657274506,https://mcule.com/MCULE-8657274506/,,N1C2C=C(C=CC=2SC2C=CC(Cl)=CC=2C=1CC)C(=O)NCC1C=CC=CC=1Cl,CC1=Nc2cc(C(=O)NCc3cc(Cl)ccc3)ccc2Sc2ccc(Cl)cc21,0.9229480737018424,0.982438,0.9962391,0.96198606,1.0,1.0,0.72,0.87,441.383,1,"InChI=1S/C22H16Cl2N2OS/c1-13-18-11-17(24)6-8-20(18)28-21-7-5-15(10-19(21)26-13)22(27)25-12-14-3-2-4-16(23)9-14/h2-11H,12H2,1H3,(H,25,27)","InChI=1S/C23H18Cl2N2OS/c1-2-19-17-12-16(24)8-10-21(17)29-22-9-7-14(11-20(22)27-19)23(28)26-13-15-5-3-4-6-18(15)25/h3-12H,2,13H2,1H3,(H,26,28)"
MCULE-4980836871,https://mcule.com/MCULE-4980836871/,,N1C2C=C(C=CC=2SC2C=CC(Cl)=CC=2C=1CC)C(=O)NCC1=CC=C(C=C1)Cl,CC1=Nc2cc(C(=O)NCc3cc(Cl)ccc3)ccc2Sc2ccc(Cl)cc21,0.935483870967742,0.98683566,0.99932915,0.9693466,1.0,1.0,0.85,0.88,441.383,1,"InChI=1S/C22H16Cl2N2OS/c1-13-18-11-17(24)6-8-20(18)28-21-7-5-15(10-19(21)26-13)22(27)25-12-14-3-2-4-16(23)9-14/h2-11H,12H2,1H3,(H,25,27)","InChI=1S/C23H18Cl2N2OS/c1-2-19-18-12-17(25)8-10-21(18)29-22-9-5-15(11-20(22)27-19)23(28)26-13-14-3-6-16(24)7-4-14/h3-12H,2,13H2,1H3,(H,26,28)"
ZINC000004712687,ZINC000004712687,2.0,CC1=Nc2cc(C(=O)NCc3ccc(C)cc3)ccc2Sc4ccc(Cl)cc41,CC1=Nc2cc(C(=O)NCc3cc(Cl)ccc3)ccc2Sc2ccc(Cl)cc21,0.7966101694915254,0.9612377,0.99711406,0.9121139,1.0,1.0,0.74,0.83,406.938,1,"InChI=1S/C22H16Cl2N2OS/c1-13-18-11-17(24)6-8-20(18)28-21-7-5-15(10-19(21)26-13)22(27)25-12-14-3-2-4-16(23)9-14/h2-11H,12H2,1H3,(H,25,27)","InChI=1S/C23H19ClN2OS/c1-14-3-5-16(6-4-14)13-25-23(27)17-7-9-22-20(11-17)26-15(2)19-12-18(24)8-10-21(19)28-22/h3-12H,13H2,1-2H3,(H,25,27)"
MCULE-3162875168,https://mcule.com/MCULE-3162875168/,,N1C2C=C(C=CC=2SC2=CC=C(Cl)C=C2C=1C)C(=O)NCC1C=CC(=CC=1)C,CC1=Nc2cc(C(=O)NCc3cc(Cl)ccc3)ccc2Sc2ccc(Cl)cc21,0.9458041958041958,0.9612377,0.99711406,0.9121139,1.0,1.0,0.74,0.83,406.938,1,"InChI=1S/C22H16Cl2N2OS/c1-13-18-11-17(24)6-8-20(18)28-21-7-5-15(10-19(21)26-13)22(27)25-12-14-3-2-4-16(23)9-14/h2-11H,12H2,1H3,(H,25,27)","InChI=1S/C23H19ClN2OS/c1-14-3-5-16(6-4-14)13-25-23(27)17-7-9-22-20(11-17)26-15(2)19-12-18(24)8-10-21(19)28-22/h3-12H,13H2,1-2H3,(H,25,27)"
ZINC000004929935,ZINC000004929935,2.0,CCC1=Nc2cc(C(=O)NCc3ccccc3)ccc2Sc4ccc(Cl)cc41,CC1=Nc2cc(C(=O)NCc3cc(Cl)ccc3)ccc2Sc2ccc(Cl)cc21,0.6935483870967742,0.9926207,0.9983016,0.98405236,1.0,1.0,0.78,0.91,406.938,1,"InChI=1S/C22H16Cl2N2OS/c1-13-18-11-17(24)6-8-20(18)28-21-7-5-15(10-19(21)26-13)22(27)25-12-14-3-2-4-16(23)9-14/h2-11H,12H2,1H3,(H,25,27)","InChI=1S/C23H19ClN2OS/c1-2-19-18-13-17(24)9-11-21(18)28-22-10-8-16(12-20(22)26-19)23(27)25-14-15-6-4-3-5-7-15/h3-13H,2,14H2,1H3,(H,25,27)"
MCULE-1997084486,https://mcule.com/MCULE-1997084486/,,N1C2C=C(C=CC=2SC2C=CC(Cl)=CC=2C=1CC)C(=O)NCC1C=CC=CC=1,CC1=Nc2cc(C(=O)NCc3cc(Cl)ccc3)ccc2Sc2ccc(Cl)cc21,0.9247863247863248,0.9926207,0.9983016,0.98405236,1.0,1.0,0.78,0.91,406.938,1,"InChI=1S/C22H16Cl2N2OS/c1-13-18-11-17(24)6-8-20(18)28-21-7-5-15(10-19(21)26-13)22(27)25-12-14-3-2-4-16(23)9-14/h2-11H,12H2,1H3,(H,25,27)","InChI=1S/C23H19ClN2OS/c1-2-19-18-13-17(24)9-11-21(18)28-22-10-8-16(12-20(22)26-19)23(27)25-14-15-6-4-3-5-7-15/h3-13H,2,14H2,1H3,(H,25,27)"
ZINC000004929999,ZINC000004929999,3.0,CC1=Nc2cc(C(=O)NCc3ccc(C)cc3)ccc2Sc4ccc(C)cc41,CC1=Nc2cc(C(=O)NCc3cc(Cl)ccc3)ccc2Sc2ccc(Cl)cc21,0.6557377049180327,0.91525906,0.99851257,0.8097521,1.0,1.0,0.79,0.79,386.52,1,"InChI=1S/C22H16Cl2N2OS/c1-13-18-11-17(24)6-8-20(18)28-21-7-5-15(10-19(21)26-13)22(27)25-12-14-3-2-4-16(23)9-14/h2-11H,12H2,1H3,(H,25,27)","InChI=1S/C24H22N2OS/c1-15-4-7-18(8-5-15)14-25-24(27)19-9-11-23-21(13-19)26-17(3)20-12-16(2)6-10-22(20)28-23/h4-13H,14H2,1-3H3,(H,25,27)"
MCULE-5335059826,https://mcule.com/MCULE-5335059826/,,N1C2C=C(C=CC=2SC2C=CC(Cl)=CC=2C=1C)C(=O)NCC1C=CC=CC=1Cl,CC1=Nc2cc(C(=O)NCc3ccc(Cl)cc3)ccc2Sc2ccc(Cl)cc21,0.9717813051146384,0.98517025,0.98919207,0.97531843,1.0,1.0,0.64,0.89,427.356,1,"InChI=1S/C22H16Cl2N2OS/c1-13-18-11-17(24)7-9-20(18)28-21-8-4-15(10-19(21)26-13)22(27)25-12-14-2-5-16(23)6-3-14/h2-11H,12H2,1H3,(H,25,27)","InChI=1S/C22H16Cl2N2OS/c1-13-17-11-16(23)7-9-20(17)28-21-8-6-14(10-19(21)26-13)22(27)25-12-15-4-2-3-5-18(15)24/h2-11H,12H2,1H3,(H,25,27)"
ZINC000020178868,ZINC000020178868,0.0,CC1=Nc2cc(C(=O)NCc3ccc(Cl)cc3)ccc2Sc4ccc(Cl)cc41,CC1=Nc2cc(C(=O)NCc3ccc(Cl)cc3)ccc2Sc2ccc(Cl)cc21,0.1827956989247312,0.929064,0.99570715,0.8417399,1.0,1.0,0.71,0.8,427.356,1,"InChI=1S/C22H16Cl2N2OS/c1-13-18-11-17(24)7-9-20(18)28-21-8-4-15(10-19(21)26-13)22(27)25-12-14-2-5-16(23)6-3-14/h2-11H,12H2,1H3,(H,25,27)","InChI=1S/C22H16Cl2N2OS/c1-13-18-11-17(24)7-9-20(18)28-21-8-4-15(10-19(21)26-13)22(27)25-12-14-2-5-16(23)6-3-14/h2-11H,12H2,1H3,(H,25,27)"
MCULE-6543484347,https://mcule.com/MCULE-6543484347/,,N1C2C=C(C=CC=2SC2C=CC(Cl)=CC=2C=1C)C(=O)NCC1=CC=C(C=C1)Cl,CC1=Nc2cc(C(=O)NCc3ccc(Cl)cc3)ccc2Sc2ccc(Cl)cc21,1.0,0.929064,0.99570715,0.8417399,1.0,1.0,0.71,0.8,427.356,1,"InChI=1S/C22H16Cl2N2OS/c1-13-18-11-17(24)7-9-20(18)28-21-8-4-15(10-19(21)26-13)22(27)25-12-14-2-5-16(23)6-3-14/h2-11H,12H2,1H3,(H,25,27)","InChI=1S/C22H16Cl2N2OS/c1-13-18-11-17(24)7-9-20(18)28-21-8-4-15(10-19(21)26-13)22(27)25-12-14-2-5-16(23)6-3-14/h2-11H,12H2,1H3,(H,25,27)"
ZINC000004929775,ZINC000004929775,1.0,CC1=Nc2cc(C(=O)NCc3ccccc3)ccc2Sc4ccc(Cl)cc41,CC1=Nc2cc(C(=O)NCc3ccc(Cl)cc3)ccc2Sc2ccc(Cl)cc21,0.1808510638297872,0.9651445,0.98919207,0.92841244,1.0,1.0,0.64,0.84,392.911,1,"InChI=1S/C22H16Cl2N2OS/c1-13-18-11-17(24)7-9-20(18)28-21-8-4-15(10-19(21)26-13)22(27)25-12-14-2-5-16(23)6-3-14/h2-11H,12H2,1H3,(H,25,27)","InChI=1S/C22H17ClN2OS/c1-14-18-12-17(23)8-10-20(18)27-21-9-7-16(11-19(21)25-14)22(26)24-13-15-5-3-2-4-6-15/h2-12H,13H2,1H3,(H,24,26)"
MCULE-1153524502,https://mcule.com/MCULE-1153524502/,,N1C2C=C(C=CC=2SC2C=CC(Cl)=CC=2C=1C)C(=O)NCC1C=CC=CC=1,CC1=Nc2cc(C(=O)NCc3ccc(Cl)cc3)ccc2Sc2ccc(Cl)cc21,0.9747747747747748,0.9651445,0.98919207,0.92841244,1.0,1.0,0.64,0.84,392.911,1,"InChI=1S/C22H16Cl2N2OS/c1-13-18-11-17(24)7-9-20(18)28-21-8-4-15(10-19(21)26-13)22(27)25-12-14-2-5-16(23)6-3-14/h2-11H,12H2,1H3,(H,25,27)","InChI=1S/C22H17ClN2OS/c1-14-18-12-17(23)8-10-20(18)27-21-9-7-16(11-19(21)25-14)22(26)24-13-15-5-3-2-4-6-15/h2-12H,13H2,1H3,(H,24,26)"
MCULE-8657274506,https://mcule.com/MCULE-8657274506/,,N1C2C=C(C=CC=2SC2C=CC(Cl)=CC=2C=1CC)C(=O)NCC1C=CC=CC=1Cl,CC1=Nc2cc(C(=O)NCc3ccc(Cl)cc3)ccc2Sc2ccc(Cl)cc21,0.9276094276094276,0.982438,0.9962391,0.96198606,1.0,1.0,0.72,0.87,441.383,1,"InChI=1S/C22H16Cl2N2OS/c1-13-18-11-17(24)7-9-20(18)28-21-8-4-15(10-19(21)26-13)22(27)25-12-14-2-5-16(23)6-3-14/h2-11H,12H2,1H3,(H,25,27)","InChI=1S/C23H18Cl2N2OS/c1-2-19-17-12-16(24)8-10-21(17)29-22-9-7-14(11-20(22)27-19)23(28)26-13-15-5-3-4-6-18(15)25/h3-12H,2,13H2,1H3,(H,26,28)"
ZINC000020178905,ZINC000020178905,1.0,CCC1=Nc2cc(C(=O)NCc3ccc(Cl)cc3)ccc2Sc4ccc(Cl)cc41,CC1=Nc2cc(C(=O)NCc3ccc(Cl)cc3)ccc2Sc2ccc(Cl)cc21,0.1789473684210526,0.98683566,0.99932915,0.9693466,1.0,1.0,0.85,0.88,441.383,1,"InChI=1S/C22H16Cl2N2OS/c1-13-18-11-17(24)7-9-20(18)28-21-8-4-15(10-19(21)26-13)22(27)25-12-14-2-5-16(23)6-3-14/h2-11H,12H2,1H3,(H,25,27)","InChI=1S/C23H18Cl2N2OS/c1-2-19-18-12-17(25)8-10-21(18)29-22-9-5-15(11-20(22)27-19)23(28)26-13-14-3-6-16(24)7-4-14/h3-12H,2,13H2,1H3,(H,26,28)"
MCULE-4980836871,https://mcule.com/MCULE-4980836871/,,N1C2C=C(C=CC=2SC2C=CC(Cl)=CC=2C=1CC)C(=O)NCC1=CC=C(C=C1)Cl,CC1=Nc2cc(C(=O)NCc3ccc(Cl)cc3)ccc2Sc2ccc(Cl)cc21,0.9536082474226804,0.98683566,0.99932915,0.9693466,1.0,1.0,0.85,0.88,441.383,1,"InChI=1S/C22H16Cl2N2OS/c1-13-18-11-17(24)7-9-20(18)28-21-8-4-15(10-19(21)26-13)22(27)25-12-14-2-5-16(23)6-3-14/h2-11H,12H2,1H3,(H,25,27)","InChI=1S/C23H18Cl2N2OS/c1-2-19-18-12-17(25)8-10-21(18)29-22-9-5-15(11-20(22)27-19)23(28)26-13-14-3-6-16(24)7-4-14/h3-12H,2,13H2,1H3,(H,26,28)"
ZINC000009490445,ZINC000009490445,2.0,CCC1=Nc2cc(C(=O)NCc3ccc(F)cc3)ccc2Sc4ccc(Cl)cc41,CC1=Nc2cc(C(=O)NCc3ccc(Cl)cc3)ccc2Sc2ccc(Cl)cc21,0.17,0.99120957,0.9988592,0.98015076,1.0,1.0,0.81,0.9,424.928,1,"InChI=1S/C22H16Cl2N2OS/c1-13-18-11-17(24)7-9-20(18)28-21-8-4-15(10-19(21)26-13)22(27)25-12-14-2-5-16(23)6-3-14/h2-11H,12H2,1H3,(H,25,27)","InChI=1S/C23H18ClFN2OS/c1-2-19-18-12-16(24)6-10-21(18)29-22-9-5-15(11-20(22)27-19)23(28)26-13-14-3-7-17(25)8-4-14/h3-12H,2,13H2,1H3,(H,26,28)"
ZINC000004712687,ZINC000004712687,1.0,CC1=Nc2cc(C(=O)NCc3ccc(C)cc3)ccc2Sc4ccc(Cl)cc41,CC1=Nc2cc(C(=O)NCc3ccc(Cl)cc3)ccc2Sc2ccc(Cl)cc21,0.1752577319587628,0.9612377,0.99711406,0.9121139,1.0,1.0,0.74,0.83,406.938,1,"InChI=1S/C22H16Cl2N2OS/c1-13-18-11-17(24)7-9-20(18)28-21-8-4-15(10-19(21)26-13)22(27)25-12-14-2-5-16(23)6-3-14/h2-11H,12H2,1H3,(H,25,27)","InChI=1S/C23H19ClN2OS/c1-14-3-5-16(6-4-14)13-25-23(27)17-7-9-22-20(11-17)26-15(2)19-12-18(24)8-10-21(19)28-22/h3-12H,13H2,1-2H3,(H,25,27)"
MCULE-3162875168,https://mcule.com/MCULE-3162875168/,,N1C2C=C(C=CC=2SC2=CC=C(Cl)C=C2C=1C)C(=O)NCC1C=CC(=CC=1)C,CC1=Nc2cc(C(=O)NCc3ccc(Cl)cc3)ccc2Sc2ccc(Cl)cc21,0.9507908611599296,0.9612377,0.99711406,0.9121139,1.0,1.0,0.74,0.83,406.938,1,"InChI=1S/C22H16Cl2N2OS/c1-13-18-11-17(24)7-9-20(18)28-21-8-4-15(10-19(21)26-13)22(27)25-12-14-2-5-16(23)6-3-14/h2-11H,12H2,1H3,(H,25,27)","InChI=1S/C23H19ClN2OS/c1-14-3-5-16(6-4-14)13-25-23(27)17-7-9-22-20(11-17)26-15(2)19-12-18(24)8-10-21(19)28-22/h3-12H,13H2,1-2H3,(H,25,27)"
ZINC000004929971,ZINC000004929971,1.0,CC1=Nc2cc(C(=O)NCc3ccc(Cl)cc3)ccc2Sc4ccc(C)cc41,CC1=Nc2cc(C(=O)NCc3ccc(Cl)cc3)ccc2Sc2ccc(Cl)cc21,0.1752577319587628,0.95223737,0.9962391,0.89253426,1.0,1.0,0.72,0.82,406.938,1,"InChI=1S/C22H16Cl2N2OS/c1-13-18-11-17(24)7-9-20(18)28-21-8-4-15(10-19(21)26-13)22(27)25-12-14-2-5-16(23)6-3-14/h2-11H,12H2,1H3,(H,25,27)","InChI=1S/C23H19ClN2OS/c1-14-3-9-21-19(11-14)15(2)26-20-12-17(6-10-22(20)28-21)23(27)25-13-16-4-7-18(24)8-5-16/h3-12H,13H2,1-2H3,(H,25,27)"
MCULE-1997084486,https://mcule.com/MCULE-1997084486/,,N1C2C=C(C=CC=2SC2C=CC(Cl)=CC=2C=1CC)C(=O)NCC1C=CC=CC=1,CC1=Nc2cc(C(=O)NCc3ccc(Cl)cc3)ccc2Sc2ccc(Cl)cc21,0.929553264604811,0.9926207,0.9983016,0.98405236,1.0,1.0,0.78,0.91,406.938,1,"InChI=1S/C22H16Cl2N2OS/c1-13-18-11-17(24)7-9-20(18)28-21-8-4-15(10-19(21)26-13)22(27)25-12-14-2-5-16(23)6-3-14/h2-11H,12H2,1H3,(H,25,27)","InChI=1S/C23H19ClN2OS/c1-2-19-18-13-17(24)9-11-21(18)28-22-10-8-16(12-20(22)26-19)23(27)25-14-15-6-4-3-5-7-15/h3-13H,2,14H2,1H3,(H,25,27)"
ZINC000004929285,ZINC000004929285,2.0,CC1=Nc2cc(C(=O)NCc3ccc(C)cc3)ccc2Sc4ccccc41,CC1=Nc2cc(C(=O)NCc3ccc(Cl)cc3)ccc2Sc2ccc(Cl)cc21,0.1473684210526315,0.87610817,0.99510026,0.7315967,1.0,1.0,0.7,0.77,372.493,1,"InChI=1S/C22H16Cl2N2OS/c1-13-18-11-17(24)7-9-20(18)28-21-8-4-15(10-19(21)26-13)22(27)25-12-14-2-5-16(23)6-3-14/h2-11H,12H2,1H3,(H,25,27)","InChI=1S/C23H20N2OS/c1-15-7-9-17(10-8-15)14-24-23(26)18-11-12-22-20(13-18)25-16(2)19-5-3-4-6-21(19)27-22/h3-13H,14H2,1-2H3,(H,24,26)"
ZINC000004930068,ZINC000004930068,2.0,CCC1=Nc2cc(C(=O)NCc3ccc(Cl)cc3)ccc2Sc4ccc(C)cc41,CC1=Nc2cc(C(=O)NCc3ccc(Cl)cc3)ccc2Sc2ccc(Cl)cc21,0.1530612244897959,0.92974985,0.99747217,0.8417399,1.0,1.0,0.75,0.8,420.965,1,"InChI=1S/C22H16Cl2N2OS/c1-13-18-11-17(24)7-9-20(18)28-21-8-4-15(10-19(21)26-13)22(27)25-12-14-2-5-16(23)6-3-14/h2-11H,12H2,1H3,(H,25,27)","InChI=1S/C24H21ClN2OS/c1-3-20-19-12-15(2)4-10-22(19)29-23-11-7-17(13-21(23)27-20)24(28)26-14-16-5-8-18(25)9-6-16/h4-13H,3,14H2,1-2H3,(H,26,28)"
ZINC000003037078,ZINC000003037078,2.0,CC1=Nc2cc(C(=O)NCc3ccccc3Cl)ccc2Sc4ccc(Cl)cc41,CC1=Nc2cc(C(=O)NCc3ccc(F)cc3)ccc2Sc2ccc(Cl)cc21,0.7142857142857143,0.98517025,0.98919207,0.97531843,1.0,1.0,0.64,0.89,427.356,1,"InChI=1S/C22H16ClFN2OS/c1-13-18-11-16(23)5-9-20(18)28-21-8-4-15(10-19(21)26-13)22(27)25-12-14-2-6-17(24)7-3-14/h2-11H,12H2,1H3,(H,25,27)","InChI=1S/C22H16Cl2N2OS/c1-13-17-11-16(23)7-9-20(17)28-21-8-6-14(10-19(21)26-13)22(27)25-12-15-4-2-3-5-18(15)24/h2-11H,12H2,1H3,(H,25,27)"
MCULE-5335059826,https://mcule.com/MCULE-5335059826/,,N1C2C=C(C=CC=2SC2C=CC(Cl)=CC=2C=1C)C(=O)NCC1C=CC=CC=1Cl,CC1=Nc2cc(C(=O)NCc3ccc(F)cc3)ccc2Sc2ccc(Cl)cc21,0.928082191780822,0.98517025,0.98919207,0.97531843,1.0,1.0,0.64,0.89,427.356,1,"InChI=1S/C22H16ClFN2OS/c1-13-18-11-16(23)5-9-20(18)28-21-8-4-15(10-19(21)26-13)22(27)25-12-14-2-6-17(24)7-3-14/h2-11H,12H2,1H3,(H,25,27)","InChI=1S/C22H16Cl2N2OS/c1-13-17-11-16(23)7-9-20(17)28-21-8-6-14(10-19(21)26-13)22(27)25-12-15-4-2-3-5-18(15)24/h2-11H,12H2,1H3,(H,25,27)"
ZINC000020178868,ZINC000020178868,1.0,CC1=Nc2cc(C(=O)NCc3ccc(Cl)cc3)ccc2Sc4ccc(Cl)cc41,CC1=Nc2cc(C(=O)NCc3ccc(F)cc3)ccc2Sc2ccc(Cl)cc21,0.1290322580645161,0.929064,0.99570715,0.8417399,1.0,1.0,0.71,0.8,427.356,1,"InChI=1S/C22H16ClFN2OS/c1-13-18-11-16(23)5-9-20(18)28-21-8-4-15(10-19(21)26-13)22(27)25-12-14-2-6-17(24)7-3-14/h2-11H,12H2,1H3,(H,25,27)","InChI=1S/C22H16Cl2N2OS/c1-13-18-11-17(24)7-9-20(18)28-21-8-4-15(10-19(21)26-13)22(27)25-12-14-2-5-16(23)6-3-14/h2-11H,12H2,1H3,(H,25,27)"
MCULE-6543484347,https://mcule.com/MCULE-6543484347/,,N1C2C=C(C=CC=2SC2C=CC(Cl)=CC=2C=1C)C(=O)NCC1=CC=C(C=C1)Cl,CC1=Nc2cc(C(=O)NCc3ccc(F)cc3)ccc2Sc2ccc(Cl)cc21,0.9409722222222222,0.929064,0.99570715,0.8417399,1.0,1.0,0.71,0.8,427.356,1,"InChI=1S/C22H16ClFN2OS/c1-13-18-11-16(23)5-9-20(18)28-21-8-4-15(10-19(21)26-13)22(27)25-12-14-2-6-17(24)7-3-14/h2-11H,12H2,1H3,(H,25,27)","InChI=1S/C22H16Cl2N2OS/c1-13-18-11-17(24)7-9-20(18)28-21-8-4-15(10-19(21)26-13)22(27)25-12-14-2-5-16(23)6-3-14/h2-11H,12H2,1H3,(H,25,27)"
ZINC000004929775,ZINC000004929775,1.0,CC1=Nc2cc(C(=O)NCc3ccccc3)ccc2Sc4ccc(Cl)cc41,CC1=Nc2cc(C(=O)NCc3ccc(F)cc3)ccc2Sc2ccc(Cl)cc21,0.8275862068965517,0.9651445,0.98919207,0.92841244,1.0,1.0,0.64,0.84,392.911,1,"InChI=1S/C22H16ClFN2OS/c1-13-18-11-16(23)5-9-20(18)28-21-8-4-15(10-19(21)26-13)22(27)25-12-14-2-6-17(24)7-3-14/h2-11H,12H2,1H3,(H,25,27)","InChI=1S/C22H17ClN2OS/c1-14-18-12-17(23)8-10-20(18)27-21-9-7-16(11-19(21)25-14)22(26)24-13-15-5-3-2-4-6-15/h2-12H,13H2,1H3,(H,24,26)"
MCULE-1153524502,https://mcule.com/MCULE-1153524502/,,N1C2C=C(C=CC=2SC2C=CC(Cl)=CC=2C=1C)C(=O)NCC1C=CC=CC=1,CC1=Nc2cc(C(=O)NCc3ccc(F)cc3)ccc2Sc2ccc(Cl)cc21,0.960923623445826,0.9651445,0.98919207,0.92841244,1.0,1.0,0.64,0.84,392.911,1,"InChI=1S/C22H16ClFN2OS/c1-13-18-11-16(23)5-9-20(18)28-21-8-4-15(10-19(21)26-13)22(27)25-12-14-2-6-17(24)7-3-14/h2-11H,12H2,1H3,(H,25,27)","InChI=1S/C22H17ClN2OS/c1-14-18-12-17(23)8-10-20(18)27-21-9-7-16(11-19(21)25-14)22(26)24-13-15-5-3-2-4-6-15/h2-12H,13H2,1H3,(H,24,26)"
MCULE-4980836871,https://mcule.com/MCULE-4980836871/,,N1C2C=C(C=CC=2SC2C=CC(Cl)=CC=2C=1CC)C(=O)NCC1=CC=C(C=C1)Cl,CC1=Nc2cc(C(=O)NCc3ccc(F)cc3)ccc2Sc2ccc(Cl)cc21,0.9019933554817277,0.98683566,0.99932915,0.9693466,1.0,1.0,0.85,0.88,441.383,1,"InChI=1S/C22H16ClFN2OS/c1-13-18-11-16(23)5-9-20(18)28-21-8-4-15(10-19(21)26-13)22(27)25-12-14-2-6-17(24)7-3-14/h2-11H,12H2,1H3,(H,25,27)","InChI=1S/C23H18Cl2N2OS/c1-2-19-18-12-17(25)8-10-21(18)29-22-9-5-15(11-20(22)27-19)23(28)26-13-14-3-6-16(24)7-4-14/h3-12H,2,13H2,1H3,(H,26,28)"
ZINC000009490445,ZINC000009490445,1.0,CCC1=Nc2cc(C(=O)NCc3ccc(F)cc3)ccc2Sc4ccc(Cl)cc41,CC1=Nc2cc(C(=O)NCc3ccc(F)cc3)ccc2Sc2ccc(Cl)cc21,0.7777777777777778,0.99120957,0.9988592,0.98015076,1.0,1.0,0.81,0.9,424.928,1,"InChI=1S/C22H16ClFN2OS/c1-13-18-11-16(23)5-9-20(18)28-21-8-4-15(10-19(21)26-13)22(27)25-12-14-2-6-17(24)7-3-14/h2-11H,12H2,1H3,(H,25,27)","InChI=1S/C23H18ClFN2OS/c1-2-19-18-12-16(24)6-10-21(18)29-22-9-5-15(11-20(22)27-19)23(28)26-13-14-3-7-17(25)8-4-14/h3-12H,2,13H2,1H3,(H,26,28)"
MCULE-1339597839,https://mcule.com/MCULE-1339597839/,,N1C2C=C(C=CC=2SC2C=CC(Cl)=CC=2C=1CC)C(=O)NCC1=CC=C(C=C1)F,CC1=Nc2cc(C(=O)NCc3ccc(F)cc3)ccc2Sc2ccc(Cl)cc21,0.9558573853989814,0.99120957,0.9988592,0.98015076,1.0,1.0,0.81,0.9,424.928,1,"InChI=1S/C22H16ClFN2OS/c1-13-18-11-16(23)5-9-20(18)28-21-8-4-15(10-19(21)26-13)22(27)25-12-14-2-6-17(24)7-3-14/h2-11H,12H2,1H3,(H,25,27)","InChI=1S/C23H18ClFN2OS/c1-2-19-18-12-16(24)6-10-21(18)29-22-9-5-15(11-20(22)27-19)23(28)26-13-14-3-7-17(25)8-4-14/h3-12H,2,13H2,1H3,(H,26,28)"
ZINC000004712687,ZINC000004712687,1.0,CC1=Nc2cc(C(=O)NCc3ccc(C)cc3)ccc2Sc4ccc(Cl)cc41,CC1=Nc2cc(C(=O)NCc3ccc(F)cc3)ccc2Sc2ccc(Cl)cc21,0.8166666666666667,0.9612377,0.99711406,0.9121139,1.0,1.0,0.74,0.83,406.938,1,"InChI=1S/C22H16ClFN2OS/c1-13-18-11-16(23)5-9-20(18)28-21-8-4-15(10-19(21)26-13)22(27)25-12-14-2-6-17(24)7-3-14/h2-11H,12H2,1H3,(H,25,27)","InChI=1S/C23H19ClN2OS/c1-14-3-5-16(6-4-14)13-25-23(27)17-7-9-22-20(11-17)26-15(2)19-12-18(24)8-10-21(19)28-22/h3-12H,13H2,1-2H3,(H,25,27)"
MCULE-3162875168,https://mcule.com/MCULE-3162875168/,,N1C2C=C(C=CC=2SC2=CC=C(Cl)C=C2C=1C)C(=O)NCC1C=CC(=CC=1)C,CC1=Nc2cc(C(=O)NCc3ccc(F)cc3)ccc2Sc2ccc(Cl)cc21,0.9376083188908144,0.9612377,0.99711406,0.9121139,1.0,1.0,0.74,0.83,406.938,1,"InChI=1S/C22H16ClFN2OS/c1-13-18-11-16(23)5-9-20(18)28-21-8-4-15(10-19(21)26-13)22(27)25-12-14-2-6-17(24)7-3-14/h2-11H,12H2,1H3,(H,25,27)","InChI=1S/C23H19ClN2OS/c1-14-3-5-16(6-4-14)13-25-23(27)17-7-9-22-20(11-17)26-15(2)19-12-18(24)8-10-21(19)28-22/h3-12H,13H2,1-2H3,(H,25,27)"
ZINC000004929935,ZINC000004929935,2.0,CCC1=Nc2cc(C(=O)NCc3ccccc3)ccc2Sc4ccc(Cl)cc41,CC1=Nc2cc(C(=O)NCc3ccc(F)cc3)ccc2Sc2ccc(Cl)cc21,0.6363636363636364,0.9926207,0.9983016,0.98405236,1.0,1.0,0.78,0.91,406.938,1,"InChI=1S/C22H16ClFN2OS/c1-13-18-11-16(23)5-9-20(18)28-21-8-4-15(10-19(21)26-13)22(27)25-12-14-2-6-17(24)7-3-14/h2-11H,12H2,1H3,(H,25,27)","InChI=1S/C23H19ClN2OS/c1-2-19-18-13-17(24)9-11-21(18)28-22-10-8-16(12-20(22)26-19)23(27)25-14-15-6-4-3-5-7-15/h3-13H,2,14H2,1H3,(H,25,27)"
MCULE-1997084486,https://mcule.com/MCULE-1997084486/,,N1C2C=C(C=CC=2SC2C=CC(Cl)=CC=2C=1CC)C(=O)NCC1C=CC=CC=1,CC1=Nc2cc(C(=O)NCc3ccc(F)cc3)ccc2Sc2ccc(Cl)cc21,0.9202037351443124,0.9926207,0.9983016,0.98405236,1.0,1.0,0.78,0.91,406.938,1,"InChI=1S/C22H16ClFN2OS/c1-13-18-11-16(23)5-9-20(18)28-21-8-4-15(10-19(21)26-13)22(27)25-12-14-2-6-17(24)7-3-14/h2-11H,12H2,1H3,(H,25,27)","InChI=1S/C23H19ClN2OS/c1-2-19-18-13-17(24)9-11-21(18)28-22-10-8-16(12-20(22)26-19)23(27)25-14-15-6-4-3-5-7-15/h3-13H,2,14H2,1H3,(H,25,27)"
ZINC000004670313,ZINC000004670313,2.0,CCC1=Nc2cc(C(=O)NCc3ccc(F)cc3)ccc2Sc4ccccc41,CC1=Nc2cc(C(=O)NCc3ccc(F)cc3)ccc2Sc2ccc(Cl)cc21,0.6461538461538462,0.9304337,0.9992339,0.8417399,1.0,1.0,0.84,0.8,390.483,1,"InChI=1S/C22H16ClFN2OS/c1-13-18-11-16(23)5-9-20(18)28-21-8-4-15(10-19(21)26-13)22(27)25-12-14-2-6-17(24)7-3-14/h2-11H,12H2,1H3,(H,25,27)","InChI=1S/C23H19FN2OS/c1-2-19-18-5-3-4-6-21(18)28-22-12-9-16(13-20(22)26-19)23(27)25-14-15-7-10-17(24)11-8-15/h3-13H,2,14H2,1H3,(H,25,27)"
ZINC000004901230,ZINC000004901230,2.0,CC1=Nc2cc(C(=O)NCc3cccnc3)ccc2Sc4ccccc41,CC1=Nc2cc(C(=O)NCc3ccc(Cl)cc3)ccc2Sc2ccccc21,0.7,0.87201726,0.983985,0.7315967,1.0,1.0,0.61,0.77,359.454,1,"InChI=1S/C22H17ClN2OS/c1-14-18-4-2-3-5-20(18)27-21-11-8-16(12-19(21)25-14)22(26)24-13-15-6-9-17(23)10-7-15/h2-12H,13H2,1H3,(H,24,26)","InChI=1S/C21H17N3OS/c1-14-17-6-2-3-7-19(17)26-20-9-8-16(11-18(20)24-14)21(25)23-13-15-5-4-10-22-12-15/h2-12H,13H2,1H3,(H,23,25)"
MCULE-5335059826,https://mcule.com/MCULE-5335059826/,,N1C2C=C(C=CC=2SC2C=CC(Cl)=CC=2C=1C)C(=O)NCC1C=CC=CC=1Cl,CC1=Nc2cc(C(=O)NCc3ccc(Cl)cc3)ccc2Sc2ccccc21,0.9241622574955908,0.98517025,0.98919207,0.97531843,1.0,1.0,0.64,0.89,427.356,1,"InChI=1S/C22H17ClN2OS/c1-14-18-4-2-3-5-20(18)27-21-11-8-16(12-19(21)25-14)22(26)24-13-15-6-9-17(23)10-7-15/h2-12H,13H2,1H3,(H,24,26)","InChI=1S/C22H16Cl2N2OS/c1-13-17-11-16(23)7-9-20(17)28-21-8-6-14(10-19(21)26-13)22(27)25-12-15-4-2-3-5-18(15)24/h2-11H,12H2,1H3,(H,25,27)"
ZINC000020178868,ZINC000020178868,1.0,CC1=Nc2cc(C(=O)NCc3ccc(Cl)cc3)ccc2Sc4ccc(Cl)cc41,CC1=Nc2cc(C(=O)NCc3ccc(Cl)cc3)ccc2Sc2ccccc21,0.8867924528301887,0.929064,0.99570715,0.8417399,1.0,1.0,0.71,0.8,427.356,1,"InChI=1S/C22H17ClN2OS/c1-14-18-4-2-3-5-20(18)27-21-11-8-16(12-19(21)25-14)22(26)24-13-15-6-9-17(23)10-7-15/h2-12H,13H2,1H3,(H,24,26)","InChI=1S/C22H16Cl2N2OS/c1-13-18-11-17(24)7-9-20(18)28-21-8-4-15(10-19(21)26-13)22(27)25-12-14-2-5-16(23)6-3-14/h2-11H,12H2,1H3,(H,25,27)"
MCULE-6543484347,https://mcule.com/MCULE-6543484347/,,N1C2C=C(C=CC=2SC2C=CC(Cl)=CC=2C=1C)C(=O)NCC1=CC=C(C=C1)Cl,CC1=Nc2cc(C(=O)NCc3ccc(Cl)cc3)ccc2Sc2ccccc21,0.9513513513513514,0.929064,0.99570715,0.8417399,1.0,1.0,0.71,0.8,427.356,1,"InChI=1S/C22H17ClN2OS/c1-14-18-4-2-3-5-20(18)27-21-11-8-16(12-19(21)25-14)22(26)24-13-15-6-9-17(23)10-7-15/h2-12H,13H2,1H3,(H,24,26)","InChI=1S/C22H16Cl2N2OS/c1-13-18-11-17(24)7-9-20(18)28-21-8-4-15(10-19(21)26-13)22(27)25-12-14-2-5-16(23)6-3-14/h2-11H,12H2,1H3,(H,25,27)"
MCULE-1153524502,https://mcule.com/MCULE-1153524502/,,N1C2C=C(C=CC=2SC2C=CC(Cl)=CC=2C=1C)C(=O)NCC1C=CC=CC=1,CC1=Nc2cc(C(=O)NCc3ccc(Cl)cc3)ccc2Sc2ccccc21,0.9614678899082568,0.9651445,0.98919207,0.92841244,1.0,1.0,0.64,0.84,392.911,1,"InChI=1S/C22H17ClN2OS/c1-14-18-4-2-3-5-20(18)27-21-11-8-16(12-19(21)25-14)22(26)24-13-15-6-9-17(23)10-7-15/h2-12H,13H2,1H3,(H,24,26)","InChI=1S/C22H17ClN2OS/c1-14-18-12-17(23)8-10-20(18)27-21-9-7-16(11-19(21)25-14)22(26)24-13-15-5-3-2-4-6-15/h2-12H,13H2,1H3,(H,24,26)"
ZINC000004712687,ZINC000004712687,2.0,CC1=Nc2cc(C(=O)NCc3ccc(C)cc3)ccc2Sc4ccc(Cl)cc41,CC1=Nc2cc(C(=O)NCc3ccc(Cl)cc3)ccc2Sc2ccccc21,0.7931034482758621,0.9612377,0.99711406,0.9121139,1.0,1.0,0.74,0.83,406.938,1,"InChI=1S/C22H17ClN2OS/c1-14-18-4-2-3-5-20(18)27-21-11-8-16(12-19(21)25-14)22(26)24-13-15-6-9-17(23)10-7-15/h2-12H,13H2,1H3,(H,24,26)","InChI=1S/C23H19ClN2OS/c1-14-3-5-16(6-4-14)13-25-23(27)17-7-9-22-20(11-17)26-15(2)19-12-18(24)8-10-21(19)28-22/h3-12H,13H2,1-2H3,(H,25,27)"
MCULE-3162875168,https://mcule.com/MCULE-3162875168/,,N1C2C=C(C=CC=2SC2=CC=C(Cl)C=C2C=1C)C(=O)NCC1C=CC(=CC=1)C,CC1=Nc2cc(C(=O)NCc3ccc(Cl)cc3)ccc2Sc2ccccc21,0.9373881932021468,0.9612377,0.99711406,0.9121139,1.0,1.0,0.74,0.83,406.938,1,"InChI=1S/C22H17ClN2OS/c1-14-18-4-2-3-5-20(18)27-21-11-8-16(12-19(21)25-14)22(26)24-13-15-6-9-17(23)10-7-15/h2-12H,13H2,1H3,(H,24,26)","InChI=1S/C23H19ClN2OS/c1-14-3-5-16(6-4-14)13-25-23(27)17-7-9-22-20(11-17)26-15(2)19-12-18(24)8-10-21(19)28-22/h3-12H,13H2,1-2H3,(H,25,27)"
ZINC000004929971,ZINC000004929971,1.0,CC1=Nc2cc(C(=O)NCc3ccc(Cl)cc3)ccc2Sc4ccc(C)cc41,CC1=Nc2cc(C(=O)NCc3ccc(Cl)cc3)ccc2Sc2ccccc21,0.8245614035087719,0.95223737,0.9962391,0.89253426,1.0,1.0,0.72,0.82,406.938,1,"InChI=1S/C22H17ClN2OS/c1-14-18-4-2-3-5-20(18)27-21-11-8-16(12-19(21)25-14)22(26)24-13-15-6-9-17(23)10-7-15/h2-12H,13H2,1H3,(H,24,26)","InChI=1S/C23H19ClN2OS/c1-14-3-9-21-19(11-14)15(2)26-20-12-17(6-10-22(20)28-21)23(27)25-13-16-4-7-18(24)8-5-16/h3-12H,13H2,1-2H3,(H,25,27)"
MCULE-5074289166,https://mcule.com/MCULE-5074289166/,,N1C2C=C(C=CC=2SC2C=CC(C)=CC=2C=1C)C(=O)NCC1=CC=C(C=C1)Cl,CC1=Nc2cc(C(=O)NCc3ccc(Cl)cc3)ccc2Sc2ccccc21,0.96,0.95223737,0.9962391,0.89253426,1.0,1.0,0.72,0.82,406.938,1,"InChI=1S/C22H17ClN2OS/c1-14-18-4-2-3-5-20(18)27-21-11-8-16(12-19(21)25-14)22(26)24-13-15-6-9-17(23)10-7-15/h2-12H,13H2,1H3,(H,24,26)","InChI=1S/C23H19ClN2OS/c1-14-3-9-21-19(11-14)15(2)26-20-12-17(6-10-22(20)28-21)23(27)25-13-16-4-7-18(24)8-5-16/h3-12H,13H2,1-2H3,(H,25,27)"
MCULE-1997084486,https://mcule.com/MCULE-1997084486/,,N1C2C=C(C=CC=2SC2C=CC(Cl)=CC=2C=1CC)C(=O)NCC1C=CC=CC=1,CC1=Nc2cc(C(=O)NCc3ccc(Cl)cc3)ccc2Sc2ccccc21,0.916083916083916,0.9926207,0.9983016,0.98405236,1.0,1.0,0.78,0.91,406.938,1,"InChI=1S/C22H17ClN2OS/c1-14-18-4-2-3-5-20(18)27-21-11-8-16(12-19(21)25-14)22(26)24-13-15-6-9-17(23)10-7-15/h2-12H,13H2,1H3,(H,24,26)","InChI=1S/C23H19ClN2OS/c1-2-19-18-13-17(24)9-11-21(18)28-22-10-8-16(12-20(22)26-19)23(27)25-14-15-6-4-3-5-7-15/h3-13H,2,14H2,1H3,(H,25,27)"
ZINC000004670313,ZINC000004670313,2.0,CCC1=Nc2cc(C(=O)NCc3ccc(F)cc3)ccc2Sc4ccccc41,CC1=Nc2cc(C(=O)NCc3ccc(Cl)cc3)ccc2Sc2ccccc21,0.59375,0.9304337,0.9992339,0.8417399,1.0,1.0,0.84,0.8,390.483,1,"InChI=1S/C22H17ClN2OS/c1-14-18-4-2-3-5-20(18)27-21-11-8-16(12-19(21)25-14)22(26)24-13-15-6-9-17(23)10-7-15/h2-12H,13H2,1H3,(H,24,26)","InChI=1S/C23H19FN2OS/c1-2-19-18-5-3-4-6-21(18)28-22-12-9-16(13-20(22)26-19)23(27)25-14-15-7-10-17(24)11-8-15/h3-13H,2,14H2,1H3,(H,25,27)"
ZINC000004929285,ZINC000004929285,1.0,CC1=Nc2cc(C(=O)NCc3ccc(C)cc3)ccc2Sc4ccccc41,CC1=Nc2cc(C(=O)NCc3ccc(Cl)cc3)ccc2Sc2ccccc21,0.1627906976744186,0.87610817,0.99510026,0.7315967,1.0,1.0,0.7,0.77,372.493,1,"InChI=1S/C22H17ClN2OS/c1-14-18-4-2-3-5-20(18)27-21-11-8-16(12-19(21)25-14)22(26)24-13-15-6-9-17(23)10-7-15/h2-12H,13H2,1H3,(H,24,26)","InChI=1S/C23H20N2OS/c1-15-7-9-17(10-8-15)14-24-23(26)18-11-12-22-20(13-18)25-16(2)19-5-3-4-6-21(19)27-22/h3-13H,14H2,1-2H3,(H,24,26)"
MCULE-1599297501,https://mcule.com/MCULE-1599297501/,,N1C2C=C(C=CC=2SC2C=CC(C)=CC=2C=1CC)C(=O)NCC1=CC=C(C=C1)Cl,CC1=Nc2cc(C(=O)NCc3ccc(Cl)cc3)ccc2Sc2ccccc21,0.9150779896013864,0.92974985,0.99747217,0.8417399,1.0,1.0,0.75,0.8,420.965,1,"InChI=1S/C22H17ClN2OS/c1-14-18-4-2-3-5-20(18)27-21-11-8-16(12-19(21)25-14)22(26)24-13-15-6-9-17(23)10-7-15/h2-12H,13H2,1H3,(H,24,26)","InChI=1S/C24H21ClN2OS/c1-3-20-19-12-15(2)4-10-22(19)29-23-11-7-17(13-21(23)27-20)24(28)26-14-16-5-8-18(25)9-6-16/h4-13H,3,14H2,1-2H3,(H,26,28)"
ZINC000004929999,ZINC000004929999,2.0,CC1=Nc2cc(C(=O)NCc3ccc(C)cc3)ccc2Sc4ccc(C)cc41,CC1=Nc2cc(C(=O)NCc3ccc(Cl)cc3)ccc2Sc2ccccc21,0.7068965517241379,0.91525906,0.99851257,0.8097521,1.0,1.0,0.79,0.79,386.52,1,"InChI=1S/C22H17ClN2OS/c1-14-18-4-2-3-5-20(18)27-21-11-8-16(12-19(21)25-14)22(26)24-13-15-6-9-17(23)10-7-15/h2-12H,13H2,1H3,(H,24,26)","InChI=1S/C24H22N2OS/c1-15-4-7-18(8-5-15)14-25-24(27)19-9-11-23-21(13-19)26-17(3)20-12-16(2)6-10-22(20)28-23/h4-13H,14H2,1-3H3,(H,25,27)"
ZINC000004901230,ZINC000004901230,2.0,CC1=Nc2cc(C(=O)NCc3cccnc3)ccc2Sc4ccccc41,CC1=Nc2cc(C(=O)NCc3cc(Cl)ccc3)ccc2Sc2ccccc21,0.7049180327868853,0.87201726,0.983985,0.7315967,1.0,1.0,0.61,0.77,359.454,1,"InChI=1S/C22H17ClN2OS/c1-14-18-7-2-3-8-20(18)27-21-10-9-16(12-19(21)25-14)22(26)24-13-15-5-4-6-17(23)11-15/h2-12H,13H2,1H3,(H,24,26)","InChI=1S/C21H17N3OS/c1-14-17-6-2-3-7-19(17)26-20-9-8-16(11-18(20)24-14)21(25)23-13-15-5-4-10-22-12-15/h2-12H,13H2,1H3,(H,23,25)"
MCULE-5335059826,https://mcule.com/MCULE-5335059826/,,N1C2C=C(C=CC=2SC2C=CC(Cl)=CC=2C=1C)C(=O)NCC1C=CC=CC=1Cl,CC1=Nc2cc(C(=O)NCc3cc(Cl)ccc3)ccc2Sc2ccccc21,0.9345132743362832,0.98517025,0.98919207,0.97531843,1.0,1.0,0.64,0.89,427.356,1,"InChI=1S/C22H17ClN2OS/c1-14-18-7-2-3-8-20(18)27-21-10-9-16(12-19(21)25-14)22(26)24-13-15-5-4-6-17(23)11-15/h2-12H,13H2,1H3,(H,24,26)","InChI=1S/C22H16Cl2N2OS/c1-13-17-11-16(23)7-9-20(17)28-21-8-6-14(10-19(21)26-13)22(27)25-12-15-4-2-3-5-18(15)24/h2-11H,12H2,1H3,(H,25,27)"
MCULE-6543484347,https://mcule.com/MCULE-6543484347/,,N1C2C=C(C=CC=2SC2C=CC(Cl)=CC=2C=1C)C(=O)NCC1=CC=C(C=C1)Cl,CC1=Nc2cc(C(=O)NCc3cc(Cl)ccc3)ccc2Sc2ccccc21,0.947935368043088,0.929064,0.99570715,0.8417399,1.0,1.0,0.71,0.8,427.356,1,"InChI=1S/C22H17ClN2OS/c1-14-18-7-2-3-8-20(18)27-21-10-9-16(12-19(21)25-14)22(26)24-13-15-5-4-6-17(23)11-15/h2-12H,13H2,1H3,(H,24,26)","InChI=1S/C22H16Cl2N2OS/c1-13-18-11-17(24)7-9-20(18)28-21-8-4-15(10-19(21)26-13)22(27)25-12-14-2-5-16(23)6-3-14/h2-11H,12H2,1H3,(H,25,27)"
MCULE-1153524502,https://mcule.com/MCULE-1153524502/,,N1C2C=C(C=CC=2SC2C=CC(Cl)=CC=2C=1C)C(=O)NCC1C=CC=CC=1,CC1=Nc2cc(C(=O)NCc3cc(Cl)ccc3)ccc2Sc2ccccc21,0.9723756906077348,0.9651445,0.98919207,0.92841244,1.0,1.0,0.64,0.84,392.911,1,"InChI=1S/C22H17ClN2OS/c1-14-18-7-2-3-8-20(18)27-21-10-9-16(12-19(21)25-14)22(26)24-13-15-5-4-6-17(23)11-15/h2-12H,13H2,1H3,(H,24,26)","InChI=1S/C22H17ClN2OS/c1-14-18-12-17(23)8-10-20(18)27-21-9-7-16(11-19(21)25-14)22(26)24-13-15-5-3-2-4-6-15/h2-12H,13H2,1H3,(H,24,26)"
MCULE-3162875168,https://mcule.com/MCULE-3162875168/,,N1C2C=C(C=CC=2SC2=CC=C(Cl)C=C2C=1C)C(=O)NCC1C=CC(=CC=1)C,CC1=Nc2cc(C(=O)NCc3cc(Cl)ccc3)ccc2Sc2ccccc21,0.947935368043088,0.9612377,0.99711406,0.9121139,1.0,1.0,0.74,0.83,406.938,1,"InChI=1S/C22H17ClN2OS/c1-14-18-7-2-3-8-20(18)27-21-10-9-16(12-19(21)25-14)22(26)24-13-15-5-4-6-17(23)11-15/h2-12H,13H2,1H3,(H,24,26)","InChI=1S/C23H19ClN2OS/c1-14-3-5-16(6-4-14)13-25-23(27)17-7-9-22-20(11-17)26-15(2)19-12-18(24)8-10-21(19)28-22/h3-12H,13H2,1-2H3,(H,25,27)"
MCULE-5074289166,https://mcule.com/MCULE-5074289166/,,N1C2C=C(C=CC=2SC2C=CC(C)=CC=2C=1C)C(=O)NCC1=CC=C(C=C1)Cl,CC1=Nc2cc(C(=O)NCc3cc(Cl)ccc3)ccc2Sc2ccccc21,0.9424460431654677,0.95223737,0.9962391,0.89253426,1.0,1.0,0.72,0.82,406.938,1,"InChI=1S/C22H17ClN2OS/c1-14-18-7-2-3-8-20(18)27-21-10-9-16(12-19(21)25-14)22(26)24-13-15-5-4-6-17(23)11-15/h2-12H,13H2,1H3,(H,24,26)","InChI=1S/C23H19ClN2OS/c1-14-3-9-21-19(11-14)15(2)26-20-12-17(6-10-22(20)28-21)23(27)25-13-16-4-7-18(24)8-5-16/h3-12H,13H2,1-2H3,(H,25,27)"
MCULE-1997084486,https://mcule.com/MCULE-1997084486/,,N1C2C=C(C=CC=2SC2C=CC(Cl)=CC=2C=1CC)C(=O)NCC1C=CC=CC=1,CC1=Nc2cc(C(=O)NCc3cc(Cl)ccc3)ccc2Sc2ccccc21,0.9263157894736842,0.9926207,0.9983016,0.98405236,1.0,1.0,0.78,0.91,406.938,1,"InChI=1S/C22H17ClN2OS/c1-14-18-7-2-3-8-20(18)27-21-10-9-16(12-19(21)25-14)22(26)24-13-15-5-4-6-17(23)11-15/h2-12H,13H2,1H3,(H,24,26)","InChI=1S/C23H19ClN2OS/c1-2-19-18-13-17(24)9-11-21(18)28-22-10-8-16(12-20(22)26-19)23(27)25-14-15-6-4-3-5-7-15/h3-13H,2,14H2,1H3,(H,25,27)"
ZINC000004929775,ZINC000004929775,2.0,CC1=Nc2cc(C(=O)NCc3ccccc3)ccc2Sc4ccc(Cl)cc41,CCC1=Nc2cc(C(=O)NCc3ccc(F)cc3)ccc2Sc2ccc(Cl)cc21,0.6363636363636364,0.9651445,0.98919207,0.92841244,1.0,1.0,0.64,0.84,392.911,1,"InChI=1S/C23H18ClFN2OS/c1-2-19-18-12-16(24)6-10-21(18)29-22-9-5-15(11-20(22)27-19)23(28)26-13-14-3-7-17(25)8-4-14/h3-12H,2,13H2,1H3,(H,26,28)","InChI=1S/C22H17ClN2OS/c1-14-18-12-17(23)8-10-20(18)27-21-9-7-16(11-19(21)25-14)22(26)24-13-15-5-3-2-4-6-15/h2-12H,13H2,1H3,(H,24,26)"
MCULE-1153524502,https://mcule.com/MCULE-1153524502/,,N1C2C=C(C=CC=2SC2C=CC(Cl)=CC=2C=1C)C(=O)NCC1C=CC=CC=1,CCC1=Nc2cc(C(=O)NCc3ccc(F)cc3)ccc2Sc2ccc(Cl)cc21,0.9185059422750425,0.9651445,0.98919207,0.92841244,1.0,1.0,0.64,0.84,392.911,1,"InChI=1S/C23H18ClFN2OS/c1-2-19-18-12-16(24)6-10-21(18)29-22-9-5-15(11-20(22)27-19)23(28)26-13-14-3-7-17(25)8-4-14/h3-12H,2,13H2,1H3,(H,26,28)","InChI=1S/C22H17ClN2OS/c1-14-18-12-17(23)8-10-20(18)27-21-9-7-16(11-19(21)25-14)22(26)24-13-15-5-3-2-4-6-15/h2-12H,13H2,1H3,(H,24,26)"
MCULE-8657274506,https://mcule.com/MCULE-8657274506/,,N1C2C=C(C=CC=2SC2C=CC(Cl)=CC=2C=1CC)C(=O)NCC1C=CC=CC=1Cl,CCC1=Nc2cc(C(=O)NCc3ccc(F)cc3)ccc2Sc2ccc(Cl)cc21,0.9327868852459016,0.982438,0.9962391,0.96198606,1.0,1.0,0.72,0.87,441.383,1,"InChI=1S/C23H18ClFN2OS/c1-2-19-18-12-16(24)6-10-21(18)29-22-9-5-15(11-20(22)27-19)23(28)26-13-14-3-7-17(25)8-4-14/h3-12H,2,13H2,1H3,(H,26,28)","InChI=1S/C23H18Cl2N2OS/c1-2-19-17-12-16(24)8-10-21(17)29-22-9-7-14(11-20(22)27-19)23(28)26-13-15-5-3-4-6-18(15)25/h3-12H,2,13H2,1H3,(H,26,28)"
ZINC000020178905,ZINC000020178905,1.0,CCC1=Nc2cc(C(=O)NCc3ccc(Cl)cc3)ccc2Sc4ccc(Cl)cc41,CCC1=Nc2cc(C(=O)NCc3ccc(F)cc3)ccc2Sc2ccc(Cl)cc21,0.8793103448275862,0.98683566,0.99932915,0.9693466,1.0,1.0,0.85,0.88,441.383,1,"InChI=1S/C23H18ClFN2OS/c1-2-19-18-12-16(24)6-10-21(18)29-22-9-5-15(11-20(22)27-19)23(28)26-13-14-3-7-17(25)8-4-14/h3-12H,2,13H2,1H3,(H,26,28)","InChI=1S/C23H18Cl2N2OS/c1-2-19-18-12-17(25)8-10-21(18)29-22-9-5-15(11-20(22)27-19)23(28)26-13-14-3-6-16(24)7-4-14/h3-12H,2,13H2,1H3,(H,26,28)"
MCULE-4980836871,https://mcule.com/MCULE-4980836871/,,N1C2C=C(C=CC=2SC2C=CC(Cl)=CC=2C=1CC)C(=O)NCC1=CC=C(C=C1)Cl,CCC1=Nc2cc(C(=O)NCc3ccc(F)cc3)ccc2Sc2ccc(Cl)cc21,0.9451827242524916,0.98683566,0.99932915,0.9693466,1.0,1.0,0.85,0.88,441.383,1,"InChI=1S/C23H18ClFN2OS/c1-2-19-18-12-16(24)6-10-21(18)29-22-9-5-15(11-20(22)27-19)23(28)26-13-14-3-7-17(25)8-4-14/h3-12H,2,13H2,1H3,(H,26,28)","InChI=1S/C23H18Cl2N2OS/c1-2-19-18-12-17(25)8-10-21(18)29-22-9-5-15(11-20(22)27-19)23(28)26-13-14-3-6-16(24)7-4-14/h3-12H,2,13H2,1H3,(H,26,28)"
ZINC000009490445,ZINC000009490445,0.0,CCC1=Nc2cc(C(=O)NCc3ccc(F)cc3)ccc2Sc4ccc(Cl)cc41,CCC1=Nc2cc(C(=O)NCc3ccc(F)cc3)ccc2Sc2ccc(Cl)cc21,1.0,0.99120957,0.9988592,0.98015076,1.0,1.0,0.81,0.9,424.928,1,"InChI=1S/C23H18ClFN2OS/c1-2-19-18-12-16(24)6-10-21(18)29-22-9-5-15(11-20(22)27-19)23(28)26-13-14-3-7-17(25)8-4-14/h3-12H,2,13H2,1H3,(H,26,28)","InChI=1S/C23H18ClFN2OS/c1-2-19-18-12-16(24)6-10-21(18)29-22-9-5-15(11-20(22)27-19)23(28)26-13-14-3-7-17(25)8-4-14/h3-12H,2,13H2,1H3,(H,26,28)"
MCULE-1339597839,https://mcule.com/MCULE-1339597839/,,N1C2C=C(C=CC=2SC2C=CC(Cl)=CC=2C=1CC)C(=O)NCC1=CC=C(C=C1)F,CCC1=Nc2cc(C(=O)NCc3ccc(F)cc3)ccc2Sc2ccc(Cl)cc21,1.0,0.99120957,0.9988592,0.98015076,1.0,1.0,0.81,0.9,424.928,1,"InChI=1S/C23H18ClFN2OS/c1-2-19-18-12-16(24)6-10-21(18)29-22-9-5-15(11-20(22)27-19)23(28)26-13-14-3-7-17(25)8-4-14/h3-12H,2,13H2,1H3,(H,26,28)","InChI=1S/C23H18ClFN2OS/c1-2-19-18-12-16(24)6-10-21(18)29-22-9-5-15(11-20(22)27-19)23(28)26-13-14-3-7-17(25)8-4-14/h3-12H,2,13H2,1H3,(H,26,28)"
ZINC000004929935,ZINC000004929935,1.0,CCC1=Nc2cc(C(=O)NCc3ccccc3)ccc2Sc4ccc(Cl)cc41,CCC1=Nc2cc(C(=O)NCc3ccc(F)cc3)ccc2Sc2ccc(Cl)cc21,0.8333333333333334,0.9926207,0.9983016,0.98405236,1.0,1.0,0.78,0.91,406.938,1,"InChI=1S/C23H18ClFN2OS/c1-2-19-18-12-16(24)6-10-21(18)29-22-9-5-15(11-20(22)27-19)23(28)26-13-14-3-7-17(25)8-4-14/h3-12H,2,13H2,1H3,(H,26,28)","InChI=1S/C23H19ClN2OS/c1-2-19-18-13-17(24)9-11-21(18)28-22-10-8-16(12-20(22)26-19)23(27)25-14-15-6-4-3-5-7-15/h3-13H,2,14H2,1H3,(H,25,27)"
MCULE-1997084486,https://mcule.com/MCULE-1997084486/,,N1C2C=C(C=CC=2SC2C=CC(Cl)=CC=2C=1CC)C(=O)NCC1C=CC=CC=1,CCC1=Nc2cc(C(=O)NCc3ccc(F)cc3)ccc2Sc2ccc(Cl)cc21,0.9643463497453312,0.9926207,0.9983016,0.98405236,1.0,1.0,0.78,0.91,406.938,1,"InChI=1S/C23H18ClFN2OS/c1-2-19-18-12-16(24)6-10-21(18)29-22-9-5-15(11-20(22)27-19)23(28)26-13-14-3-7-17(25)8-4-14/h3-12H,2,13H2,1H3,(H,26,28)","InChI=1S/C23H19ClN2OS/c1-2-19-18-13-17(24)9-11-21(18)28-22-10-8-16(12-20(22)26-19)23(27)25-14-15-6-4-3-5-7-15/h3-13H,2,14H2,1H3,(H,25,27)"
ZINC000004670313,ZINC000004670313,1.0,CCC1=Nc2cc(C(=O)NCc3ccc(F)cc3)ccc2Sc4ccccc41,CCC1=Nc2cc(C(=O)NCc3ccc(F)cc3)ccc2Sc2ccc(Cl)cc21,0.8166666666666667,0.9304337,0.9992339,0.8417399,1.0,1.0,0.84,0.8,390.483,1,"InChI=1S/C23H18ClFN2OS/c1-2-19-18-12-16(24)6-10-21(18)29-22-9-5-15(11-20(22)27-19)23(28)26-13-14-3-7-17(25)8-4-14/h3-12H,2,13H2,1H3,(H,26,28)","InChI=1S/C23H19FN2OS/c1-2-19-18-5-3-4-6-21(18)28-22-12-9-16(13-20(22)26-19)23(27)25-14-15-7-10-17(24)11-8-15/h3-13H,2,14H2,1H3,(H,25,27)"
MCULE-8454725046,https://mcule.com/MCULE-8454725046/,,N1C2C=C(C=CC=2SC2C=CC=CC=2C=1CC)C(=O)NCC1=CC=C(C=C1)F,CCC1=Nc2cc(C(=O)NCc3ccc(F)cc3)ccc2Sc2ccc(Cl)cc21,0.9388794567062818,0.9304337,0.9992339,0.8417399,1.0,1.0,0.84,0.8,390.483,1,"InChI=1S/C23H18ClFN2OS/c1-2-19-18-12-16(24)6-10-21(18)29-22-9-5-15(11-20(22)27-19)23(28)26-13-14-3-7-17(25)8-4-14/h3-12H,2,13H2,1H3,(H,26,28)","InChI=1S/C23H19FN2OS/c1-2-19-18-5-3-4-6-21(18)28-22-12-9-16(13-20(22)26-19)23(27)25-14-15-7-10-17(24)11-8-15/h3-13H,2,14H2,1H3,(H,25,27)"
MCULE-2295027745,https://mcule.com/MCULE-2295027745/,,N1C2C=C(C=CC=2SC2C=CC(Cl)=CC=2C=1CC)C(=O)NCC1=CC=C(C=C1)OC,CCC1=Nc2cc(C(=O)NCc3ccc(F)cc3)ccc2Sc2ccc(Cl)cc21,0.9161290322580644,0.9867518,0.9991252,0.9693466,1.0,1.0,0.83,0.88,436.964,1,"InChI=1S/C23H18ClFN2OS/c1-2-19-18-12-16(24)6-10-21(18)29-22-9-5-15(11-20(22)27-19)23(28)26-13-14-3-7-17(25)8-4-14/h3-12H,2,13H2,1H3,(H,26,28)","InChI=1S/C24H21ClN2O2S/c1-3-20-19-13-17(25)7-11-22(19)30-23-10-6-16(12-21(23)27-20)24(28)26-14-15-4-8-18(29-2)9-5-15/h4-13H,3,14H2,1-2H3,(H,26,28)"
ZINC000004930509,ZINC000004930509,2.0,CCCC1=Nc2cc(C(=O)NCc3ccc(F)cc3)ccc2Sc4ccccc41,CCC1=Nc2cc(C(=O)NCc3ccc(F)cc3)ccc2Sc2ccc(Cl)cc21,0.6818181818181818,0.6945317,0.99932915,0.4172078,1.0,1.0,0.85,0.71,404.51,1,"InChI=1S/C23H18ClFN2OS/c1-2-19-18-12-16(24)6-10-21(18)29-22-9-5-15(11-20(22)27-19)23(28)26-13-14-3-7-17(25)8-4-14/h3-12H,2,13H2,1H3,(H,26,28)","InChI=1S/C24H21FN2OS/c1-2-5-20-19-6-3-4-7-22(19)29-23-13-10-17(14-21(23)27-20)24(28)26-15-16-8-11-18(25)12-9-16/h3-4,6-14H,2,5,15H2,1H3,(H,26,28)"
MCULE-9257155722,https://mcule.com/MCULE-9257155722/,,N1C2C=C(C=CC=2SC2C=CC=CC=2C=1CCC)C(=O)NCC1=CC=C(C=C1)F,CCC1=Nc2cc(C(=O)NCc3ccc(F)cc3)ccc2Sc2ccc(Cl)cc21,0.9186046511627908,0.6945317,0.99932915,0.4172078,1.0,1.0,0.85,0.71,404.51,1,"InChI=1S/C23H18ClFN2OS/c1-2-19-18-12-16(24)6-10-21(18)29-22-9-5-15(11-20(22)27-19)23(28)26-13-14-3-7-17(25)8-4-14/h3-12H,2,13H2,1H3,(H,26,28)","InChI=1S/C24H21FN2OS/c1-2-5-20-19-6-3-4-7-22(19)29-23-13-10-17(14-21(23)27-20)24(28)26-15-16-8-11-18(25)12-9-16/h3-4,6-14H,2,5,15H2,1H3,(H,26,28)"
ZINC000004930418,ZINC000004930418,1.0,CCC1=Nc2cc(C(=O)NCc3ccc(F)cc3)ccc2Sc4ccc(C)cc41,CCC1=Nc2cc(C(=O)NCc3ccc(F)cc3)ccc2Sc2ccc(Cl)cc21,0.7936507936507936,0.6169862,0.9983016,0.31433976,1.0,1.0,0.78,0.69,404.51,1,"InChI=1S/C23H18ClFN2OS/c1-2-19-18-12-16(24)6-10-21(18)29-22-9-5-15(11-20(22)27-19)23(28)26-13-14-3-7-17(25)8-4-14/h3-12H,2,13H2,1H3,(H,26,28)","InChI=1S/C24H21FN2OS/c1-3-20-19-12-15(2)4-10-22(19)29-23-11-7-17(13-21(23)27-20)24(28)26-14-16-5-8-18(25)9-6-16/h4-13H,3,14H2,1-2H3,(H,26,28)"
ZINC000020178868,ZINC000020178868,1.0,CC1=Nc2cc(C(=O)NCc3ccc(Cl)cc3)ccc2Sc4ccc(Cl)cc41,CC1=Nc2cc(C(=O)NCc3ccc(Cl)cc3)ccc2Sc2ccc(C)cc21,0.1354166666666666,0.929064,0.99570715,0.8417399,1.0,1.0,0.71,0.8,427.356,1,"InChI=1S/C23H19ClN2OS/c1-14-3-9-21-19(11-14)15(2)26-20-12-17(6-10-22(20)28-21)23(27)25-13-16-4-7-18(24)8-5-16/h3-12H,13H2,1-2H3,(H,25,27)","InChI=1S/C22H16Cl2N2OS/c1-13-18-11-17(24)7-9-20(18)28-21-8-4-15(10-19(21)26-13)22(27)25-12-14-2-5-16(23)6-3-14/h2-11H,12H2,1H3,(H,25,27)"
MCULE-6543484347,https://mcule.com/MCULE-6543484347/,,N1C2C=C(C=CC=2SC2C=CC(Cl)=CC=2C=1C)C(=O)NCC1=CC=C(C=C1)Cl,CC1=Nc2cc(C(=O)NCc3ccc(Cl)cc3)ccc2Sc2ccc(C)cc21,0.9150779896013864,0.929064,0.99570715,0.8417399,1.0,1.0,0.71,0.8,427.356,1,"InChI=1S/C23H19ClN2OS/c1-14-3-9-21-19(11-14)15(2)26-20-12-17(6-10-22(20)28-21)23(27)25-13-16-4-7-18(24)8-5-16/h3-12H,13H2,1-2H3,(H,25,27)","InChI=1S/C22H16Cl2N2OS/c1-13-18-11-17(24)7-9-20(18)28-21-8-4-15(10-19(21)26-13)22(27)25-12-14-2-5-16(23)6-3-14/h2-11H,12H2,1H3,(H,25,27)"
ZINC000004929775,ZINC000004929775,2.0,CC1=Nc2cc(C(=O)NCc3ccccc3)ccc2Sc4ccc(Cl)cc41,CC1=Nc2cc(C(=O)NCc3ccc(Cl)cc3)ccc2Sc2ccc(C)cc21,0.134020618556701,0.9651445,0.98919207,0.92841244,1.0,1.0,0.64,0.84,392.911,1,"InChI=1S/C23H19ClN2OS/c1-14-3-9-21-19(11-14)15(2)26-20-12-17(6-10-22(20)28-21)23(27)25-13-16-4-7-18(24)8-5-16/h3-12H,13H2,1-2H3,(H,25,27)","InChI=1S/C22H17ClN2OS/c1-14-18-12-17(23)8-10-20(18)27-21-9-7-16(11-19(21)25-14)22(26)24-13-15-5-3-2-4-6-15/h2-12H,13H2,1H3,(H,24,26)"
MCULE-1153524502,https://mcule.com/MCULE-1153524502/,,N1C2C=C(C=CC=2SC2C=CC(Cl)=CC=2C=1C)C(=O)NCC1C=CC=CC=1,CC1=Nc2cc(C(=O)NCc3ccc(Cl)cc3)ccc2Sc2ccc(C)cc21,0.9241622574955908,0.9651445,0.98919207,0.92841244,1.0,1.0,0.64,0.84,392.911,1,"InChI=1S/C23H19ClN2OS/c1-14-3-9-21-19(11-14)15(2)26-20-12-17(6-10-22(20)28-21)23(27)25-13-16-4-7-18(24)8-5-16/h3-12H,13H2,1-2H3,(H,25,27)","InChI=1S/C22H17ClN2OS/c1-14-18-12-17(23)8-10-20(18)27-21-9-7-16(11-19(21)25-14)22(26)24-13-15-5-3-2-4-6-15/h2-12H,13H2,1H3,(H,24,26)"
ZINC000004901266,ZINC000004901266,2.0,CC1=Nc2cc(C(=O)NCc3cccnc3)ccc2Sc4ccc(C)cc41,CC1=Nc2cc(C(=O)NCc3ccc(Cl)cc3)ccc2Sc2ccc(C)cc21,0.079646017699115,0.929452,0.9967054,0.8417399,1.0,1.0,0.73,0.8,373.481,1,"InChI=1S/C23H19ClN2OS/c1-14-3-9-21-19(11-14)15(2)26-20-12-17(6-10-22(20)28-21)23(27)25-13-16-4-7-18(24)8-5-16/h3-12H,13H2,1-2H3,(H,25,27)","InChI=1S/C22H19N3OS/c1-14-5-7-20-18(10-14)15(2)25-19-11-17(6-8-21(19)27-20)22(26)24-13-16-4-3-9-23-12-16/h3-12H,13H2,1-2H3,(H,24,26)"
MCULE-3162875168,https://mcule.com/MCULE-3162875168/,,N1C2C=C(C=CC=2SC2=CC=C(Cl)C=C2C=1C)C(=O)NCC1C=CC(=CC=1)C,CC1=Nc2cc(C(=O)NCc3ccc(Cl)cc3)ccc2Sc2ccc(C)cc21,0.9250871080139372,0.9612377,0.99711406,0.9121139,1.0,1.0,0.74,0.83,406.938,1,"InChI=1S/C23H19ClN2OS/c1-14-3-9-21-19(11-14)15(2)26-20-12-17(6-10-22(20)28-21)23(27)25-13-16-4-7-18(24)8-5-16/h3-12H,13H2,1-2H3,(H,25,27)","InChI=1S/C23H19ClN2OS/c1-14-3-5-16(6-4-14)13-25-23(27)17-7-9-22-20(11-17)26-15(2)19-12-18(24)8-10-21(19)28-22/h3-12H,13H2,1-2H3,(H,25,27)"
ZINC000004929971,ZINC000004929971,0.0,CC1=Nc2cc(C(=O)NCc3ccc(Cl)cc3)ccc2Sc4ccc(C)cc41,CC1=Nc2cc(C(=O)NCc3ccc(Cl)cc3)ccc2Sc2ccc(C)cc21,0.1649484536082474,0.95223737,0.9962391,0.89253426,1.0,1.0,0.72,0.82,406.938,1,"InChI=1S/C23H19ClN2OS/c1-14-3-9-21-19(11-14)15(2)26-20-12-17(6-10-22(20)28-21)23(27)25-13-16-4-7-18(24)8-5-16/h3-12H,13H2,1-2H3,(H,25,27)","InChI=1S/C23H19ClN2OS/c1-14-3-9-21-19(11-14)15(2)26-20-12-17(6-10-22(20)28-21)23(27)25-13-16-4-7-18(24)8-5-16/h3-12H,13H2,1-2H3,(H,25,27)"
MCULE-5074289166,https://mcule.com/MCULE-5074289166/,,N1C2C=C(C=CC=2SC2C=CC(C)=CC=2C=1C)C(=O)NCC1=CC=C(C=C1)Cl,CC1=Nc2cc(C(=O)NCc3ccc(Cl)cc3)ccc2Sc2ccc(C)cc21,1.0,0.95223737,0.9962391,0.89253426,1.0,1.0,0.72,0.82,406.938,1,"InChI=1S/C23H19ClN2OS/c1-14-3-9-21-19(11-14)15(2)26-20-12-17(6-10-22(20)28-21)23(27)25-13-16-4-7-18(24)8-5-16/h3-12H,13H2,1-2H3,(H,25,27)","InChI=1S/C23H19ClN2OS/c1-14-3-9-21-19(11-14)15(2)26-20-12-17(6-10-22(20)28-21)23(27)25-13-16-4-7-18(24)8-5-16/h3-12H,13H2,1-2H3,(H,25,27)"
ZINC000004929285,ZINC000004929285,2.0,CC1=Nc2cc(C(=O)NCc3ccc(C)cc3)ccc2Sc4ccccc41,CC1=Nc2cc(C(=O)NCc3ccc(Cl)cc3)ccc2Sc2ccc(C)cc21,0.1612903225806451,0.87610817,0.99510026,0.7315967,1.0,1.0,0.7,0.77,372.493,1,"InChI=1S/C23H19ClN2OS/c1-14-3-9-21-19(11-14)15(2)26-20-12-17(6-10-22(20)28-21)23(27)25-13-16-4-7-18(24)8-5-16/h3-12H,13H2,1-2H3,(H,25,27)","InChI=1S/C23H20N2OS/c1-15-7-9-17(10-8-15)14-24-23(26)18-11-12-22-20(13-18)25-16(2)19-5-3-4-6-21(19)27-22/h3-13H,14H2,1-2H3,(H,24,26)"
MCULE-5416782635,https://mcule.com/MCULE-5416782635/,,N1C2C=C(C=CC=2SC2=CC=C(C)C=C2C=1CC)C(=O)NCC1=CC=CC=C1Cl,CC1=Nc2cc(C(=O)NCc3ccc(Cl)cc3)ccc2Sc2ccc(C)cc21,0.9269949066213922,0.97877055,0.9967054,0.9529439,1.0,1.0,0.73,0.86,420.965,1,"InChI=1S/C23H19ClN2OS/c1-14-3-9-21-19(11-14)15(2)26-20-12-17(6-10-22(20)28-21)23(27)25-13-16-4-7-18(24)8-5-16/h3-12H,13H2,1-2H3,(H,25,27)","InChI=1S/C24H21ClN2OS/c1-3-20-18-12-15(2)8-10-22(18)29-23-11-9-16(13-21(23)27-20)24(28)26-14-17-6-4-5-7-19(17)25/h4-13H,3,14H2,1-2H3,(H,26,28)"
ZINC000004930068,ZINC000004930068,1.0,CCC1=Nc2cc(C(=O)NCc3ccc(Cl)cc3)ccc2Sc4ccc(C)cc41,CC1=Nc2cc(C(=O)NCc3ccc(Cl)cc3)ccc2Sc2ccc(C)cc21,0.1616161616161616,0.92974985,0.99747217,0.8417399,1.0,1.0,0.75,0.8,420.965,1,"InChI=1S/C23H19ClN2OS/c1-14-3-9-21-19(11-14)15(2)26-20-12-17(6-10-22(20)28-21)23(27)25-13-16-4-7-18(24)8-5-16/h3-12H,13H2,1-2H3,(H,25,27)","InChI=1S/C24H21ClN2OS/c1-3-20-19-12-15(2)4-10-22(19)29-23-11-7-17(13-21(23)27-20)24(28)26-14-16-5-8-18(25)9-6-16/h4-13H,3,14H2,1-2H3,(H,26,28)"
MCULE-1599297501,https://mcule.com/MCULE-1599297501/,,N1C2C=C(C=CC=2SC2C=CC(C)=CC=2C=1CC)C(=O)NCC1=CC=C(C=C1)Cl,CC1=Nc2cc(C(=O)NCc3ccc(Cl)cc3)ccc2Sc2ccc(C)cc21,0.9532062391681108,0.92974985,0.99747217,0.8417399,1.0,1.0,0.75,0.8,420.965,1,"InChI=1S/C23H19ClN2OS/c1-14-3-9-21-19(11-14)15(2)26-20-12-17(6-10-22(20)28-21)23(27)25-13-16-4-7-18(24)8-5-16/h3-12H,13H2,1-2H3,(H,25,27)","InChI=1S/C24H21ClN2OS/c1-3-20-19-12-15(2)4-10-22(19)29-23-11-7-17(13-21(23)27-20)24(28)26-14-16-5-8-18(25)9-6-16/h4-13H,3,14H2,1-2H3,(H,26,28)"
ZINC000004930418,ZINC000004930418,2.0,CCC1=Nc2cc(C(=O)NCc3ccc(F)cc3)ccc2Sc4ccc(C)cc41,CC1=Nc2cc(C(=O)NCc3ccc(Cl)cc3)ccc2Sc2ccc(C)cc21,0.1616161616161616,0.6169862,0.9983016,0.31433976,1.0,1.0,0.78,0.69,404.51,1,"InChI=1S/C23H19ClN2OS/c1-14-3-9-21-19(11-14)15(2)26-20-12-17(6-10-22(20)28-21)23(27)25-13-16-4-7-18(24)8-5-16/h3-12H,13H2,1-2H3,(H,25,27)","InChI=1S/C24H21FN2OS/c1-3-20-19-12-15(2)4-10-22(19)29-23-11-7-17(13-21(23)27-20)24(28)26-14-16-5-8-18(25)9-6-16/h4-13H,3,14H2,1-2H3,(H,26,28)"
ZINC000004929999,ZINC000004929999,1.0,CC1=Nc2cc(C(=O)NCc3ccc(C)cc3)ccc2Sc4ccc(C)cc41,CC1=Nc2cc(C(=O)NCc3ccc(Cl)cc3)ccc2Sc2ccc(C)cc21,0.1612903225806451,0.91525906,0.99851257,0.8097521,1.0,1.0,0.79,0.79,386.52,1,"InChI=1S/C23H19ClN2OS/c1-14-3-9-21-19(11-14)15(2)26-20-12-17(6-10-22(20)28-21)23(27)25-13-16-4-7-18(24)8-5-16/h3-12H,13H2,1-2H3,(H,25,27)","InChI=1S/C24H22N2OS/c1-15-4-7-18(8-5-15)14-25-24(27)19-9-11-23-21(13-19)26-17(3)20-12-16(2)6-10-22(20)28-23/h4-13H,14H2,1-3H3,(H,25,27)"
MCULE-2040607482,https://mcule.com/MCULE-2040607482/,,N1C2C=C(C=CC=2SC2C=CC(C)=CC=2C=1C)C(=O)NCC1=CC=C(C=C1)C,CC1=Nc2cc(C(=O)NCc3ccc(Cl)cc3)ccc2Sc2ccc(C)cc21,0.9444444444444444,0.91525906,0.99851257,0.8097521,1.0,1.0,0.79,0.79,386.52,1,"InChI=1S/C23H19ClN2OS/c1-14-3-9-21-19(11-14)15(2)26-20-12-17(6-10-22(20)28-21)23(27)25-13-16-4-7-18(24)8-5-16/h3-12H,13H2,1-2H3,(H,25,27)","InChI=1S/C24H22N2OS/c1-15-4-7-18(8-5-15)14-25-24(27)19-9-11-23-21(13-19)26-17(3)20-12-16(2)6-10-22(20)28-23/h4-13H,14H2,1-3H3,(H,25,27)"
MCULE-6657013841,https://mcule.com/MCULE-6657013841/,,N1C2C=C(C=CC=2SC2C=CC(C)=CC=2C=1CCC)C(=O)NCC1=CC=C(C=C1)Cl,CC1=Nc2cc(C(=O)NCc3ccc(Cl)cc3)ccc2Sc2ccc(C)cc21,0.9306260575296108,0.87735873,0.99851257,0.7315967,1.0,1.0,0.79,0.77,434.992,1,"InChI=1S/C23H19ClN2OS/c1-14-3-9-21-19(11-14)15(2)26-20-12-17(6-10-22(20)28-21)23(27)25-13-16-4-7-18(24)8-5-16/h3-12H,13H2,1-2H3,(H,25,27)","InChI=1S/C25H23ClN2OS/c1-3-4-21-20-13-16(2)5-11-23(20)30-24-12-8-18(14-22(24)28-21)25(29)27-15-17-6-9-19(26)10-7-17/h5-14H,3-4,15H2,1-2H3,(H,27,29)"
ZINC000006416712,ZINC000006416712,2.0,CCC1=Nc2cc(C(=O)NCc3ccc(C)cc3)ccc2Sc4ccc(C)cc41,CC1=Nc2cc(C(=O)NCc3ccc(Cl)cc3)ccc2Sc2ccc(C)cc21,0.1578947368421052,0.82772297,0.9991252,0.635776,1.0,1.0,0.83,0.75,400.547,1,"InChI=1S/C23H19ClN2OS/c1-14-3-9-21-19(11-14)15(2)26-20-12-17(6-10-22(20)28-21)23(27)25-13-16-4-7-18(24)8-5-16/h3-12H,13H2,1-2H3,(H,25,27)","InChI=1S/C25H24N2OS/c1-4-21-20-13-17(3)7-11-23(20)29-24-12-10-19(14-22(24)27-21)25(28)26-15-18-8-5-16(2)6-9-18/h5-14H,4,15H2,1-3H3,(H,26,28)"
ZINC000004929775,ZINC000004929775,2.0,CC1=Nc2cc(C(=O)NCc3ccccc3)ccc2Sc4ccc(Cl)cc41,CC1=Nc2cc(C(=O)NCc3ccc(F)cc3)ccc2Sc2ccc(C)cc21,0.640625,0.9651445,0.98919207,0.92841244,1.0,1.0,0.64,0.84,392.911,1,"InChI=1S/C23H19FN2OS/c1-14-3-9-21-19(11-14)15(2)26-20-12-17(6-10-22(20)28-21)23(27)25-13-16-4-7-18(24)8-5-16/h3-12H,13H2,1-2H3,(H,25,27)","InChI=1S/C22H17ClN2OS/c1-14-18-12-17(23)8-10-20(18)27-21-9-7-16(11-19(21)25-14)22(26)24-13-15-5-3-2-4-6-15/h2-12H,13H2,1H3,(H,24,26)"
ZINC000004901266,ZINC000004901266,2.0,CC1=Nc2cc(C(=O)NCc3cccnc3)ccc2Sc4ccc(C)cc41,CC1=Nc2cc(C(=O)NCc3ccc(F)cc3)ccc2Sc2ccc(C)cc21,0.71875,0.929452,0.9967054,0.8417399,1.0,1.0,0.73,0.8,373.481,1,"InChI=1S/C23H19FN2OS/c1-14-3-9-21-19(11-14)15(2)26-20-12-17(6-10-22(20)28-21)23(27)25-13-16-4-7-18(24)8-5-16/h3-12H,13H2,1-2H3,(H,25,27)","InChI=1S/C22H19N3OS/c1-14-5-7-20-18(10-14)15(2)25-19-11-17(6-8-21(19)27-20)22(26)24-13-16-4-3-9-23-12-16/h3-12H,13H2,1-2H3,(H,24,26)"
ZINC000009490445,ZINC000009490445,2.0,CCC1=Nc2cc(C(=O)NCc3ccc(F)cc3)ccc2Sc4ccc(Cl)cc41,CC1=Nc2cc(C(=O)NCc3ccc(F)cc3)ccc2Sc2ccc(C)cc21,0.6086956521739131,0.99120957,0.9988592,0.98015076,1.0,1.0,0.81,0.9,424.928,1,"InChI=1S/C23H19FN2OS/c1-14-3-9-21-19(11-14)15(2)26-20-12-17(6-10-22(20)28-21)23(27)25-13-16-4-7-18(24)8-5-16/h3-12H,13H2,1-2H3,(H,25,27)","InChI=1S/C23H18ClFN2OS/c1-2-19-18-12-16(24)6-10-21(18)29-22-9-5-15(11-20(22)27-19)23(28)26-13-14-3-7-17(25)8-4-14/h3-12H,2,13H2,1H3,(H,26,28)"
ZINC000004929971,ZINC000004929971,1.0,CC1=Nc2cc(C(=O)NCc3ccc(Cl)cc3)ccc2Sc4ccc(C)cc41,CC1=Nc2cc(C(=O)NCc3ccc(F)cc3)ccc2Sc2ccc(C)cc21,0.8,0.95223737,0.9962391,0.89253426,1.0,1.0,0.72,0.82,406.938,1,"InChI=1S/C23H19FN2OS/c1-14-3-9-21-19(11-14)15(2)26-20-12-17(6-10-22(20)28-21)23(27)25-13-16-4-7-18(24)8-5-16/h3-12H,13H2,1-2H3,(H,25,27)","InChI=1S/C23H19ClN2OS/c1-14-3-9-21-19(11-14)15(2)26-20-12-17(6-10-22(20)28-21)23(27)25-13-16-4-7-18(24)8-5-16/h3-12H,13H2,1-2H3,(H,25,27)"
MCULE-5074289166,https://mcule.com/MCULE-5074289166/,,N1C2C=C(C=CC=2SC2C=CC(C)=CC=2C=1C)C(=O)NCC1=CC=C(C=C1)Cl,CC1=Nc2cc(C(=O)NCc3ccc(F)cc3)ccc2Sc2ccc(C)cc21,0.9213286713286714,0.95223737,0.9962391,0.89253426,1.0,1.0,0.72,0.82,406.938,1,"InChI=1S/C23H19FN2OS/c1-14-3-9-21-19(11-14)15(2)26-20-12-17(6-10-22(20)28-21)23(27)25-13-16-4-7-18(24)8-5-16/h3-12H,13H2,1-2H3,(H,25,27)","InChI=1S/C23H19ClN2OS/c1-14-3-9-21-19(11-14)15(2)26-20-12-17(6-10-22(20)28-21)23(27)25-13-16-4-7-18(24)8-5-16/h3-12H,13H2,1-2H3,(H,25,27)"
MCULE-8454725046,https://mcule.com/MCULE-8454725046/,,N1C2C=C(C=CC=2SC2C=CC=CC=2C=1CC)C(=O)NCC1=CC=C(C=C1)F,CC1=Nc2cc(C(=O)NCc3ccc(F)cc3)ccc2Sc2ccc(C)cc21,0.9165217391304348,0.9304337,0.9992339,0.8417399,1.0,1.0,0.84,0.8,390.483,1,"InChI=1S/C23H19FN2OS/c1-14-3-9-21-19(11-14)15(2)26-20-12-17(6-10-22(20)28-21)23(27)25-13-16-4-7-18(24)8-5-16/h3-12H,13H2,1-2H3,(H,25,27)","InChI=1S/C23H19FN2OS/c1-2-19-18-5-3-4-6-21(18)28-22-12-9-16(13-20(22)26-19)23(27)25-14-15-7-10-17(24)11-8-15/h3-13H,2,14H2,1H3,(H,25,27)"
ZINC000004929285,ZINC000004929285,2.0,CC1=Nc2cc(C(=O)NCc3ccc(C)cc3)ccc2Sc4ccccc41,CC1=Nc2cc(C(=O)NCc3ccc(F)cc3)ccc2Sc2ccc(C)cc21,0.1030927835051546,0.87610817,0.99510026,0.7315967,1.0,1.0,0.7,0.77,372.493,1,"InChI=1S/C23H19FN2OS/c1-14-3-9-21-19(11-14)15(2)26-20-12-17(6-10-22(20)28-21)23(27)25-13-16-4-7-18(24)8-5-16/h3-12H,13H2,1-2H3,(H,25,27)","InChI=1S/C23H20N2OS/c1-15-7-9-17(10-8-15)14-24-23(26)18-11-12-22-20(13-18)25-16(2)19-5-3-4-6-21(19)27-22/h3-13H,14H2,1-2H3,(H,24,26)"
ZINC000004930068,ZINC000004930068,2.0,CCC1=Nc2cc(C(=O)NCc3ccc(Cl)cc3)ccc2Sc4ccc(C)cc41,CC1=Nc2cc(C(=O)NCc3ccc(F)cc3)ccc2Sc2ccc(C)cc21,0.6176470588235294,0.92974985,0.99747217,0.8417399,1.0,1.0,0.75,0.8,420.965,1,"InChI=1S/C23H19FN2OS/c1-14-3-9-21-19(11-14)15(2)26-20-12-17(6-10-22(20)28-21)23(27)25-13-16-4-7-18(24)8-5-16/h3-12H,13H2,1-2H3,(H,25,27)","InChI=1S/C24H21ClN2OS/c1-3-20-19-12-15(2)4-10-22(19)29-23-11-7-17(13-21(23)27-20)24(28)26-14-16-5-8-18(25)9-6-16/h4-13H,3,14H2,1-2H3,(H,26,28)"
MCULE-7427575619,https://mcule.com/MCULE-7427575619/,,C12C(C)=CC=C(C)C=1C(C)=NC1C=C(C=CC=1S2)C(=O)NCC1=CC=C(C=C1)F,CC1=Nc2cc(C(=O)NCc3ccc(F)cc3)ccc2Sc2ccc(C)cc21,0.8923327895595432,0.91220075,0.9905238,0.8097521,1.0,1.0,0.65,0.79,404.51,1,"InChI=1S/C23H19FN2OS/c1-14-3-9-21-19(11-14)15(2)26-20-12-17(6-10-22(20)28-21)23(27)25-13-16-4-7-18(24)8-5-16/h3-12H,13H2,1-2H3,(H,25,27)","InChI=1S/C24H21FN2OS/c1-14-4-5-15(2)23-22(14)16(3)27-20-12-18(8-11-21(20)29-23)24(28)26-13-17-6-9-19(25)10-7-17/h4-12H,13H2,1-3H3,(H,26,28)"
MCULE-9257155722,https://mcule.com/MCULE-9257155722/,,N1C2C=C(C=CC=2SC2C=CC=CC=2C=1CCC)C(=O)NCC1=CC=C(C=C1)F,CC1=Nc2cc(C(=O)NCc3ccc(F)cc3)ccc2Sc2ccc(C)cc21,0.8962585034013606,0.6945317,0.99932915,0.4172078,1.0,1.0,0.85,0.71,404.51,1,"InChI=1S/C23H19FN2OS/c1-14-3-9-21-19(11-14)15(2)26-20-12-17(6-10-22(20)28-21)23(27)25-13-16-4-7-18(24)8-5-16/h3-12H,13H2,1-2H3,(H,25,27)","InChI=1S/C24H21FN2OS/c1-2-5-20-19-6-3-4-7-22(19)29-23-13-10-17(14-21(23)27-20)24(28)26-15-16-8-11-18(25)12-9-16/h3-4,6-14H,2,5,15H2,1H3,(H,26,28)"
ZINC000004930418,ZINC000004930418,1.0,CCC1=Nc2cc(C(=O)NCc3ccc(F)cc3)ccc2Sc4ccc(C)cc41,CC1=Nc2cc(C(=O)NCc3ccc(F)cc3)ccc2Sc2ccc(C)cc21,0.7741935483870968,0.6169862,0.9983016,0.31433976,1.0,1.0,0.78,0.69,404.51,1,"InChI=1S/C23H19FN2OS/c1-14-3-9-21-19(11-14)15(2)26-20-12-17(6-10-22(20)28-21)23(27)25-13-16-4-7-18(24)8-5-16/h3-12H,13H2,1-2H3,(H,25,27)","InChI=1S/C24H21FN2OS/c1-3-20-19-12-15(2)4-10-22(19)29-23-11-7-17(13-21(23)27-20)24(28)26-14-16-5-8-18(25)9-6-16/h4-13H,3,14H2,1-2H3,(H,26,28)"
MCULE-8318145015,https://mcule.com/MCULE-8318145015/,,N1C2C=C(C=CC=2SC2C=CC(C)=CC=2C=1CC)C(=O)NCC1=CC=C(C=C1)F,CC1=Nc2cc(C(=O)NCc3ccc(F)cc3)ccc2Sc2ccc(C)cc21,0.954782608695652,0.6169862,0.9983016,0.31433976,1.0,1.0,0.78,0.69,404.51,1,"InChI=1S/C23H19FN2OS/c1-14-3-9-21-19(11-14)15(2)26-20-12-17(6-10-22(20)28-21)23(27)25-13-16-4-7-18(24)8-5-16/h3-12H,13H2,1-2H3,(H,25,27)","InChI=1S/C24H21FN2OS/c1-3-20-19-12-15(2)4-10-22(19)29-23-11-7-17(13-21(23)27-20)24(28)26-14-16-5-8-18(25)9-6-16/h4-13H,3,14H2,1-2H3,(H,26,28)"
ZINC000004929999,ZINC000004929999,1.0,CC1=Nc2cc(C(=O)NCc3ccc(C)cc3)ccc2Sc4ccc(C)cc41,CC1=Nc2cc(C(=O)NCc3ccc(F)cc3)ccc2Sc2ccc(C)cc21,0.8727272727272727,0.91525906,0.99851257,0.8097521,1.0,1.0,0.79,0.79,386.52,1,"InChI=1S/C23H19FN2OS/c1-14-3-9-21-19(11-14)15(2)26-20-12-17(6-10-22(20)28-21)23(27)25-13-16-4-7-18(24)8-5-16/h3-12H,13H2,1-2H3,(H,25,27)","InChI=1S/C24H22N2OS/c1-15-4-7-18(8-5-15)14-25-24(27)19-9-11-23-21(13-19)26-17(3)20-12-16(2)6-10-22(20)28-23/h4-13H,14H2,1-3H3,(H,25,27)"
MCULE-2040607482,https://mcule.com/MCULE-2040607482/,,N1C2C=C(C=CC=2SC2C=CC(C)=CC=2C=1C)C(=O)NCC1=CC=C(C=C1)C,CC1=Nc2cc(C(=O)NCc3ccc(F)cc3)ccc2Sc2ccc(C)cc21,0.9461400359066428,0.91525906,0.99851257,0.8097521,1.0,1.0,0.79,0.79,386.52,1,"InChI=1S/C23H19FN2OS/c1-14-3-9-21-19(11-14)15(2)26-20-12-17(6-10-22(20)28-21)23(27)25-13-16-4-7-18(24)8-5-16/h3-12H,13H2,1-2H3,(H,25,27)","InChI=1S/C24H22N2OS/c1-15-4-7-18(8-5-15)14-25-24(27)19-9-11-23-21(13-19)26-17(3)20-12-16(2)6-10-22(20)28-23/h4-13H,14H2,1-3H3,(H,25,27)"
ZINC000006416712,ZINC000006416712,2.0,CCC1=Nc2cc(C(=O)NCc3ccc(C)cc3)ccc2Sc4ccc(C)cc41,CC1=Nc2cc(C(=O)NCc3ccc(F)cc3)ccc2Sc2ccc(C)cc21,0.6666666666666666,0.82772297,0.9991252,0.635776,1.0,1.0,0.83,0.75,400.547,1,"InChI=1S/C23H19FN2OS/c1-14-3-9-21-19(11-14)15(2)26-20-12-17(6-10-22(20)28-21)23(27)25-13-16-4-7-18(24)8-5-16/h3-12H,13H2,1-2H3,(H,25,27)","InChI=1S/C25H24N2OS/c1-4-21-20-13-17(3)7-11-23(20)29-24-12-10-19(14-22(24)27-21)25(28)26-15-18-8-5-16(2)6-9-18/h5-14H,4,15H2,1-3H3,(H,26,28)"
MCULE-6561969005,https://mcule.com/MCULE-6561969005/,,N1C2C=C(C=CC=2SC2=CC=C(C)C=C2C=1CC)C(=O)NCC1C=CC(=CC=1)C,CC1=Nc2cc(C(=O)NCc3ccc(F)cc3)ccc2Sc2ccc(C)cc21,0.9056603773584906,0.82772297,0.9991252,0.635776,1.0,1.0,0.83,0.75,400.547,1,"InChI=1S/C23H19FN2OS/c1-14-3-9-21-19(11-14)15(2)26-20-12-17(6-10-22(20)28-21)23(27)25-13-16-4-7-18(24)8-5-16/h3-12H,13H2,1-2H3,(H,25,27)","InChI=1S/C25H24N2OS/c1-4-21-20-13-17(3)7-11-23(20)29-24-12-10-19(14-22(24)27-21)25(28)26-15-18-8-5-16(2)6-9-18/h5-14H,4,15H2,1-3H3,(H,26,28)"
MCULE-6622690555,https://mcule.com/MCULE-6622690555/,,N1C2C=C(C=CC=2SC2C=CC(C)=CC=2C=1CC)C(=O)NC(C)C1=CC=CC=C1,CC1=Nc2cc(C(=O)NCc3ccc(F)cc3)ccc2Sc2ccc(C)cc21,0.893760539629005,0.9651445,0.98919207,0.92841244,1.0,1.0,0.64,0.84,400.547,1,"InChI=1S/C23H19FN2OS/c1-14-3-9-21-19(11-14)15(2)26-20-12-17(6-10-22(20)28-21)23(27)25-13-16-4-7-18(24)8-5-16/h3-12H,13H2,1-2H3,(H,25,27)","InChI=1S/C25H24N2OS/c1-4-21-20-14-16(2)10-12-23(20)29-24-13-11-19(15-22(24)27-21)25(28)26-17(3)18-8-6-5-7-9-18/h5-15,17H,4H2,1-3H3,(H,26,28)"
ZINC000004901230,ZINC000004901230,3.0,CC1=Nc2cc(C(=O)NCc3cccnc3)ccc2Sc4ccccc41,CC1=Nc2cc(C(=O)NCc3cc(F)ccc3)ccc2Sc2ccc(C)cc21,0.1067961165048543,0.87201726,0.983985,0.7315967,1.0,1.0,0.61,0.77,359.454,1,"InChI=1S/C23H19FN2OS/c1-14-6-8-21-19(10-14)15(2)26-20-12-17(7-9-22(20)28-21)23(27)25-13-16-4-3-5-18(24)11-16/h3-12H,13H2,1-2H3,(H,25,27)","InChI=1S/C21H17N3OS/c1-14-17-6-2-3-7-19(17)26-20-9-8-16(11-18(20)24-14)21(25)23-13-15-5-4-10-22-12-15/h2-12H,13H2,1H3,(H,23,25)"
ZINC000020178868,ZINC000020178868,3.0,CC1=Nc2cc(C(=O)NCc3ccc(Cl)cc3)ccc2Sc4ccc(Cl)cc41,CC1=Nc2cc(C(=O)NCc3cc(F)ccc3)ccc2Sc2ccc(C)cc21,0.1089108910891089,0.929064,0.99570715,0.8417399,1.0,1.0,0.71,0.8,427.356,1,"InChI=1S/C23H19FN2OS/c1-14-6-8-21-19(10-14)15(2)26-20-12-17(7-9-22(20)28-21)23(27)25-13-16-4-3-5-18(24)11-16/h3-12H,13H2,1-2H3,(H,25,27)","InChI=1S/C22H16Cl2N2OS/c1-13-18-11-17(24)7-9-20(18)28-21-8-4-15(10-19(21)26-13)22(27)25-12-14-2-5-16(23)6-3-14/h2-11H,12H2,1H3,(H,25,27)"
ZINC000004929775,ZINC000004929775,2.0,CC1=Nc2cc(C(=O)NCc3ccccc3)ccc2Sc4ccc(Cl)cc41,CC1=Nc2cc(C(=O)NCc3cc(F)ccc3)ccc2Sc2ccc(C)cc21,0.0934579439252336,0.9651445,0.98919207,0.92841244,1.0,1.0,0.64,0.84,392.911,1,"InChI=1S/C23H19FN2OS/c1-14-6-8-21-19(10-14)15(2)26-20-12-17(7-9-22(20)28-21)23(27)25-13-16-4-3-5-18(24)11-16/h3-12H,13H2,1-2H3,(H,25,27)","InChI=1S/C22H17ClN2OS/c1-14-18-12-17(23)8-10-20(18)27-21-9-7-16(11-19(21)25-14)22(26)24-13-15-5-3-2-4-6-15/h2-12H,13H2,1H3,(H,24,26)"
ZINC000004901266,ZINC000004901266,2.0,CC1=Nc2cc(C(=O)NCc3cccnc3)ccc2Sc4ccc(C)cc41,CC1=Nc2cc(C(=O)NCc3cc(F)ccc3)ccc2Sc2ccc(C)cc21,0.102803738317757,0.929452,0.9967054,0.8417399,1.0,1.0,0.73,0.8,373.481,1,"InChI=1S/C23H19FN2OS/c1-14-6-8-21-19(10-14)15(2)26-20-12-17(7-9-22(20)28-21)23(27)25-13-16-4-3-5-18(24)11-16/h3-12H,13H2,1-2H3,(H,25,27)","InChI=1S/C22H19N3OS/c1-14-5-7-20-18(10-14)15(2)25-19-11-17(6-8-21(19)27-20)22(26)24-13-16-4-3-9-23-12-16/h3-12H,13H2,1-2H3,(H,24,26)"
ZINC000004712687,ZINC000004712687,3.0,CC1=Nc2cc(C(=O)NCc3ccc(C)cc3)ccc2Sc4ccc(Cl)cc41,CC1=Nc2cc(C(=O)NCc3cc(F)ccc3)ccc2Sc2ccc(C)cc21,0.1047619047619047,0.9612377,0.99711406,0.9121139,1.0,1.0,0.74,0.83,406.938,1,"InChI=1S/C23H19FN2OS/c1-14-6-8-21-19(10-14)15(2)26-20-12-17(7-9-22(20)28-21)23(27)25-13-16-4-3-5-18(24)11-16/h3-12H,13H2,1-2H3,(H,25,27)","InChI=1S/C23H19ClN2OS/c1-14-3-5-16(6-4-14)13-25-23(27)17-7-9-22-20(11-17)26-15(2)19-12-18(24)8-10-21(19)28-22/h3-12H,13H2,1-2H3,(H,25,27)"
ZINC000004929971,ZINC000004929971,2.0,CC1=Nc2cc(C(=O)NCc3ccc(Cl)cc3)ccc2Sc4ccc(C)cc41,CC1=Nc2cc(C(=O)NCc3cc(F)ccc3)ccc2Sc2ccc(C)cc21,0.1047619047619047,0.95223737,0.9962391,0.89253426,1.0,1.0,0.72,0.82,406.938,1,"InChI=1S/C23H19FN2OS/c1-14-6-8-21-19(10-14)15(2)26-20-12-17(7-9-22(20)28-21)23(27)25-13-16-4-3-5-18(24)11-16/h3-12H,13H2,1-2H3,(H,25,27)","InChI=1S/C23H19ClN2OS/c1-14-3-9-21-19(11-14)15(2)26-20-12-17(6-10-22(20)28-21)23(27)25-13-16-4-7-18(24)8-5-16/h3-12H,13H2,1-2H3,(H,25,27)"
MCULE-5074289166,https://mcule.com/MCULE-5074289166/,,N1C2C=C(C=CC=2SC2C=CC(C)=CC=2C=1C)C(=O)NCC1=CC=C(C=C1)Cl,CC1=Nc2cc(C(=O)NCc3cc(F)ccc3)ccc2Sc2ccc(C)cc21,0.9165217391304348,0.95223737,0.9962391,0.89253426,1.0,1.0,0.72,0.82,406.938,1,"InChI=1S/C23H19FN2OS/c1-14-6-8-21-19(10-14)15(2)26-20-12-17(7-9-22(20)28-21)23(27)25-13-16-4-3-5-18(24)11-16/h3-12H,13H2,1-2H3,(H,25,27)","InChI=1S/C23H19ClN2OS/c1-14-3-9-21-19(11-14)15(2)26-20-12-17(6-10-22(20)28-21)23(27)25-13-16-4-7-18(24)8-5-16/h3-12H,13H2,1-2H3,(H,25,27)"
MCULE-8454725046,https://mcule.com/MCULE-8454725046/,,N1C2C=C(C=CC=2SC2C=CC=CC=2C=1CC)C(=O)NCC1=CC=C(C=C1)F,CC1=Nc2cc(C(=O)NCc3cc(F)ccc3)ccc2Sc2ccc(C)cc21,0.9018932874354562,0.9304337,0.9992339,0.8417399,1.0,1.0,0.84,0.8,390.483,1,"InChI=1S/C23H19FN2OS/c1-14-6-8-21-19(10-14)15(2)26-20-12-17(7-9-22(20)28-21)23(27)25-13-16-4-3-5-18(24)11-16/h3-12H,13H2,1-2H3,(H,25,27)","InChI=1S/C23H19FN2OS/c1-2-19-18-5-3-4-6-21(18)28-22-12-9-16(13-20(22)26-19)23(27)25-14-15-7-10-17(24)11-8-15/h3-13H,2,14H2,1H3,(H,25,27)"
MCULE-1599297501,https://mcule.com/MCULE-1599297501/,,N1C2C=C(C=CC=2SC2C=CC(C)=CC=2C=1CC)C(=O)NCC1=CC=C(C=C1)Cl,CC1=Nc2cc(C(=O)NCc3cc(F)ccc3)ccc2Sc2ccc(C)cc21,0.8816666666666667,0.92974985,0.99747217,0.8417399,1.0,1.0,0.75,0.8,420.965,1,"InChI=1S/C23H19FN2OS/c1-14-6-8-21-19(10-14)15(2)26-20-12-17(7-9-22(20)28-21)23(27)25-13-16-4-3-5-18(24)11-16/h3-12H,13H2,1-2H3,(H,25,27)","InChI=1S/C24H21ClN2OS/c1-3-20-19-12-15(2)4-10-22(19)29-23-11-7-17(13-21(23)27-20)24(28)26-14-16-5-8-18(25)9-6-16/h4-13H,3,14H2,1-2H3,(H,26,28)"
MCULE-9257155722,https://mcule.com/MCULE-9257155722/,,N1C2C=C(C=CC=2SC2C=CC=CC=2C=1CCC)C(=O)NCC1=CC=C(C=C1)F,CC1=Nc2cc(C(=O)NCc3cc(F)ccc3)ccc2Sc2ccc(C)cc21,0.8821548821548821,0.6945317,0.99932915,0.4172078,1.0,1.0,0.85,0.71,404.51,1,"InChI=1S/C23H19FN2OS/c1-14-6-8-21-19(10-14)15(2)26-20-12-17(7-9-22(20)28-21)23(27)25-13-16-4-3-5-18(24)11-16/h3-12H,13H2,1-2H3,(H,25,27)","InChI=1S/C24H21FN2OS/c1-2-5-20-19-6-3-4-7-22(19)29-23-13-10-17(14-21(23)27-20)24(28)26-15-16-8-11-18(25)12-9-16/h3-4,6-14H,2,5,15H2,1H3,(H,26,28)"
MCULE-8318145015,https://mcule.com/MCULE-8318145015/,,N1C2C=C(C=CC=2SC2C=CC(C)=CC=2C=1CC)C(=O)NCC1=CC=C(C=C1)F,CC1=Nc2cc(C(=O)NCc3cc(F)ccc3)ccc2Sc2ccc(C)cc21,0.9397590361445785,0.6169862,0.9983016,0.31433976,1.0,1.0,0.78,0.69,404.51,1,"InChI=1S/C23H19FN2OS/c1-14-6-8-21-19(10-14)15(2)26-20-12-17(7-9-22(20)28-21)23(27)25-13-16-4-3-5-18(24)11-16/h3-12H,13H2,1-2H3,(H,25,27)","InChI=1S/C24H21FN2OS/c1-3-20-19-12-15(2)4-10-22(19)29-23-11-7-17(13-21(23)27-20)24(28)26-14-16-5-8-18(25)9-6-16/h4-13H,3,14H2,1-2H3,(H,26,28)"
ZINC000004929999,ZINC000004929999,2.0,CC1=Nc2cc(C(=O)NCc3ccc(C)cc3)ccc2Sc4ccc(C)cc41,CC1=Nc2cc(C(=O)NCc3cc(F)ccc3)ccc2Sc2ccc(C)cc21,0.11,0.91525906,0.99851257,0.8097521,1.0,1.0,0.79,0.79,386.52,1,"InChI=1S/C23H19FN2OS/c1-14-6-8-21-19(10-14)15(2)26-20-12-17(7-9-22(20)28-21)23(27)25-13-16-4-3-5-18(24)11-16/h3-12H,13H2,1-2H3,(H,25,27)","InChI=1S/C24H22N2OS/c1-15-4-7-18(8-5-15)14-25-24(27)19-9-11-23-21(13-19)26-17(3)20-12-16(2)6-10-22(20)28-23/h4-13H,14H2,1-3H3,(H,25,27)"
MCULE-2040607482,https://mcule.com/MCULE-2040607482/,,N1C2C=C(C=CC=2SC2C=CC(C)=CC=2C=1C)C(=O)NCC1=CC=C(C=C1)C,CC1=Nc2cc(C(=O)NCc3cc(F)ccc3)ccc2Sc2ccc(C)cc21,0.9410714285714286,0.91525906,0.99851257,0.8097521,1.0,1.0,0.79,0.79,386.52,1,"InChI=1S/C23H19FN2OS/c1-14-6-8-21-19(10-14)15(2)26-20-12-17(7-9-22(20)28-21)23(27)25-13-16-4-3-5-18(24)11-16/h3-12H,13H2,1-2H3,(H,25,27)","InChI=1S/C24H22N2OS/c1-15-4-7-18(8-5-15)14-25-24(27)19-9-11-23-21(13-19)26-17(3)20-12-16(2)6-10-22(20)28-23/h4-13H,14H2,1-3H3,(H,25,27)"
ZINC000004930151,ZINC000004930151,2.0,CCC1=Nc2cc(C(=O)NCc3ccccc3)ccc2Sc4ccc(C)cc41,CC1=Nc2cc(C(=O)NCc3cc(F)ccc3)ccc2Sc2ccc(C)cc21,0.0857142857142857,0.73114413,0.9988592,0.4721749,1.0,1.0,0.81,0.72,386.52,1,"InChI=1S/C23H19FN2OS/c1-14-6-8-21-19(10-14)15(2)26-20-12-17(7-9-22(20)28-21)23(27)25-13-16-4-3-5-18(24)11-16/h3-12H,13H2,1-2H3,(H,25,27)","InChI=1S/C24H22N2OS/c1-3-20-19-13-16(2)9-11-22(19)28-23-12-10-18(14-21(23)26-20)24(27)25-15-17-7-5-4-6-8-17/h4-14H,3,15H2,1-2H3,(H,25,27)"
MCULE-6561969005,https://mcule.com/MCULE-6561969005/,,N1C2C=C(C=CC=2SC2=CC=C(C)C=C2C=1CC)C(=O)NCC1C=CC(=CC=1)C,CC1=Nc2cc(C(=O)NCc3cc(F)ccc3)ccc2Sc2ccc(C)cc21,0.9042735042735044,0.82772297,0.9991252,0.635776,1.0,1.0,0.83,0.75,400.547,1,"InChI=1S/C23H19FN2OS/c1-14-6-8-21-19(10-14)15(2)26-20-12-17(7-9-22(20)28-21)23(27)25-13-16-4-3-5-18(24)11-16/h3-12H,13H2,1-2H3,(H,25,27)","InChI=1S/C25H24N2OS/c1-4-21-20-13-17(3)7-11-23(20)29-24-12-10-19(14-22(24)27-21)25(28)26-15-18-8-5-16(2)6-9-18/h5-14H,4,15H2,1-3H3,(H,26,28)"
MCULE-6622690555,https://mcule.com/MCULE-6622690555/,,N1C2C=C(C=CC=2SC2C=CC(C)=CC=2C=1CC)C(=O)NC(C)C1=CC=CC=C1,CC1=Nc2cc(C(=O)NCc3cc(F)ccc3)ccc2Sc2ccc(C)cc21,0.892436974789916,0.9651445,0.98919207,0.92841244,1.0,1.0,0.64,0.84,400.547,1,"InChI=1S/C23H19FN2OS/c1-14-6-8-21-19(10-14)15(2)26-20-12-17(7-9-22(20)28-21)23(27)25-13-16-4-3-5-18(24)11-16/h3-12H,13H2,1-2H3,(H,25,27)","InChI=1S/C25H24N2OS/c1-4-21-20-14-16(2)10-12-23(20)29-24-13-11-19(15-22(24)27-21)25(28)26-17(3)18-8-6-5-7-9-18/h5-15,17H,4H2,1-3H3,(H,26,28)"
ZINC000004901230,ZINC000004901230,3.0,CC1=Nc2cc(C(=O)NCc3cccnc3)ccc2Sc4ccccc41,CC1=Nc2cc(C(=O)NCc3c(OC)cccc3)ccc2Sc2ccccc21,0.625,0.87201726,0.983985,0.7315967,1.0,1.0,0.61,0.77,359.454,1,"InChI=1S/C23H20N2O2S/c1-15-18-8-4-6-10-21(18)28-22-12-11-16(13-19(22)25-15)23(26)24-14-17-7-3-5-9-20(17)27-2/h3-13H,14H2,1-2H3,(H,24,26)","InChI=1S/C21H17N3OS/c1-14-17-6-2-3-7-19(17)26-20-9-8-16(11-18(20)24-14)21(25)23-13-15-5-4-10-22-12-15/h2-12H,13H2,1H3,(H,23,25)"
ZINC000003037078,ZINC000003037078,3.0,CC1=Nc2cc(C(=O)NCc3ccccc3Cl)ccc2Sc4ccc(Cl)cc41,CC1=Nc2cc(C(=O)NCc3c(OC)cccc3)ccc2Sc2ccccc21,0.640625,0.98517025,0.98919207,0.97531843,1.0,1.0,0.64,0.89,427.356,1,"InChI=1S/C23H20N2O2S/c1-15-18-8-4-6-10-21(18)28-22-12-11-16(13-19(22)25-15)23(26)24-14-17-7-3-5-9-20(17)27-2/h3-13H,14H2,1-2H3,(H,24,26)","InChI=1S/C22H16Cl2N2OS/c1-13-17-11-16(23)7-9-20(17)28-21-8-6-14(10-19(21)26-13)22(27)25-12-15-4-2-3-5-18(15)24/h2-11H,12H2,1H3,(H,25,27)"
MCULE-1153524502,https://mcule.com/MCULE-1153524502/,,N1C2C=C(C=CC=2SC2C=CC(Cl)=CC=2C=1C)C(=O)NCC1C=CC=CC=1,CC1=Nc2cc(C(=O)NCc3c(OC)cccc3)ccc2Sc2ccccc21,0.8627118644067797,0.9651445,0.98919207,0.92841244,1.0,1.0,0.64,0.84,392.911,1,"InChI=1S/C23H20N2O2S/c1-15-18-8-4-6-10-21(18)28-22-12-11-16(13-19(22)25-15)23(26)24-14-17-7-3-5-9-20(17)27-2/h3-13H,14H2,1-2H3,(H,24,26)","InChI=1S/C22H17ClN2OS/c1-14-18-12-17(23)8-10-20(18)27-21-9-7-16(11-19(21)25-14)22(26)24-13-15-5-3-2-4-6-15/h2-12H,13H2,1H3,(H,24,26)"
ZINC000008583150,ZINC000008583150,2.0,CCC1=Nc2cc(C(=O)NCc3ccccc3OC)ccc2Sc4ccc(Cl)cc41,CC1=Nc2cc(C(=O)NCc3c(OC)cccc3)ccc2Sc2ccccc21,0.6716417910447762,0.9665767,0.9927187,0.92841244,1.0,1.0,0.67,0.84,436.964,1,"InChI=1S/C23H20N2O2S/c1-15-18-8-4-6-10-21(18)28-22-12-11-16(13-19(22)25-15)23(26)24-14-17-7-3-5-9-20(17)27-2/h3-13H,14H2,1-2H3,(H,24,26)","InChI=1S/C24H21ClN2O2S/c1-3-19-18-13-17(25)9-11-22(18)30-23-10-8-15(12-20(23)27-19)24(28)26-14-16-6-4-5-7-21(16)29-2/h4-13H,3,14H2,1-2H3,(H,26,28)"
MCULE-9301248301,https://mcule.com/MCULE-9301248301/,,N1C2C=C(C=CC=2SC2C=CC(Cl)=CC=2C=1CC)C(=O)NCC1=CC=CC=C1OC,CC1=Nc2cc(C(=O)NCc3c(OC)cccc3)ccc2Sc2ccccc21,0.905844155844156,0.9665767,0.9927187,0.92841244,1.0,1.0,0.67,0.84,436.964,1,"InChI=1S/C23H20N2O2S/c1-15-18-8-4-6-10-21(18)28-22-12-11-16(13-19(22)25-15)23(26)24-14-17-7-3-5-9-20(17)27-2/h3-13H,14H2,1-2H3,(H,24,26)","InChI=1S/C24H21ClN2O2S/c1-3-19-18-13-17(25)9-11-22(18)30-23-10-8-15(12-20(23)27-19)24(28)26-14-16-6-4-5-7-21(16)29-2/h4-13H,3,14H2,1-2H3,(H,26,28)"
MCULE-2295027745,https://mcule.com/MCULE-2295027745/,,N1C2C=C(C=CC=2SC2C=CC(Cl)=CC=2C=1CC)C(=O)NCC1=CC=C(C=C1)OC,CC1=Nc2cc(C(=O)NCc3c(OC)cccc3)ccc2Sc2ccccc21,0.8661290322580645,0.9867518,0.9991252,0.9693466,1.0,1.0,0.83,0.88,436.964,1,"InChI=1S/C23H20N2O2S/c1-15-18-8-4-6-10-21(18)28-22-12-11-16(13-19(22)25-15)23(26)24-14-17-7-3-5-9-20(17)27-2/h3-13H,14H2,1-2H3,(H,24,26)","InChI=1S/C24H21ClN2O2S/c1-3-20-19-13-17(25)7-11-22(19)30-23-10-6-16(12-21(23)27-20)24(28)26-14-15-4-8-18(29-2)9-5-15/h4-13H,3,14H2,1-2H3,(H,26,28)"
MCULE-4298234344,https://mcule.com/MCULE-4298234344/,,N1C2C=C(C=CC=2SC2C=CC=CC=2C=1CCC)C(=O)NCC1=CC=C(C=C1)OC,CC1=Nc2cc(C(=O)NCc3c(OC)cccc3)ccc2Sc2ccccc21,0.8981636060100167,0.50067765,0.9991252,0.19024788,1.0,1.0,0.83,0.66,416.546,1,"InChI=1S/C23H20N2O2S/c1-15-18-8-4-6-10-21(18)28-22-12-11-16(13-19(22)25-15)23(26)24-14-17-7-3-5-9-20(17)27-2/h3-13H,14H2,1-2H3,(H,24,26)","InChI=1S/C25H24N2O2S/c1-3-6-21-20-7-4-5-8-23(20)30-24-14-11-18(15-22(24)27-21)25(28)26-16-17-9-12-19(29-2)13-10-17/h4-5,7-15H,3,6,16H2,1-2H3,(H,26,28)"
ZINC000004930462,ZINC000004930462,2.0,CCCC1=Nc2cc(C(=O)NCc3ccccc3OC)ccc2Sc4ccccc41,CC1=Nc2cc(C(=O)NCc3c(OC)cccc3)ccc2Sc2ccccc21,0.7419354838709677,0.65626395,0.9991252,0.36422405,1.0,1.0,0.83,0.7,416.546,1,"InChI=1S/C23H20N2O2S/c1-15-18-8-4-6-10-21(18)28-22-12-11-16(13-19(22)25-15)23(26)24-14-17-7-3-5-9-20(17)27-2/h3-13H,14H2,1-2H3,(H,24,26)","InChI=1S/C25H24N2O2S/c1-3-8-20-19-10-5-7-12-23(19)30-24-14-13-17(15-21(24)27-20)25(28)26-16-18-9-4-6-11-22(18)29-2/h4-7,9-15H,3,8,16H2,1-2H3,(H,26,28)"
MCULE-1253350417,https://mcule.com/MCULE-1253350417/,,N1C2C=C(C=CC=2SC2C=CC=CC=2C=1CCC)C(=O)NCC1=CC=CC=C1OC,CC1=Nc2cc(C(=O)NCc3c(OC)cccc3)ccc2Sc2ccccc21,0.9378151260504202,0.65626395,0.9991252,0.36422405,1.0,1.0,0.83,0.7,416.546,1,"InChI=1S/C23H20N2O2S/c1-15-18-8-4-6-10-21(18)28-22-12-11-16(13-19(22)25-15)23(26)24-14-17-7-3-5-9-20(17)27-2/h3-13H,14H2,1-2H3,(H,24,26)","InChI=1S/C25H24N2O2S/c1-3-8-20-19-10-5-7-12-23(19)30-24-14-13-17(15-21(24)27-20)25(28)26-16-18-9-4-6-11-22(18)29-2/h4-7,9-15H,3,8,16H2,1-2H3,(H,26,28)"
ZINC000004930411,ZINC000004930411,2.0,CCC1=Nc2cc(C(=O)NCc3ccccc3OC)ccc2Sc4ccc(C)cc41,CC1=Nc2cc(C(=O)NCc3c(OC)cccc3)ccc2Sc2ccccc21,0.6818181818181818,0.91508645,0.9980608,0.8097521,1.0,1.0,0.77,0.79,416.546,1,"InChI=1S/C23H20N2O2S/c1-15-18-8-4-6-10-21(18)28-22-12-11-16(13-19(22)25-15)23(26)24-14-17-7-3-5-9-20(17)27-2/h3-13H,14H2,1-2H3,(H,24,26)","InChI=1S/C25H24N2O2S/c1-4-20-19-13-16(2)9-11-23(19)30-24-12-10-17(14-21(24)27-20)25(28)26-15-18-7-5-6-8-22(18)29-3/h5-14H,4,15H2,1-3H3,(H,26,28)"
MCULE-2991428382,https://mcule.com/MCULE-2991428382/,,N1C2C=C(C=CC=2SC2C=CC(C)=CC=2C=1CC)C(=O)NCC1=CC=CC=C1OC,CC1=Nc2cc(C(=O)NCc3c(OC)cccc3)ccc2Sc2ccccc21,0.9192751235584844,0.91508645,0.9980608,0.8097521,1.0,1.0,0.77,0.79,416.546,1,"InChI=1S/C23H20N2O2S/c1-15-18-8-4-6-10-21(18)28-22-12-11-16(13-19(22)25-15)23(26)24-14-17-7-3-5-9-20(17)27-2/h3-13H,14H2,1-2H3,(H,24,26)","InChI=1S/C25H24N2O2S/c1-4-20-19-13-16(2)9-11-23(19)30-24-12-10-17(14-21(24)27-20)25(28)26-15-18-7-5-6-8-22(18)29-3/h5-14H,4,15H2,1-3H3,(H,26,28)"
MCULE-9286432657,https://mcule.com/MCULE-9286432657/,,N1C2C=C(C=CC=2SC2C=CC(C)=CC=2C=1CC)C(=O)NCC1=CC=C(C=C1)OC,CC1=Nc2cc(C(=O)NCc3c(OC)cccc3)ccc2Sc2ccccc21,0.8756137479541735,0.897657,0.9983016,0.7730422,1.0,1.0,0.78,0.78,416.546,1,"InChI=1S/C23H20N2O2S/c1-15-18-8-4-6-10-21(18)28-22-12-11-16(13-19(22)25-15)23(26)24-14-17-7-3-5-9-20(17)27-2/h3-13H,14H2,1-2H3,(H,24,26)","InChI=1S/C25H24N2O2S/c1-4-21-20-13-16(2)5-11-23(20)30-24-12-8-18(14-22(24)27-21)25(28)26-15-17-6-9-19(29-3)10-7-17/h5-14H,4,15H2,1-3H3,(H,26,28)"
MCULE-6888845344,https://mcule.com/MCULE-6888845344/,,N1C2C=C(C=CC=2SC2C=CC(C)=CC=2C=1CCC)C(=O)NCC1=CC=C(C=C1)OC,CC1=Nc2cc(C(=O)NCc3c(OC)cccc3)ccc2Sc2ccccc21,0.8663446054750402,0.6940846,0.9977859,0.4172078,1.0,1.0,0.76,0.71,430.573,1,"InChI=1S/C23H20N2O2S/c1-15-18-8-4-6-10-21(18)28-22-12-11-16(13-19(22)25-15)23(26)24-14-17-7-3-5-9-20(17)27-2/h3-13H,14H2,1-2H3,(H,24,26)","InChI=1S/C26H26N2O2S/c1-4-5-22-21-14-17(2)6-12-24(21)31-25-13-9-19(15-23(25)28-22)26(29)27-16-18-7-10-20(30-3)11-8-18/h6-15H,4-5,16H2,1-3H3,(H,27,29)"
MCULE-1153524502,https://mcule.com/MCULE-1153524502/,,N1C2C=C(C=CC=2SC2C=CC(Cl)=CC=2C=1C)C(=O)NCC1C=CC=CC=1,CC1=Nc2cc(C(=O)NCc3cc(OC)ccc3)ccc2Sc2ccccc21,0.8817391304347826,0.9651445,0.98919207,0.92841244,1.0,1.0,0.64,0.84,392.911,1,"InChI=1S/C23H20N2O2S/c1-15-19-8-3-4-9-21(19)28-22-11-10-17(13-20(22)25-15)23(26)24-14-16-6-5-7-18(12-16)27-2/h3-13H,14H2,1-2H3,(H,24,26)","InChI=1S/C22H17ClN2OS/c1-14-18-12-17(23)8-10-20(18)27-21-9-7-16(11-19(21)25-14)22(26)24-13-15-5-3-2-4-6-15/h2-12H,13H2,1H3,(H,24,26)"
MCULE-2295027745,https://mcule.com/MCULE-2295027745/,,N1C2C=C(C=CC=2SC2C=CC(Cl)=CC=2C=1CC)C(=O)NCC1=CC=C(C=C1)OC,CC1=Nc2cc(C(=O)NCc3cc(OC)ccc3)ccc2Sc2ccccc21,0.8842975206611571,0.9867518,0.9991252,0.9693466,1.0,1.0,0.83,0.88,436.964,1,"InChI=1S/C23H20N2O2S/c1-15-19-8-3-4-9-21(19)28-22-11-10-17(13-20(22)25-15)23(26)24-14-16-6-5-7-18(12-16)27-2/h3-13H,14H2,1-2H3,(H,24,26)","InChI=1S/C24H21ClN2O2S/c1-3-20-19-13-17(25)7-11-22(19)30-23-10-6-16(12-21(23)27-20)24(28)26-14-15-4-8-18(29-2)9-5-15/h4-13H,3,14H2,1-2H3,(H,26,28)"
MCULE-2040607482,https://mcule.com/MCULE-2040607482/,,N1C2C=C(C=CC=2SC2C=CC(C)=CC=2C=1C)C(=O)NCC1=CC=C(C=C1)C,CC1=Nc2cc(C(=O)NCc3cc(OC)ccc3)ccc2Sc2ccccc21,0.8811188811188811,0.91525906,0.99851257,0.8097521,1.0,1.0,0.79,0.79,386.52,1,"InChI=1S/C23H20N2O2S/c1-15-19-8-3-4-9-21(19)28-22-11-10-17(13-20(22)25-15)23(26)24-14-16-6-5-7-18(12-16)27-2/h3-13H,14H2,1-2H3,(H,24,26)","InChI=1S/C24H22N2OS/c1-15-4-7-18(8-5-15)14-25-24(27)19-9-11-23-21(13-19)26-17(3)20-12-16(2)6-10-22(20)28-23/h4-13H,14H2,1-3H3,(H,25,27)"
MCULE-4298234344,https://mcule.com/MCULE-4298234344/,,N1C2C=C(C=CC=2SC2C=CC=CC=2C=1CCC)C(=O)NCC1=CC=C(C=C1)OC,CC1=Nc2cc(C(=O)NCc3cc(OC)ccc3)ccc2Sc2ccccc21,0.9145299145299144,0.50067765,0.9991252,0.19024788,1.0,1.0,0.83,0.66,416.546,1,"InChI=1S/C23H20N2O2S/c1-15-19-8-3-4-9-21(19)28-22-11-10-17(13-20(22)25-15)23(26)24-14-16-6-5-7-18(12-16)27-2/h3-13H,14H2,1-2H3,(H,24,26)","InChI=1S/C25H24N2O2S/c1-3-6-21-20-7-4-5-8-23(20)30-24-14-11-18(15-22(24)27-21)25(28)26-16-17-9-12-19(29-2)13-10-17/h4-5,7-15H,3,6,16H2,1-2H3,(H,26,28)"
MCULE-1253350417,https://mcule.com/MCULE-1253350417/,,N1C2C=C(C=CC=2SC2C=CC=CC=2C=1CCC)C(=O)NCC1=CC=CC=C1OC,CC1=Nc2cc(C(=O)NCc3cc(OC)ccc3)ccc2Sc2ccccc21,0.8901830282861897,0.65626395,0.9991252,0.36422405,1.0,1.0,0.83,0.7,416.546,1,"InChI=1S/C23H20N2O2S/c1-15-19-8-3-4-9-21(19)28-22-11-10-17(13-20(22)25-15)23(26)24-14-16-6-5-7-18(12-16)27-2/h3-13H,14H2,1-2H3,(H,24,26)","InChI=1S/C25H24N2O2S/c1-3-8-20-19-10-5-7-12-23(19)30-24-14-13-17(15-21(24)27-20)25(28)26-16-18-9-4-6-11-22(18)29-2/h4-7,9-15H,3,8,16H2,1-2H3,(H,26,28)"
MCULE-9286432657,https://mcule.com/MCULE-9286432657/,,N1C2C=C(C=CC=2SC2C=CC(C)=CC=2C=1CC)C(=O)NCC1=CC=C(C=C1)OC,CC1=Nc2cc(C(=O)NCc3cc(OC)ccc3)ccc2Sc2ccccc21,0.9006734006734006,0.897657,0.9983016,0.7730422,1.0,1.0,0.78,0.78,416.546,1,"InChI=1S/C23H20N2O2S/c1-15-19-8-3-4-9-21(19)28-22-11-10-17(13-20(22)25-15)23(26)24-14-16-6-5-7-18(12-16)27-2/h3-13H,14H2,1-2H3,(H,24,26)","InChI=1S/C25H24N2O2S/c1-4-21-20-13-16(2)5-11-23(20)30-24-12-8-18(14-22(24)27-21)25(28)26-15-17-6-9-19(29-3)10-7-17/h5-14H,4,15H2,1-3H3,(H,26,28)"
MCULE-6888845344,https://mcule.com/MCULE-6888845344/,,N1C2C=C(C=CC=2SC2C=CC(C)=CC=2C=1CCC)C(=O)NCC1=CC=C(C=C1)OC,CC1=Nc2cc(C(=O)NCc3cc(OC)ccc3)ccc2Sc2ccccc21,0.8813838550247117,0.6940846,0.9977859,0.4172078,1.0,1.0,0.76,0.71,430.573,1,"InChI=1S/C23H20N2O2S/c1-15-19-8-3-4-9-21(19)28-22-11-10-17(13-20(22)25-15)23(26)24-14-16-6-5-7-18(12-16)27-2/h3-13H,14H2,1-2H3,(H,24,26)","InChI=1S/C26H26N2O2S/c1-4-5-22-21-14-17(2)6-12-24(21)31-25-13-9-19(15-23(25)28-22)26(29)27-16-18-7-10-20(30-3)11-8-18/h6-15H,4-5,16H2,1-3H3,(H,27,29)"
MCULE-2433955741,https://mcule.com/MCULE-2433955741/,,N1C2C=C(C=CC=2SC2C=CC(Cl)=CC=2C=1C)C(NCCCOC)=O,CC1=Nc2cc(C(=O)NCCCc3ccccc3)ccc2Sc2ccc(Cl)cc21,0.945945945945946,0.929064,0.99570715,0.8417399,1.0,1.0,0.71,0.8,374.893,1,"InChI=1S/C24H21ClN2OS/c1-16-20-15-19(25)10-12-22(20)29-23-11-9-18(14-21(23)27-16)24(28)26-13-5-8-17-6-3-2-4-7-17/h2-4,6-7,9-12,14-15H,5,8,13H2,1H3,(H,26,28)","InChI=1S/C19H19ClN2O2S/c1-12-15-11-14(20)5-7-17(15)25-18-6-4-13(10-16(18)22-12)19(23)21-8-3-9-24-2/h4-7,10-11H,3,8-9H2,1-2H3,(H,21,23)"
MCULE-2203522761,https://mcule.com/MCULE-2203522761/,,N1C2C=C(C=CC=2SC2=CC=C(Cl)C=C2C=1C)C(NCCCOC(C)C)=O,CC1=Nc2cc(C(=O)NCCCc3ccccc3)ccc2Sc2ccc(Cl)cc21,0.9275618374558304,0.76420945,0.99361867,0.52782506,1.0,1.0,0.68,0.73,402.947,1,"InChI=1S/C24H21ClN2OS/c1-16-20-15-19(25)10-12-22(20)29-23-11-9-18(14-21(23)27-16)24(28)26-13-5-8-17-6-3-2-4-7-17/h2-4,6-7,9-12,14-15H,5,8,13H2,1H3,(H,26,28)","InChI=1S/C21H23ClN2O2S/c1-13(2)26-10-4-9-23-21(25)15-5-7-20-18(11-15)24-14(3)17-12-16(22)6-8-19(17)27-20/h5-8,11-13H,4,9-10H2,1-3H3,(H,23,25)"
MCULE-1829460973,https://mcule.com/MCULE-1829460973/,,N1C2C=C(C=CC=2SC2C=CC(Cl)=CC=2C=1CC)C(NCCCOCC)=O,CC1=Nc2cc(C(=O)NCCCc3ccccc3)ccc2Sc2ccc(Cl)cc21,0.92560553633218,0.5779809,0.99954957,0.26840332,1.0,1.0,0.88,0.68,402.947,1,"InChI=1S/C24H21ClN2OS/c1-16-20-15-19(25)10-12-22(20)29-23-11-9-18(14-21(23)27-16)24(28)26-13-5-8-17-6-3-2-4-7-17/h2-4,6-7,9-12,14-15H,5,8,13H2,1H3,(H,26,28)","InChI=1S/C21H23ClN2O2S/c1-3-17-16-13-15(22)7-9-19(16)27-20-8-6-14(12-18(20)24-17)21(25)23-10-5-11-26-4-2/h6-9,12-13H,3-5,10-11H2,1-2H3,(H,23,25)"
MCULE-5784346685,https://mcule.com/MCULE-5784346685/,,N1C2C=C(C=CC=2SC2C=CC(Cl)=CC=2C=1CC)C(NCCC(C)C)=O,CC1=Nc2cc(C(=O)NCCCc3ccccc3)ccc2Sc2ccc(Cl)cc21,0.9404553415061296,0.8272605,0.9977859,0.635776,1.0,1.0,0.76,0.75,386.948,1,"InChI=1S/C24H21ClN2OS/c1-16-20-15-19(25)10-12-22(20)29-23-11-9-18(14-21(23)27-16)24(28)26-13-5-8-17-6-3-2-4-7-17/h2-4,6-7,9-12,14-15H,5,8,13H2,1H3,(H,26,28)","InChI=1S/C21H23ClN2OS/c1-4-17-16-12-15(22)6-8-19(16)26-20-7-5-14(11-18(20)24-17)21(25)23-10-9-13(2)3/h5-8,11-13H,4,9-10H2,1-3H3,(H,23,25)"
ZINC000004929775,ZINC000004929775,2.0,CC1=Nc2cc(C(=O)NCc3ccccc3)ccc2Sc4ccc(Cl)cc41,CC1=Nc2cc(C(=O)NCCCc3ccccc3)ccc2Sc2ccc(Cl)cc21,0.3289473684210526,0.9651445,0.98919207,0.92841244,1.0,1.0,0.64,0.84,392.911,1,"InChI=1S/C24H21ClN2OS/c1-16-20-15-19(25)10-12-22(20)29-23-11-9-18(14-21(23)27-16)24(28)26-13-5-8-17-6-3-2-4-7-17/h2-4,6-7,9-12,14-15H,5,8,13H2,1H3,(H,26,28)","InChI=1S/C22H17ClN2OS/c1-14-18-12-17(23)8-10-20(18)27-21-9-7-16(11-19(21)25-14)22(26)24-13-15-5-3-2-4-6-15/h2-12H,13H2,1H3,(H,24,26)"
MCULE-1153524502,https://mcule.com/MCULE-1153524502/,,N1C2C=C(C=CC=2SC2C=CC(Cl)=CC=2C=1C)C(=O)NCC1C=CC=CC=1,CC1=Nc2cc(C(=O)NCCCc3ccccc3)ccc2Sc2ccc(Cl)cc21,0.9219858156028368,0.9651445,0.98919207,0.92841244,1.0,1.0,0.64,0.84,392.911,1,"InChI=1S/C24H21ClN2OS/c1-16-20-15-19(25)10-12-22(20)29-23-11-9-18(14-21(23)27-16)24(28)26-13-5-8-17-6-3-2-4-7-17/h2-4,6-7,9-12,14-15H,5,8,13H2,1H3,(H,26,28)","InChI=1S/C22H17ClN2OS/c1-14-18-12-17(23)8-10-20(18)27-21-9-7-16(11-19(21)25-14)22(26)24-13-15-5-3-2-4-6-15/h2-12H,13H2,1H3,(H,24,26)"
ZINC000004929355,ZINC000004929355,2.0,CC1=Nc2cc(C(=O)NCCc3ccccc3)ccc2Sc4ccccc41,CC1=Nc2cc(C(=O)NCCCc3ccccc3)ccc2Sc2ccc(Cl)cc21,0.7288135593220338,0.89366335,0.98767555,0.7730422,1.0,1.0,0.63,0.78,372.493,1,"InChI=1S/C24H21ClN2OS/c1-16-20-15-19(25)10-12-22(20)29-23-11-9-18(14-21(23)27-16)24(28)26-13-5-8-17-6-3-2-4-7-17/h2-4,6-7,9-12,14-15H,5,8,13H2,1H3,(H,26,28)","InChI=1S/C23H20N2OS/c1-16-19-9-5-6-10-21(19)27-22-12-11-18(15-20(22)25-16)23(26)24-14-13-17-7-3-2-4-8-17/h2-12,15H,13-14H2,1H3,(H,24,26)"
ZINC000004929923,ZINC000004929923,2.0,CCC1=Nc2cc(C(=O)NCCc3ccccc3)ccc2Sc4ccc(Cl)cc41,CC1=Nc2cc(C(=O)NCCCc3ccccc3)ccc2Sc2ccc(Cl)cc21,0.6923076923076923,0.9890317,0.983985,0.9897282,1.0,1.0,0.61,0.93,420.965,1,"InChI=1S/C24H21ClN2OS/c1-16-20-15-19(25)10-12-22(20)29-23-11-9-18(14-21(23)27-16)24(28)26-13-5-8-17-6-3-2-4-7-17/h2-4,6-7,9-12,14-15H,5,8,13H2,1H3,(H,26,28)","InChI=1S/C24H21ClN2OS/c1-2-20-19-15-18(25)9-11-22(19)29-23-10-8-17(14-21(23)27-20)24(28)26-13-12-16-6-4-3-5-7-16/h3-11,14-15H,2,12-13H2,1H3,(H,26,28)"
MCULE-3283587573,https://mcule.com/MCULE-3283587573/,,N1C2C=C(C=CC=2SC2C=CC(Cl)=CC=2C=1CC)C(NCCC1C=CC=CC=1)=O,CC1=Nc2cc(C(=O)NCCCc3ccccc3)ccc2Sc2ccc(Cl)cc21,0.9405594405594404,0.9890317,0.983985,0.9897282,1.0,1.0,0.61,0.93,420.965,1,"InChI=1S/C24H21ClN2OS/c1-16-20-15-19(25)10-12-22(20)29-23-11-9-18(14-21(23)27-16)24(28)26-13-5-8-17-6-3-2-4-7-17/h2-4,6-7,9-12,14-15H,5,8,13H2,1H3,(H,26,28)","InChI=1S/C24H21ClN2OS/c1-2-20-19-15-18(25)9-11-22(19)29-23-10-8-17(14-21(23)27-20)24(28)26-13-12-16-6-4-3-5-7-16/h3-11,14-15H,2,12-13H2,1H3,(H,26,28)"
ZINC000009608354,ZINC000009608354,2.0,CCC1=Nc2cc(C(=O)NCCCc3ccccc3)ccc2Sc4ccc(Br)cc41,CC1=Nc2cc(C(=O)NCCCc3ccccc3)ccc2Sc2ccc(Cl)cc21,0.6,0.929064,0.99570715,0.8417399,1.0,1.0,0.71,0.8,479.443,1,"InChI=1S/C24H21ClN2OS/c1-16-20-15-19(25)10-12-22(20)29-23-11-9-18(14-21(23)27-16)24(28)26-13-5-8-17-6-3-2-4-7-17/h2-4,6-7,9-12,14-15H,5,8,13H2,1H3,(H,26,28)","InChI=1S/C25H23BrN2OS/c1-2-21-20-16-19(26)11-13-23(20)30-24-12-10-18(15-22(24)28-21)25(29)27-14-6-9-17-7-4-3-5-8-17/h3-5,7-8,10-13,15-16H,2,6,9,14H2,1H3,(H,27,29)"
ZINC000020179005,ZINC000020179005,1.0,CCC1=Nc2cc(C(=O)NCCCc3ccccc3)ccc2Sc4ccc(Cl)cc41,CC1=Nc2cc(C(=O)NCCCc3ccccc3)ccc2Sc2ccc(Cl)cc21,0.7777777777777778,0.91439015,0.9962391,0.8097521,1.0,1.0,0.72,0.79,434.992,1,"InChI=1S/C24H21ClN2OS/c1-16-20-15-19(25)10-12-22(20)29-23-11-9-18(14-21(23)27-16)24(28)26-13-5-8-17-6-3-2-4-7-17/h2-4,6-7,9-12,14-15H,5,8,13H2,1H3,(H,26,28)","InChI=1S/C25H23ClN2OS/c1-2-21-20-16-19(26)11-13-23(20)30-24-12-10-18(15-22(24)28-21)25(29)27-14-6-9-17-7-4-3-5-8-17/h3-5,7-8,10-13,15-16H,2,6,9,14H2,1H3,(H,27,29)"
MCULE-2883797677,https://mcule.com/MCULE-2883797677/,,N1C2C=C(C=CC=2SC2C=CC(Cl)=CC=2C=1CC)C(NCCCC1C=CC=CC=1)=O,CC1=Nc2cc(C(=O)NCCCc3ccccc3)ccc2Sc2ccc(Cl)cc21,0.9576719576719576,0.91439015,0.9962391,0.8097521,1.0,1.0,0.72,0.79,434.992,1,"InChI=1S/C24H21ClN2OS/c1-16-20-15-19(25)10-12-22(20)29-23-11-9-18(14-21(23)27-16)24(28)26-13-5-8-17-6-3-2-4-7-17/h2-4,6-7,9-12,14-15H,5,8,13H2,1H3,(H,26,28)","InChI=1S/C25H23ClN2OS/c1-2-21-20-16-19(26)11-13-23(20)30-24-12-10-18(15-22(24)28-21)25(29)27-14-6-9-17-7-4-3-5-8-17/h3-5,7-8,10-13,15-16H,2,6,9,14H2,1H3,(H,27,29)"
ZINC000004930405,ZINC000004930405,2.0,CCC1=Nc2cc(C(=O)NCCCc3ccccc3)ccc2Sc4ccc(C)cc41,CC1=Nc2cc(C(=O)NCCCc3ccccc3)ccc2Sc2ccc(Cl)cc21,0.6086956521739131,0.61685336,0.9977859,0.31433976,1.0,1.0,0.76,0.69,414.574,1,"InChI=1S/C24H21ClN2OS/c1-16-20-15-19(25)10-12-22(20)29-23-11-9-18(14-21(23)27-16)24(28)26-13-5-8-17-6-3-2-4-7-17/h2-4,6-7,9-12,14-15H,5,8,13H2,1H3,(H,26,28)","InChI=1S/C26H26N2OS/c1-3-22-21-16-18(2)11-13-24(21)30-25-14-12-20(17-23(25)28-22)26(29)27-15-7-10-19-8-5-4-6-9-19/h4-6,8-9,11-14,16-17H,3,7,10,15H2,1-2H3,(H,27,29)"
MCULE-5930507867,https://mcule.com/MCULE-5930507867/,,C12C(C)=CC=C(C)C=1C(C)=NC1C=C(C=CC=1S2)C(NCCCC)=O,CC1=Nc2cc(C(=O)NCc3ccc(F)cc3)ccc2Sc2c(C)ccc(C)c21,0.914516129032258,0.8231572,0.9859492,0.635776,1.0,1.0,0.62,0.75,352.503,1,"InChI=1S/C24H21FN2OS/c1-14-4-5-15(2)23-22(14)16(3)27-20-12-18(8-11-21(20)29-23)24(28)26-13-17-6-9-19(25)10-7-17/h4-12H,13H2,1-3H3,(H,26,28)","InChI=1S/C21H24N2OS/c1-5-6-11-22-21(24)16-9-10-18-17(12-16)23-15(4)19-13(2)7-8-14(3)20(19)25-18/h7-10,12H,5-6,11H2,1-4H3,(H,22,24)"
ZINC000004929285,ZINC000004929285,3.0,CC1=Nc2cc(C(=O)NCc3ccc(C)cc3)ccc2Sc4ccccc41,CC1=Nc2cc(C(=O)NCc3ccc(F)cc3)ccc2Sc2c(C)ccc(C)c21,0.5846153846153846,0.87610817,0.99510026,0.7315967,1.0,1.0,0.7,0.77,372.493,1,"InChI=1S/C24H21FN2OS/c1-14-4-5-15(2)23-22(14)16(3)27-20-12-18(8-11-21(20)29-23)24(28)26-13-17-6-9-19(25)10-7-17/h4-12H,13H2,1-3H3,(H,26,28)","InChI=1S/C23H20N2OS/c1-15-7-9-17(10-8-15)14-24-23(26)18-11-12-22-20(13-18)25-16(2)19-5-3-4-6-21(19)27-22/h3-13H,14H2,1-2H3,(H,24,26)"
MCULE-5304352317,https://mcule.com/MCULE-5304352317/,,C12C(C)=CC=C(C)C=1C(C)=NC1C=C(C=CC=1S2)C(=O)NCC1=CC=C(C=C1)Cl,CC1=Nc2cc(C(=O)NCc3ccc(F)cc3)ccc2Sc2c(C)ccc(C)c21,0.9334389857369256,0.9585855,0.9905238,0.9121139,1.0,1.0,0.65,0.83,420.965,1,"InChI=1S/C24H21FN2OS/c1-14-4-5-15(2)23-22(14)16(3)27-20-12-18(8-11-21(20)29-23)24(28)26-13-17-6-9-19(25)10-7-17/h4-12H,13H2,1-3H3,(H,26,28)","InChI=1S/C24H21ClN2OS/c1-14-4-5-15(2)23-22(14)16(3)27-20-12-18(8-11-21(20)29-23)24(28)26-13-17-6-9-19(25)10-7-17/h4-12H,13H2,1-3H3,(H,26,28)"
ZINC000005035926,ZINC000005035926,1.0,CC1=Nc2cc(C(=O)NCc3ccc(Cl)cc3)ccc2Sc4c(C)ccc(C)c41,CC1=Nc2cc(C(=O)NCc3ccc(F)cc3)ccc2Sc2c(C)ccc(C)c21,0.8,0.9585855,0.9905238,0.9121139,1.0,1.0,0.65,0.83,420.965,1,"InChI=1S/C24H21FN2OS/c1-14-4-5-15(2)23-22(14)16(3)27-20-12-18(8-11-21(20)29-23)24(28)26-13-17-6-9-19(25)10-7-17/h4-12H,13H2,1-3H3,(H,26,28)","InChI=1S/C24H21ClN2OS/c1-14-4-5-15(2)23-22(14)16(3)27-20-12-18(8-11-21(20)29-23)24(28)26-13-17-6-9-19(25)10-7-17/h4-12H,13H2,1-3H3,(H,26,28)"
MCULE-7427575619,https://mcule.com/MCULE-7427575619/,,C12C(C)=CC=C(C)C=1C(C)=NC1C=C(C=CC=1S2)C(=O)NCC1=CC=C(C=C1)F,CC1=Nc2cc(C(=O)NCc3ccc(F)cc3)ccc2Sc2c(C)ccc(C)c21,1.0,0.91220075,0.9905238,0.8097521,1.0,1.0,0.65,0.79,404.51,1,"InChI=1S/C24H21FN2OS/c1-14-4-5-15(2)23-22(14)16(3)27-20-12-18(8-11-21(20)29-23)24(28)26-13-17-6-9-19(25)10-7-17/h4-12H,13H2,1-3H3,(H,26,28)","InChI=1S/C24H21FN2OS/c1-14-4-5-15(2)23-22(14)16(3)27-20-12-18(8-11-21(20)29-23)24(28)26-13-17-6-9-19(25)10-7-17/h4-12H,13H2,1-3H3,(H,26,28)"
ZINC000005035914,ZINC000005035914,0.0,CC1=Nc2cc(C(=O)NCc3ccc(F)cc3)ccc2Sc4c(C)ccc(C)c41,CC1=Nc2cc(C(=O)NCc3ccc(F)cc3)ccc2Sc2c(C)ccc(C)c21,1.0,0.91220075,0.9905238,0.8097521,1.0,1.0,0.65,0.79,404.51,1,"InChI=1S/C24H21FN2OS/c1-14-4-5-15(2)23-22(14)16(3)27-20-12-18(8-11-21(20)29-23)24(28)26-13-17-6-9-19(25)10-7-17/h4-12H,13H2,1-3H3,(H,26,28)","InChI=1S/C24H21FN2OS/c1-14-4-5-15(2)23-22(14)16(3)27-20-12-18(8-11-21(20)29-23)24(28)26-13-17-6-9-19(25)10-7-17/h4-12H,13H2,1-3H3,(H,26,28)"
ZINC000005035905,ZINC000005035905,1.0,CC1=Nc2cc(C(=O)NCc3ccccc3)ccc2Sc4c(C)ccc(C)c41,CC1=Nc2cc(C(=O)NCc3ccc(F)cc3)ccc2Sc2c(C)ccc(C)c21,0.8245614035087719,0.9481268,0.9859492,0.89253426,1.0,1.0,0.62,0.82,386.52,1,"InChI=1S/C24H21FN2OS/c1-14-4-5-15(2)23-22(14)16(3)27-20-12-18(8-11-21(20)29-23)24(28)26-13-17-6-9-19(25)10-7-17/h4-12H,13H2,1-3H3,(H,26,28)","InChI=1S/C24H22N2OS/c1-15-9-10-16(2)23-22(15)17(3)26-20-13-19(11-12-21(20)28-23)24(27)25-14-18-7-5-4-6-8-18/h4-13H,14H2,1-3H3,(H,25,27)"
MCULE-8454725046,https://mcule.com/MCULE-8454725046/,,N1C2C=C(C=CC=2SC2C=CC=CC=2C=1CC)C(=O)NCC1=CC=C(C=C1)F,CCC1=Nc2cc(C(=O)NCc3cc(F)ccc3)ccc2Sc2ccc(C)cc21,0.9449225473321858,0.9304337,0.9992339,0.8417399,1.0,1.0,0.84,0.8,390.483,1,"InChI=1S/C24H21FN2OS/c1-3-20-19-11-15(2)7-9-22(19)29-23-10-8-17(13-21(23)27-20)24(28)26-14-16-5-4-6-18(25)12-16/h4-13H,3,14H2,1-2H3,(H,26,28)","InChI=1S/C23H19FN2OS/c1-2-19-18-5-3-4-6-21(18)28-22-12-9-16(13-20(22)26-19)23(27)25-14-15-7-10-17(24)11-8-15/h3-13H,2,14H2,1H3,(H,25,27)"
ZINC000004712594,ZINC000004712594,2.0,CCC1=Nc2cc(C(=O)NCc3ccccc3Cl)ccc2Sc4ccc(C)cc41,CCC1=Nc2cc(C(=O)NCc3cc(F)ccc3)ccc2Sc2ccc(C)cc21,0.6666666666666666,0.97877055,0.9967054,0.9529439,1.0,1.0,0.73,0.86,420.965,1,"InChI=1S/C24H21FN2OS/c1-3-20-19-11-15(2)7-9-22(19)29-23-10-8-17(13-21(23)27-20)24(28)26-14-16-5-4-6-18(25)12-16/h4-13H,3,14H2,1-2H3,(H,26,28)","InChI=1S/C24H21ClN2OS/c1-3-20-18-12-15(2)8-10-22(18)29-23-11-9-16(13-21(23)27-20)24(28)26-14-17-6-4-5-7-19(17)25/h4-13H,3,14H2,1-2H3,(H,26,28)"
MCULE-5416782635,https://mcule.com/MCULE-5416782635/,,N1C2C=C(C=CC=2SC2=CC=C(C)C=C2C=1CC)C(=O)NCC1=CC=CC=C1Cl,CCC1=Nc2cc(C(=O)NCc3cc(F)ccc3)ccc2Sc2ccc(C)cc21,0.9111842105263158,0.97877055,0.9967054,0.9529439,1.0,1.0,0.73,0.86,420.965,1,"InChI=1S/C24H21FN2OS/c1-3-20-19-11-15(2)7-9-22(19)29-23-10-8-17(13-21(23)27-20)24(28)26-14-16-5-4-6-18(25)12-16/h4-13H,3,14H2,1-2H3,(H,26,28)","InChI=1S/C24H21ClN2OS/c1-3-20-18-12-15(2)8-10-22(18)29-23-11-9-16(13-21(23)27-20)24(28)26-14-17-6-4-5-7-19(17)25/h4-13H,3,14H2,1-2H3,(H,26,28)"
ZINC000004930068,ZINC000004930068,2.0,CCC1=Nc2cc(C(=O)NCc3ccc(Cl)cc3)ccc2Sc4ccc(C)cc41,CCC1=Nc2cc(C(=O)NCc3cc(F)ccc3)ccc2Sc2ccc(C)cc21,0.1809523809523809,0.92974985,0.99747217,0.8417399,1.0,1.0,0.75,0.8,420.965,1,"InChI=1S/C24H21FN2OS/c1-3-20-19-11-15(2)7-9-22(19)29-23-10-8-17(13-21(23)27-20)24(28)26-14-16-5-4-6-18(25)12-16/h4-13H,3,14H2,1-2H3,(H,26,28)","InChI=1S/C24H21ClN2OS/c1-3-20-19-12-15(2)4-10-22(19)29-23-11-7-17(13-21(23)27-20)24(28)26-14-16-5-8-18(25)9-6-16/h4-13H,3,14H2,1-2H3,(H,26,28)"
MCULE-1599297501,https://mcule.com/MCULE-1599297501/,,N1C2C=C(C=CC=2SC2C=CC(C)=CC=2C=1CC)C(=O)NCC1=CC=C(C=C1)Cl,CCC1=Nc2cc(C(=O)NCc3cc(F)ccc3)ccc2Sc2ccc(C)cc21,0.9233333333333332,0.92974985,0.99747217,0.8417399,1.0,1.0,0.75,0.8,420.965,1,"InChI=1S/C24H21FN2OS/c1-3-20-19-11-15(2)7-9-22(19)29-23-10-8-17(13-21(23)27-20)24(28)26-14-16-5-4-6-18(25)12-16/h4-13H,3,14H2,1-2H3,(H,26,28)","InChI=1S/C24H21ClN2OS/c1-3-20-19-12-15(2)4-10-22(19)29-23-11-7-17(13-21(23)27-20)24(28)26-14-16-5-8-18(25)9-6-16/h4-13H,3,14H2,1-2H3,(H,26,28)"
MCULE-9257155722,https://mcule.com/MCULE-9257155722/,,N1C2C=C(C=CC=2SC2C=CC=CC=2C=1CCC)C(=O)NCC1=CC=C(C=C1)F,CCC1=Nc2cc(C(=O)NCc3cc(F)ccc3)ccc2Sc2ccc(C)cc21,0.9242424242424242,0.6945317,0.99932915,0.4172078,1.0,1.0,0.85,0.71,404.51,1,"InChI=1S/C24H21FN2OS/c1-3-20-19-11-15(2)7-9-22(19)29-23-10-8-17(13-21(23)27-20)24(28)26-14-16-5-4-6-18(25)12-16/h4-13H,3,14H2,1-2H3,(H,26,28)","InChI=1S/C24H21FN2OS/c1-2-5-20-19-6-3-4-7-22(19)29-23-13-10-17(14-21(23)27-20)24(28)26-15-16-8-11-18(25)12-9-16/h3-4,6-14H,2,5,15H2,1H3,(H,26,28)"
ZINC000004930418,ZINC000004930418,2.0,CCC1=Nc2cc(C(=O)NCc3ccc(F)cc3)ccc2Sc4ccc(C)cc41,CCC1=Nc2cc(C(=O)NCc3cc(F)ccc3)ccc2Sc2ccc(C)cc21,0.8387096774193549,0.6169862,0.9983016,0.31433976,1.0,1.0,0.78,0.69,404.51,1,"InChI=1S/C24H21FN2OS/c1-3-20-19-11-15(2)7-9-22(19)29-23-10-8-17(13-21(23)27-20)24(28)26-14-16-5-4-6-18(25)12-16/h4-13H,3,14H2,1-2H3,(H,26,28)","InChI=1S/C24H21FN2OS/c1-3-20-19-12-15(2)4-10-22(19)29-23-11-7-17(13-21(23)27-20)24(28)26-14-16-5-8-18(25)9-6-16/h4-13H,3,14H2,1-2H3,(H,26,28)"
MCULE-8318145015,https://mcule.com/MCULE-8318145015/,,N1C2C=C(C=CC=2SC2C=CC(C)=CC=2C=1CC)C(=O)NCC1=CC=C(C=C1)F,CCC1=Nc2cc(C(=O)NCc3cc(F)ccc3)ccc2Sc2ccc(C)cc21,0.982788296041308,0.6169862,0.9983016,0.31433976,1.0,1.0,0.78,0.69,404.51,1,"InChI=1S/C24H21FN2OS/c1-3-20-19-11-15(2)7-9-22(19)29-23-10-8-17(13-21(23)27-20)24(28)26-14-16-5-4-6-18(25)12-16/h4-13H,3,14H2,1-2H3,(H,26,28)","InChI=1S/C24H21FN2OS/c1-3-20-19-12-15(2)4-10-22(19)29-23-11-7-17(13-21(23)27-20)24(28)26-14-16-5-8-18(25)9-6-16/h4-13H,3,14H2,1-2H3,(H,26,28)"
ZINC000004930151,ZINC000004930151,1.0,CCC1=Nc2cc(C(=O)NCc3ccccc3)ccc2Sc4ccc(C)cc41,CCC1=Nc2cc(C(=O)NCc3cc(F)ccc3)ccc2Sc2ccc(C)cc21,0.8333333333333334,0.73114413,0.9988592,0.4721749,1.0,1.0,0.81,0.72,386.52,1,"InChI=1S/C24H21FN2OS/c1-3-20-19-11-15(2)7-9-22(19)29-23-10-8-17(13-21(23)27-20)24(28)26-14-16-5-4-6-18(25)12-16/h4-13H,3,14H2,1-2H3,(H,26,28)","InChI=1S/C24H22N2OS/c1-3-20-19-13-16(2)9-11-22(19)28-23-12-10-18(14-21(23)26-20)24(27)25-15-17-7-5-4-6-8-17/h4-14H,3,15H2,1-2H3,(H,25,27)"
MCULE-9286432657,https://mcule.com/MCULE-9286432657/,,N1C2C=C(C=CC=2SC2C=CC(C)=CC=2C=1CC)C(=O)NCC1=CC=C(C=C1)OC,CCC1=Nc2cc(C(=O)NCc3cc(F)ccc3)ccc2Sc2ccc(C)cc21,0.9067103109656302,0.897657,0.9983016,0.7730422,1.0,1.0,0.78,0.78,416.546,1,"InChI=1S/C24H21FN2OS/c1-3-20-19-11-15(2)7-9-22(19)29-23-10-8-17(13-21(23)27-20)24(28)26-14-16-5-4-6-18(25)12-16/h4-13H,3,14H2,1-2H3,(H,26,28)","InChI=1S/C25H24N2O2S/c1-4-21-20-13-16(2)5-11-23(20)30-24-12-8-18(14-22(24)27-21)25(28)26-15-17-6-9-19(29-3)10-7-17/h5-14H,4,15H2,1-3H3,(H,26,28)"
ZINC000004930146,ZINC000004930146,2.0,CCC1=Nc2cc(C(=O)NCCc3ccccc3)ccc2Sc4ccc(C)cc41,CCC1=Nc2cc(C(=O)NCc3cc(F)ccc3)ccc2Sc2ccc(C)cc21,0.7230769230769231,0.91395444,0.99510026,0.8097521,1.0,1.0,0.7,0.79,400.547,1,"InChI=1S/C24H21FN2OS/c1-3-20-19-11-15(2)7-9-22(19)29-23-10-8-17(13-21(23)27-20)24(28)26-14-16-5-4-6-18(25)12-16/h4-13H,3,14H2,1-2H3,(H,26,28)","InChI=1S/C25H24N2OS/c1-3-21-20-15-17(2)9-11-23(20)29-24-12-10-19(16-22(24)27-21)25(28)26-14-13-18-7-5-4-6-8-18/h4-12,15-16H,3,13-14H2,1-2H3,(H,26,28)"
ZINC000004930331,ZINC000004930331,2.0,CCCC1=Nc2cc(C(=O)NCc3ccccc3)ccc2Sc4ccc(C)cc41,CCC1=Nc2cc(C(=O)NCc3cc(F)ccc3)ccc2Sc2ccc(C)cc21,0.696969696969697,0.6940846,0.9977859,0.4172078,1.0,1.0,0.76,0.71,400.547,1,"InChI=1S/C24H21FN2OS/c1-3-20-19-11-15(2)7-9-22(19)29-23-10-8-17(13-21(23)27-20)24(28)26-14-16-5-4-6-18(25)12-16/h4-13H,3,14H2,1-2H3,(H,26,28)","InChI=1S/C25H24N2OS/c1-3-7-21-20-14-17(2)10-12-23(20)29-24-13-11-19(15-22(24)27-21)25(28)26-16-18-8-5-4-6-9-18/h4-6,8-15H,3,7,16H2,1-2H3,(H,26,28)"
ZINC000006416712,ZINC000006416712,2.0,CCC1=Nc2cc(C(=O)NCc3ccc(C)cc3)ccc2Sc4ccc(C)cc41,CCC1=Nc2cc(C(=O)NCc3cc(F)ccc3)ccc2Sc2ccc(C)cc21,0.7868852459016393,0.82772297,0.9991252,0.635776,1.0,1.0,0.83,0.75,400.547,1,"InChI=1S/C24H21FN2OS/c1-3-20-19-11-15(2)7-9-22(19)29-23-10-8-17(13-21(23)27-20)24(28)26-14-16-5-4-6-18(25)12-16/h4-13H,3,14H2,1-2H3,(H,26,28)","InChI=1S/C25H24N2OS/c1-4-21-20-13-17(3)7-11-23(20)29-24-12-10-19(14-22(24)27-21)25(28)26-15-18-8-5-16(2)6-9-18/h5-14H,4,15H2,1-3H3,(H,26,28)"
MCULE-6561969005,https://mcule.com/MCULE-6561969005/,,N1C2C=C(C=CC=2SC2=CC=C(C)C=C2C=1CC)C(=O)NCC1C=CC(=CC=1)C,CCC1=Nc2cc(C(=O)NCc3cc(F)ccc3)ccc2Sc2ccc(C)cc21,0.947008547008547,0.82772297,0.9991252,0.635776,1.0,1.0,0.83,0.75,400.547,1,"InChI=1S/C24H21FN2OS/c1-3-20-19-11-15(2)7-9-22(19)29-23-10-8-17(13-21(23)27-20)24(28)26-14-16-5-4-6-18(25)12-16/h4-13H,3,14H2,1-2H3,(H,26,28)","InChI=1S/C25H24N2OS/c1-4-21-20-13-17(3)7-11-23(20)29-24-12-10-19(14-22(24)27-21)25(28)26-15-18-8-5-16(2)6-9-18/h5-14H,4,15H2,1-3H3,(H,26,28)"
MCULE-6622690555,https://mcule.com/MCULE-6622690555/,,N1C2C=C(C=CC=2SC2C=CC(C)=CC=2C=1CC)C(=O)NC(C)C1=CC=CC=C1,CCC1=Nc2cc(C(=O)NCc3cc(F)ccc3)ccc2Sc2ccc(C)cc21,0.934453781512605,0.9651445,0.98919207,0.92841244,1.0,1.0,0.64,0.84,400.547,1,"InChI=1S/C24H21FN2OS/c1-3-20-19-11-15(2)7-9-22(19)29-23-10-8-17(13-21(23)27-20)24(28)26-14-16-5-4-6-18(25)12-16/h4-13H,3,14H2,1-2H3,(H,26,28)","InChI=1S/C25H24N2OS/c1-4-21-20-14-16(2)10-12-23(20)29-24-13-11-19(15-22(24)27-21)25(28)26-17(3)18-8-6-5-7-9-18/h5-15,17H,4H2,1-3H3,(H,26,28)"
ZINC000004930092,ZINC000004930092,2.0,CCC1=Nc2cc(C(=O)N[C@@H](C)c3ccccc3)ccc2Sc4ccc(C)cc41,CCC1=Nc2cc(C(=O)NCc3cc(F)ccc3)ccc2Sc2ccc(C)cc21,0.6142857142857143,0.9651445,0.98919207,0.92841244,1.0,1.0,0.64,0.84,400.547,1,"InChI=1S/C24H21FN2OS/c1-3-20-19-11-15(2)7-9-22(19)29-23-10-8-17(13-21(23)27-20)24(28)26-14-16-5-4-6-18(25)12-16/h4-13H,3,14H2,1-2H3,(H,26,28)","InChI=1S/C25H24N2OS/c1-4-21-20-14-16(2)10-12-23(20)29-24-13-11-19(15-22(24)27-21)25(28)26-17(3)18-8-6-5-7-9-18/h5-15,17H,4H2,1-3H3,(H,26,28)/t17-/m0/s1"
ZINC000004930099,ZINC000004930099,2.0,CCC1=Nc2cc(C(=O)N[C@H](C)c3ccccc3)ccc2Sc4ccc(C)cc41,CCC1=Nc2cc(C(=O)NCc3cc(F)ccc3)ccc2Sc2ccc(C)cc21,0.6142857142857143,0.9651445,0.98919207,0.92841244,1.0,1.0,0.64,0.84,400.547,1,"InChI=1S/C24H21FN2OS/c1-3-20-19-11-15(2)7-9-22(19)29-23-10-8-17(13-21(23)27-20)24(28)26-14-16-5-4-6-18(25)12-16/h4-13H,3,14H2,1-2H3,(H,26,28)","InChI=1S/C25H24N2OS/c1-4-21-20-14-16(2)10-12-23(20)29-24-13-11-19(15-22(24)27-21)25(28)26-17(3)18-8-6-5-7-9-18/h5-15,17H,4H2,1-3H3,(H,26,28)/t17-/m1/s1"
MCULE-4365773061,https://mcule.com/MCULE-4365773061/,,N1C2C=C(C=CC=2SC2C=CC(C)=CC=2C=1CCC)C(=O)NC(C)C1=CC=CC=C1,CCC1=Nc2cc(C(=O)NCc3cc(F)ccc3)ccc2Sc2ccc(C)cc21,0.9129720853858784,0.9236159,0.98175126,0.8417399,1.0,1.0,0.6,0.8,414.574,1,"InChI=1S/C24H21FN2OS/c1-3-20-19-11-15(2)7-9-22(19)29-23-10-8-17(13-21(23)27-20)24(28)26-14-16-5-4-6-18(25)12-16/h4-13H,3,14H2,1-2H3,(H,26,28)","InChI=1S/C26H26N2OS/c1-4-8-22-21-15-17(2)11-13-24(21)30-25-14-12-20(16-23(25)28-22)26(29)27-18(3)19-9-6-5-7-10-19/h5-7,9-16,18H,4,8H2,1-3H3,(H,27,29)"
MCULE-1153524502,https://mcule.com/MCULE-1153524502/,,N1C2C=C(C=CC=2SC2C=CC(Cl)=CC=2C=1C)C(=O)NCC1C=CC=CC=1,CC1=Nc2cc(C(=O)NCc3cc(OCC)ccc3)ccc2Sc2ccccc21,0.872852233676976,0.9651445,0.98919207,0.92841244,1.0,1.0,0.64,0.84,392.911,1,"InChI=1S/C24H22N2O2S/c1-3-28-19-8-6-7-17(13-19)15-25-24(27)18-11-12-23-21(14-18)26-16(2)20-9-4-5-10-22(20)29-23/h4-14H,3,15H2,1-2H3,(H,25,27)","InChI=1S/C22H17ClN2OS/c1-14-18-12-17(23)8-10-20(18)27-21-9-7-16(11-19(21)25-14)22(26)24-13-15-5-3-2-4-6-15/h2-12H,13H2,1H3,(H,24,26)"
MCULE-2295027745,https://mcule.com/MCULE-2295027745/,,N1C2C=C(C=CC=2SC2C=CC(Cl)=CC=2C=1CC)C(=O)NCC1=CC=C(C=C1)OC,CC1=Nc2cc(C(=O)NCc3cc(OCC)ccc3)ccc2Sc2ccccc21,0.8788870703764321,0.9867518,0.9991252,0.9693466,1.0,1.0,0.83,0.88,436.964,1,"InChI=1S/C24H22N2O2S/c1-3-28-19-8-6-7-17(13-19)15-25-24(27)18-11-12-23-21(14-18)26-16(2)20-9-4-5-10-22(20)29-23/h4-14H,3,15H2,1-2H3,(H,25,27)","InChI=1S/C24H21ClN2O2S/c1-3-20-19-13-17(25)7-11-22(19)30-23-10-6-16(12-21(23)27-20)24(28)26-14-15-4-8-18(29-2)9-5-15/h4-13H,3,14H2,1-2H3,(H,26,28)"
MCULE-2040607482,https://mcule.com/MCULE-2040607482/,,N1C2C=C(C=CC=2SC2C=CC(C)=CC=2C=1C)C(=O)NCC1=CC=C(C=C1)C,CC1=Nc2cc(C(=O)NCc3cc(OCC)ccc3)ccc2Sc2ccccc21,0.8689655172413793,0.91525906,0.99851257,0.8097521,1.0,1.0,0.79,0.79,386.52,1,"InChI=1S/C24H22N2O2S/c1-3-28-19-8-6-7-17(13-19)15-25-24(27)18-11-12-23-21(14-18)26-16(2)20-9-4-5-10-22(20)29-23/h4-14H,3,15H2,1-2H3,(H,25,27)","InChI=1S/C24H22N2OS/c1-15-4-7-18(8-5-15)14-25-24(27)19-9-11-23-21(13-19)26-17(3)20-12-16(2)6-10-22(20)28-23/h4-13H,14H2,1-3H3,(H,25,27)"
MCULE-4298234344,https://mcule.com/MCULE-4298234344/,,N1C2C=C(C=CC=2SC2C=CC=CC=2C=1CCC)C(=O)NCC1=CC=C(C=C1)OC,CC1=Nc2cc(C(=O)NCc3cc(OCC)ccc3)ccc2Sc2ccccc21,0.9054054054054054,0.50067765,0.9991252,0.19024788,1.0,1.0,0.83,0.66,416.546,1,"InChI=1S/C24H22N2O2S/c1-3-28-19-8-6-7-17(13-19)15-25-24(27)18-11-12-23-21(14-18)26-16(2)20-9-4-5-10-22(20)29-23/h4-14H,3,15H2,1-2H3,(H,25,27)","InChI=1S/C25H24N2O2S/c1-3-6-21-20-7-4-5-8-23(20)30-24-14-11-18(15-22(24)27-21)25(28)26-16-17-9-12-19(29-2)13-10-17/h4-5,7-15H,3,6,16H2,1-2H3,(H,26,28)"
MCULE-1253350417,https://mcule.com/MCULE-1253350417/,,N1C2C=C(C=CC=2SC2C=CC=CC=2C=1CCC)C(=O)NCC1=CC=CC=C1OC,CC1=Nc2cc(C(=O)NCc3cc(OCC)ccc3)ccc2Sc2ccccc21,0.881578947368421,0.65626395,0.9991252,0.36422405,1.0,1.0,0.83,0.7,416.546,1,"InChI=1S/C24H22N2O2S/c1-3-28-19-8-6-7-17(13-19)15-25-24(27)18-11-12-23-21(14-18)26-16(2)20-9-4-5-10-22(20)29-23/h4-14H,3,15H2,1-2H3,(H,25,27)","InChI=1S/C25H24N2O2S/c1-3-8-20-19-10-5-7-12-23(19)30-24-14-13-17(15-21(24)27-20)25(28)26-16-18-9-4-6-11-22(18)29-2/h4-7,9-15H,3,8,16H2,1-2H3,(H,26,28)"
MCULE-9286432657,https://mcule.com/MCULE-9286432657/,,N1C2C=C(C=CC=2SC2C=CC(C)=CC=2C=1CC)C(=O)NCC1=CC=C(C=C1)OC,CC1=Nc2cc(C(=O)NCc3cc(OCC)ccc3)ccc2Sc2ccccc21,0.891846921797005,0.897657,0.9983016,0.7730422,1.0,1.0,0.78,0.78,416.546,1,"InChI=1S/C24H22N2O2S/c1-3-28-19-8-6-7-17(13-19)15-25-24(27)18-11-12-23-21(14-18)26-16(2)20-9-4-5-10-22(20)29-23/h4-14H,3,15H2,1-2H3,(H,25,27)","InChI=1S/C25H24N2O2S/c1-4-21-20-13-16(2)5-11-23(20)30-24-12-8-18(14-22(24)27-21)25(28)26-15-17-6-9-19(29-3)10-7-17/h5-14H,4,15H2,1-3H3,(H,26,28)"
MCULE-6888845344,https://mcule.com/MCULE-6888845344/,,N1C2C=C(C=CC=2SC2C=CC(C)=CC=2C=1CCC)C(=O)NCC1=CC=C(C=C1)OC,CC1=Nc2cc(C(=O)NCc3cc(OCC)ccc3)ccc2Sc2ccccc21,0.8729641693811075,0.6940846,0.9977859,0.4172078,1.0,1.0,0.76,0.71,430.573,1,"InChI=1S/C24H22N2O2S/c1-3-28-19-8-6-7-17(13-19)15-25-24(27)18-11-12-23-21(14-18)26-16(2)20-9-4-5-10-22(20)29-23/h4-14H,3,15H2,1-2H3,(H,25,27)","InChI=1S/C26H26N2O2S/c1-4-5-22-21-14-17(2)6-12-24(21)31-25-13-9-19(15-23(25)28-22)26(29)27-16-18-7-10-20(30-3)11-8-18/h6-15H,4-5,16H2,1-3H3,(H,27,29)"
MCULE-8749518880,https://mcule.com/MCULE-8749518880/,,N1C2C=C(C=CC=2SC2C=CC(C)=CC=2C=1CC)C(NC)=O,CC1=Nc2cc(C(=O)Nc3c(OCC)cccc3)ccc2Sc2ccc(C)cc21,0.7935483870967742,0.99905443,0.9999085,0.9978235,1.0,1.0,1.0,1.0,310.422,1,"InChI=1S/C24H22N2O2S/c1-4-28-21-8-6-5-7-19(21)26-24(27)17-10-12-23-20(14-17)25-16(3)18-13-15(2)9-11-22(18)29-23/h5-14H,4H2,1-3H3,(H,26,27)","InChI=1S/C18H18N2OS/c1-4-14-13-9-11(2)5-7-16(13)22-17-8-6-12(18(21)19-3)10-15(17)20-14/h5-10H,4H2,1-3H3,(H,19,21)"
MCULE-6814427357,https://mcule.com/MCULE-6814427357/,,N1C2C=C(C=CC=2SC2C=CC(C)=CC=2C=1C)C(NCCOC)=O,CC1=Nc2cc(C(=O)Nc3c(OCC)cccc3)ccc2Sc2ccc(C)cc21,0.801948051948052,0.76544297,0.99747217,0.52782506,1.0,1.0,0.75,0.73,340.448,1,"InChI=1S/C24H22N2O2S/c1-4-28-21-8-6-5-7-19(21)26-24(27)17-10-12-23-20(14-17)25-16(3)18-13-15(2)9-11-22(18)29-23/h5-14H,4H2,1-3H3,(H,26,27)","InChI=1S/C19H20N2O2S/c1-12-4-6-17-15(10-12)13(2)21-16-11-14(5-7-18(16)24-17)19(22)20-8-9-23-3/h4-7,10-11H,8-9H2,1-3H3,(H,20,22)"
MCULE-9286432657,https://mcule.com/MCULE-9286432657/,,N1C2C=C(C=CC=2SC2C=CC(C)=CC=2C=1CC)C(=O)NCC1=CC=C(C=C1)OC,CC1=Nc2cc(C(=O)Nc3c(OCC)cccc3)ccc2Sc2ccc(C)cc21,0.7927382753403933,0.897657,0.9983016,0.7730422,1.0,1.0,0.78,0.78,416.546,1,"InChI=1S/C24H22N2O2S/c1-4-28-21-8-6-5-7-19(21)26-24(27)17-10-12-23-20(14-17)25-16(3)18-13-15(2)9-11-22(18)29-23/h5-14H,4H2,1-3H3,(H,26,27)","InChI=1S/C25H24N2O2S/c1-4-21-20-13-16(2)5-11-23(20)30-24-12-8-18(14-22(24)27-21)25(28)26-15-17-6-9-19(29-3)10-7-17/h5-14H,4,15H2,1-3H3,(H,26,28)"
MCULE-6888845344,https://mcule.com/MCULE-6888845344/,,N1C2C=C(C=CC=2SC2C=CC(C)=CC=2C=1CCC)C(=O)NCC1=CC=C(C=C1)OC,CC1=Nc2cc(C(=O)Nc3c(OCC)cccc3)ccc2Sc2ccc(C)cc21,0.7774480712166172,0.6940846,0.9977859,0.4172078,1.0,1.0,0.76,0.71,430.573,1,"InChI=1S/C24H22N2O2S/c1-4-28-21-8-6-5-7-19(21)26-24(27)17-10-12-23-20(14-17)25-16(3)18-13-15(2)9-11-22(18)29-23/h5-14H,4H2,1-3H3,(H,26,27)","InChI=1S/C26H26N2O2S/c1-4-5-22-21-14-17(2)6-12-24(21)31-25-13-9-19(15-23(25)28-22)26(29)27-16-18-7-10-20(30-3)11-8-18/h6-15H,4-5,16H2,1-3H3,(H,27,29)"
MCULE-2354057686,https://mcule.com/MCULE-2354057686/,,N1C2C=C(C=CC=2SC2C=CC(C)=CC=2C=1CC)C(NCCC1C=CC(=CC=1)OCC)=O,CC1=Nc2cc(C(=O)Nc3c(OCC)cccc3)ccc2Sc2ccc(C)cc21,0.8006042296072508,0.94881815,0.98767555,0.89253426,1.0,1.0,0.63,0.82,444.6,1,"InChI=1S/C24H22N2O2S/c1-4-28-21-8-6-5-7-19(21)26-24(27)17-10-12-23-20(14-17)25-16(3)18-13-15(2)9-11-22(18)29-23/h5-14H,4H2,1-3H3,(H,26,27)","InChI=1S/C27H28N2O2S/c1-4-23-22-16-18(3)6-12-25(22)32-26-13-9-20(17-24(26)29-23)27(30)28-15-14-19-7-10-21(11-8-19)31-5-2/h6-13,16-17H,4-5,14-15H2,1-3H3,(H,28,30)"
MCULE-9681315168,https://mcule.com/MCULE-9681315168/,,N1C2C=C(C=CC=2SC2C=CC=CC=2C=1CC)C(NCCCC)=O,CC1=Nc2cc(C(=O)NCCCc3ccccc3)ccc2Sc2ccccc21,0.9486692015209124,0.99905443,0.9999085,0.9978235,1.0,1.0,1.0,1.0,338.476,1,"InChI=1S/C24H22N2OS/c1-17-20-11-5-6-12-22(20)28-23-14-13-19(16-21(23)26-17)24(27)25-15-7-10-18-8-3-2-4-9-18/h2-6,8-9,11-14,16H,7,10,15H2,1H3,(H,25,27)","InChI=1S/C20H22N2OS/c1-3-5-12-21-20(23)14-10-11-19-17(13-14)22-16(4-2)15-8-6-7-9-18(15)24-19/h6-11,13H,3-5,12H2,1-2H3,(H,21,23)"
MCULE-6742382703,https://mcule.com/MCULE-6742382703/,,N1C2C=C(C=CC=2SC2C=CC=CC=2C=1CC)C(=O)NC(C)CC,CC1=Nc2cc(C(=O)NCCCc3ccccc3)ccc2Sc2ccccc21,0.925512104283054,0.7938469,0.9859492,0.58279216,1.0,1.0,0.62,0.74,338.476,1,"InChI=1S/C24H22N2OS/c1-17-20-11-5-6-12-22(20)28-23-14-13-19(16-21(23)26-17)24(27)25-15-7-10-18-8-3-2-4-9-18/h2-6,8-9,11-14,16H,7,10,15H2,1H3,(H,25,27)","InChI=1S/C20H22N2OS/c1-4-13(3)21-20(23)14-10-11-19-17(12-14)22-16(5-2)15-8-6-7-9-18(15)24-19/h6-13H,4-5H2,1-3H3,(H,21,23)"
MCULE-2326121181,https://mcule.com/MCULE-2326121181/,,N1C2C=C(C=CC=2SC2C=CC=CC=2C=1CC)C(NCCCOC(C)C)=O,CC1=Nc2cc(C(=O)NCCCc3ccccc3)ccc2Sc2ccccc21,0.906934306569343,0.57794785,0.99941254,0.26840332,1.0,1.0,0.86,0.68,382.529,1,"InChI=1S/C24H22N2OS/c1-17-20-11-5-6-12-22(20)28-23-14-13-19(16-21(23)26-17)24(27)25-15-7-10-18-8-3-2-4-9-18/h2-6,8-9,11-14,16H,7,10,15H2,1H3,(H,25,27)","InChI=1S/C22H26N2O2S/c1-4-18-17-8-5-6-9-20(17)27-21-11-10-16(14-19(21)24-18)22(25)23-12-7-13-26-15(2)3/h5-6,8-11,14-15H,4,7,12-13H2,1-3H3,(H,23,25)"
ZINC000004929355,ZINC000004929355,1.0,CC1=Nc2cc(C(=O)NCCc3ccccc3)ccc2Sc4ccccc41,CC1=Nc2cc(C(=O)NCCCc3ccccc3)ccc2Sc2ccccc21,0.8823529411764706,0.89366335,0.98767555,0.7730422,1.0,1.0,0.63,0.78,372.493,1,"InChI=1S/C24H22N2OS/c1-17-20-11-5-6-12-22(20)28-23-14-13-19(16-21(23)26-17)24(27)25-15-7-10-18-8-3-2-4-9-18/h2-6,8-9,11-14,16H,7,10,15H2,1H3,(H,25,27)","InChI=1S/C23H20N2OS/c1-16-19-9-5-6-10-21(19)27-22-12-11-18(15-20(22)25-16)23(26)24-14-13-17-7-3-2-4-8-17/h2-12,15H,13-14H2,1H3,(H,24,26)"
MCULE-5830374764,https://mcule.com/MCULE-5830374764/,,N1C2C=C(C=CC=2SC2C=CC=CC=2C=1C)C(NCCC1C=CC=CC=1)=O,CC1=Nc2cc(C(=O)NCCCc3ccccc3)ccc2Sc2ccccc21,0.9498069498069498,0.89366335,0.98767555,0.7730422,1.0,1.0,0.63,0.78,372.493,1,"InChI=1S/C24H22N2OS/c1-17-20-11-5-6-12-22(20)28-23-14-13-19(16-21(23)26-17)24(27)25-15-7-10-18-8-3-2-4-9-18/h2-6,8-9,11-14,16H,7,10,15H2,1H3,(H,25,27)","InChI=1S/C23H20N2OS/c1-16-19-9-5-6-10-21(19)27-22-12-11-18(15-20(22)25-16)23(26)24-14-13-17-7-3-2-4-8-17/h2-12,15H,13-14H2,1H3,(H,24,26)"
MCULE-3551346871,https://mcule.com/MCULE-3551346871/,,N1C2C=C(C=CC=2SC2C=CC=CC=2C=1CCC)C(NCCC1C=CC=CC=1)=O,CC1=Nc2cc(C(=O)NCCCc3ccccc3)ccc2Sc2ccccc21,0.909255898366606,0.46377966,0.9994856,0.1582601,1.0,1.0,0.87,0.65,400.547,1,"InChI=1S/C24H22N2OS/c1-17-20-11-5-6-12-22(20)28-23-14-13-19(16-21(23)26-17)24(27)25-15-7-10-18-8-3-2-4-9-18/h2-6,8-9,11-14,16H,7,10,15H2,1H3,(H,25,27)","InChI=1S/C25H24N2OS/c1-2-8-21-20-11-6-7-12-23(20)29-24-14-13-19(17-22(24)27-21)25(28)26-16-15-18-9-4-3-5-10-18/h3-7,9-14,17H,2,8,15-16H2,1H3,(H,26,28)"
MCULE-3502062233,https://mcule.com/MCULE-3502062233/,,N1C2C=C(C=CC=2SC2C=CC=CC=2C=1CCC)C(NCCCC1C=CC=CC=1)=O,CC1=Nc2cc(C(=O)NCCCc3ccccc3)ccc2Sc2ccccc21,0.9301470588235294,0.39424425,0.9967054,0.107465744,1.0,1.0,0.73,0.63,414.574,1,"InChI=1S/C24H22N2OS/c1-17-20-11-5-6-12-22(20)28-23-14-13-19(16-21(23)26-17)24(27)25-15-7-10-18-8-3-2-4-9-18/h2-6,8-9,11-14,16H,7,10,15H2,1H3,(H,25,27)","InChI=1S/C26H26N2OS/c1-2-9-22-21-13-6-7-14-24(21)30-25-16-15-20(18-23(25)28-22)26(29)27-17-8-12-19-10-4-3-5-11-19/h3-7,10-11,13-16,18H,2,8-9,12,17H2,1H3,(H,27,29)"
MCULE-3090142097,https://mcule.com/MCULE-3090142097/,,N1C2C=C(C=CC=2SC2C=CC(C)=CC=2C=1CC)C(NCCCC1C=CC=CC=1)=O,CC1=Nc2cc(C(=O)NCCCc3ccccc3)ccc2Sc2ccccc21,0.91500904159132,0.61685336,0.9977859,0.31433976,1.0,1.0,0.76,0.69,414.574,1,"InChI=1S/C24H22N2OS/c1-17-20-11-5-6-12-22(20)28-23-14-13-19(16-21(23)26-17)24(27)25-15-7-10-18-8-3-2-4-9-18/h2-6,8-9,11-14,16H,7,10,15H2,1H3,(H,25,27)","InChI=1S/C26H26N2OS/c1-3-22-21-16-18(2)11-13-24(21)30-25-14-12-20(17-23(25)28-22)26(29)27-15-7-10-19-8-5-4-6-9-19/h4-6,8-9,11-14,16-17H,3,7,10,15H2,1-2H3,(H,27,29)"
ZINC000004929902,ZINC000004929902,3.0,CCOCCCNC(=O)c1ccc2c(c1)N=C(CC)c3cc(Cl)ccc3S2,CCC1=Nc2cc(C(=O)NCCCCCCCC)ccc2Sc2ccc(Cl)cc21,0.7777777777777778,0.5779809,0.99954957,0.26840332,1.0,1.0,0.88,0.68,402.947,1,"InChI=1S/C24H29ClN2OS/c1-3-5-6-7-8-9-14-26-24(28)17-10-12-23-21(15-17)27-20(4-2)19-16-18(25)11-13-22(19)29-23/h10-13,15-16H,3-9,14H2,1-2H3,(H,26,28)","InChI=1S/C21H23ClN2O2S/c1-3-17-16-13-15(22)7-9-19(16)27-20-8-6-14(12-18(20)24-17)21(25)23-10-5-11-26-4-2/h6-9,12-13H,3-5,10-11H2,1-2H3,(H,23,25)"
MCULE-1829460973,https://mcule.com/MCULE-1829460973/,,N1C2C=C(C=CC=2SC2C=CC(Cl)=CC=2C=1CC)C(NCCCOCC)=O,CCC1=Nc2cc(C(=O)NCCCCCCCC)ccc2Sc2ccc(Cl)cc21,0.9371816638370118,0.5779809,0.99954957,0.26840332,1.0,1.0,0.88,0.68,402.947,1,"InChI=1S/C24H29ClN2OS/c1-3-5-6-7-8-9-14-26-24(28)17-10-12-23-21(15-17)27-20(4-2)19-16-18(25)11-13-22(19)29-23/h10-13,15-16H,3-9,14H2,1-2H3,(H,26,28)","InChI=1S/C21H23ClN2O2S/c1-3-17-16-13-15(22)7-9-19(16)27-20-8-6-14(12-18(20)24-17)21(25)23-10-5-11-26-4-2/h6-9,12-13H,3-5,10-11H2,1-2H3,(H,23,25)"
MCULE-5784346685,https://mcule.com/MCULE-5784346685/,,N1C2C=C(C=CC=2SC2C=CC(Cl)=CC=2C=1CC)C(NCCC(C)C)=O,CCC1=Nc2cc(C(=O)NCCCCCCCC)ccc2Sc2ccc(Cl)cc21,0.9586206896551724,0.8272605,0.9977859,0.635776,1.0,1.0,0.76,0.75,386.948,1,"InChI=1S/C24H29ClN2OS/c1-3-5-6-7-8-9-14-26-24(28)17-10-12-23-21(15-17)27-20(4-2)19-16-18(25)11-13-22(19)29-23/h10-13,15-16H,3-9,14H2,1-2H3,(H,26,28)","InChI=1S/C21H23ClN2OS/c1-4-17-16-12-15(22)6-8-19(16)26-20-7-5-14(11-18(20)24-17)21(25)23-10-9-13(2)3/h5-8,11-13H,4,9-10H2,1-3H3,(H,23,25)"
MCULE-3663849669,https://mcule.com/MCULE-3663849669/,,N1C2C=C(C=CC=2SC2C=CC(Cl)=CC=2C=1CC)C(NCCCOC(C)C)=O,CCC1=Nc2cc(C(=O)NCCCCCCCC)ccc2Sc2ccc(Cl)cc21,0.930976430976431,0.8951761,0.9916928,0.7730422,1.0,1.0,0.66,0.78,416.974,1,"InChI=1S/C24H29ClN2OS/c1-3-5-6-7-8-9-14-26-24(28)17-10-12-23-21(15-17)27-20(4-2)19-16-18(25)11-13-22(19)29-23/h10-13,15-16H,3-9,14H2,1-2H3,(H,26,28)","InChI=1S/C22H25ClN2O2S/c1-4-18-17-13-16(23)7-9-20(17)28-21-8-6-15(12-19(21)25-18)22(26)24-10-5-11-27-14(2)3/h6-9,12-14H,4-5,10-11H2,1-3H3,(H,24,26)"
ZINC000009608362,ZINC000009608362,2.0,CCCSCCCNC(=O)c1ccc2c(c1)N=C(CC)c3cc(Cl)ccc3S2,CCC1=Nc2cc(C(=O)NCCCCCCCC)ccc2Sc2ccc(Cl)cc21,0.85,0.36952275,0.9916928,0.09246167,1.0,1.0,0.66,0.62250334,433.042,1,"InChI=1S/C24H29ClN2OS/c1-3-5-6-7-8-9-14-26-24(28)17-10-12-23-21(15-17)27-20(4-2)19-16-18(25)11-13-22(19)29-23/h10-13,15-16H,3-9,14H2,1-2H3,(H,26,28)","InChI=1S/C22H25ClN2OS2/c1-3-11-27-12-5-10-24-22(26)15-6-8-21-19(13-15)25-18(4-2)17-14-16(23)7-9-20(17)28-21/h6-9,13-14H,3-5,10-12H2,1-2H3,(H,24,26)"
MCULE-2669944889,https://mcule.com/MCULE-2669944889/,,N1C2C=C(C=CC=2SC2C=CC(Cl)=CC=2C=1CC)C(NCCCSCCC)=O,CCC1=Nc2cc(C(=O)NCCCCCCCC)ccc2Sc2ccc(Cl)cc21,0.9325463743676222,0.36952275,0.9916928,0.09246167,1.0,1.0,0.66,0.62250334,433.042,1,"InChI=1S/C24H29ClN2OS/c1-3-5-6-7-8-9-14-26-24(28)17-10-12-23-21(15-17)27-20(4-2)19-16-18(25)11-13-22(19)29-23/h10-13,15-16H,3-9,14H2,1-2H3,(H,26,28)","InChI=1S/C22H25ClN2OS2/c1-3-11-27-12-5-10-24-22(26)15-6-8-21-19(13-15)25-18(4-2)17-14-16(23)7-9-20(17)28-21/h6-9,13-14H,3-5,10-12H2,1-2H3,(H,24,26)"
MCULE-1997084486,https://mcule.com/MCULE-1997084486/,,N1C2C=C(C=CC=2SC2C=CC(Cl)=CC=2C=1CC)C(=O)NCC1C=CC=CC=1,CCC1=Nc2cc(C(=O)NCCCCCCCC)ccc2Sc2ccc(Cl)cc21,0.9239864864864864,0.9926207,0.9983016,0.98405236,1.0,1.0,0.78,0.91,406.938,1,"InChI=1S/C24H29ClN2OS/c1-3-5-6-7-8-9-14-26-24(28)17-10-12-23-21(15-17)27-20(4-2)19-16-18(25)11-13-22(19)29-23/h10-13,15-16H,3-9,14H2,1-2H3,(H,26,28)","InChI=1S/C23H19ClN2OS/c1-2-19-18-13-17(24)9-11-21(18)28-22-10-8-16(12-20(22)26-19)23(27)25-14-15-6-4-3-5-7-15/h3-13H,2,14H2,1H3,(H,25,27)"
ZINC000009608242,ZINC000009608242,3.0,CCC1=Nc2cc(C(=O)NC3CCCCCC3)ccc2Sc4ccc(Br)cc41,CCC1=Nc2cc(C(=O)NCCCCCCCC)ccc2Sc2ccc(Cl)cc21,0.5352112676056338,0.69006824,0.983985,0.4172078,1.0,1.0,0.61,0.71,457.437,1,"InChI=1S/C24H29ClN2OS/c1-3-5-6-7-8-9-14-26-24(28)17-10-12-23-21(15-17)27-20(4-2)19-16-18(25)11-13-22(19)29-23/h10-13,15-16H,3-9,14H2,1-2H3,(H,26,28)","InChI=1S/C23H25BrN2OS/c1-2-19-18-14-16(24)10-12-21(18)28-22-11-9-15(13-20(22)26-19)23(27)25-17-7-5-3-4-6-8-17/h9-14,17H,2-8H2,1H3,(H,25,27)"
ZINC000004929836,ZINC000004929836,2.0,CCC1=Nc2cc(C(=O)NC3CCCCCC3)ccc2Sc4ccc(Cl)cc41,CCC1=Nc2cc(C(=O)NCCCCCCCC)ccc2Sc2ccc(Cl)cc21,0.703125,0.8733785,0.98767555,0.7315967,1.0,1.0,0.63,0.77,412.986,1,"InChI=1S/C24H29ClN2OS/c1-3-5-6-7-8-9-14-26-24(28)17-10-12-23-21(15-17)27-20(4-2)19-16-18(25)11-13-22(19)29-23/h10-13,15-16H,3-9,14H2,1-2H3,(H,26,28)","InChI=1S/C23H25ClN2OS/c1-2-19-18-14-16(24)10-12-21(18)28-22-11-9-15(13-20(22)26-19)23(27)25-17-7-5-3-4-6-8-17/h9-14,17H,2-8H2,1H3,(H,25,27)"
MCULE-6851598559,https://mcule.com/MCULE-6851598559/,,N1C2C=C(C=CC=2SC2C=CC(Cl)=CC=2C=1CC)C(=O)NC1CCCCCC1,CCC1=Nc2cc(C(=O)NCCCCCCCC)ccc2Sc2ccc(Cl)cc21,0.9516666666666668,0.8733785,0.98767555,0.7315967,1.0,1.0,0.63,0.77,412.986,1,"InChI=1S/C24H29ClN2OS/c1-3-5-6-7-8-9-14-26-24(28)17-10-12-23-21(15-17)27-20(4-2)19-16-18(25)11-13-22(19)29-23/h10-13,15-16H,3-9,14H2,1-2H3,(H,26,28)","InChI=1S/C23H25ClN2OS/c1-2-19-18-14-16(24)10-12-21(18)28-22-11-9-15(13-20(22)26-19)23(27)25-17-7-5-3-4-6-8-17/h9-14,17H,2-8H2,1H3,(H,25,27)"
MCULE-3283587573,https://mcule.com/MCULE-3283587573/,,N1C2C=C(C=CC=2SC2C=CC(Cl)=CC=2C=1CC)C(NCCC1C=CC=CC=1)=O,CCC1=Nc2cc(C(=O)NCCCCCCCC)ccc2Sc2ccc(Cl)cc21,0.9452991452991452,0.9890317,0.983985,0.9897282,1.0,1.0,0.61,0.93,420.965,1,"InChI=1S/C24H29ClN2OS/c1-3-5-6-7-8-9-14-26-24(28)17-10-12-23-21(15-17)27-20(4-2)19-16-18(25)11-13-22(19)29-23/h10-13,15-16H,3-9,14H2,1-2H3,(H,26,28)","InChI=1S/C24H21ClN2OS/c1-2-20-19-15-18(25)9-11-22(19)29-23-10-8-17(14-21(23)27-20)24(28)26-13-12-16-6-4-3-5-7-16/h3-11,14-15H,2,12-13H2,1H3,(H,26,28)"
ZINC000004929841,ZINC000004929841,1.0,CCC1=Nc2cc(C(=O)NC3CCCCCCC3)ccc2Sc4ccc(Cl)cc41,CCC1=Nc2cc(C(=O)NCCCCCCCC)ccc2Sc2ccc(Cl)cc21,0.703125,0.0,0.98767555,0.7315967,0.0,1.0,0.63,0.77,427.013,1,"InChI=1S/C24H29ClN2OS/c1-3-5-6-7-8-9-14-26-24(28)17-10-12-23-21(15-17)27-20(4-2)19-16-18(25)11-13-22(19)29-23/h10-13,15-16H,3-9,14H2,1-2H3,(H,26,28)","InChI=1S/C24H27ClN2OS/c1-2-20-19-15-17(25)11-13-22(19)29-23-12-10-16(14-21(23)27-20)24(28)26-18-8-6-4-3-5-7-9-18/h10-15,18H,2-9H2,1H3,(H,26,28)"
MCULE-3786903670,https://mcule.com/MCULE-3786903670/,,N1C2C=C(C=CC=2SC2C=CC(Cl)=CC=2C=1CC)C(=O)NC1CCCCCCC1,CCC1=Nc2cc(C(=O)NCCCCCCCC)ccc2Sc2ccc(Cl)cc21,0.9485049833887044,0.0,0.98767555,0.7315967,0.0,1.0,0.63,0.77,427.013,1,"InChI=1S/C24H29ClN2OS/c1-3-5-6-7-8-9-14-26-24(28)17-10-12-23-21(15-17)27-20(4-2)19-16-18(25)11-13-22(19)29-23/h10-13,15-16H,3-9,14H2,1-2H3,(H,26,28)","InChI=1S/C24H27ClN2OS/c1-2-20-19-15-17(25)11-13-22(19)29-23-12-10-16(14-21(23)27-20)24(28)26-18-8-6-4-3-5-7-9-18/h10-15,18H,2-9H2,1H3,(H,26,28)"
ZINC000006728172,ZINC000006728172,3.0,CC1=Nc2cc(C(=O)NC3CCCCCCC3)ccc2Sc4ccc(C)cc41,CCC1=Nc2cc(C(=O)NCCCCCCCC)ccc2Sc2ccc(Cl)cc21,0.3947368421052631,0.0,0.98919207,0.8097521,0.0,1.0,0.64,0.79,392.568,1,"InChI=1S/C24H29ClN2OS/c1-3-5-6-7-8-9-14-26-24(28)17-10-12-23-21(15-17)27-20(4-2)19-16-18(25)11-13-22(19)29-23/h10-13,15-16H,3-9,14H2,1-2H3,(H,26,28)","InChI=1S/C24H28N2OS/c1-16-10-12-22-20(14-16)17(2)25-21-15-18(11-13-23(21)28-22)24(27)26-19-8-6-4-3-5-7-9-19/h10-15,19H,3-9H2,1-2H3,(H,26,27)"
ZINC000004930073,ZINC000004930073,3.0,CCC1=Nc2cc(C(=O)NC3CCCCCC3)ccc2Sc4ccc(C)cc41,CCC1=Nc2cc(C(=O)NCCCCCCCC)ccc2Sc2ccc(Cl)cc21,0.5428571428571428,0.82474643,0.9905238,0.635776,1.0,1.0,0.65,0.75,392.568,1,"InChI=1S/C24H29ClN2OS/c1-3-5-6-7-8-9-14-26-24(28)17-10-12-23-21(15-17)27-20(4-2)19-16-18(25)11-13-22(19)29-23/h10-13,15-16H,3-9,14H2,1-2H3,(H,26,28)","InChI=1S/C24H28N2OS/c1-3-20-19-14-16(2)10-12-22(19)28-23-13-11-17(15-21(23)26-20)24(27)25-18-8-6-4-5-7-9-18/h10-15,18H,3-9H2,1-2H3,(H,25,27)"
ZINC000004929514,ZINC000004929514,3.0,CCCCN(C)CCCNC(=O)c1ccc2c(c1)N=C(CC)c3ccccc3S2,CCC1=Nc2cc(C(=O)NCCCCCCCC)ccc2Sc2ccc(Cl)cc21,0.6567164179104478,0.39442226,0.9977859,0.107465744,1.0,1.0,0.76,0.63,409.599,1,"InChI=1S/C24H29ClN2OS/c1-3-5-6-7-8-9-14-26-24(28)17-10-12-23-21(15-17)27-20(4-2)19-16-18(25)11-13-22(19)29-23/h10-13,15-16H,3-9,14H2,1-2H3,(H,26,28)","InChI=1S/C24H31N3OS/c1-4-6-15-27(3)16-9-14-25-24(28)18-12-13-23-21(17-18)26-20(5-2)19-10-7-8-11-22(19)29-23/h7-8,10-13,17H,4-6,9,14-16H2,1-3H3,(H,25,28)"
MCULE-2883797677,https://mcule.com/MCULE-2883797677/,,N1C2C=C(C=CC=2SC2C=CC(Cl)=CC=2C=1CC)C(NCCCC1C=CC=CC=1)=O,CCC1=Nc2cc(C(=O)NCCCCCCCC)ccc2Sc2ccc(Cl)cc21,0.9586919104991394,0.91439015,0.9962391,0.8097521,1.0,1.0,0.72,0.79,434.992,1,"InChI=1S/C24H29ClN2OS/c1-3-5-6-7-8-9-14-26-24(28)17-10-12-23-21(15-17)27-20(4-2)19-16-18(25)11-13-22(19)29-23/h10-13,15-16H,3-9,14H2,1-2H3,(H,26,28)","InChI=1S/C25H23ClN2OS/c1-2-21-20-16-19(26)11-13-23(20)30-24-12-10-18(15-22(24)28-21)25(29)27-14-6-9-17-7-4-3-5-8-17/h3-5,7-8,10-13,15-16H,2,6,9,14H2,1H3,(H,27,29)"
ZINC000006728572,ZINC000006728572,3.0,CCCC1=Nc2cc(C(=O)NC3CCCCCCC3)ccc2Sc4ccc(C)cc41,CCC1=Nc2cc(C(=O)NCCCCCCCC)ccc2Sc2ccc(Cl)cc21,0.4864864864864865,0.0,0.983985,0.4172078,0.0,1.0,0.61,0.71,420.622,1,"InChI=1S/C24H29ClN2OS/c1-3-5-6-7-8-9-14-26-24(28)17-10-12-23-21(15-17)27-20(4-2)19-16-18(25)11-13-22(19)29-23/h10-13,15-16H,3-9,14H2,1-2H3,(H,26,28)","InChI=1S/C26H32N2OS/c1-3-9-22-21-16-18(2)12-14-24(21)30-25-15-13-19(17-23(25)28-22)26(29)27-20-10-7-5-4-6-8-11-20/h12-17,20H,3-11H2,1-2H3,(H,27,29)"
MCULE-6814427357,https://mcule.com/MCULE-6814427357/,,N1C2C=C(C=CC=2SC2C=CC(C)=CC=2C=1C)C(NCCOC)=O,CC1=Nc2cc(C(=O)NCCNC(=O)c3ccccc3)ccc2Sc2ccc(C)cc21,0.8645833333333334,0.76544297,0.99747217,0.52782506,1.0,1.0,0.75,0.73,340.448,1,"InChI=1S/C25H23N3O2S/c1-16-8-10-22-20(14-16)17(2)28-21-15-19(9-11-23(21)31-22)25(30)27-13-12-26-24(29)18-6-4-3-5-7-18/h3-11,14-15H,12-13H2,1-2H3,(H,26,29)(H,27,30)","InChI=1S/C19H20N2O2S/c1-12-4-6-17-15(10-12)13(2)21-16-11-14(5-7-18(16)24-17)19(22)20-8-9-23-3/h4-7,10-11H,8-9H2,1-3H3,(H,20,22)"
MCULE-5074289166,https://mcule.com/MCULE-5074289166/,,N1C2C=C(C=CC=2SC2C=CC(C)=CC=2C=1C)C(=O)NCC1=CC=C(C=C1)Cl,CC1=Nc2cc(C(=O)NCCNC(=O)c3ccccc3)ccc2Sc2ccc(C)cc21,0.8766891891891891,0.95223737,0.9962391,0.89253426,1.0,1.0,0.72,0.82,406.938,1,"InChI=1S/C25H23N3O2S/c1-16-8-10-22-20(14-16)17(2)28-21-15-19(9-11-23(21)31-22)25(30)27-13-12-26-24(29)18-6-4-3-5-7-18/h3-11,14-15H,12-13H2,1-2H3,(H,26,29)(H,27,30)","InChI=1S/C23H19ClN2OS/c1-14-3-9-21-19(11-14)15(2)26-20-12-17(6-10-22(20)28-21)23(27)25-13-16-4-7-18(24)8-5-16/h3-12H,13H2,1-2H3,(H,25,27)"
MCULE-2040607482,https://mcule.com/MCULE-2040607482/,,N1C2C=C(C=CC=2SC2C=CC(C)=CC=2C=1C)C(=O)NCC1=CC=C(C=C1)C,CC1=Nc2cc(C(=O)NCCNC(=O)c3ccccc3)ccc2Sc2ccc(C)cc21,0.8961937716262975,0.91525906,0.99851257,0.8097521,1.0,1.0,0.79,0.79,386.52,1,"InChI=1S/C25H23N3O2S/c1-16-8-10-22-20(14-16)17(2)28-21-15-19(9-11-23(21)31-22)25(30)27-13-12-26-24(29)18-6-4-3-5-7-18/h3-11,14-15H,12-13H2,1-2H3,(H,26,29)(H,27,30)","InChI=1S/C24H22N2OS/c1-15-4-7-18(8-5-15)14-25-24(27)19-9-11-23-21(13-19)26-17(3)20-12-16(2)6-10-22(20)28-23/h4-13H,14H2,1-3H3,(H,25,27)"
ZINC000009608354,ZINC000009608354,5.0,CCC1=Nc2cc(C(=O)NCCCc3ccccc3)ccc2Sc4ccc(Br)cc41,CC1=Nc2cc(C(=O)NCCNC(=O)c3ccccc3)ccc2Sc2ccc(C)cc21,0.4722222222222222,0.929064,0.99570715,0.8417399,1.0,1.0,0.71,0.8,479.443,1,"InChI=1S/C25H23N3O2S/c1-16-8-10-22-20(14-16)17(2)28-21-15-19(9-11-23(21)31-22)25(30)27-13-12-26-24(29)18-6-4-3-5-7-18/h3-11,14-15H,12-13H2,1-2H3,(H,26,29)(H,27,30)","InChI=1S/C25H23BrN2OS/c1-2-21-20-16-19(26)11-13-23(20)30-24-12-10-18(15-22(24)28-21)25(29)27-14-6-9-17-7-4-3-5-8-17/h3-5,7-8,10-13,15-16H,2,6,9,14H2,1H3,(H,27,29)"
ZINC000020179005,ZINC000020179005,5.0,CCC1=Nc2cc(C(=O)NCCCc3ccccc3)ccc2Sc4ccc(Cl)cc41,CC1=Nc2cc(C(=O)NCCNC(=O)c3ccccc3)ccc2Sc2ccc(C)cc21,0.4722222222222222,0.91439015,0.9962391,0.8097521,1.0,1.0,0.72,0.79,434.992,1,"InChI=1S/C25H23N3O2S/c1-16-8-10-22-20(14-16)17(2)28-21-15-19(9-11-23(21)31-22)25(30)27-13-12-26-24(29)18-6-4-3-5-7-18/h3-11,14-15H,12-13H2,1-2H3,(H,26,29)(H,27,30)","InChI=1S/C25H23ClN2OS/c1-2-21-20-16-19(26)11-13-23(20)30-24-12-10-18(15-22(24)28-21)25(29)27-14-6-9-17-7-4-3-5-8-17/h3-5,7-8,10-13,15-16H,2,6,9,14H2,1H3,(H,27,29)"
MCULE-6561969005,https://mcule.com/MCULE-6561969005/,,N1C2C=C(C=CC=2SC2=CC=C(C)C=C2C=1CC)C(=O)NCC1C=CC(=CC=1)C,CC1=Nc2cc(C(=O)NCCNC(=O)c3ccccc3)ccc2Sc2ccc(C)cc21,0.856198347107438,0.82772297,0.9991252,0.635776,1.0,1.0,0.83,0.75,400.547,1,"InChI=1S/C25H23N3O2S/c1-16-8-10-22-20(14-16)17(2)28-21-15-19(9-11-23(21)31-22)25(30)27-13-12-26-24(29)18-6-4-3-5-7-18/h3-11,14-15H,12-13H2,1-2H3,(H,26,29)(H,27,30)","InChI=1S/C25H24N2OS/c1-4-21-20-13-17(3)7-11-23(20)29-24-12-10-19(14-22(24)27-21)25(28)26-15-18-8-5-16(2)6-9-18/h5-14H,4,15H2,1-3H3,(H,26,28)"
ZINC000004930405,ZINC000004930405,4.0,CCC1=Nc2cc(C(=O)NCCCc3ccccc3)ccc2Sc4ccc(C)cc41,CC1=Nc2cc(C(=O)NCCNC(=O)c3ccccc3)ccc2Sc2ccc(C)cc21,0.6153846153846154,0.61685336,0.9977859,0.31433976,1.0,1.0,0.76,0.69,414.574,1,"InChI=1S/C25H23N3O2S/c1-16-8-10-22-20(14-16)17(2)28-21-15-19(9-11-23(21)31-22)25(30)27-13-12-26-24(29)18-6-4-3-5-7-18/h3-11,14-15H,12-13H2,1-2H3,(H,26,29)(H,27,30)","InChI=1S/C26H26N2OS/c1-3-22-21-16-18(2)11-13-24(21)30-25-14-12-20(17-23(25)28-22)26(29)27-15-7-10-19-8-5-4-6-9-19/h4-6,8-9,11-14,16-17H,3,7,10,15H2,1-2H3,(H,27,29)"
ZINC000004930425,ZINC000004930425,5.0,CCC1=Nc2cc(C(=O)NC[C@@H](C)c3ccccc3)ccc2Sc4ccc(C)cc41,CC1=Nc2cc(C(=O)NCCNC(=O)c3ccccc3)ccc2Sc2ccc(C)cc21,0.5588235294117647,0.9019906,0.99747217,0.78267974,1.0,1.0,0.75,0.7825033,414.574,1,"InChI=1S/C25H23N3O2S/c1-16-8-10-22-20(14-16)17(2)28-21-15-19(9-11-23(21)31-22)25(30)27-13-12-26-24(29)18-6-4-3-5-7-18/h3-11,14-15H,12-13H2,1-2H3,(H,26,29)(H,27,30)","InChI=1S/C26H26N2OS/c1-4-22-21-14-17(2)10-12-24(21)30-25-13-11-20(15-23(25)28-22)26(29)27-16-18(3)19-8-6-5-7-9-19/h5-15,18H,4,16H2,1-3H3,(H,27,29)/t18-/m1/s1"
MCULE-8749518880,https://mcule.com/MCULE-8749518880/,,N1C2C=C(C=CC=2SC2C=CC(C)=CC=2C=1CC)C(NC)=O,CCC1=Nc2cc(C(Nc3c(OCC)cccc3)=O)ccc2Sc2ccc(C)cc21,0.8306451612903226,0.99905443,0.9999085,0.9978235,1.0,1.0,1.0,1.0,310.422,1,"InChI=1S/C25H24N2O2S/c1-4-19-18-14-16(3)10-12-23(18)30-24-13-11-17(15-21(24)26-19)25(28)27-20-8-6-7-9-22(20)29-5-2/h6-15H,4-5H2,1-3H3,(H,27,28)","InChI=1S/C18H18N2OS/c1-4-14-13-9-11(2)5-7-16(13)22-17-8-6-12(18(21)19-3)10-15(17)20-14/h5-10H,4H2,1-3H3,(H,19,21)"
MCULE-6254148835,https://mcule.com/MCULE-6254148835/,,N1C2C=C(C=CC=2SC2C=CC(C)=CC=2C=1CC)C(=O)NC(C)CC,CCC1=Nc2cc(C(Nc3c(OCC)cccc3)=O)ccc2Sc2ccc(C)cc21,0.8003095975232198,0.6941643,0.9980608,0.4172078,1.0,1.0,0.77,0.71,352.503,1,"InChI=1S/C25H24N2O2S/c1-4-19-18-14-16(3)10-12-23(18)30-24-13-11-17(15-21(24)26-19)25(28)27-20-8-6-7-9-22(20)29-5-2/h6-15H,4-5H2,1-3H3,(H,27,28)","InChI=1S/C21H24N2OS/c1-5-14(4)22-21(24)15-8-10-20-18(12-15)23-17(6-2)16-11-13(3)7-9-19(16)25-20/h7-12,14H,5-6H2,1-4H3,(H,22,24)"
ZINC000008583150,ZINC000008583150,3.0,CCC1=Nc2cc(C(=O)NCc3ccccc3OC)ccc2Sc4ccc(Cl)cc41,CCC1=Nc2cc(C(Nc3c(OCC)cccc3)=O)ccc2Sc2ccc(C)cc21,0.5128205128205128,0.9665767,0.9927187,0.92841244,1.0,1.0,0.67,0.84,436.964,1,"InChI=1S/C25H24N2O2S/c1-4-19-18-14-16(3)10-12-23(18)30-24-13-11-17(15-21(24)26-19)25(28)27-20-8-6-7-9-22(20)29-5-2/h6-15H,4-5H2,1-3H3,(H,27,28)","InChI=1S/C24H21ClN2O2S/c1-3-19-18-13-17(25)9-11-22(18)30-23-10-8-15(12-20(23)27-19)24(28)26-14-16-6-4-5-7-21(16)29-2/h4-13H,3,14H2,1-2H3,(H,26,28)"
ZINC000004930151,ZINC000004930151,4.0,CCC1=Nc2cc(C(=O)NCc3ccccc3)ccc2Sc4ccc(C)cc41,CCC1=Nc2cc(C(Nc3c(OCC)cccc3)=O)ccc2Sc2ccc(C)cc21,0.6417910447761194,0.73114413,0.9988592,0.4721749,1.0,1.0,0.81,0.72,386.52,1,"InChI=1S/C25H24N2O2S/c1-4-19-18-14-16(3)10-12-23(18)30-24-13-11-17(15-21(24)26-19)25(28)27-20-8-6-7-9-22(20)29-5-2/h6-15H,4-5H2,1-3H3,(H,27,28)","InChI=1S/C24H22N2OS/c1-3-20-19-13-16(2)9-11-22(19)28-23-12-10-18(14-21(23)26-20)24(27)25-15-17-7-5-4-6-8-17/h4-14H,3,15H2,1-2H3,(H,25,27)"
MCULE-4298234344,https://mcule.com/MCULE-4298234344/,,N1C2C=C(C=CC=2SC2C=CC=CC=2C=1CCC)C(=O)NCC1=CC=C(C=C1)OC,CCC1=Nc2cc(C(Nc3c(OCC)cccc3)=O)ccc2Sc2ccc(C)cc21,0.7976011994002998,0.50067765,0.9991252,0.19024788,1.0,1.0,0.83,0.66,416.546,1,"InChI=1S/C25H24N2O2S/c1-4-19-18-14-16(3)10-12-23(18)30-24-13-11-17(15-21(24)26-19)25(28)27-20-8-6-7-9-22(20)29-5-2/h6-15H,4-5H2,1-3H3,(H,27,28)","InChI=1S/C25H24N2O2S/c1-3-6-21-20-7-4-5-8-23(20)30-24-14-11-18(15-22(24)27-21)25(28)26-16-17-9-12-19(29-2)13-10-17/h4-5,7-15H,3,6,16H2,1-2H3,(H,26,28)"
ZINC000004930462,ZINC000004930462,4.0,CCCC1=Nc2cc(C(=O)NCc3ccccc3OC)ccc2Sc4ccccc41,CCC1=Nc2cc(C(Nc3c(OCC)cccc3)=O)ccc2Sc2ccc(C)cc21,0.4430379746835443,0.65626395,0.9991252,0.36422405,1.0,1.0,0.83,0.7,416.546,1,"InChI=1S/C25H24N2O2S/c1-4-19-18-14-16(3)10-12-23(18)30-24-13-11-17(15-21(24)26-19)25(28)27-20-8-6-7-9-22(20)29-5-2/h6-15H,4-5H2,1-3H3,(H,27,28)","InChI=1S/C25H24N2O2S/c1-3-8-20-19-10-5-7-12-23(19)30-24-14-13-17(15-21(24)27-20)25(28)26-16-18-9-4-6-11-22(18)29-2/h4-7,9-15H,3,8,16H2,1-2H3,(H,26,28)"
ZINC000004930411,ZINC000004930411,2.0,CCC1=Nc2cc(C(=O)NCc3ccccc3OC)ccc2Sc4ccc(C)cc41,CCC1=Nc2cc(C(Nc3c(OCC)cccc3)=O)ccc2Sc2ccc(C)cc21,0.647887323943662,0.91508645,0.9980608,0.8097521,1.0,1.0,0.77,0.79,416.546,1,"InChI=1S/C25H24N2O2S/c1-4-19-18-14-16(3)10-12-23(18)30-24-13-11-17(15-21(24)26-19)25(28)27-20-8-6-7-9-22(20)29-5-2/h6-15H,4-5H2,1-3H3,(H,27,28)","InChI=1S/C25H24N2O2S/c1-4-20-19-13-16(2)9-11-23(19)30-24-12-10-17(14-21(24)27-20)25(28)26-15-18-7-5-6-8-22(18)29-3/h5-14H,4,15H2,1-3H3,(H,26,28)"
MCULE-2991428382,https://mcule.com/MCULE-2991428382/,,N1C2C=C(C=CC=2SC2C=CC(C)=CC=2C=1CC)C(=O)NCC1=CC=CC=C1OC,CCC1=Nc2cc(C(Nc3c(OCC)cccc3)=O)ccc2Sc2ccc(C)cc21,0.8044117647058824,0.91508645,0.9980608,0.8097521,1.0,1.0,0.77,0.79,416.546,1,"InChI=1S/C25H24N2O2S/c1-4-19-18-14-16(3)10-12-23(18)30-24-13-11-17(15-21(24)26-19)25(28)27-20-8-6-7-9-22(20)29-5-2/h6-15H,4-5H2,1-3H3,(H,27,28)","InChI=1S/C25H24N2O2S/c1-4-20-19-13-16(2)9-11-23(19)30-24-12-10-17(14-21(24)27-20)25(28)26-15-18-7-5-6-8-22(18)29-3/h5-14H,4,15H2,1-3H3,(H,26,28)"
MCULE-9286432657,https://mcule.com/MCULE-9286432657/,,N1C2C=C(C=CC=2SC2C=CC(C)=CC=2C=1CC)C(=O)NCC1=CC=C(C=C1)OC,CCC1=Nc2cc(C(Nc3c(OCC)cccc3)=O)ccc2Sc2ccc(C)cc21,0.8275340393343419,0.897657,0.9983016,0.7730422,1.0,1.0,0.78,0.78,416.546,1,"InChI=1S/C25H24N2O2S/c1-4-19-18-14-16(3)10-12-23(18)30-24-13-11-17(15-21(24)26-19)25(28)27-20-8-6-7-9-22(20)29-5-2/h6-15H,4-5H2,1-3H3,(H,27,28)","InChI=1S/C25H24N2O2S/c1-4-21-20-13-16(2)5-11-23(20)30-24-12-8-18(14-22(24)27-21)25(28)26-15-17-6-9-19(29-3)10-7-17/h5-14H,4,15H2,1-3H3,(H,26,28)"
MCULE-6888845344,https://mcule.com/MCULE-6888845344/,,N1C2C=C(C=CC=2SC2C=CC(C)=CC=2C=1CCC)C(=O)NCC1=CC=C(C=C1)OC,CCC1=Nc2cc(C(Nc3c(OCC)cccc3)=O)ccc2Sc2ccc(C)cc21,0.8115727002967359,0.6940846,0.9977859,0.4172078,1.0,1.0,0.76,0.71,430.573,1,"InChI=1S/C25H24N2O2S/c1-4-19-18-14-16(3)10-12-23(18)30-24-13-11-17(15-21(24)26-19)25(28)27-20-8-6-7-9-22(20)29-5-2/h6-15H,4-5H2,1-3H3,(H,27,28)","InChI=1S/C26H26N2O2S/c1-4-5-22-21-14-17(2)6-12-24(21)31-25-13-9-19(15-23(25)28-22)26(29)27-16-18-7-10-20(30-3)11-8-18/h6-15H,4-5,16H2,1-3H3,(H,27,29)"
MCULE-9865938357,https://mcule.com/MCULE-9865938357/,,N1C2C=C(C=CC=2SC2C=CC=CC=2C=1CCC)C(NCCC1C=CC(=CC=1)OCC)=O,CCC1=Nc2cc(C(Nc3c(OCC)cccc3)=O)ccc2Sc2ccc(C)cc21,0.804185351270553,0.49969137,0.994408,0.19024788,1.0,1.0,0.69,0.66,444.6,1,"InChI=1S/C25H24N2O2S/c1-4-19-18-14-16(3)10-12-23(18)30-24-13-11-17(15-21(24)26-19)25(28)27-20-8-6-7-9-22(20)29-5-2/h6-15H,4-5H2,1-3H3,(H,27,28)","InChI=1S/C27H28N2O2S/c1-3-7-23-22-8-5-6-9-25(22)32-26-15-12-20(18-24(26)29-23)27(30)28-17-16-19-10-13-21(14-11-19)31-4-2/h5-6,8-15,18H,3-4,7,16-17H2,1-2H3,(H,28,30)"
MCULE-2354057686,https://mcule.com/MCULE-2354057686/,,N1C2C=C(C=CC=2SC2C=CC(C)=CC=2C=1CC)C(NCCC1C=CC(=CC=1)OCC)=O,CCC1=Nc2cc(C(Nc3c(OCC)cccc3)=O)ccc2Sc2ccc(C)cc21,0.8353474320241692,0.94881815,0.98767555,0.89253426,1.0,1.0,0.63,0.82,444.6,1,"InChI=1S/C25H24N2O2S/c1-4-19-18-14-16(3)10-12-23(18)30-24-13-11-17(15-21(24)26-19)25(28)27-20-8-6-7-9-22(20)29-5-2/h6-15H,4-5H2,1-3H3,(H,27,28)","InChI=1S/C27H28N2O2S/c1-4-23-22-16-18(3)6-12-25(22)32-26-13-9-20(17-24(26)29-23)27(30)28-15-14-19-7-10-21(11-8-19)31-5-2/h6-13,16-17H,4-5,14-15H2,1-3H3,(H,28,30)"
MCULE-6254148835,https://mcule.com/MCULE-6254148835/,,N1C2C=C(C=CC=2SC2C=CC(C)=CC=2C=1CC)C(=O)NC(C)CC,CC1=Nc2cc(C(=O)NCCCc3ccccc3)ccc2Sc2ccc(C)cc21,0.9159212880143112,0.6941643,0.9980608,0.4172078,1.0,1.0,0.77,0.71,352.503,1,"InChI=1S/C25H24N2OS/c1-17-10-12-23-21(15-17)18(2)27-22-16-20(11-13-24(22)29-23)25(28)26-14-6-9-19-7-4-3-5-8-19/h3-5,7-8,10-13,15-16H,6,9,14H2,1-2H3,(H,26,28)","InChI=1S/C21H24N2OS/c1-5-14(4)22-21(24)15-8-10-20-18(12-15)23-17(6-2)16-11-13(3)7-9-19(16)25-20/h7-12,14H,5-6H2,1-4H3,(H,22,24)"
ZINC000009608354,ZINC000009608354,2.0,CCC1=Nc2cc(C(=O)NCCCc3ccccc3)ccc2Sc4ccc(Br)cc41,CC1=Nc2cc(C(=O)NCCCc3ccccc3)ccc2Sc2ccc(C)cc21,0.6086956521739131,0.929064,0.99570715,0.8417399,1.0,1.0,0.71,0.8,479.443,1,"InChI=1S/C25H24N2OS/c1-17-10-12-23-21(15-17)18(2)27-22-16-20(11-13-24(22)29-23)25(28)26-14-6-9-19-7-4-3-5-8-19/h3-5,7-8,10-13,15-16H,6,9,14H2,1-2H3,(H,26,28)","InChI=1S/C25H23BrN2OS/c1-2-21-20-16-19(26)11-13-23(20)30-24-12-10-18(15-22(24)28-21)25(29)27-14-6-9-17-7-4-3-5-8-17/h3-5,7-8,10-13,15-16H,2,6,9,14H2,1H3,(H,27,29)"
ZINC000020179005,ZINC000020179005,2.0,CCC1=Nc2cc(C(=O)NCCCc3ccccc3)ccc2Sc4ccc(Cl)cc41,CC1=Nc2cc(C(=O)NCCCc3ccccc3)ccc2Sc2ccc(C)cc21,0.6086956521739131,0.91439015,0.9962391,0.8097521,1.0,1.0,0.72,0.79,434.992,1,"InChI=1S/C25H24N2OS/c1-17-10-12-23-21(15-17)18(2)27-22-16-20(11-13-24(22)29-23)25(28)26-14-6-9-19-7-4-3-5-8-19/h3-5,7-8,10-13,15-16H,6,9,14H2,1-2H3,(H,26,28)","InChI=1S/C25H23ClN2OS/c1-2-21-20-16-19(26)11-13-23(20)30-24-12-10-18(15-22(24)28-21)25(29)27-14-6-9-17-7-4-3-5-8-17/h3-5,7-8,10-13,15-16H,2,6,9,14H2,1H3,(H,27,29)"
ZINC000004930146,ZINC000004930146,2.0,CCC1=Nc2cc(C(=O)NCCc3ccccc3)ccc2Sc4ccc(C)cc41,CC1=Nc2cc(C(=O)NCCCc3ccccc3)ccc2Sc2ccc(C)cc21,0.6875,0.91395444,0.99510026,0.8097521,1.0,1.0,0.7,0.79,400.547,1,"InChI=1S/C25H24N2OS/c1-17-10-12-23-21(15-17)18(2)27-22-16-20(11-13-24(22)29-23)25(28)26-14-6-9-19-7-4-3-5-8-19/h3-5,7-8,10-13,15-16H,6,9,14H2,1-2H3,(H,26,28)","InChI=1S/C25H24N2OS/c1-3-21-20-15-17(2)9-11-23(20)29-24-12-10-19(16-22(24)27-21)25(28)26-14-13-18-7-5-4-6-8-18/h4-12,15-16H,3,13-14H2,1-2H3,(H,26,28)"
MCULE-2150483193,https://mcule.com/MCULE-2150483193/,,N1C2C=C(C=CC=2SC2C=CC(C)=CC=2C=1CC)C(NCCC1C=CC=CC=1)=O,CC1=Nc2cc(C(=O)NCCCc3ccccc3)ccc2Sc2ccc(C)cc21,0.9372759856630823,0.91395444,0.99510026,0.8097521,1.0,1.0,0.7,0.79,400.547,1,"InChI=1S/C25H24N2OS/c1-17-10-12-23-21(15-17)18(2)27-22-16-20(11-13-24(22)29-23)25(28)26-14-6-9-19-7-4-3-5-8-19/h3-5,7-8,10-13,15-16H,6,9,14H2,1-2H3,(H,26,28)","InChI=1S/C25H24N2OS/c1-3-21-20-15-17(2)9-11-23(20)29-24-12-10-19(16-22(24)27-21)25(28)26-14-13-18-7-5-4-6-8-18/h4-12,15-16H,3,13-14H2,1-2H3,(H,26,28)"
ZINC000004930405,ZINC000004930405,1.0,CCC1=Nc2cc(C(=O)NCCCc3ccccc3)ccc2Sc4ccc(C)cc41,CC1=Nc2cc(C(=O)NCCCc3ccccc3)ccc2Sc2ccc(C)cc21,0.7741935483870968,0.61685336,0.9977859,0.31433976,1.0,1.0,0.76,0.69,414.574,1,"InChI=1S/C25H24N2OS/c1-17-10-12-23-21(15-17)18(2)27-22-16-20(11-13-24(22)29-23)25(28)26-14-6-9-19-7-4-3-5-8-19/h3-5,7-8,10-13,15-16H,6,9,14H2,1-2H3,(H,26,28)","InChI=1S/C26H26N2OS/c1-3-22-21-16-18(2)11-13-24(21)30-25-14-12-20(17-23(25)28-22)26(29)27-15-7-10-19-8-5-4-6-9-19/h4-6,8-9,11-14,16-17H,3,7,10,15H2,1-2H3,(H,27,29)"
MCULE-3090142097,https://mcule.com/MCULE-3090142097/,,N1C2C=C(C=CC=2SC2C=CC(C)=CC=2C=1CC)C(NCCCC1C=CC=CC=1)=O,CC1=Nc2cc(C(=O)NCCCc3ccccc3)ccc2Sc2ccc(C)cc21,0.9547920433996384,0.61685336,0.9977859,0.31433976,1.0,1.0,0.76,0.69,414.574,1,"InChI=1S/C25H24N2OS/c1-17-10-12-23-21(15-17)18(2)27-22-16-20(11-13-24(22)29-23)25(28)26-14-6-9-19-7-4-3-5-8-19/h3-5,7-8,10-13,15-16H,6,9,14H2,1-2H3,(H,26,28)","InChI=1S/C26H26N2OS/c1-3-22-21-16-18(2)11-13-24(21)30-25-14-12-20(17-23(25)28-22)26(29)27-15-7-10-19-8-5-4-6-9-19/h4-6,8-9,11-14,16-17H,3,7,10,15H2,1-2H3,(H,27,29)"
MCULE-1329921853,https://mcule.com/MCULE-1329921853/,,N1C2C=C(C=CC=2SC2=CC=C(C)C=C2C=1CC)C(NCCC1C=CC(=CC=1)C)=O,CC1=Nc2cc(C(=O)NCCCc3ccccc3)ccc2Sc2ccc(C)cc21,0.9240282685512368,0.94134355,0.99510026,0.869218,1.0,1.0,0.7,0.81,414.574,1,"InChI=1S/C25H24N2OS/c1-17-10-12-23-21(15-17)18(2)27-22-16-20(11-13-24(22)29-23)25(28)26-14-6-9-19-7-4-3-5-8-19/h3-5,7-8,10-13,15-16H,6,9,14H2,1-2H3,(H,26,28)","InChI=1S/C26H26N2OS/c1-4-22-21-15-18(3)7-11-24(21)30-25-12-10-20(16-23(25)28-22)26(29)27-14-13-19-8-5-17(2)6-9-19/h5-12,15-16H,4,13-14H2,1-3H3,(H,27,29)"
MCULE-9498502378,https://mcule.com/MCULE-9498502378/,,N1C2C=C(C=CC=2SC2=CC=C(C)C=C2C=1CC)C(NCCC1C=CC=C(C)C=1)=O,CC1=Nc2cc(C(=O)NCCCc3ccccc3)ccc2Sc2ccc(C)cc21,0.9273049645390072,0.92825156,0.99361867,0.8417399,1.0,1.0,0.68,0.8,414.574,1,"InChI=1S/C25H24N2OS/c1-17-10-12-23-21(15-17)18(2)27-22-16-20(11-13-24(22)29-23)25(28)26-14-6-9-19-7-4-3-5-8-19/h3-5,7-8,10-13,15-16H,6,9,14H2,1-2H3,(H,26,28)","InChI=1S/C26H26N2OS/c1-4-22-21-15-18(3)8-10-24(21)30-25-11-9-20(16-23(25)28-22)26(29)27-13-12-19-7-5-6-17(2)14-19/h5-11,14-16H,4,12-13H2,1-3H3,(H,27,29)"
MCULE-9681315168,https://mcule.com/MCULE-9681315168/,,N1C2C=C(C=CC=2SC2C=CC=CC=2C=1CC)C(NCCCC)=O,CCC1=Nc2cc(C(=O)NCCCc3ccccc3)ccc2Sc2c1cccc2,0.9774011299435028,0.99905443,0.9999085,0.9978235,1.0,1.0,1.0,1.0,338.476,1,"InChI=1S/C25H24N2OS/c1-2-21-20-12-6-7-13-23(20)29-24-15-14-19(17-22(24)27-21)25(28)26-16-8-11-18-9-4-3-5-10-18/h3-7,9-10,12-15,17H,2,8,11,16H2,1H3,(H,26,28)","InChI=1S/C20H22N2OS/c1-3-5-12-21-20(23)14-10-11-19-17(13-14)22-16(4-2)15-8-6-7-9-18(15)24-19/h6-11,13H,3-5,12H2,1-2H3,(H,21,23)"
MCULE-6742382703,https://mcule.com/MCULE-6742382703/,,N1C2C=C(C=CC=2SC2C=CC=CC=2C=1CC)C(=O)NC(C)CC,CCC1=Nc2cc(C(=O)NCCCc3ccccc3)ccc2Sc2c1cccc2,0.9574861367837338,0.7938469,0.9859492,0.58279216,1.0,1.0,0.62,0.74,338.476,1,"InChI=1S/C25H24N2OS/c1-2-21-20-12-6-7-13-23(20)29-24-15-14-19(17-22(24)27-21)25(28)26-16-8-11-18-9-4-3-5-10-18/h3-7,9-10,12-15,17H,2,8,11,16H2,1H3,(H,26,28)","InChI=1S/C20H22N2OS/c1-4-13(3)21-20(23)14-10-11-19-17(12-14)22-16(5-2)15-8-6-7-9-18(15)24-19/h6-13H,4-5H2,1-3H3,(H,21,23)"
MCULE-6254148835,https://mcule.com/MCULE-6254148835/,,N1C2C=C(C=CC=2SC2C=CC(C)=CC=2C=1CC)C(=O)NC(C)CC,CCC1=Nc2cc(C(=O)NCCCc3ccccc3)ccc2Sc2c1cccc2,0.9316546762589928,0.6941643,0.9980608,0.4172078,1.0,1.0,0.77,0.71,352.503,1,"InChI=1S/C25H24N2OS/c1-2-21-20-12-6-7-13-23(20)29-24-15-14-19(17-22(24)27-21)25(28)26-16-8-11-18-9-4-3-5-10-18/h3-7,9-10,12-15,17H,2,8,11,16H2,1H3,(H,26,28)","InChI=1S/C21H24N2OS/c1-5-14(4)22-21(24)15-8-10-20-18(12-15)23-17(6-2)16-11-13(3)7-9-19(16)25-20/h7-12,14H,5-6H2,1-4H3,(H,22,24)"
ZINC000004929355,ZINC000004929355,2.0,CC1=Nc2cc(C(=O)NCCc3ccccc3)ccc2Sc4ccccc41,CCC1=Nc2cc(C(=O)NCCCc3ccccc3)ccc2Sc2c1cccc2,0.6610169491525424,0.89366335,0.98767555,0.7730422,1.0,1.0,0.63,0.78,372.493,1,"InChI=1S/C25H24N2OS/c1-2-21-20-12-6-7-13-23(20)29-24-15-14-19(17-22(24)27-21)25(28)26-16-8-11-18-9-4-3-5-10-18/h3-7,9-10,12-15,17H,2,8,11,16H2,1H3,(H,26,28)","InChI=1S/C23H20N2OS/c1-16-19-9-5-6-10-21(19)27-22-12-11-18(15-20(22)25-16)23(26)24-14-13-17-7-3-2-4-8-17/h2-12,15H,13-14H2,1H3,(H,24,26)"
ZINC000009608354,ZINC000009608354,1.0,CCC1=Nc2cc(C(=O)NCCCc3ccccc3)ccc2Sc4ccc(Br)cc41,CCC1=Nc2cc(C(=O)NCCCc3ccccc3)ccc2Sc2c1cccc2,0.8305084745762712,0.929064,0.99570715,0.8417399,1.0,1.0,0.71,0.8,479.443,1,"InChI=1S/C25H24N2OS/c1-2-21-20-12-6-7-13-23(20)29-24-15-14-19(17-22(24)27-21)25(28)26-16-8-11-18-9-4-3-5-10-18/h3-7,9-10,12-15,17H,2,8,11,16H2,1H3,(H,26,28)","InChI=1S/C25H23BrN2OS/c1-2-21-20-16-19(26)11-13-23(20)30-24-12-10-18(15-22(24)28-21)25(29)27-14-6-9-17-7-4-3-5-8-17/h3-5,7-8,10-13,15-16H,2,6,9,14H2,1H3,(H,27,29)"
MCULE-8353454535,https://mcule.com/MCULE-8353454535/,,N1C2C=C(C=CC=2SC2C=CC(Br)=CC=2C=1CC)C(NCCCC1C=CC=CC=1)=O,CCC1=Nc2cc(C(=O)NCCCc3ccccc3)ccc2Sc2c1cccc2,0.9332161687170476,0.929064,0.99570715,0.8417399,1.0,1.0,0.71,0.8,479.443,1,"InChI=1S/C25H24N2OS/c1-2-21-20-12-6-7-13-23(20)29-24-15-14-19(17-22(24)27-21)25(28)26-16-8-11-18-9-4-3-5-10-18/h3-7,9-10,12-15,17H,2,8,11,16H2,1H3,(H,26,28)","InChI=1S/C25H23BrN2OS/c1-2-21-20-16-19(26)11-13-23(20)30-24-12-10-18(15-22(24)28-21)25(29)27-14-6-9-17-7-4-3-5-8-17/h3-5,7-8,10-13,15-16H,2,6,9,14H2,1H3,(H,27,29)"
ZINC000020179005,ZINC000020179005,1.0,CCC1=Nc2cc(C(=O)NCCCc3ccccc3)ccc2Sc4ccc(Cl)cc41,CCC1=Nc2cc(C(=O)NCCCc3ccccc3)ccc2Sc2c1cccc2,0.8305084745762712,0.91439015,0.9962391,0.8097521,1.0,1.0,0.72,0.79,434.992,1,"InChI=1S/C25H24N2OS/c1-2-21-20-12-6-7-13-23(20)29-24-15-14-19(17-22(24)27-21)25(28)26-16-8-11-18-9-4-3-5-10-18/h3-7,9-10,12-15,17H,2,8,11,16H2,1H3,(H,26,28)","InChI=1S/C25H23ClN2OS/c1-2-21-20-16-19(26)11-13-23(20)30-24-12-10-18(15-22(24)28-21)25(29)27-14-6-9-17-7-4-3-5-8-17/h3-5,7-8,10-13,15-16H,2,6,9,14H2,1H3,(H,27,29)"
MCULE-2883797677,https://mcule.com/MCULE-2883797677/,,N1C2C=C(C=CC=2SC2C=CC(Cl)=CC=2C=1CC)C(NCCCC1C=CC=CC=1)=O,CCC1=Nc2cc(C(=O)NCCCc3ccccc3)ccc2Sc2c1cccc2,0.9365079365079364,0.91439015,0.9962391,0.8097521,1.0,1.0,0.72,0.79,434.992,1,"InChI=1S/C25H24N2OS/c1-2-21-20-12-6-7-13-23(20)29-24-15-14-19(17-22(24)27-21)25(28)26-16-8-11-18-9-4-3-5-10-18/h3-7,9-10,12-15,17H,2,8,11,16H2,1H3,(H,26,28)","InChI=1S/C25H23ClN2OS/c1-2-21-20-16-19(26)11-13-23(20)30-24-12-10-18(15-22(24)28-21)25(29)27-14-6-9-17-7-4-3-5-8-17/h3-5,7-8,10-13,15-16H,2,6,9,14H2,1H3,(H,27,29)"
MCULE-3551346871,https://mcule.com/MCULE-3551346871/,,N1C2C=C(C=CC=2SC2C=CC=CC=2C=1CCC)C(NCCC1C=CC=CC=1)=O,CCC1=Nc2cc(C(=O)NCCCc3ccccc3)ccc2Sc2c1cccc2,0.9370503597122302,0.46377966,0.9994856,0.1582601,1.0,1.0,0.87,0.65,400.547,1,"InChI=1S/C25H24N2OS/c1-2-21-20-12-6-7-13-23(20)29-24-15-14-19(17-22(24)27-21)25(28)26-16-8-11-18-9-4-3-5-10-18/h3-7,9-10,12-15,17H,2,8,11,16H2,1H3,(H,26,28)","InChI=1S/C25H24N2OS/c1-2-8-21-20-11-6-7-12-23(20)29-24-14-13-19(17-22(24)27-21)25(28)26-16-15-18-9-4-3-5-10-18/h3-7,9-14,17H,2,8,15-16H2,1H3,(H,26,28)"
ZINC000004930486,ZINC000004930486,1.0,CCCC1=Nc2cc(C(=O)NCCCc3ccccc3)ccc2Sc4ccccc41,CCC1=Nc2cc(C(=O)NCCCc3ccccc3)ccc2Sc2c1cccc2,0.8245614035087719,0.39424425,0.9967054,0.107465744,1.0,1.0,0.73,0.63,414.574,1,"InChI=1S/C25H24N2OS/c1-2-21-20-12-6-7-13-23(20)29-24-15-14-19(17-22(24)27-21)25(28)26-16-8-11-18-9-4-3-5-10-18/h3-7,9-10,12-15,17H,2,8,11,16H2,1H3,(H,26,28)","InChI=1S/C26H26N2OS/c1-2-9-22-21-13-6-7-14-24(21)30-25-16-15-20(18-23(25)28-22)26(29)27-17-8-12-19-10-4-3-5-11-19/h3-7,10-11,13-16,18H,2,8-9,12,17H2,1H3,(H,27,29)"
MCULE-3502062233,https://mcule.com/MCULE-3502062233/,,N1C2C=C(C=CC=2SC2C=CC=CC=2C=1CCC)C(NCCCC1C=CC=CC=1)=O,CCC1=Nc2cc(C(=O)NCCCc3ccccc3)ccc2Sc2c1cccc2,0.9761029411764706,0.39424425,0.9967054,0.107465744,1.0,1.0,0.73,0.63,414.574,1,"InChI=1S/C25H24N2OS/c1-2-21-20-12-6-7-13-23(20)29-24-15-14-19(17-22(24)27-21)25(28)26-16-8-11-18-9-4-3-5-10-18/h3-7,9-10,12-15,17H,2,8,11,16H2,1H3,(H,26,28)","InChI=1S/C26H26N2OS/c1-2-9-22-21-13-6-7-14-24(21)30-25-16-15-20(18-23(25)28-22)26(29)27-17-8-12-19-10-4-3-5-11-19/h3-7,10-11,13-16,18H,2,8-9,12,17H2,1H3,(H,27,29)"
ZINC000004930405,ZINC000004930405,1.0,CCC1=Nc2cc(C(=O)NCCCc3ccccc3)ccc2Sc4ccc(C)cc41,CCC1=Nc2cc(C(=O)NCCCc3ccccc3)ccc2Sc2c1cccc2,0.8448275862068966,0.61685336,0.9977859,0.31433976,1.0,1.0,0.76,0.69,414.574,1,"InChI=1S/C25H24N2OS/c1-2-21-20-12-6-7-13-23(20)29-24-15-14-19(17-22(24)27-21)25(28)26-16-8-11-18-9-4-3-5-10-18/h3-7,9-10,12-15,17H,2,8,11,16H2,1H3,(H,26,28)","InChI=1S/C26H26N2OS/c1-3-22-21-16-18(2)11-13-24(21)30-25-14-12-20(17-23(25)28-22)26(29)27-15-7-10-19-8-5-4-6-9-19/h4-6,8-9,11-14,16-17H,3,7,10,15H2,1-2H3,(H,27,29)"
MCULE-3090142097,https://mcule.com/MCULE-3090142097/,,N1C2C=C(C=CC=2SC2C=CC(C)=CC=2C=1CC)C(NCCCC1C=CC=CC=1)=O,CCC1=Nc2cc(C(=O)NCCCc3ccccc3)ccc2Sc2c1cccc2,0.9602169981916816,0.61685336,0.9977859,0.31433976,1.0,1.0,0.76,0.69,414.574,1,"InChI=1S/C25H24N2OS/c1-2-21-20-12-6-7-13-23(20)29-24-15-14-19(17-22(24)27-21)25(28)26-16-8-11-18-9-4-3-5-10-18/h3-7,9-10,12-15,17H,2,8,11,16H2,1H3,(H,26,28)","InChI=1S/C26H26N2OS/c1-3-22-21-16-18(2)11-13-24(21)30-25-14-12-20(17-23(25)28-22)26(29)27-15-7-10-19-8-5-4-6-9-19/h4-6,8-9,11-14,16-17H,3,7,10,15H2,1-2H3,(H,27,29)"
MCULE-2252653599,https://mcule.com/MCULE-2252653599/,,N1C2C=C(C=CC=2SC2C=CC=CC=2C=1CCC)C(=O)NC(C)CCC1C=CC=CC=1,CCC1=Nc2cc(C(=O)NCCCc3ccccc3)ccc2Sc2c1cccc2,0.9482142857142856,0.85222375,0.99361867,0.68566024,1.0,1.0,0.68,0.76,428.601,1,"InChI=1S/C25H24N2OS/c1-2-21-20-12-6-7-13-23(20)29-24-15-14-19(17-22(24)27-21)25(28)26-16-8-11-18-9-4-3-5-10-18/h3-7,9-10,12-15,17H,2,8,11,16H2,1H3,(H,26,28)","InChI=1S/C27H28N2OS/c1-3-9-23-22-12-7-8-13-25(22)31-26-17-16-21(18-24(26)29-23)27(30)28-19(2)14-15-20-10-5-4-6-11-20/h4-8,10-13,16-19H,3,9,14-15H2,1-2H3,(H,28,30)"
ZINC000020179014,ZINC000020179014,2.0,CCCC1=Nc2cc(C(=O)N[C@@H](C)CCc3ccccc3)ccc2Sc4ccccc41,CCC1=Nc2cc(C(=O)NCCCc3ccccc3)ccc2Sc2c1cccc2,0.5735294117647058,0.85222375,0.99361867,0.68566024,1.0,1.0,0.68,0.76,428.601,1,"InChI=1S/C25H24N2OS/c1-2-21-20-12-6-7-13-23(20)29-24-15-14-19(17-22(24)27-21)25(28)26-16-8-11-18-9-4-3-5-10-18/h3-7,9-10,12-15,17H,2,8,11,16H2,1H3,(H,26,28)","InChI=1S/C27H28N2OS/c1-3-9-23-22-12-7-8-13-25(22)31-26-17-16-21(18-24(26)29-23)27(30)28-19(2)14-15-20-10-5-4-6-11-20/h4-8,10-13,16-19H,3,9,14-15H2,1-2H3,(H,28,30)/t19-/m0/s1"
ZINC000009608385,ZINC000009608385,2.0,CCCC1=Nc2cc(C(=O)N[C@H](C)CCc3ccccc3)ccc2Sc4ccccc41,CCC1=Nc2cc(C(=O)NCCCc3ccccc3)ccc2Sc2c1cccc2,0.5735294117647058,0.85222375,0.99361867,0.68566024,1.0,1.0,0.68,0.76,428.601,1,"InChI=1S/C25H24N2OS/c1-2-21-20-12-6-7-13-23(20)29-24-15-14-19(17-22(24)27-21)25(28)26-16-8-11-18-9-4-3-5-10-18/h3-7,9-10,12-15,17H,2,8,11,16H2,1H3,(H,26,28)","InChI=1S/C27H28N2OS/c1-3-9-23-22-12-7-8-13-25(22)31-26-17-16-21(18-24(26)29-23)27(30)28-19(2)14-15-20-10-5-4-6-11-20/h4-8,10-13,16-19H,3,9,14-15H2,1-2H3,(H,28,30)/t19-/m1/s1"
MCULE-8749518880,https://mcule.com/MCULE-8749518880/,,N1C2C=C(C=CC=2SC2C=CC(C)=CC=2C=1CC)C(NC)=O,CCC1=Nc2cc(C(=O)NCCCCCCCC)ccc2Sc2ccc(C)cc21,0.9363636363636364,0.99905443,0.9999085,0.9978235,1.0,1.0,1.0,1.0,310.422,1,"InChI=1S/C25H32N2OS/c1-4-6-7-8-9-10-15-26-25(28)19-12-14-24-22(17-19)27-21(5-2)20-16-18(3)11-13-23(20)29-24/h11-14,16-17H,4-10,15H2,1-3H3,(H,26,28)","InChI=1S/C18H18N2OS/c1-4-14-13-9-11(2)5-7-16(13)22-17-8-6-12(18(21)19-3)10-15(17)20-14/h5-10H,4H2,1-3H3,(H,19,21)"
MCULE-9681315168,https://mcule.com/MCULE-9681315168/,,N1C2C=C(C=CC=2SC2C=CC=CC=2C=1CC)C(NCCCC)=O,CCC1=Nc2cc(C(=O)NCCCCCCCC)ccc2Sc2ccc(C)cc21,0.9436363636363636,0.99905443,0.9999085,0.9978235,1.0,1.0,1.0,1.0,338.476,1,"InChI=1S/C25H32N2OS/c1-4-6-7-8-9-10-15-26-25(28)19-12-14-24-22(17-19)27-21(5-2)20-16-18(3)11-13-23(20)29-24/h11-14,16-17H,4-10,15H2,1-3H3,(H,26,28)","InChI=1S/C20H22N2OS/c1-3-5-12-21-20(23)14-10-11-19-17(13-14)22-16(4-2)15-8-6-7-9-18(15)24-19/h6-11,13H,3-5,12H2,1-2H3,(H,21,23)"
MCULE-6254148835,https://mcule.com/MCULE-6254148835/,,N1C2C=C(C=CC=2SC2C=CC(C)=CC=2C=1CC)C(=O)NC(C)CC,CCC1=Nc2cc(C(=O)NCCCCCCCC)ccc2Sc2ccc(C)cc21,0.9517857142857142,0.6941643,0.9980608,0.4172078,1.0,1.0,0.77,0.71,352.503,1,"InChI=1S/C25H32N2OS/c1-4-6-7-8-9-10-15-26-25(28)19-12-14-24-22(17-19)27-21(5-2)20-16-18(3)11-13-23(20)29-24/h11-14,16-17H,4-10,15H2,1-3H3,(H,26,28)","InChI=1S/C21H24N2OS/c1-5-14(4)22-21(24)15-8-10-20-18(12-15)23-17(6-2)16-11-13(3)7-9-19(16)25-20/h7-12,14H,5-6H2,1-4H3,(H,22,24)"
ZINC000009608242,ZINC000009608242,3.0,CCC1=Nc2cc(C(=O)NC3CCCCCC3)ccc2Sc4ccc(Br)cc41,CCC1=Nc2cc(C(=O)NCCCCCCCC)ccc2Sc2ccc(C)cc21,0.4444444444444444,0.69006824,0.983985,0.4172078,1.0,1.0,0.61,0.71,457.437,1,"InChI=1S/C25H32N2OS/c1-4-6-7-8-9-10-15-26-25(28)19-12-14-24-22(17-19)27-21(5-2)20-16-18(3)11-13-23(20)29-24/h11-14,16-17H,4-10,15H2,1-3H3,(H,26,28)","InChI=1S/C23H25BrN2OS/c1-2-19-18-14-16(24)10-12-21(18)28-22-11-9-15(13-20(22)26-19)23(27)25-17-7-5-3-4-6-8-17/h9-14,17H,2-8H2,1H3,(H,25,27)"
ZINC000004712595,ZINC000004712595,3.0,CCC1=Nc2cc(C(=O)NCCN3CCCC3)ccc2Sc4ccc(C)cc41,CCC1=Nc2cc(C(=O)NCCCCCCCC)ccc2Sc2ccc(C)cc21,0.6153846153846154,0.7611134,0.983985,0.52782506,1.0,1.0,0.61,0.73,393.556,1,"InChI=1S/C25H32N2OS/c1-4-6-7-8-9-10-15-26-25(28)19-12-14-24-22(17-19)27-21(5-2)20-16-18(3)11-13-23(20)29-24/h11-14,16-17H,4-10,15H2,1-3H3,(H,26,28)","InChI=1S/C23H27N3OS/c1-3-19-18-14-16(2)6-8-21(18)28-22-9-7-17(15-20(22)25-19)23(27)24-10-13-26-11-4-5-12-26/h6-9,14-15H,3-5,10-13H2,1-2H3,(H,24,27)"
MCULE-8461881110,https://mcule.com/MCULE-8461881110/,,N1C2C=C(C=CC=2SC2=CC=C(C)C=C2C=1CCC)C(NCCC(C)C)=O,CCC1=Nc2cc(C(=O)NCCCCCCCC)ccc2Sc2ccc(C)cc21,0.9404553415061296,0.826332,0.99510026,0.635776,1.0,1.0,0.7,0.75,380.557,1,"InChI=1S/C25H32N2OS/c1-4-6-7-8-9-10-15-26-25(28)19-12-14-24-22(17-19)27-21(5-2)20-16-18(3)11-13-23(20)29-24/h11-14,16-17H,4-10,15H2,1-3H3,(H,26,28)","InChI=1S/C23H28N2OS/c1-5-6-19-18-13-16(4)7-9-21(18)27-22-10-8-17(14-20(22)25-19)23(26)24-12-11-15(2)3/h7-10,13-15H,5-6,11-12H2,1-4H3,(H,24,26)"
ZINC000004929841,ZINC000004929841,2.0,CCC1=Nc2cc(C(=O)NC3CCCCCCC3)ccc2Sc4ccc(Cl)cc41,CCC1=Nc2cc(C(=O)NCCCCCCCC)ccc2Sc2ccc(C)cc21,0.4444444444444444,0.0,0.98767555,0.7315967,0.0,1.0,0.63,0.77,427.013,1,"InChI=1S/C25H32N2OS/c1-4-6-7-8-9-10-15-26-25(28)19-12-14-24-22(17-19)27-21(5-2)20-16-18(3)11-13-23(20)29-24/h11-14,16-17H,4-10,15H2,1-3H3,(H,26,28)","InChI=1S/C24H27ClN2OS/c1-2-20-19-15-17(25)11-13-22(19)29-23-12-10-16(14-21(23)27-20)24(28)26-18-8-6-4-3-5-7-9-18/h10-15,18H,2-9H2,1H3,(H,26,28)"
ZINC000006728172,ZINC000006728172,2.0,CC1=Nc2cc(C(=O)NC3CCCCCCC3)ccc2Sc4ccc(C)cc41,CCC1=Nc2cc(C(=O)NCCCCCCCC)ccc2Sc2ccc(C)cc21,0.5074626865671642,0.0,0.98919207,0.8097521,0.0,1.0,0.64,0.79,392.568,1,"InChI=1S/C25H32N2OS/c1-4-6-7-8-9-10-15-26-25(28)19-12-14-24-22(17-19)27-21(5-2)20-16-18(3)11-13-23(20)29-24/h11-14,16-17H,4-10,15H2,1-3H3,(H,26,28)","InChI=1S/C24H28N2OS/c1-16-10-12-22-20(14-16)17(2)25-21-15-18(11-13-23(21)28-22)24(27)26-19-8-6-4-3-5-7-9-19/h10-15,19H,3-9H2,1-2H3,(H,26,27)"
ZINC000004930073,ZINC000004930073,2.0,CCC1=Nc2cc(C(=O)NC3CCCCCC3)ccc2Sc4ccc(C)cc41,CCC1=Nc2cc(C(=O)NCCCCCCCC)ccc2Sc2ccc(C)cc21,0.5846153846153846,0.82474643,0.9905238,0.635776,1.0,1.0,0.65,0.75,392.568,1,"InChI=1S/C25H32N2OS/c1-4-6-7-8-9-10-15-26-25(28)19-12-14-24-22(17-19)27-21(5-2)20-16-18(3)11-13-23(20)29-24/h11-14,16-17H,4-10,15H2,1-3H3,(H,26,28)","InChI=1S/C24H28N2OS/c1-3-20-19-14-16(2)10-12-22(19)28-23-13-11-17(15-21(23)26-20)24(27)25-18-8-6-4-5-7-9-18/h10-15,18H,3-9H2,1-2H3,(H,25,27)"
MCULE-2828397437,https://mcule.com/MCULE-2828397437/,,N1C2C=C(C=CC=2SC2C=CC(C)=CC=2C=1CC)C(=O)NC1CCCCCC1,CCC1=Nc2cc(C(=O)NCCCCCCCC)ccc2Sc2ccc(C)cc21,0.9482758620689656,0.82474643,0.9905238,0.635776,1.0,1.0,0.65,0.75,392.568,1,"InChI=1S/C25H32N2OS/c1-4-6-7-8-9-10-15-26-25(28)19-12-14-24-22(17-19)27-21(5-2)20-16-18(3)11-13-23(20)29-24/h11-14,16-17H,4-10,15H2,1-3H3,(H,26,28)","InChI=1S/C24H28N2OS/c1-3-20-19-14-16(2)10-12-22(19)28-23-13-11-17(15-21(23)26-20)24(27)25-18-8-6-4-5-7-9-18/h10-15,18H,3-9H2,1-2H3,(H,25,27)"
MCULE-9391028128,https://mcule.com/MCULE-9391028128/,,N1C2C=C(C=CC=2SC2C=CC(C)=CC=2C=1CCC)C(=O)NC1CCCCCC1,CCC1=Nc2cc(C(=O)NCCCCCCCC)ccc2Sc2ccc(C)cc21,0.9322033898305084,0.69006824,0.983985,0.4172078,1.0,1.0,0.61,0.71,406.595,1,"InChI=1S/C25H32N2OS/c1-4-6-7-8-9-10-15-26-25(28)19-12-14-24-22(17-19)27-21(5-2)20-16-18(3)11-13-23(20)29-24/h11-14,16-17H,4-10,15H2,1-3H3,(H,26,28)","InChI=1S/C25H30N2OS/c1-3-8-21-20-15-17(2)11-13-23(20)29-24-14-12-18(16-22(24)27-21)25(28)26-19-9-6-4-5-7-10-19/h11-16,19H,3-10H2,1-2H3,(H,26,28)"
MCULE-3090142097,https://mcule.com/MCULE-3090142097/,,N1C2C=C(C=CC=2SC2C=CC(C)=CC=2C=1CC)C(NCCCC1C=CC=CC=1)=O,CCC1=Nc2cc(C(=O)NCCCCCCCC)ccc2Sc2ccc(C)cc21,0.9419014084507042,0.61685336,0.9977859,0.31433976,1.0,1.0,0.76,0.69,414.574,1,"InChI=1S/C25H32N2OS/c1-4-6-7-8-9-10-15-26-25(28)19-12-14-24-22(17-19)27-21(5-2)20-16-18(3)11-13-23(20)29-24/h11-14,16-17H,4-10,15H2,1-3H3,(H,26,28)","InChI=1S/C26H26N2OS/c1-3-22-21-16-18(2)11-13-24(21)30-25-14-12-20(17-23(25)28-22)26(29)27-15-7-10-19-8-5-4-6-9-19/h4-6,8-9,11-14,16-17H,3,7,10,15H2,1-2H3,(H,27,29)"
ZINC000006728572,ZINC000006728572,2.0,CCCC1=Nc2cc(C(=O)NC3CCCCCCC3)ccc2Sc4ccc(C)cc41,CCC1=Nc2cc(C(=O)NCCCCCCCC)ccc2Sc2ccc(C)cc21,0.6153846153846154,0.0,0.983985,0.4172078,0.0,1.0,0.61,0.71,420.622,1,"InChI=1S/C25H32N2OS/c1-4-6-7-8-9-10-15-26-25(28)19-12-14-24-22(17-19)27-21(5-2)20-16-18(3)11-13-23(20)29-24/h11-14,16-17H,4-10,15H2,1-3H3,(H,26,28)","InChI=1S/C26H32N2OS/c1-3-9-22-21-16-18(2)12-14-24(21)30-25-15-13-19(17-23(25)28-22)26(29)27-20-10-7-5-4-6-8-11-20/h12-17,20H,3-11H2,1-2H3,(H,27,29)"
MCULE-7429680692,https://mcule.com/MCULE-7429680692/,,N1C2C=C(C=CC=2SC2C=CC(C)=CC=2C=1CCC)C(=O)NC1CCCCCCC1,CCC1=Nc2cc(C(=O)NCCCCCCCC)ccc2Sc2ccc(C)cc21,0.9306260575296108,0.0,0.983985,0.4172078,0.0,1.0,0.61,0.71,420.622,1,"InChI=1S/C25H32N2OS/c1-4-6-7-8-9-10-15-26-25(28)19-12-14-24-22(17-19)27-21(5-2)20-16-18(3)11-13-23(20)29-24/h11-14,16-17H,4-10,15H2,1-3H3,(H,26,28)","InChI=1S/C26H32N2OS/c1-3-9-22-21-16-18(2)12-14-24(21)30-25-15-13-19(17-23(25)28-22)26(29)27-20-10-7-5-4-6-8-11-20/h12-17,20H,3-11H2,1-2H3,(H,27,29)"
MCULE-1829460973,https://mcule.com/MCULE-1829460973/,,N1C2C=C(C=CC=2SC2C=CC(Cl)=CC=2C=1CC)C(NCCCOCC)=O,CCC1=Nc2cc(C(=O)NCCCCc3ccccc3)ccc2Sc2c1cc(Cl)cc2,0.9372881355932204,0.5779809,0.99954957,0.26840332,1.0,1.0,0.88,0.68,402.947,1,"InChI=1S/C26H25ClN2OS/c1-2-22-21-17-20(27)12-14-24(21)31-25-13-11-19(16-23(25)29-22)26(30)28-15-7-6-10-18-8-4-3-5-9-18/h3-5,8-9,11-14,16-17H,2,6-7,10,15H2,1H3,(H,28,30)","InChI=1S/C21H23ClN2O2S/c1-3-17-16-13-15(22)7-9-19(16)27-20-8-6-14(12-18(20)24-17)21(25)23-10-5-11-26-4-2/h6-9,12-13H,3-5,10-11H2,1-2H3,(H,23,25)"
MCULE-1829460973,https://mcule.com/MCULE-1829460973/,,N1C2C=C(C=CC=2SC2C=CC(Cl)=CC=2C=1CC)C(NCCCOCC)=O,CCC1=Nc2cc(C(=O)NCCCCc3ccccc3)ccc2Sc2ccc(Cl)cc21,0.9372881355932204,0.5779809,0.99954957,0.26840332,1.0,1.0,0.88,0.68,402.947,1,"InChI=1S/C26H25ClN2OS/c1-2-22-21-17-20(27)12-14-24(21)31-25-13-11-19(16-23(25)29-22)26(30)28-15-7-6-10-18-8-4-3-5-9-18/h3-5,8-9,11-14,16-17H,2,6-7,10,15H2,1H3,(H,28,30)","InChI=1S/C21H23ClN2O2S/c1-3-17-16-13-15(22)7-9-19(16)27-20-8-6-14(12-18(20)24-17)21(25)23-10-5-11-26-4-2/h6-9,12-13H,3-5,10-11H2,1-2H3,(H,23,25)"
MCULE-5784346685,https://mcule.com/MCULE-5784346685/,,N1C2C=C(C=CC=2SC2C=CC(Cl)=CC=2C=1CC)C(NCCC(C)C)=O,CCC1=Nc2cc(C(=O)NCCCCc3ccccc3)ccc2Sc2c1cc(Cl)cc2,0.9553264604810996,0.8272605,0.9977859,0.635776,1.0,1.0,0.76,0.75,386.948,1,"InChI=1S/C26H25ClN2OS/c1-2-22-21-17-20(27)12-14-24(21)31-25-13-11-19(16-23(25)29-22)26(30)28-15-7-6-10-18-8-4-3-5-9-18/h3-5,8-9,11-14,16-17H,2,6-7,10,15H2,1H3,(H,28,30)","InChI=1S/C21H23ClN2OS/c1-4-17-16-12-15(22)6-8-19(16)26-20-7-5-14(11-18(20)24-17)21(25)23-10-9-13(2)3/h5-8,11-13H,4,9-10H2,1-3H3,(H,23,25)"
MCULE-5784346685,https://mcule.com/MCULE-5784346685/,,N1C2C=C(C=CC=2SC2C=CC(Cl)=CC=2C=1CC)C(NCCC(C)C)=O,CCC1=Nc2cc(C(=O)NCCCCc3ccccc3)ccc2Sc2ccc(Cl)cc21,0.9553264604810996,0.8272605,0.9977859,0.635776,1.0,1.0,0.76,0.75,386.948,1,"InChI=1S/C26H25ClN2OS/c1-2-22-21-17-20(27)12-14-24(21)31-25-13-11-19(16-23(25)29-22)26(30)28-15-7-6-10-18-8-4-3-5-9-18/h3-5,8-9,11-14,16-17H,2,6-7,10,15H2,1H3,(H,28,30)","InChI=1S/C21H23ClN2OS/c1-4-17-16-12-15(22)6-8-19(16)26-20-7-5-14(11-18(20)24-17)21(25)23-10-9-13(2)3/h5-8,11-13H,4,9-10H2,1-3H3,(H,23,25)"
MCULE-3663849669,https://mcule.com/MCULE-3663849669/,,N1C2C=C(C=CC=2SC2C=CC(Cl)=CC=2C=1CC)C(NCCCOC(C)C)=O,CCC1=Nc2cc(C(=O)NCCCCc3ccccc3)ccc2Sc2c1cc(Cl)cc2,0.93109243697479,0.8951761,0.9916928,0.7730422,1.0,1.0,0.66,0.78,416.974,1,"InChI=1S/C26H25ClN2OS/c1-2-22-21-17-20(27)12-14-24(21)31-25-13-11-19(16-23(25)29-22)26(30)28-15-7-6-10-18-8-4-3-5-9-18/h3-5,8-9,11-14,16-17H,2,6-7,10,15H2,1H3,(H,28,30)","InChI=1S/C22H25ClN2O2S/c1-4-18-17-13-16(23)7-9-20(17)28-21-8-6-15(12-19(21)25-18)22(26)24-10-5-11-27-14(2)3/h6-9,12-14H,4-5,10-11H2,1-3H3,(H,24,26)"
MCULE-3663849669,https://mcule.com/MCULE-3663849669/,,N1C2C=C(C=CC=2SC2C=CC(Cl)=CC=2C=1CC)C(NCCCOC(C)C)=O,CCC1=Nc2cc(C(=O)NCCCCc3ccccc3)ccc2Sc2ccc(Cl)cc21,0.93109243697479,0.8951761,0.9916928,0.7730422,1.0,1.0,0.66,0.78,416.974,1,"InChI=1S/C26H25ClN2OS/c1-2-22-21-17-20(27)12-14-24(21)31-25-13-11-19(16-23(25)29-22)26(30)28-15-7-6-10-18-8-4-3-5-9-18/h3-5,8-9,11-14,16-17H,2,6-7,10,15H2,1H3,(H,28,30)","InChI=1S/C22H25ClN2O2S/c1-4-18-17-13-16(23)7-9-20(17)28-21-8-6-15(12-19(21)25-18)22(26)24-10-5-11-27-14(2)3/h6-9,12-14H,4-5,10-11H2,1-3H3,(H,24,26)"
MCULE-2669944889,https://mcule.com/MCULE-2669944889/,,N1C2C=C(C=CC=2SC2C=CC(Cl)=CC=2C=1CC)C(NCCCSCCC)=O,CCC1=Nc2cc(C(=O)NCCCCc3ccccc3)ccc2Sc2c1cc(Cl)cc2,0.9294117647058824,0.36952275,0.9916928,0.09246167,1.0,1.0,0.66,0.62250334,433.042,1,"InChI=1S/C26H25ClN2OS/c1-2-22-21-17-20(27)12-14-24(21)31-25-13-11-19(16-23(25)29-22)26(30)28-15-7-6-10-18-8-4-3-5-9-18/h3-5,8-9,11-14,16-17H,2,6-7,10,15H2,1H3,(H,28,30)","InChI=1S/C22H25ClN2OS2/c1-3-11-27-12-5-10-24-22(26)15-6-8-21-19(13-15)25-18(4-2)17-14-16(23)7-9-20(17)28-21/h6-9,13-14H,3-5,10-12H2,1-2H3,(H,24,26)"
MCULE-2669944889,https://mcule.com/MCULE-2669944889/,,N1C2C=C(C=CC=2SC2C=CC(Cl)=CC=2C=1CC)C(NCCCSCCC)=O,CCC1=Nc2cc(C(=O)NCCCCc3ccccc3)ccc2Sc2ccc(Cl)cc21,0.9294117647058824,0.36952275,0.9916928,0.09246167,1.0,1.0,0.66,0.62250334,433.042,1,"InChI=1S/C26H25ClN2OS/c1-2-22-21-17-20(27)12-14-24(21)31-25-13-11-19(16-23(25)29-22)26(30)28-15-7-6-10-18-8-4-3-5-9-18/h3-5,8-9,11-14,16-17H,2,6-7,10,15H2,1H3,(H,28,30)","InChI=1S/C22H25ClN2OS2/c1-3-11-27-12-5-10-24-22(26)15-6-8-21-19(13-15)25-18(4-2)17-14-16(23)7-9-20(17)28-21/h6-9,13-14H,3-5,10-12H2,1-2H3,(H,24,26)"
MCULE-1997084486,https://mcule.com/MCULE-1997084486/,,N1C2C=C(C=CC=2SC2C=CC(Cl)=CC=2C=1CC)C(=O)NCC1C=CC=CC=1,CCC1=Nc2cc(C(=O)NCCCCc3ccccc3)ccc2Sc2c1cc(Cl)cc2,0.924114671163575,0.9926207,0.9983016,0.98405236,1.0,1.0,0.78,0.91,406.938,1,"InChI=1S/C26H25ClN2OS/c1-2-22-21-17-20(27)12-14-24(21)31-25-13-11-19(16-23(25)29-22)26(30)28-15-7-6-10-18-8-4-3-5-9-18/h3-5,8-9,11-14,16-17H,2,6-7,10,15H2,1H3,(H,28,30)","InChI=1S/C23H19ClN2OS/c1-2-19-18-13-17(24)9-11-21(18)28-22-10-8-16(12-20(22)26-19)23(27)25-14-15-6-4-3-5-7-15/h3-13H,2,14H2,1H3,(H,25,27)"
MCULE-1997084486,https://mcule.com/MCULE-1997084486/,,N1C2C=C(C=CC=2SC2C=CC(Cl)=CC=2C=1CC)C(=O)NCC1C=CC=CC=1,CCC1=Nc2cc(C(=O)NCCCCc3ccccc3)ccc2Sc2ccc(Cl)cc21,0.924114671163575,0.9926207,0.9983016,0.98405236,1.0,1.0,0.78,0.91,406.938,1,"InChI=1S/C26H25ClN2OS/c1-2-22-21-17-20(27)12-14-24(21)31-25-13-11-19(16-23(25)29-22)26(30)28-15-7-6-10-18-8-4-3-5-9-18/h3-5,8-9,11-14,16-17H,2,6-7,10,15H2,1H3,(H,28,30)","InChI=1S/C23H19ClN2OS/c1-2-19-18-13-17(24)9-11-21(18)28-22-10-8-16(12-20(22)26-19)23(27)25-14-15-6-4-3-5-7-15/h3-13H,2,14H2,1H3,(H,25,27)"
MCULE-6851598559,https://mcule.com/MCULE-6851598559/,,N1C2C=C(C=CC=2SC2C=CC(Cl)=CC=2C=1CC)C(=O)NC1CCCCCC1,CCC1=Nc2cc(C(=O)NCCCCc3ccccc3)ccc2Sc2c1cc(Cl)cc2,0.9166666666666666,0.8733785,0.98767555,0.7315967,1.0,1.0,0.63,0.77,412.986,1,"InChI=1S/C26H25ClN2OS/c1-2-22-21-17-20(27)12-14-24(21)31-25-13-11-19(16-23(25)29-22)26(30)28-15-7-6-10-18-8-4-3-5-9-18/h3-5,8-9,11-14,16-17H,2,6-7,10,15H2,1H3,(H,28,30)","InChI=1S/C23H25ClN2OS/c1-2-19-18-14-16(24)10-12-21(18)28-22-11-9-15(13-20(22)26-19)23(27)25-17-7-5-3-4-6-8-17/h9-14,17H,2-8H2,1H3,(H,25,27)"
MCULE-6851598559,https://mcule.com/MCULE-6851598559/,,N1C2C=C(C=CC=2SC2C=CC(Cl)=CC=2C=1CC)C(=O)NC1CCCCCC1,CCC1=Nc2cc(C(=O)NCCCCc3ccccc3)ccc2Sc2ccc(Cl)cc21,0.9166666666666666,0.8733785,0.98767555,0.7315967,1.0,1.0,0.63,0.77,412.986,1,"InChI=1S/C26H25ClN2OS/c1-2-22-21-17-20(27)12-14-24(21)31-25-13-11-19(16-23(25)29-22)26(30)28-15-7-6-10-18-8-4-3-5-9-18/h3-5,8-9,11-14,16-17H,2,6-7,10,15H2,1H3,(H,28,30)","InChI=1S/C23H25ClN2OS/c1-2-19-18-14-16(24)10-12-21(18)28-22-11-9-15(13-20(22)26-19)23(27)25-17-7-5-3-4-6-8-17/h9-14,17H,2-8H2,1H3,(H,25,27)"
MCULE-5107542245,https://mcule.com/MCULE-5107542245/,,N1C2C=C(C=CC=2SC2C=CC(Cl)=CC=2C=1CC)C(NCCC1C=CC(=CC=1)Cl)=O,CCC1=Nc2cc(C(=O)NCCCCc3ccccc3)ccc2Sc2c1cc(Cl)cc2,0.925,0.98631364,0.9980608,0.9693466,1.0,1.0,0.77,0.88,455.41,1,"InChI=1S/C26H25ClN2OS/c1-2-22-21-17-20(27)12-14-24(21)31-25-13-11-19(16-23(25)29-22)26(30)28-15-7-6-10-18-8-4-3-5-9-18/h3-5,8-9,11-14,16-17H,2,6-7,10,15H2,1H3,(H,28,30)","InChI=1S/C24H20Cl2N2OS/c1-2-20-19-14-18(26)8-10-22(19)30-23-9-5-16(13-21(23)28-20)24(29)27-12-11-15-3-6-17(25)7-4-15/h3-10,13-14H,2,11-12H2,1H3,(H,27,29)"
MCULE-5107542245,https://mcule.com/MCULE-5107542245/,,N1C2C=C(C=CC=2SC2C=CC(Cl)=CC=2C=1CC)C(NCCC1C=CC(=CC=1)Cl)=O,CCC1=Nc2cc(C(=O)NCCCCc3ccccc3)ccc2Sc2ccc(Cl)cc21,0.925,0.98631364,0.9980608,0.9693466,1.0,1.0,0.77,0.88,455.41,1,"InChI=1S/C26H25ClN2OS/c1-2-22-21-17-20(27)12-14-24(21)31-25-13-11-19(16-23(25)29-22)26(30)28-15-7-6-10-18-8-4-3-5-9-18/h3-5,8-9,11-14,16-17H,2,6-7,10,15H2,1H3,(H,28,30)","InChI=1S/C24H20Cl2N2OS/c1-2-20-19-14-18(26)8-10-22(19)30-23-9-5-16(13-21(23)28-20)24(29)27-12-11-15-3-6-17(25)7-4-15/h3-10,13-14H,2,11-12H2,1H3,(H,27,29)"
ZINC000004929923,ZINC000004929923,2.0,CCC1=Nc2cc(C(=O)NCCc3ccccc3)ccc2Sc4ccc(Cl)cc41,CCC1=Nc2cc(C(=O)NCCCCc3ccccc3)ccc2Sc2c1cc(Cl)cc2,0.8833333333333333,0.9890317,0.983985,0.9897282,1.0,1.0,0.61,0.93,420.965,1,"InChI=1S/C26H25ClN2OS/c1-2-22-21-17-20(27)12-14-24(21)31-25-13-11-19(16-23(25)29-22)26(30)28-15-7-6-10-18-8-4-3-5-9-18/h3-5,8-9,11-14,16-17H,2,6-7,10,15H2,1H3,(H,28,30)","InChI=1S/C24H21ClN2OS/c1-2-20-19-15-18(25)9-11-22(19)29-23-10-8-17(14-21(23)27-20)24(28)26-13-12-16-6-4-3-5-7-16/h3-11,14-15H,2,12-13H2,1H3,(H,26,28)"
MCULE-3283587573,https://mcule.com/MCULE-3283587573/,,N1C2C=C(C=CC=2SC2C=CC(Cl)=CC=2C=1CC)C(NCCC1C=CC=CC=1)=O,CCC1=Nc2cc(C(=O)NCCCCc3ccccc3)ccc2Sc2c1cc(Cl)cc2,0.9487179487179488,0.9890317,0.983985,0.9897282,1.0,1.0,0.61,0.93,420.965,1,"InChI=1S/C26H25ClN2OS/c1-2-22-21-17-20(27)12-14-24(21)31-25-13-11-19(16-23(25)29-22)26(30)28-15-7-6-10-18-8-4-3-5-9-18/h3-5,8-9,11-14,16-17H,2,6-7,10,15H2,1H3,(H,28,30)","InChI=1S/C24H21ClN2OS/c1-2-20-19-15-18(25)9-11-22(19)29-23-10-8-17(14-21(23)27-20)24(28)26-13-12-16-6-4-3-5-7-16/h3-11,14-15H,2,12-13H2,1H3,(H,26,28)"
ZINC000004929923,ZINC000004929923,2.0,CCC1=Nc2cc(C(=O)NCCc3ccccc3)ccc2Sc4ccc(Cl)cc41,CCC1=Nc2cc(C(=O)NCCCCc3ccccc3)ccc2Sc2ccc(Cl)cc21,0.8833333333333333,0.9890317,0.983985,0.9897282,1.0,1.0,0.61,0.93,420.965,1,"InChI=1S/C26H25ClN2OS/c1-2-22-21-17-20(27)12-14-24(21)31-25-13-11-19(16-23(25)29-22)26(30)28-15-7-6-10-18-8-4-3-5-9-18/h3-5,8-9,11-14,16-17H,2,6-7,10,15H2,1H3,(H,28,30)","InChI=1S/C24H21ClN2OS/c1-2-20-19-15-18(25)9-11-22(19)29-23-10-8-17(14-21(23)27-20)24(28)26-13-12-16-6-4-3-5-7-16/h3-11,14-15H,2,12-13H2,1H3,(H,26,28)"
MCULE-3283587573,https://mcule.com/MCULE-3283587573/,,N1C2C=C(C=CC=2SC2C=CC(Cl)=CC=2C=1CC)C(NCCC1C=CC=CC=1)=O,CCC1=Nc2cc(C(=O)NCCCCc3ccccc3)ccc2Sc2ccc(Cl)cc21,0.9487179487179488,0.9890317,0.983985,0.9897282,1.0,1.0,0.61,0.93,420.965,1,"InChI=1S/C26H25ClN2OS/c1-2-22-21-17-20(27)12-14-24(21)31-25-13-11-19(16-23(25)29-22)26(30)28-15-7-6-10-18-8-4-3-5-9-18/h3-5,8-9,11-14,16-17H,2,6-7,10,15H2,1H3,(H,28,30)","InChI=1S/C24H21ClN2OS/c1-2-20-19-15-18(25)9-11-22(19)29-23-10-8-17(14-21(23)27-20)24(28)26-13-12-16-6-4-3-5-7-16/h3-11,14-15H,2,12-13H2,1H3,(H,26,28)"
MCULE-3786903670,https://mcule.com/MCULE-3786903670/,,N1C2C=C(C=CC=2SC2C=CC(Cl)=CC=2C=1CC)C(=O)NC1CCCCCCC1,CCC1=Nc2cc(C(=O)NCCCCc3ccccc3)ccc2Sc2c1cc(Cl)cc2,0.9136807817589576,0.0,0.98767555,0.7315967,0.0,1.0,0.63,0.77,427.013,1,"InChI=1S/C26H25ClN2OS/c1-2-22-21-17-20(27)12-14-24(21)31-25-13-11-19(16-23(25)29-22)26(30)28-15-7-6-10-18-8-4-3-5-9-18/h3-5,8-9,11-14,16-17H,2,6-7,10,15H2,1H3,(H,28,30)","InChI=1S/C24H27ClN2OS/c1-2-20-19-15-17(25)11-13-22(19)29-23-12-10-16(14-21(23)27-20)24(28)26-18-8-6-4-3-5-7-9-18/h10-15,18H,2-9H2,1H3,(H,26,28)"
MCULE-3786903670,https://mcule.com/MCULE-3786903670/,,N1C2C=C(C=CC=2SC2C=CC(Cl)=CC=2C=1CC)C(=O)NC1CCCCCCC1,CCC1=Nc2cc(C(=O)NCCCCc3ccccc3)ccc2Sc2ccc(Cl)cc21,0.9136807817589576,0.0,0.98767555,0.7315967,0.0,1.0,0.63,0.77,427.013,1,"InChI=1S/C26H25ClN2OS/c1-2-22-21-17-20(27)12-14-24(21)31-25-13-11-19(16-23(25)29-22)26(30)28-15-7-6-10-18-8-4-3-5-9-18/h3-5,8-9,11-14,16-17H,2,6-7,10,15H2,1H3,(H,28,30)","InChI=1S/C24H27ClN2OS/c1-2-20-19-15-17(25)11-13-22(19)29-23-12-10-16(14-21(23)27-20)24(28)26-18-8-6-4-3-5-7-9-18/h10-15,18H,2-9H2,1H3,(H,26,28)"
ZINC000009608354,ZINC000009608354,2.0,CCC1=Nc2cc(C(=O)NCCCc3ccccc3)ccc2Sc4ccc(Br)cc41,CCC1=Nc2cc(C(=O)NCCCCc3ccccc3)ccc2Sc2c1cc(Cl)cc2,0.7424242424242424,0.929064,0.99570715,0.8417399,1.0,1.0,0.71,0.8,479.443,1,"InChI=1S/C26H25ClN2OS/c1-2-22-21-17-20(27)12-14-24(21)31-25-13-11-19(16-23(25)29-22)26(30)28-15-7-6-10-18-8-4-3-5-9-18/h3-5,8-9,11-14,16-17H,2,6-7,10,15H2,1H3,(H,28,30)","InChI=1S/C25H23BrN2OS/c1-2-21-20-16-19(26)11-13-23(20)30-24-12-10-18(15-22(24)28-21)25(29)27-14-6-9-17-7-4-3-5-8-17/h3-5,7-8,10-13,15-16H,2,6,9,14H2,1H3,(H,27,29)"
ZINC000009608354,ZINC000009608354,2.0,CCC1=Nc2cc(C(=O)NCCCc3ccccc3)ccc2Sc4ccc(Br)cc41,CCC1=Nc2cc(C(=O)NCCCCc3ccccc3)ccc2Sc2ccc(Cl)cc21,0.7424242424242424,0.929064,0.99570715,0.8417399,1.0,1.0,0.71,0.8,479.443,1,"InChI=1S/C26H25ClN2OS/c1-2-22-21-17-20(27)12-14-24(21)31-25-13-11-19(16-23(25)29-22)26(30)28-15-7-6-10-18-8-4-3-5-9-18/h3-5,8-9,11-14,16-17H,2,6-7,10,15H2,1H3,(H,28,30)","InChI=1S/C25H23BrN2OS/c1-2-21-20-16-19(26)11-13-23(20)30-24-12-10-18(15-22(24)28-21)25(29)27-14-6-9-17-7-4-3-5-8-17/h3-5,7-8,10-13,15-16H,2,6,9,14H2,1H3,(H,27,29)"
ZINC000020179005,ZINC000020179005,1.0,CCC1=Nc2cc(C(=O)NCCCc3ccccc3)ccc2Sc4ccc(Cl)cc41,CCC1=Nc2cc(C(=O)NCCCCc3ccccc3)ccc2Sc2c1cc(Cl)cc2,0.9491525423728814,0.91439015,0.9962391,0.8097521,1.0,1.0,0.72,0.79,434.992,1,"InChI=1S/C26H25ClN2OS/c1-2-22-21-17-20(27)12-14-24(21)31-25-13-11-19(16-23(25)29-22)26(30)28-15-7-6-10-18-8-4-3-5-9-18/h3-5,8-9,11-14,16-17H,2,6-7,10,15H2,1H3,(H,28,30)","InChI=1S/C25H23ClN2OS/c1-2-21-20-16-19(26)11-13-23(20)30-24-12-10-18(15-22(24)28-21)25(29)27-14-6-9-17-7-4-3-5-8-17/h3-5,7-8,10-13,15-16H,2,6,9,14H2,1H3,(H,27,29)"
MCULE-2883797677,https://mcule.com/MCULE-2883797677/,,N1C2C=C(C=CC=2SC2C=CC(Cl)=CC=2C=1CC)C(NCCCC1C=CC=CC=1)=O,CCC1=Nc2cc(C(=O)NCCCCc3ccccc3)ccc2Sc2c1cc(Cl)cc2,0.9791666666666666,0.91439015,0.9962391,0.8097521,1.0,1.0,0.72,0.79,434.992,1,"InChI=1S/C26H25ClN2OS/c1-2-22-21-17-20(27)12-14-24(21)31-25-13-11-19(16-23(25)29-22)26(30)28-15-7-6-10-18-8-4-3-5-9-18/h3-5,8-9,11-14,16-17H,2,6-7,10,15H2,1H3,(H,28,30)","InChI=1S/C25H23ClN2OS/c1-2-21-20-16-19(26)11-13-23(20)30-24-12-10-18(15-22(24)28-21)25(29)27-14-6-9-17-7-4-3-5-8-17/h3-5,7-8,10-13,15-16H,2,6,9,14H2,1H3,(H,27,29)"
ZINC000020179005,ZINC000020179005,1.0,CCC1=Nc2cc(C(=O)NCCCc3ccccc3)ccc2Sc4ccc(Cl)cc41,CCC1=Nc2cc(C(=O)NCCCCc3ccccc3)ccc2Sc2ccc(Cl)cc21,0.9491525423728814,0.91439015,0.9962391,0.8097521,1.0,1.0,0.72,0.79,434.992,1,"InChI=1S/C26H25ClN2OS/c1-2-22-21-17-20(27)12-14-24(21)31-25-13-11-19(16-23(25)29-22)26(30)28-15-7-6-10-18-8-4-3-5-9-18/h3-5,8-9,11-14,16-17H,2,6-7,10,15H2,1H3,(H,28,30)","InChI=1S/C25H23ClN2OS/c1-2-21-20-16-19(26)11-13-23(20)30-24-12-10-18(15-22(24)28-21)25(29)27-14-6-9-17-7-4-3-5-8-17/h3-5,7-8,10-13,15-16H,2,6,9,14H2,1H3,(H,27,29)"
MCULE-2883797677,https://mcule.com/MCULE-2883797677/,,N1C2C=C(C=CC=2SC2C=CC(Cl)=CC=2C=1CC)C(NCCCC1C=CC=CC=1)=O,CCC1=Nc2cc(C(=O)NCCCCc3ccccc3)ccc2Sc2ccc(Cl)cc21,0.9791666666666666,0.91439015,0.9962391,0.8097521,1.0,1.0,0.72,0.79,434.992,1,"InChI=1S/C26H25ClN2OS/c1-2-22-21-17-20(27)12-14-24(21)31-25-13-11-19(16-23(25)29-22)26(30)28-15-7-6-10-18-8-4-3-5-9-18/h3-5,8-9,11-14,16-17H,2,6-7,10,15H2,1H3,(H,28,30)","InChI=1S/C25H23ClN2OS/c1-2-21-20-16-19(26)11-13-23(20)30-24-12-10-18(15-22(24)28-21)25(29)27-14-6-9-17-7-4-3-5-8-17/h3-5,7-8,10-13,15-16H,2,6,9,14H2,1H3,(H,27,29)"
ZINC000004930486,ZINC000004930486,3.0,CCCC1=Nc2cc(C(=O)NCCCc3ccccc3)ccc2Sc4ccccc41,CCC1=Nc2cc(C(=O)NCCCCc3ccccc3)ccc2Sc2c1cc(Cl)cc2,0.6567164179104478,0.39424425,0.9967054,0.107465744,1.0,1.0,0.73,0.63,414.574,1,"InChI=1S/C26H25ClN2OS/c1-2-22-21-17-20(27)12-14-24(21)31-25-13-11-19(16-23(25)29-22)26(30)28-15-7-6-10-18-8-4-3-5-9-18/h3-5,8-9,11-14,16-17H,2,6-7,10,15H2,1H3,(H,28,30)","InChI=1S/C26H26N2OS/c1-2-9-22-21-13-6-7-14-24(21)30-25-16-15-20(18-23(25)28-22)26(29)27-17-8-12-19-10-4-3-5-11-19/h3-7,10-11,13-16,18H,2,8-9,12,17H2,1H3,(H,27,29)"
ZINC000004930486,ZINC000004930486,3.0,CCCC1=Nc2cc(C(=O)NCCCc3ccccc3)ccc2Sc4ccccc41,CCC1=Nc2cc(C(=O)NCCCCc3ccccc3)ccc2Sc2ccc(Cl)cc21,0.6567164179104478,0.39424425,0.9967054,0.107465744,1.0,1.0,0.73,0.63,414.574,1,"InChI=1S/C26H25ClN2OS/c1-2-22-21-17-20(27)12-14-24(21)31-25-13-11-19(16-23(25)29-22)26(30)28-15-7-6-10-18-8-4-3-5-9-18/h3-5,8-9,11-14,16-17H,2,6-7,10,15H2,1H3,(H,28,30)","InChI=1S/C26H26N2OS/c1-2-9-22-21-13-6-7-14-24(21)30-25-16-15-20(18-23(25)28-22)26(29)27-17-8-12-19-10-4-3-5-11-19/h3-7,10-11,13-16,18H,2,8-9,12,17H2,1H3,(H,27,29)"
ZINC000004930405,ZINC000004930405,2.0,CCC1=Nc2cc(C(=O)NCCCc3ccccc3)ccc2Sc4ccc(C)cc41,CCC1=Nc2cc(C(=O)NCCCCc3ccccc3)ccc2Sc2c1cc(Cl)cc2,0.7538461538461538,0.61685336,0.9977859,0.31433976,1.0,1.0,0.76,0.69,414.574,1,"InChI=1S/C26H25ClN2OS/c1-2-22-21-17-20(27)12-14-24(21)31-25-13-11-19(16-23(25)29-22)26(30)28-15-7-6-10-18-8-4-3-5-9-18/h3-5,8-9,11-14,16-17H,2,6-7,10,15H2,1H3,(H,28,30)","InChI=1S/C26H26N2OS/c1-3-22-21-16-18(2)11-13-24(21)30-25-14-12-20(17-23(25)28-22)26(29)27-15-7-10-19-8-5-4-6-9-19/h4-6,8-9,11-14,16-17H,3,7,10,15H2,1-2H3,(H,27,29)"
ZINC000004930405,ZINC000004930405,2.0,CCC1=Nc2cc(C(=O)NCCCc3ccccc3)ccc2Sc4ccc(C)cc41,CCC1=Nc2cc(C(=O)NCCCCc3ccccc3)ccc2Sc2ccc(Cl)cc21,0.7538461538461538,0.61685336,0.9977859,0.31433976,1.0,1.0,0.76,0.69,414.574,1,"InChI=1S/C26H25ClN2OS/c1-2-22-21-17-20(27)12-14-24(21)31-25-13-11-19(16-23(25)29-22)26(30)28-15-7-6-10-18-8-4-3-5-9-18/h3-5,8-9,11-14,16-17H,2,6-7,10,15H2,1H3,(H,28,30)","InChI=1S/C26H26N2OS/c1-3-22-21-16-18(2)11-13-24(21)30-25-14-12-20(17-23(25)28-22)26(29)27-15-7-10-19-8-5-4-6-9-19/h4-6,8-9,11-14,16-17H,3,7,10,15H2,1-2H3,(H,27,29)"
MCULE-5930507867,https://mcule.com/MCULE-5930507867/,,C12C(C)=CC=C(C)C=1C(C)=NC1C=C(C=CC=1S2)C(NCCCC)=O,CC1=Nc2cc(C(=O)NCCNC(=O)c3ccccc3)ccc2Sc2c(C)ccc(C)c21,0.9001584786053882,0.8231572,0.9859492,0.635776,1.0,1.0,0.62,0.75,352.503,1,"InChI=1S/C26H25N3O2S/c1-16-9-10-17(2)24-23(16)18(3)29-21-15-20(11-12-22(21)32-24)26(31)28-14-13-27-25(30)19-7-5-4-6-8-19/h4-12,15H,13-14H2,1-3H3,(H,27,30)(H,28,31)","InChI=1S/C21H24N2OS/c1-5-6-11-22-21(24)16-9-10-18-17(12-16)23-15(4)19-13(2)7-8-14(3)20(19)25-18/h7-10,12H,5-6,11H2,1-4H3,(H,22,24)"
MCULE-5304352317,https://mcule.com/MCULE-5304352317/,,C12C(C)=CC=C(C)C=1C(C)=NC1C=C(C=CC=1S2)C(=O)NCC1=CC=C(C=C1)Cl,CC1=Nc2cc(C(=O)NCCNC(=O)c3ccccc3)ccc2Sc2c(C)ccc(C)c21,0.8953846153846153,0.9585855,0.9905238,0.9121139,1.0,1.0,0.65,0.83,420.965,1,"InChI=1S/C26H25N3O2S/c1-16-9-10-17(2)24-23(16)18(3)29-21-15-20(11-12-22(21)32-24)26(31)28-14-13-27-25(30)19-7-5-4-6-8-19/h4-12,15H,13-14H2,1-3H3,(H,27,30)(H,28,31)","InChI=1S/C24H21ClN2OS/c1-14-4-5-15(2)23-22(14)16(3)27-20-12-18(8-11-21(20)29-23)24(28)26-13-17-6-9-19(25)10-7-17/h4-12H,13H2,1-3H3,(H,26,28)"
MCULE-7427575619,https://mcule.com/MCULE-7427575619/,,C12C(C)=CC=C(C)C=1C(C)=NC1C=C(C=CC=1S2)C(=O)NCC1=CC=C(C=C1)F,CC1=Nc2cc(C(=O)NCCNC(=O)c3ccccc3)ccc2Sc2c(C)ccc(C)c21,0.8926380368098159,0.91220075,0.9905238,0.8097521,1.0,1.0,0.65,0.79,404.51,1,"InChI=1S/C26H25N3O2S/c1-16-9-10-17(2)24-23(16)18(3)29-21-15-20(11-12-22(21)32-24)26(31)28-14-13-27-25(30)19-7-5-4-6-8-19/h4-12,15H,13-14H2,1-3H3,(H,27,30)(H,28,31)","InChI=1S/C24H21FN2OS/c1-14-4-5-15(2)23-22(14)16(3)27-20-12-18(8-11-21(20)29-23)24(28)26-13-17-6-9-19(25)10-7-17/h4-12H,13H2,1-3H3,(H,26,28)"
MCULE-9681315168,https://mcule.com/MCULE-9681315168/,,N1C2C=C(C=CC=2SC2C=CC=CC=2C=1CC)C(NCCCC)=O,CCC1=Nc2cc(C(=O)NCCCCc3ccccc3)ccc2Sc2c1cccc2,0.9664804469273744,0.99905443,0.9999085,0.9978235,1.0,1.0,1.0,1.0,338.476,1,"InChI=1S/C26H26N2OS/c1-2-22-21-13-6-7-14-24(21)30-25-16-15-20(18-23(25)28-22)26(29)27-17-9-8-12-19-10-4-3-5-11-19/h3-7,10-11,13-16,18H,2,8-9,12,17H2,1H3,(H,27,29)","InChI=1S/C20H22N2OS/c1-3-5-12-21-20(23)14-10-11-19-17(13-14)22-16(4-2)15-8-6-7-9-18(15)24-19/h6-11,13H,3-5,12H2,1-2H3,(H,21,23)"
MCULE-6742382703,https://mcule.com/MCULE-6742382703/,,N1C2C=C(C=CC=2SC2C=CC=CC=2C=1CC)C(=O)NC(C)CC,CCC1=Nc2cc(C(=O)NCCCCc3ccccc3)ccc2Sc2c1cccc2,0.946983546617916,0.7938469,0.9859492,0.58279216,1.0,1.0,0.62,0.74,338.476,1,"InChI=1S/C26H26N2OS/c1-2-22-21-13-6-7-14-24(21)30-25-16-15-20(18-23(25)28-22)26(29)27-17-9-8-12-19-10-4-3-5-11-19/h3-7,10-11,13-16,18H,2,8-9,12,17H2,1H3,(H,27,29)","InChI=1S/C20H22N2OS/c1-4-13(3)21-20(23)14-10-11-19-17(12-14)22-16(5-2)15-8-6-7-9-18(15)24-19/h6-13H,4-5H2,1-3H3,(H,21,23)"
ZINC000009608354,ZINC000009608354,2.0,CCC1=Nc2cc(C(=O)NCCCc3ccccc3)ccc2Sc4ccc(Br)cc41,CCC1=Nc2cc(C(=O)NCCCCc3ccccc3)ccc2Sc2c1cccc2,0.7868852459016393,0.929064,0.99570715,0.8417399,1.0,1.0,0.71,0.8,479.443,1,"InChI=1S/C26H26N2OS/c1-2-22-21-13-6-7-14-24(21)30-25-16-15-20(18-23(25)28-22)26(29)27-17-9-8-12-19-10-4-3-5-11-19/h3-7,10-11,13-16,18H,2,8-9,12,17H2,1H3,(H,27,29)","InChI=1S/C25H23BrN2OS/c1-2-21-20-16-19(26)11-13-23(20)30-24-12-10-18(15-22(24)28-21)25(29)27-14-6-9-17-7-4-3-5-8-17/h3-5,7-8,10-13,15-16H,2,6,9,14H2,1H3,(H,27,29)"
ZINC000020179005,ZINC000020179005,2.0,CCC1=Nc2cc(C(=O)NCCCc3ccccc3)ccc2Sc4ccc(Cl)cc41,CCC1=Nc2cc(C(=O)NCCCCc3ccccc3)ccc2Sc2c1cccc2,0.7868852459016393,0.91439015,0.9962391,0.8097521,1.0,1.0,0.72,0.79,434.992,1,"InChI=1S/C26H26N2OS/c1-2-22-21-13-6-7-14-24(21)30-25-16-15-20(18-23(25)28-22)26(29)27-17-9-8-12-19-10-4-3-5-11-19/h3-7,10-11,13-16,18H,2,8-9,12,17H2,1H3,(H,27,29)","InChI=1S/C25H23ClN2OS/c1-2-21-20-16-19(26)11-13-23(20)30-24-12-10-18(15-22(24)28-21)25(29)27-14-6-9-17-7-4-3-5-8-17/h3-5,7-8,10-13,15-16H,2,6,9,14H2,1H3,(H,27,29)"
MCULE-3551346871,https://mcule.com/MCULE-3551346871/,,N1C2C=C(C=CC=2SC2C=CC=CC=2C=1CCC)C(NCCC1C=CC=CC=1)=O,CCC1=Nc2cc(C(=O)NCCCCc3ccccc3)ccc2Sc2c1cccc2,0.9443447037701976,0.46377966,0.9994856,0.1582601,1.0,1.0,0.87,0.65,400.547,1,"InChI=1S/C26H26N2OS/c1-2-22-21-13-6-7-14-24(21)30-25-16-15-20(18-23(25)28-22)26(29)27-17-9-8-12-19-10-4-3-5-11-19/h3-7,10-11,13-16,18H,2,8-9,12,17H2,1H3,(H,27,29)","InChI=1S/C25H24N2OS/c1-2-8-21-20-11-6-7-12-23(20)29-24-14-13-19(17-22(24)27-21)25(28)26-16-15-18-9-4-3-5-10-18/h3-7,9-14,17H,2,8,15-16H2,1H3,(H,26,28)"
ZINC000004930486,ZINC000004930486,2.0,CCCC1=Nc2cc(C(=O)NCCCc3ccccc3)ccc2Sc4ccccc41,CCC1=Nc2cc(C(=O)NCCCCc3ccccc3)ccc2Sc2c1cccc2,0.7796610169491526,0.39424425,0.9967054,0.107465744,1.0,1.0,0.73,0.63,414.574,1,"InChI=1S/C26H26N2OS/c1-2-22-21-13-6-7-14-24(21)30-25-16-15-20(18-23(25)28-22)26(29)27-17-9-8-12-19-10-4-3-5-11-19/h3-7,10-11,13-16,18H,2,8-9,12,17H2,1H3,(H,27,29)","InChI=1S/C26H26N2OS/c1-2-9-22-21-13-6-7-14-24(21)30-25-16-15-20(18-23(25)28-22)26(29)27-17-8-12-19-10-4-3-5-11-19/h3-7,10-11,13-16,18H,2,8-9,12,17H2,1H3,(H,27,29)"
MCULE-3502062233,https://mcule.com/MCULE-3502062233/,,N1C2C=C(C=CC=2SC2C=CC=CC=2C=1CCC)C(NCCCC1C=CC=CC=1)=O,CCC1=Nc2cc(C(=O)NCCCCc3ccccc3)ccc2Sc2c1cccc2,0.9726277372262774,0.39424425,0.9967054,0.107465744,1.0,1.0,0.73,0.63,414.574,1,"InChI=1S/C26H26N2OS/c1-2-22-21-13-6-7-14-24(21)30-25-16-15-20(18-23(25)28-22)26(29)27-17-9-8-12-19-10-4-3-5-11-19/h3-7,10-11,13-16,18H,2,8-9,12,17H2,1H3,(H,27,29)","InChI=1S/C26H26N2OS/c1-2-9-22-21-13-6-7-14-24(21)30-25-16-15-20(18-23(25)28-22)26(29)27-17-8-12-19-10-4-3-5-11-19/h3-7,10-11,13-16,18H,2,8-9,12,17H2,1H3,(H,27,29)"
ZINC000004930405,ZINC000004930405,2.0,CCC1=Nc2cc(C(=O)NCCCc3ccccc3)ccc2Sc4ccc(C)cc41,CCC1=Nc2cc(C(=O)NCCCCc3ccccc3)ccc2Sc2c1cccc2,0.8,0.61685336,0.9977859,0.31433976,1.0,1.0,0.76,0.69,414.574,1,"InChI=1S/C26H26N2OS/c1-2-22-21-13-6-7-14-24(21)30-25-16-15-20(18-23(25)28-22)26(29)27-17-9-8-12-19-10-4-3-5-11-19/h3-7,10-11,13-16,18H,2,8-9,12,17H2,1H3,(H,27,29)","InChI=1S/C26H26N2OS/c1-3-22-21-16-18(2)11-13-24(21)30-25-14-12-20(17-23(25)28-22)26(29)27-15-7-10-19-8-5-4-6-9-19/h4-6,8-9,11-14,16-17H,3,7,10,15H2,1-2H3,(H,27,29)"
MCULE-3090142097,https://mcule.com/MCULE-3090142097/,,N1C2C=C(C=CC=2SC2C=CC(C)=CC=2C=1CC)C(NCCCC1C=CC=CC=1)=O,CCC1=Nc2cc(C(=O)NCCCCc3ccccc3)ccc2Sc2c1cccc2,0.9395017793594306,0.61685336,0.9977859,0.31433976,1.0,1.0,0.76,0.69,414.574,1,"InChI=1S/C26H26N2OS/c1-2-22-21-13-6-7-14-24(21)30-25-16-15-20(18-23(25)28-22)26(29)27-17-9-8-12-19-10-4-3-5-11-19/h3-7,10-11,13-16,18H,2,8-9,12,17H2,1H3,(H,27,29)","InChI=1S/C26H26N2OS/c1-3-22-21-16-18(2)11-13-24(21)30-25-14-12-20(17-23(25)28-22)26(29)27-15-7-10-19-8-5-4-6-9-19/h4-6,8-9,11-14,16-17H,3,7,10,15H2,1-2H3,(H,27,29)"
MCULE-1186099515,https://mcule.com/MCULE-1186099515/,,N1C2C=C(C=CC=2SC2C=CC=CC=2C=1CCC)C(NCCC1=CC=C(C=C1)SC)=O,CCC1=Nc2cc(C(=O)NCCCCc3ccccc3)ccc2Sc2c1cccc2,0.9359430604982206,0.7972886,0.9962391,0.58279216,1.0,1.0,0.72,0.74,446.641,1,"InChI=1S/C26H26N2OS/c1-2-22-21-13-6-7-14-24(21)30-25-16-15-20(18-23(25)28-22)26(29)27-17-9-8-12-19-10-4-3-5-11-19/h3-7,10-11,13-16,18H,2,8-9,12,17H2,1H3,(H,27,29)","InChI=1S/C26H26N2OS2/c1-3-6-22-21-7-4-5-8-24(21)31-25-14-11-19(17-23(25)28-22)26(29)27-16-15-18-9-12-20(30-2)13-10-18/h4-5,7-14,17H,3,6,15-16H2,1-2H3,(H,27,29)"
MCULE-2252653599,https://mcule.com/MCULE-2252653599/,,N1C2C=C(C=CC=2SC2C=CC=CC=2C=1CCC)C(=O)NC(C)CCC1C=CC=CC=1,CCC1=Nc2cc(C(=O)NCCCCc3ccccc3)ccc2Sc2c1cccc2,0.9450354609929078,0.85222375,0.99361867,0.68566024,1.0,1.0,0.68,0.76,428.601,1,"InChI=1S/C26H26N2OS/c1-2-22-21-13-6-7-14-24(21)30-25-16-15-20(18-23(25)28-22)26(29)27-17-9-8-12-19-10-4-3-5-11-19/h3-7,10-11,13-16,18H,2,8-9,12,17H2,1H3,(H,27,29)","InChI=1S/C27H28N2OS/c1-3-9-23-22-12-7-8-13-25(22)31-26-17-16-21(18-24(26)29-23)27(30)28-19(2)14-15-20-10-5-4-6-11-20/h4-8,10-13,16-19H,3,9,14-15H2,1-2H3,(H,28,30)"
MCULE-1829460973,https://mcule.com/MCULE-1829460973/,,N1C2C=C(C=CC=2SC2C=CC(Cl)=CC=2C=1CC)C(NCCCOCC)=O,CCC1=Nc2cc(C(=O)NCCCCCN=c3cc[nH]cc3)ccc2Sc2ccc(Cl)cc21,0.8560371517027864,0.5779809,0.99954957,0.26840332,1.0,1.0,0.88,0.68,402.947,1,"InChI=1S/C26H27ClN4OS/c1-2-22-21-17-19(27)7-9-24(21)33-25-8-6-18(16-23(25)31-22)26(32)30-13-5-3-4-12-29-20-10-14-28-15-11-20/h6-11,14-17H,2-5,12-13H2,1H3,(H,28,29)(H,30,32)","InChI=1S/C21H23ClN2O2S/c1-3-17-16-13-15(22)7-9-19(16)27-20-8-6-14(12-18(20)24-17)21(25)23-10-5-11-26-4-2/h6-9,12-13H,3-5,10-11H2,1-2H3,(H,23,25)"
MCULE-5784346685,https://mcule.com/MCULE-5784346685/,,N1C2C=C(C=CC=2SC2C=CC(Cl)=CC=2C=1CC)C(NCCC(C)C)=O,CCC1=Nc2cc(C(=O)NCCCCCN=c3cc[nH]cc3)ccc2Sc2ccc(Cl)cc21,0.8773584905660378,0.8272605,0.9977859,0.635776,1.0,1.0,0.76,0.75,386.948,1,"InChI=1S/C26H27ClN4OS/c1-2-22-21-17-19(27)7-9-24(21)33-25-8-6-18(16-23(25)31-22)26(32)30-13-5-3-4-12-29-20-10-14-28-15-11-20/h6-11,14-17H,2-5,12-13H2,1H3,(H,28,29)(H,30,32)","InChI=1S/C21H23ClN2OS/c1-4-17-16-12-15(22)6-8-19(16)26-20-7-5-14(11-18(20)24-17)21(25)23-10-9-13(2)3/h5-8,11-13H,4,9-10H2,1-3H3,(H,23,25)"
MCULE-3663849669,https://mcule.com/MCULE-3663849669/,,N1C2C=C(C=CC=2SC2C=CC(Cl)=CC=2C=1CC)C(NCCCOC(C)C)=O,CCC1=Nc2cc(C(=O)NCCCCCN=c3cc[nH]cc3)ccc2Sc2ccc(Cl)cc21,0.8509984639016898,0.8951761,0.9916928,0.7730422,1.0,1.0,0.66,0.78,416.974,1,"InChI=1S/C26H27ClN4OS/c1-2-22-21-17-19(27)7-9-24(21)33-25-8-6-18(16-23(25)31-22)26(32)30-13-5-3-4-12-29-20-10-14-28-15-11-20/h6-11,14-17H,2-5,12-13H2,1H3,(H,28,29)(H,30,32)","InChI=1S/C22H25ClN2O2S/c1-4-18-17-13-16(23)7-9-20(17)28-21-8-6-15(12-19(21)25-18)22(26)24-10-5-11-27-14(2)3/h6-9,12-14H,4-5,10-11H2,1-3H3,(H,24,26)"
MCULE-2669944889,https://mcule.com/MCULE-2669944889/,,N1C2C=C(C=CC=2SC2C=CC(Cl)=CC=2C=1CC)C(NCCCSCCC)=O,CCC1=Nc2cc(C(=O)NCCCCCN=c3cc[nH]cc3)ccc2Sc2ccc(Cl)cc21,0.8494623655913979,0.36952275,0.9916928,0.09246167,1.0,1.0,0.66,0.62250334,433.042,1,"InChI=1S/C26H27ClN4OS/c1-2-22-21-17-19(27)7-9-24(21)33-25-8-6-18(16-23(25)31-22)26(32)30-13-5-3-4-12-29-20-10-14-28-15-11-20/h6-11,14-17H,2-5,12-13H2,1H3,(H,28,29)(H,30,32)","InChI=1S/C22H25ClN2OS2/c1-3-11-27-12-5-10-24-22(26)15-6-8-21-19(13-15)25-18(4-2)17-14-16(23)7-9-20(17)28-21/h6-9,13-14H,3-5,10-12H2,1-2H3,(H,24,26)"
MCULE-1997084486,https://mcule.com/MCULE-1997084486/,,N1C2C=C(C=CC=2SC2C=CC(Cl)=CC=2C=1CC)C(=O)NCC1C=CC=CC=1,CCC1=Nc2cc(C(=O)NCCCCCN=c3cc[nH]cc3)ccc2Sc2ccc(Cl)cc21,0.8472222222222222,0.9926207,0.9983016,0.98405236,1.0,1.0,0.78,0.91,406.938,1,"InChI=1S/C26H27ClN4OS/c1-2-22-21-17-19(27)7-9-24(21)33-25-8-6-18(16-23(25)31-22)26(32)30-13-5-3-4-12-29-20-10-14-28-15-11-20/h6-11,14-17H,2-5,12-13H2,1H3,(H,28,29)(H,30,32)","InChI=1S/C23H19ClN2OS/c1-2-19-18-13-17(24)9-11-21(18)28-22-10-8-16(12-20(22)26-19)23(27)25-14-15-6-4-3-5-7-15/h3-13H,2,14H2,1H3,(H,25,27)"
MCULE-6851598559,https://mcule.com/MCULE-6851598559/,,N1C2C=C(C=CC=2SC2C=CC(Cl)=CC=2C=1CC)C(=O)NC1CCCCCC1,CCC1=Nc2cc(C(=O)NCCCCCN=c3cc[nH]cc3)ccc2Sc2ccc(Cl)cc21,0.8453453453453453,0.8733785,0.98767555,0.7315967,1.0,1.0,0.63,0.77,412.986,1,"InChI=1S/C26H27ClN4OS/c1-2-22-21-17-19(27)7-9-24(21)33-25-8-6-18(16-23(25)31-22)26(32)30-13-5-3-4-12-29-20-10-14-28-15-11-20/h6-11,14-17H,2-5,12-13H2,1H3,(H,28,29)(H,30,32)","InChI=1S/C23H25ClN2OS/c1-2-19-18-14-16(24)10-12-21(18)28-22-11-9-15(13-20(22)26-19)23(27)25-17-7-5-3-4-6-8-17/h9-14,17H,2-8H2,1H3,(H,25,27)"
MCULE-5107542245,https://mcule.com/MCULE-5107542245/,,N1C2C=C(C=CC=2SC2C=CC(Cl)=CC=2C=1CC)C(NCCC1C=CC(=CC=1)Cl)=O,CCC1=Nc2cc(C(=O)NCCCCCN=c3cc[nH]cc3)ccc2Sc2ccc(Cl)cc21,0.8404255319148937,0.98631364,0.9980608,0.9693466,1.0,1.0,0.77,0.88,455.41,1,"InChI=1S/C26H27ClN4OS/c1-2-22-21-17-19(27)7-9-24(21)33-25-8-6-18(16-23(25)31-22)26(32)30-13-5-3-4-12-29-20-10-14-28-15-11-20/h6-11,14-17H,2-5,12-13H2,1H3,(H,28,29)(H,30,32)","InChI=1S/C24H20Cl2N2OS/c1-2-20-19-14-18(26)8-10-22(19)30-23-9-5-16(13-21(23)28-20)24(29)27-12-11-15-3-6-17(25)7-4-15/h3-10,13-14H,2,11-12H2,1H3,(H,27,29)"
MCULE-3283587573,https://mcule.com/MCULE-3283587573/,,N1C2C=C(C=CC=2SC2C=CC(Cl)=CC=2C=1CC)C(NCCC1C=CC=CC=1)=O,CCC1=Nc2cc(C(=O)NCCCCCN=c3cc[nH]cc3)ccc2Sc2ccc(Cl)cc21,0.8600311041990669,0.9890317,0.983985,0.9897282,1.0,1.0,0.61,0.93,420.965,1,"InChI=1S/C26H27ClN4OS/c1-2-22-21-17-19(27)7-9-24(21)33-25-8-6-18(16-23(25)31-22)26(32)30-13-5-3-4-12-29-20-10-14-28-15-11-20/h6-11,14-17H,2-5,12-13H2,1H3,(H,28,29)(H,30,32)","InChI=1S/C24H21ClN2OS/c1-2-20-19-15-18(25)9-11-22(19)29-23-10-8-17(14-21(23)27-20)24(28)26-13-12-16-6-4-3-5-7-16/h3-11,14-15H,2,12-13H2,1H3,(H,26,28)"
MCULE-3786903670,https://mcule.com/MCULE-3786903670/,,N1C2C=C(C=CC=2SC2C=CC(Cl)=CC=2C=1CC)C(=O)NC1CCCCCCC1,CCC1=Nc2cc(C(=O)NCCCCCN=c3cc[nH]cc3)ccc2Sc2ccc(Cl)cc21,0.8483483483483484,0.0,0.98767555,0.7315967,0.0,1.0,0.63,0.77,427.013,1,"InChI=1S/C26H27ClN4OS/c1-2-22-21-17-19(27)7-9-24(21)33-25-8-6-18(16-23(25)31-22)26(32)30-13-5-3-4-12-29-20-10-14-28-15-11-20/h6-11,14-17H,2-5,12-13H2,1H3,(H,28,29)(H,30,32)","InChI=1S/C24H27ClN2OS/c1-2-20-19-15-17(25)11-13-22(19)29-23-12-10-16(14-21(23)27-20)24(28)26-18-8-6-4-3-5-7-9-18/h10-15,18H,2-9H2,1H3,(H,26,28)"
MCULE-2883797677,https://mcule.com/MCULE-2883797677/,,N1C2C=C(C=CC=2SC2C=CC(Cl)=CC=2C=1CC)C(NCCCC1C=CC=CC=1)=O,CCC1=Nc2cc(C(=O)NCCCCCN=c3cc[nH]cc3)ccc2Sc2ccc(Cl)cc21,0.86875,0.91439015,0.9962391,0.8097521,1.0,1.0,0.72,0.79,434.992,1,"InChI=1S/C26H27ClN4OS/c1-2-22-21-17-19(27)7-9-24(21)33-25-8-6-18(16-23(25)31-22)26(32)30-13-5-3-4-12-29-20-10-14-28-15-11-20/h6-11,14-17H,2-5,12-13H2,1H3,(H,28,29)(H,30,32)","InChI=1S/C25H23ClN2OS/c1-2-21-20-16-19(26)11-13-23(20)30-24-12-10-18(15-22(24)28-21)25(29)27-14-6-9-17-7-4-3-5-8-17/h3-5,7-8,10-13,15-16H,2,6,9,14H2,1H3,(H,27,29)"
MCULE-1829460973,https://mcule.com/MCULE-1829460973/,,N1C2C=C(C=CC=2SC2C=CC(Cl)=CC=2C=1CC)C(NCCCOCC)=O,CCC1=Nc2cc(C(=O)NCCCCC3CCCCC3)ccc2Sc2ccc(Cl)cc21,0.9019607843137256,0.5779809,0.99954957,0.26840332,1.0,1.0,0.88,0.68,402.947,1,"InChI=1S/C26H31ClN2OS/c1-2-22-21-17-20(27)12-14-24(21)31-25-13-11-19(16-23(25)29-22)26(30)28-15-7-6-10-18-8-4-3-5-9-18/h11-14,16-18H,2-10,15H2,1H3,(H,28,30)","InChI=1S/C21H23ClN2O2S/c1-3-17-16-13-15(22)7-9-19(16)27-20-8-6-14(12-18(20)24-17)21(25)23-10-5-11-26-4-2/h6-9,12-13H,3-5,10-11H2,1-2H3,(H,23,25)"
MCULE-5784346685,https://mcule.com/MCULE-5784346685/,,N1C2C=C(C=CC=2SC2C=CC(Cl)=CC=2C=1CC)C(NCCC(C)C)=O,CCC1=Nc2cc(C(=O)NCCCCC3CCCCC3)ccc2Sc2ccc(Cl)cc21,0.9413735343383584,0.8272605,0.9977859,0.635776,1.0,1.0,0.76,0.75,386.948,1,"InChI=1S/C26H31ClN2OS/c1-2-22-21-17-20(27)12-14-24(21)31-25-13-11-19(16-23(25)29-22)26(30)28-15-7-6-10-18-8-4-3-5-9-18/h11-14,16-18H,2-10,15H2,1H3,(H,28,30)","InChI=1S/C21H23ClN2OS/c1-4-17-16-12-15(22)6-8-19(16)26-20-7-5-14(11-18(20)24-17)21(25)23-10-9-13(2)3/h5-8,11-13H,4,9-10H2,1-3H3,(H,23,25)"
MCULE-3663849669,https://mcule.com/MCULE-3663849669/,,N1C2C=C(C=CC=2SC2C=CC(Cl)=CC=2C=1CC)C(NCCCOC(C)C)=O,CCC1=Nc2cc(C(=O)NCCCCC3CCCCC3)ccc2Sc2ccc(Cl)cc21,0.8962722852512156,0.8951761,0.9916928,0.7730422,1.0,1.0,0.66,0.78,416.974,1,"InChI=1S/C26H31ClN2OS/c1-2-22-21-17-20(27)12-14-24(21)31-25-13-11-19(16-23(25)29-22)26(30)28-15-7-6-10-18-8-4-3-5-9-18/h11-14,16-18H,2-10,15H2,1H3,(H,28,30)","InChI=1S/C22H25ClN2O2S/c1-4-18-17-13-16(23)7-9-20(17)28-21-8-6-15(12-19(21)25-18)22(26)24-10-5-11-27-14(2)3/h6-9,12-14H,4-5,10-11H2,1-3H3,(H,24,26)"
MCULE-2669944889,https://mcule.com/MCULE-2669944889/,,N1C2C=C(C=CC=2SC2C=CC(Cl)=CC=2C=1CC)C(NCCCSCCC)=O,CCC1=Nc2cc(C(=O)NCCCCC3CCCCC3)ccc2Sc2ccc(Cl)cc21,0.8977272727272727,0.36952275,0.9916928,0.09246167,1.0,1.0,0.66,0.62250334,433.042,1,"InChI=1S/C26H31ClN2OS/c1-2-22-21-17-20(27)12-14-24(21)31-25-13-11-19(16-23(25)29-22)26(30)28-15-7-6-10-18-8-4-3-5-9-18/h11-14,16-18H,2-10,15H2,1H3,(H,28,30)","InChI=1S/C22H25ClN2OS2/c1-3-11-27-12-5-10-24-22(26)15-6-8-21-19(13-15)25-18(4-2)17-14-16(23)7-9-20(17)28-21/h6-9,13-14H,3-5,10-12H2,1-2H3,(H,24,26)"
MCULE-6851598559,https://mcule.com/MCULE-6851598559/,,N1C2C=C(C=CC=2SC2C=CC(Cl)=CC=2C=1CC)C(=O)NC1CCCCCC1,CCC1=Nc2cc(C(=O)NCCCCC3CCCCC3)ccc2Sc2ccc(Cl)cc21,0.919614147909968,0.8733785,0.98767555,0.7315967,1.0,1.0,0.63,0.77,412.986,1,"InChI=1S/C26H31ClN2OS/c1-2-22-21-17-20(27)12-14-24(21)31-25-13-11-19(16-23(25)29-22)26(30)28-15-7-6-10-18-8-4-3-5-9-18/h11-14,16-18H,2-10,15H2,1H3,(H,28,30)","InChI=1S/C23H25ClN2OS/c1-2-19-18-14-16(24)10-12-21(18)28-22-11-9-15(13-20(22)26-19)23(27)25-17-7-5-3-4-6-8-17/h9-14,17H,2-8H2,1H3,(H,25,27)"
MCULE-3283587573,https://mcule.com/MCULE-3283587573/,,N1C2C=C(C=CC=2SC2C=CC(Cl)=CC=2C=1CC)C(NCCC1C=CC=CC=1)=O,CCC1=Nc2cc(C(=O)NCCCCC3CCCCC3)ccc2Sc2ccc(Cl)cc21,0.9095394736842104,0.9890317,0.983985,0.9897282,1.0,1.0,0.61,0.93,420.965,1,"InChI=1S/C26H31ClN2OS/c1-2-22-21-17-20(27)12-14-24(21)31-25-13-11-19(16-23(25)29-22)26(30)28-15-7-6-10-18-8-4-3-5-9-18/h11-14,16-18H,2-10,15H2,1H3,(H,28,30)","InChI=1S/C24H21ClN2OS/c1-2-20-19-15-18(25)9-11-22(19)29-23-10-8-17(14-21(23)27-20)24(28)26-13-12-16-6-4-3-5-7-16/h3-11,14-15H,2,12-13H2,1H3,(H,26,28)"
MCULE-3786903670,https://mcule.com/MCULE-3786903670/,,N1C2C=C(C=CC=2SC2C=CC(Cl)=CC=2C=1CC)C(=O)NC1CCCCCCC1,CCC1=Nc2cc(C(=O)NCCCCC3CCCCC3)ccc2Sc2ccc(Cl)cc21,0.9228295819935692,0.0,0.98767555,0.7315967,0.0,1.0,0.63,0.77,427.013,1,"InChI=1S/C26H31ClN2OS/c1-2-22-21-17-20(27)12-14-24(21)31-25-13-11-19(16-23(25)29-22)26(30)28-15-7-6-10-18-8-4-3-5-9-18/h11-14,16-18H,2-10,15H2,1H3,(H,28,30)","InChI=1S/C24H27ClN2OS/c1-2-20-19-15-17(25)11-13-22(19)29-23-12-10-16(14-21(23)27-20)24(28)26-18-8-6-4-3-5-7-9-18/h10-15,18H,2-9H2,1H3,(H,26,28)"
MCULE-7323302421,https://mcule.com/MCULE-7323302421/,,N1C2C=C(C=CC=2SC2C=CC(Cl)=CC=2C=1CCC)C(=O)NC1CCC(CC1)C,CCC1=Nc2cc(C(=O)NCCCCC3CCCCC3)ccc2Sc2ccc(Cl)cc21,0.9242902208201892,0.96211284,0.98175126,0.92841244,1.0,1.0,0.6,0.84,427.013,1,"InChI=1S/C26H31ClN2OS/c1-2-22-21-17-20(27)12-14-24(21)31-25-13-11-19(16-23(25)29-22)26(30)28-15-7-6-10-18-8-4-3-5-9-18/h11-14,16-18H,2-10,15H2,1H3,(H,28,30)","InChI=1S/C24H27ClN2OS/c1-3-4-20-19-14-17(25)8-12-22(19)29-23-11-7-16(13-21(23)27-20)24(28)26-18-9-5-15(2)6-10-18/h7-8,11-15,18H,3-6,9-10H2,1-2H3,(H,26,28)"
ZINC000004929514,ZINC000004929514,4.0,CCCCN(C)CCCNC(=O)c1ccc2c(c1)N=C(CC)c3ccccc3S2,CCC1=Nc2cc(C(=O)NCCCCC3CCCCC3)ccc2Sc2ccc(Cl)cc21,0.5694444444444444,0.39442226,0.9977859,0.107465744,1.0,1.0,0.76,0.63,409.599,1,"InChI=1S/C26H31ClN2OS/c1-2-22-21-17-20(27)12-14-24(21)31-25-13-11-19(16-23(25)29-22)26(30)28-15-7-6-10-18-8-4-3-5-9-18/h11-14,16-18H,2-10,15H2,1H3,(H,28,30)","InChI=1S/C24H31N3OS/c1-4-6-15-27(3)16-9-14-25-24(28)18-12-13-23-21(17-18)26-20(5-2)19-10-7-8-11-22(19)29-23/h7-8,10-13,17H,4-6,9,14-16H2,1-3H3,(H,25,28)"
MCULE-2883797677,https://mcule.com/MCULE-2883797677/,,N1C2C=C(C=CC=2SC2C=CC(Cl)=CC=2C=1CC)C(NCCCC1C=CC=CC=1)=O,CCC1=Nc2cc(C(=O)NCCCCC3CCCCC3)ccc2Sc2ccc(Cl)cc21,0.9221854304635762,0.91439015,0.9962391,0.8097521,1.0,1.0,0.72,0.79,434.992,1,"InChI=1S/C26H31ClN2OS/c1-2-22-21-17-20(27)12-14-24(21)31-25-13-11-19(16-23(25)29-22)26(30)28-15-7-6-10-18-8-4-3-5-9-18/h11-14,16-18H,2-10,15H2,1H3,(H,28,30)","InChI=1S/C25H23ClN2OS/c1-2-21-20-16-19(26)11-13-23(20)30-24-12-10-18(15-22(24)28-21)25(29)27-14-6-9-17-7-4-3-5-8-17/h3-5,7-8,10-13,15-16H,2,6,9,14H2,1H3,(H,27,29)"
ZINC000009607897,ZINC000009607897,3.0,CCC1=Nc2cc(C(=O)NCCCN(C)C3CCCCC3)ccc2Sc4ccccc41,CCC1=Nc2cc(C(=O)NCCCCC3CCCCC3)ccc2Sc2ccc(Cl)cc21,0.6338028169014085,0.9111069,0.98767555,0.8097521,1.0,1.0,0.63,0.79,435.637,1,"InChI=1S/C26H31ClN2OS/c1-2-22-21-17-20(27)12-14-24(21)31-25-13-11-19(16-23(25)29-22)26(30)28-15-7-6-10-18-8-4-3-5-9-18/h11-14,16-18H,2-10,15H2,1H3,(H,28,30)","InChI=1S/C26H33N3OS/c1-3-22-21-12-7-8-13-24(21)31-25-15-14-19(18-23(25)28-22)26(30)27-16-9-17-29(2)20-10-5-4-6-11-20/h7-8,12-15,18,20H,3-6,9-11,16-17H2,1-2H3,(H,27,30)"
MCULE-5784346685,https://mcule.com/MCULE-5784346685/,,N1C2C=C(C=CC=2SC2C=CC(Cl)=CC=2C=1CC)C(NCCC(C)C)=O,CCC1=Nc2cc(C(=O)NCCCCCNC(=O)c3ccccc3F)ccc2Sc2ccc(Cl)cc21,0.8613251155624037,0.8272605,0.9977859,0.635776,1.0,1.0,0.76,0.75,386.948,1,"InChI=1S/C28H27ClFN3O2S/c1-2-23-21-17-19(29)11-13-25(21)36-26-12-10-18(16-24(26)33-23)27(34)31-14-6-3-7-15-32-28(35)20-8-4-5-9-22(20)30/h4-5,8-13,16-17H,2-3,6-7,14-15H2,1H3,(H,31,34)(H,32,35)","InChI=1S/C21H23ClN2OS/c1-4-17-16-12-15(22)6-8-19(16)26-20-7-5-14(11-18(20)24-17)21(25)23-10-9-13(2)3/h5-8,11-13H,4,9-10H2,1-3H3,(H,23,25)"
MCULE-4980836871,https://mcule.com/MCULE-4980836871/,,N1C2C=C(C=CC=2SC2C=CC(Cl)=CC=2C=1CC)C(=O)NCC1=CC=C(C=C1)Cl,CCC1=Nc2cc(C(=O)NCCCCCNC(=O)c3ccccc3F)ccc2Sc2ccc(Cl)cc21,0.8476621417797888,0.98683566,0.99932915,0.9693466,1.0,1.0,0.85,0.88,441.383,1,"InChI=1S/C28H27ClFN3O2S/c1-2-23-21-17-19(29)11-13-25(21)36-26-12-10-18(16-24(26)33-23)27(34)31-14-6-3-7-15-32-28(35)20-8-4-5-9-22(20)30/h4-5,8-13,16-17H,2-3,6-7,14-15H2,1H3,(H,31,34)(H,32,35)","InChI=1S/C23H18Cl2N2OS/c1-2-19-18-12-17(25)8-10-21(18)29-22-9-5-15(11-20(22)27-19)23(28)26-13-14-3-6-16(24)7-4-14/h3-12H,2,13H2,1H3,(H,26,28)"
MCULE-1339597839,https://mcule.com/MCULE-1339597839/,,N1C2C=C(C=CC=2SC2C=CC(Cl)=CC=2C=1CC)C(=O)NCC1=CC=C(C=C1)F,CCC1=Nc2cc(C(=O)NCCCCCNC(=O)c3ccccc3F)ccc2Sc2ccc(Cl)cc21,0.8809160305343512,0.99120957,0.9988592,0.98015076,1.0,1.0,0.81,0.9,424.928,1,"InChI=1S/C28H27ClFN3O2S/c1-2-23-21-17-19(29)11-13-25(21)36-26-12-10-18(16-24(26)33-23)27(34)31-14-6-3-7-15-32-28(35)20-8-4-5-9-22(20)30/h4-5,8-13,16-17H,2-3,6-7,14-15H2,1H3,(H,31,34)(H,32,35)","InChI=1S/C23H18ClFN2OS/c1-2-19-18-12-16(24)6-10-21(18)29-22-9-5-15(11-20(22)27-19)23(28)26-13-14-3-7-17(25)8-4-14/h3-12H,2,13H2,1H3,(H,26,28)"
MCULE-1997084486,https://mcule.com/MCULE-1997084486/,,N1C2C=C(C=CC=2SC2C=CC(Cl)=CC=2C=1CC)C(=O)NCC1C=CC=CC=1,CCC1=Nc2cc(C(=O)NCCCCCNC(=O)c3ccccc3F)ccc2Sc2ccc(Cl)cc21,0.8602150537634409,0.9926207,0.9983016,0.98405236,1.0,1.0,0.78,0.91,406.938,1,"InChI=1S/C28H27ClFN3O2S/c1-2-23-21-17-19(29)11-13-25(21)36-26-12-10-18(16-24(26)33-23)27(34)31-14-6-3-7-15-32-28(35)20-8-4-5-9-22(20)30/h4-5,8-13,16-17H,2-3,6-7,14-15H2,1H3,(H,31,34)(H,32,35)","InChI=1S/C23H19ClN2OS/c1-2-19-18-13-17(24)9-11-21(18)28-22-10-8-16(12-20(22)26-19)23(27)25-14-15-6-4-3-5-7-15/h3-13H,2,14H2,1H3,(H,25,27)"
MCULE-6851598559,https://mcule.com/MCULE-6851598559/,,N1C2C=C(C=CC=2SC2C=CC(Cl)=CC=2C=1CC)C(=O)NC1CCCCCC1,CCC1=Nc2cc(C(=O)NCCCCCNC(=O)c3ccccc3F)ccc2Sc2ccc(Cl)cc21,0.8607784431137725,0.8733785,0.98767555,0.7315967,1.0,1.0,0.63,0.77,412.986,1,"InChI=1S/C28H27ClFN3O2S/c1-2-23-21-17-19(29)11-13-25(21)36-26-12-10-18(16-24(26)33-23)27(34)31-14-6-3-7-15-32-28(35)20-8-4-5-9-22(20)30/h4-5,8-13,16-17H,2-3,6-7,14-15H2,1H3,(H,31,34)(H,32,35)","InChI=1S/C23H25ClN2OS/c1-2-19-18-14-16(24)10-12-21(18)28-22-11-9-15(13-20(22)26-19)23(27)25-17-7-5-3-4-6-8-17/h9-14,17H,2-8H2,1H3,(H,25,27)"
MCULE-3283587573,https://mcule.com/MCULE-3283587573/,,N1C2C=C(C=CC=2SC2C=CC(Cl)=CC=2C=1CC)C(NCCC1C=CC=CC=1)=O,CCC1=Nc2cc(C(=O)NCCCCCNC(=O)c3ccccc3F)ccc2Sc2ccc(Cl)cc21,0.8417047184170472,0.9890317,0.983985,0.9897282,1.0,1.0,0.61,0.93,420.965,1,"InChI=1S/C28H27ClFN3O2S/c1-2-23-21-17-19(29)11-13-25(21)36-26-12-10-18(16-24(26)33-23)27(34)31-14-6-3-7-15-32-28(35)20-8-4-5-9-22(20)30/h4-5,8-13,16-17H,2-3,6-7,14-15H2,1H3,(H,31,34)(H,32,35)","InChI=1S/C24H21ClN2OS/c1-2-20-19-15-18(25)9-11-22(19)29-23-10-8-17(14-21(23)27-20)24(28)26-13-12-16-6-4-3-5-7-16/h3-11,14-15H,2,12-13H2,1H3,(H,26,28)"
MCULE-3786903670,https://mcule.com/MCULE-3786903670/,,N1C2C=C(C=CC=2SC2C=CC(Cl)=CC=2C=1CC)C(=O)NC1CCCCCCC1,CCC1=Nc2cc(C(=O)NCCCCCNC(=O)c3ccccc3F)ccc2Sc2ccc(Cl)cc21,0.8609865470852018,0.0,0.98767555,0.7315967,0.0,1.0,0.63,0.77,427.013,1,"InChI=1S/C28H27ClFN3O2S/c1-2-23-21-17-19(29)11-13-25(21)36-26-12-10-18(16-24(26)33-23)27(34)31-14-6-3-7-15-32-28(35)20-8-4-5-9-22(20)30/h4-5,8-13,16-17H,2-3,6-7,14-15H2,1H3,(H,31,34)(H,32,35)","InChI=1S/C24H27ClN2OS/c1-2-20-19-15-17(25)11-13-22(19)29-23-12-10-16(14-21(23)27-20)24(28)26-18-8-6-4-3-5-7-9-18/h10-15,18H,2-9H2,1H3,(H,26,28)"
MCULE-2883797677,https://mcule.com/MCULE-2883797677/,,N1C2C=C(C=CC=2SC2C=CC(Cl)=CC=2C=1CC)C(NCCCC1C=CC=CC=1)=O,CCC1=Nc2cc(C(=O)NCCCCCNC(=O)c3ccccc3F)ccc2Sc2ccc(Cl)cc21,0.8529862174578867,0.91439015,0.9962391,0.8097521,1.0,1.0,0.72,0.79,434.992,1,"InChI=1S/C28H27ClFN3O2S/c1-2-23-21-17-19(29)11-13-25(21)36-26-12-10-18(16-24(26)33-23)27(34)31-14-6-3-7-15-32-28(35)20-8-4-5-9-22(20)30/h4-5,8-13,16-17H,2-3,6-7,14-15H2,1H3,(H,31,34)(H,32,35)","InChI=1S/C25H23ClN2OS/c1-2-21-20-16-19(26)11-13-23(20)30-24-12-10-18(15-22(24)28-21)25(29)27-14-6-9-17-7-4-3-5-8-17/h3-5,7-8,10-13,15-16H,2,6,9,14H2,1H3,(H,27,29)"
MCULE-5784346685,https://mcule.com/MCULE-5784346685/,,N1C2C=C(C=CC=2SC2C=CC(Cl)=CC=2C=1CC)C(NCCC(C)C)=O,CCC1=Nc2cc(C(=O)NCCCCCNC(=O)c3cc(F)ccc3)ccc2Sc2ccc(Cl)cc21,0.8720748829953198,0.8272605,0.9977859,0.635776,1.0,1.0,0.76,0.75,386.948,1,"InChI=1S/C28H27ClFN3O2S/c1-2-23-22-17-20(29)10-12-25(22)36-26-11-9-19(16-24(26)33-23)28(35)32-14-5-3-4-13-31-27(34)18-7-6-8-21(30)15-18/h6-12,15-17H,2-5,13-14H2,1H3,(H,31,34)(H,32,35)","InChI=1S/C21H23ClN2OS/c1-4-17-16-12-15(22)6-8-19(16)26-20-7-5-14(11-18(20)24-17)21(25)23-10-9-13(2)3/h5-8,11-13H,4,9-10H2,1-3H3,(H,23,25)"
MCULE-5784346685,https://mcule.com/MCULE-5784346685/,,N1C2C=C(C=CC=2SC2C=CC(Cl)=CC=2C=1CC)C(NCCC(C)C)=O,CCC1=Nc2cc(C(=O)NCCCCCNC(=O)c3cccc(F)c3)ccc2Sc2ccc(Cl)cc21,0.8720748829953198,0.8272605,0.9977859,0.635776,1.0,1.0,0.76,0.75,386.948,1,"InChI=1S/C28H27ClFN3O2S/c1-2-23-22-17-20(29)10-12-25(22)36-26-11-9-19(16-24(26)33-23)28(35)32-14-5-3-4-13-31-27(34)18-7-6-8-21(30)15-18/h6-12,15-17H,2-5,13-14H2,1H3,(H,31,34)(H,32,35)","InChI=1S/C21H23ClN2OS/c1-4-17-16-12-15(22)6-8-19(16)26-20-7-5-14(11-18(20)24-17)21(25)23-10-9-13(2)3/h5-8,11-13H,4,9-10H2,1-3H3,(H,23,25)"
MCULE-4980836871,https://mcule.com/MCULE-4980836871/,,N1C2C=C(C=CC=2SC2C=CC(Cl)=CC=2C=1CC)C(=O)NCC1=CC=C(C=C1)Cl,CCC1=Nc2cc(C(=O)NCCCCCNC(=O)c3cc(F)ccc3)ccc2Sc2ccc(Cl)cc21,0.852359208523592,0.98683566,0.99932915,0.9693466,1.0,1.0,0.85,0.88,441.383,1,"InChI=1S/C28H27ClFN3O2S/c1-2-23-22-17-20(29)10-12-25(22)36-26-11-9-19(16-24(26)33-23)28(35)32-14-5-3-4-13-31-27(34)18-7-6-8-21(30)15-18/h6-12,15-17H,2-5,13-14H2,1H3,(H,31,34)(H,32,35)","InChI=1S/C23H18Cl2N2OS/c1-2-19-18-12-17(25)8-10-21(18)29-22-9-5-15(11-20(22)27-19)23(28)26-13-14-3-6-16(24)7-4-14/h3-12H,2,13H2,1H3,(H,26,28)"
MCULE-4980836871,https://mcule.com/MCULE-4980836871/,,N1C2C=C(C=CC=2SC2C=CC(Cl)=CC=2C=1CC)C(=O)NCC1=CC=C(C=C1)Cl,CCC1=Nc2cc(C(=O)NCCCCCNC(=O)c3cccc(F)c3)ccc2Sc2ccc(Cl)cc21,0.852359208523592,0.98683566,0.99932915,0.9693466,1.0,1.0,0.85,0.88,441.383,1,"InChI=1S/C28H27ClFN3O2S/c1-2-23-22-17-20(29)10-12-25(22)36-26-11-9-19(16-24(26)33-23)28(35)32-14-5-3-4-13-31-27(34)18-7-6-8-21(30)15-18/h6-12,15-17H,2-5,13-14H2,1H3,(H,31,34)(H,32,35)","InChI=1S/C23H18Cl2N2OS/c1-2-19-18-12-17(25)8-10-21(18)29-22-9-5-15(11-20(22)27-19)23(28)26-13-14-3-6-16(24)7-4-14/h3-12H,2,13H2,1H3,(H,26,28)"
MCULE-1339597839,https://mcule.com/MCULE-1339597839/,,N1C2C=C(C=CC=2SC2C=CC(Cl)=CC=2C=1CC)C(=O)NCC1=CC=C(C=C1)F,CCC1=Nc2cc(C(=O)NCCCCCNC(=O)c3cc(F)ccc3)ccc2Sc2ccc(Cl)cc21,0.8888888888888888,0.99120957,0.9988592,0.98015076,1.0,1.0,0.81,0.9,424.928,1,"InChI=1S/C28H27ClFN3O2S/c1-2-23-22-17-20(29)10-12-25(22)36-26-11-9-19(16-24(26)33-23)28(35)32-14-5-3-4-13-31-27(34)18-7-6-8-21(30)15-18/h6-12,15-17H,2-5,13-14H2,1H3,(H,31,34)(H,32,35)","InChI=1S/C23H18ClFN2OS/c1-2-19-18-12-16(24)6-10-21(18)29-22-9-5-15(11-20(22)27-19)23(28)26-13-14-3-7-17(25)8-4-14/h3-12H,2,13H2,1H3,(H,26,28)"
MCULE-1339597839,https://mcule.com/MCULE-1339597839/,,N1C2C=C(C=CC=2SC2C=CC(Cl)=CC=2C=1CC)C(=O)NCC1=CC=C(C=C1)F,CCC1=Nc2cc(C(=O)NCCCCCNC(=O)c3cccc(F)c3)ccc2Sc2ccc(Cl)cc21,0.8888888888888888,0.99120957,0.9988592,0.98015076,1.0,1.0,0.81,0.9,424.928,1,"InChI=1S/C28H27ClFN3O2S/c1-2-23-22-17-20(29)10-12-25(22)36-26-11-9-19(16-24(26)33-23)28(35)32-14-5-3-4-13-31-27(34)18-7-6-8-21(30)15-18/h6-12,15-17H,2-5,13-14H2,1H3,(H,31,34)(H,32,35)","InChI=1S/C23H18ClFN2OS/c1-2-19-18-12-16(24)6-10-21(18)29-22-9-5-15(11-20(22)27-19)23(28)26-13-14-3-7-17(25)8-4-14/h3-12H,2,13H2,1H3,(H,26,28)"
MCULE-1997084486,https://mcule.com/MCULE-1997084486/,,N1C2C=C(C=CC=2SC2C=CC(Cl)=CC=2C=1CC)C(=O)NCC1C=CC=CC=1,CCC1=Nc2cc(C(=O)NCCCCCNC(=O)c3cc(F)ccc3)ccc2Sc2ccc(Cl)cc21,0.8680124223602484,0.9926207,0.9983016,0.98405236,1.0,1.0,0.78,0.91,406.938,1,"InChI=1S/C28H27ClFN3O2S/c1-2-23-22-17-20(29)10-12-25(22)36-26-11-9-19(16-24(26)33-23)28(35)32-14-5-3-4-13-31-27(34)18-7-6-8-21(30)15-18/h6-12,15-17H,2-5,13-14H2,1H3,(H,31,34)(H,32,35)","InChI=1S/C23H19ClN2OS/c1-2-19-18-13-17(24)9-11-21(18)28-22-10-8-16(12-20(22)26-19)23(27)25-14-15-6-4-3-5-7-15/h3-13H,2,14H2,1H3,(H,25,27)"
MCULE-1997084486,https://mcule.com/MCULE-1997084486/,,N1C2C=C(C=CC=2SC2C=CC(Cl)=CC=2C=1CC)C(=O)NCC1C=CC=CC=1,CCC1=Nc2cc(C(=O)NCCCCCNC(=O)c3cccc(F)c3)ccc2Sc2ccc(Cl)cc21,0.8680124223602484,0.9926207,0.9983016,0.98405236,1.0,1.0,0.78,0.91,406.938,1,"InChI=1S/C28H27ClFN3O2S/c1-2-23-22-17-20(29)10-12-25(22)36-26-11-9-19(16-24(26)33-23)28(35)32-14-5-3-4-13-31-27(34)18-7-6-8-21(30)15-18/h6-12,15-17H,2-5,13-14H2,1H3,(H,31,34)(H,32,35)","InChI=1S/C23H19ClN2OS/c1-2-19-18-13-17(24)9-11-21(18)28-22-10-8-16(12-20(22)26-19)23(27)25-14-15-6-4-3-5-7-15/h3-13H,2,14H2,1H3,(H,25,27)"
MCULE-6851598559,https://mcule.com/MCULE-6851598559/,,N1C2C=C(C=CC=2SC2C=CC(Cl)=CC=2C=1CC)C(=O)NC1CCCCCC1,CCC1=Nc2cc(C(=O)NCCCCCNC(=O)c3cc(F)ccc3)ccc2Sc2ccc(Cl)cc21,0.874051593323217,0.8733785,0.98767555,0.7315967,1.0,1.0,0.63,0.77,412.986,1,"InChI=1S/C28H27ClFN3O2S/c1-2-23-22-17-20(29)10-12-25(22)36-26-11-9-19(16-24(26)33-23)28(35)32-14-5-3-4-13-31-27(34)18-7-6-8-21(30)15-18/h6-12,15-17H,2-5,13-14H2,1H3,(H,31,34)(H,32,35)","InChI=1S/C23H25ClN2OS/c1-2-19-18-14-16(24)10-12-21(18)28-22-11-9-15(13-20(22)26-19)23(27)25-17-7-5-3-4-6-8-17/h9-14,17H,2-8H2,1H3,(H,25,27)"
MCULE-6851598559,https://mcule.com/MCULE-6851598559/,,N1C2C=C(C=CC=2SC2C=CC(Cl)=CC=2C=1CC)C(=O)NC1CCCCCC1,CCC1=Nc2cc(C(=O)NCCCCCNC(=O)c3cccc(F)c3)ccc2Sc2ccc(Cl)cc21,0.874051593323217,0.8733785,0.98767555,0.7315967,1.0,1.0,0.63,0.77,412.986,1,"InChI=1S/C28H27ClFN3O2S/c1-2-23-22-17-20(29)10-12-25(22)36-26-11-9-19(16-24(26)33-23)28(35)32-14-5-3-4-13-31-27(34)18-7-6-8-21(30)15-18/h6-12,15-17H,2-5,13-14H2,1H3,(H,31,34)(H,32,35)","InChI=1S/C23H25ClN2OS/c1-2-19-18-14-16(24)10-12-21(18)28-22-11-9-15(13-20(22)26-19)23(27)25-17-7-5-3-4-6-8-17/h9-14,17H,2-8H2,1H3,(H,25,27)"
MCULE-3283587573,https://mcule.com/MCULE-3283587573/,,N1C2C=C(C=CC=2SC2C=CC(Cl)=CC=2C=1CC)C(NCCC1C=CC=CC=1)=O,CCC1=Nc2cc(C(=O)NCCCCCNC(=O)c3cc(F)ccc3)ccc2Sc2ccc(Cl)cc21,0.8492307692307692,0.9890317,0.983985,0.9897282,1.0,1.0,0.61,0.93,420.965,1,"InChI=1S/C28H27ClFN3O2S/c1-2-23-22-17-20(29)10-12-25(22)36-26-11-9-19(16-24(26)33-23)28(35)32-14-5-3-4-13-31-27(34)18-7-6-8-21(30)15-18/h6-12,15-17H,2-5,13-14H2,1H3,(H,31,34)(H,32,35)","InChI=1S/C24H21ClN2OS/c1-2-20-19-15-18(25)9-11-22(19)29-23-10-8-17(14-21(23)27-20)24(28)26-13-12-16-6-4-3-5-7-16/h3-11,14-15H,2,12-13H2,1H3,(H,26,28)"
MCULE-3283587573,https://mcule.com/MCULE-3283587573/,,N1C2C=C(C=CC=2SC2C=CC(Cl)=CC=2C=1CC)C(NCCC1C=CC=CC=1)=O,CCC1=Nc2cc(C(=O)NCCCCCNC(=O)c3cccc(F)c3)ccc2Sc2ccc(Cl)cc21,0.8492307692307692,0.9890317,0.983985,0.9897282,1.0,1.0,0.61,0.93,420.965,1,"InChI=1S/C28H27ClFN3O2S/c1-2-23-22-17-20(29)10-12-25(22)36-26-11-9-19(16-24(26)33-23)28(35)32-14-5-3-4-13-31-27(34)18-7-6-8-21(30)15-18/h6-12,15-17H,2-5,13-14H2,1H3,(H,31,34)(H,32,35)","InChI=1S/C24H21ClN2OS/c1-2-20-19-15-18(25)9-11-22(19)29-23-10-8-17(14-21(23)27-20)24(28)26-13-12-16-6-4-3-5-7-16/h3-11,14-15H,2,12-13H2,1H3,(H,26,28)"
MCULE-3786903670,https://mcule.com/MCULE-3786903670/,,N1C2C=C(C=CC=2SC2C=CC(Cl)=CC=2C=1CC)C(=O)NC1CCCCCCC1,CCC1=Nc2cc(C(=O)NCCCCCNC(=O)c3cc(F)ccc3)ccc2Sc2ccc(Cl)cc21,0.8742424242424243,0.0,0.98767555,0.7315967,0.0,1.0,0.63,0.77,427.013,1,"InChI=1S/C28H27ClFN3O2S/c1-2-23-22-17-20(29)10-12-25(22)36-26-11-9-19(16-24(26)33-23)28(35)32-14-5-3-4-13-31-27(34)18-7-6-8-21(30)15-18/h6-12,15-17H,2-5,13-14H2,1H3,(H,31,34)(H,32,35)","InChI=1S/C24H27ClN2OS/c1-2-20-19-15-17(25)11-13-22(19)29-23-12-10-16(14-21(23)27-20)24(28)26-18-8-6-4-3-5-7-9-18/h10-15,18H,2-9H2,1H3,(H,26,28)"
MCULE-3786903670,https://mcule.com/MCULE-3786903670/,,N1C2C=C(C=CC=2SC2C=CC(Cl)=CC=2C=1CC)C(=O)NC1CCCCCCC1,CCC1=Nc2cc(C(=O)NCCCCCNC(=O)c3cccc(F)c3)ccc2Sc2ccc(Cl)cc21,0.8742424242424243,0.0,0.98767555,0.7315967,0.0,1.0,0.63,0.77,427.013,1,"InChI=1S/C28H27ClFN3O2S/c1-2-23-22-17-20(29)10-12-25(22)36-26-11-9-19(16-24(26)33-23)28(35)32-14-5-3-4-13-31-27(34)18-7-6-8-21(30)15-18/h6-12,15-17H,2-5,13-14H2,1H3,(H,31,34)(H,32,35)","InChI=1S/C24H27ClN2OS/c1-2-20-19-15-17(25)11-13-22(19)29-23-12-10-16(14-21(23)27-20)24(28)26-18-8-6-4-3-5-7-9-18/h10-15,18H,2-9H2,1H3,(H,26,28)"
MCULE-2883797677,https://mcule.com/MCULE-2883797677/,,N1C2C=C(C=CC=2SC2C=CC(Cl)=CC=2C=1CC)C(NCCCC1C=CC=CC=1)=O,CCC1=Nc2cc(C(=O)NCCCCCNC(=O)c3cc(F)ccc3)ccc2Sc2ccc(Cl)cc21,0.8635658914728682,0.91439015,0.9962391,0.8097521,1.0,1.0,0.72,0.79,434.992,1,"InChI=1S/C28H27ClFN3O2S/c1-2-23-22-17-20(29)10-12-25(22)36-26-11-9-19(16-24(26)33-23)28(35)32-14-5-3-4-13-31-27(34)18-7-6-8-21(30)15-18/h6-12,15-17H,2-5,13-14H2,1H3,(H,31,34)(H,32,35)","InChI=1S/C25H23ClN2OS/c1-2-21-20-16-19(26)11-13-23(20)30-24-12-10-18(15-22(24)28-21)25(29)27-14-6-9-17-7-4-3-5-8-17/h3-5,7-8,10-13,15-16H,2,6,9,14H2,1H3,(H,27,29)"
MCULE-2883797677,https://mcule.com/MCULE-2883797677/,,N1C2C=C(C=CC=2SC2C=CC(Cl)=CC=2C=1CC)C(NCCCC1C=CC=CC=1)=O,CCC1=Nc2cc(C(=O)NCCCCCNC(=O)c3cccc(F)c3)ccc2Sc2ccc(Cl)cc21,0.8635658914728682,0.91439015,0.9962391,0.8097521,1.0,1.0,0.72,0.79,434.992,1,"InChI=1S/C28H27ClFN3O2S/c1-2-23-22-17-20(29)10-12-25(22)36-26-11-9-19(16-24(26)33-23)28(35)32-14-5-3-4-13-31-27(34)18-7-6-8-21(30)15-18/h6-12,15-17H,2-5,13-14H2,1H3,(H,31,34)(H,32,35)","InChI=1S/C25H23ClN2OS/c1-2-21-20-16-19(26)11-13-23(20)30-24-12-10-18(15-22(24)28-21)25(29)27-14-6-9-17-7-4-3-5-8-17/h3-5,7-8,10-13,15-16H,2,6,9,14H2,1H3,(H,27,29)"
MCULE-1829460973,https://mcule.com/MCULE-1829460973/,,N1C2C=C(C=CC=2SC2C=CC(Cl)=CC=2C=1CC)C(NCCCOCC)=O,CCC1=Nc2cc(C(=O)NCCCCCNC(=O)c3ccccc3)ccc2Sc2ccc(Cl)cc21,0.8791732909379968,0.5779809,0.99954957,0.26840332,1.0,1.0,0.88,0.68,402.947,1,"InChI=1S/C28H28ClN3O2S/c1-2-23-22-18-21(29)12-14-25(22)35-26-13-11-20(17-24(26)32-23)28(34)31-16-8-4-7-15-30-27(33)19-9-5-3-6-10-19/h3,5-6,9-14,17-18H,2,4,7-8,15-16H2,1H3,(H,30,33)(H,31,34)","InChI=1S/C21H23ClN2O2S/c1-3-17-16-13-15(22)7-9-19(16)27-20-8-6-14(12-18(20)24-17)21(25)23-10-5-11-26-4-2/h6-9,12-13H,3-5,10-11H2,1-2H3,(H,23,25)"
MCULE-1829460973,https://mcule.com/MCULE-1829460973/,,N1C2C=C(C=CC=2SC2C=CC(Cl)=CC=2C=1CC)C(NCCCOCC)=O,CCC1=Nc2cc(C(=O)NCCCCCNC(c3ccccc3)=O)ccc2Sc2ccc(Cl)cc21,0.8791732909379968,0.5779809,0.99954957,0.26840332,1.0,1.0,0.88,0.68,402.947,1,"InChI=1S/C28H28ClN3O2S/c1-2-23-22-18-21(29)12-14-25(22)35-26-13-11-20(17-24(26)32-23)28(34)31-16-8-4-7-15-30-27(33)19-9-5-3-6-10-19/h3,5-6,9-14,17-18H,2,4,7-8,15-16H2,1H3,(H,30,33)(H,31,34)","InChI=1S/C21H23ClN2O2S/c1-3-17-16-13-15(22)7-9-19(16)27-20-8-6-14(12-18(20)24-17)21(25)23-10-5-11-26-4-2/h6-9,12-13H,3-5,10-11H2,1-2H3,(H,23,25)"
MCULE-5784346685,https://mcule.com/MCULE-5784346685/,,N1C2C=C(C=CC=2SC2C=CC(Cl)=CC=2C=1CC)C(NCCC(C)C)=O,CCC1=Nc2cc(C(=O)NCCCCCNC(=O)c3ccccc3)ccc2Sc2ccc(Cl)cc21,0.9045307443365695,0.8272605,0.9977859,0.635776,1.0,1.0,0.76,0.75,386.948,1,"InChI=1S/C28H28ClN3O2S/c1-2-23-22-18-21(29)12-14-25(22)35-26-13-11-20(17-24(26)32-23)28(34)31-16-8-4-7-15-30-27(33)19-9-5-3-6-10-19/h3,5-6,9-14,17-18H,2,4,7-8,15-16H2,1H3,(H,30,33)(H,31,34)","InChI=1S/C21H23ClN2OS/c1-4-17-16-12-15(22)6-8-19(16)26-20-7-5-14(11-18(20)24-17)21(25)23-10-9-13(2)3/h5-8,11-13H,4,9-10H2,1-3H3,(H,23,25)"
MCULE-5784346685,https://mcule.com/MCULE-5784346685/,,N1C2C=C(C=CC=2SC2C=CC(Cl)=CC=2C=1CC)C(NCCC(C)C)=O,CCC1=Nc2cc(C(=O)NCCCCCNC(c3ccccc3)=O)ccc2Sc2ccc(Cl)cc21,0.9045307443365695,0.8272605,0.9977859,0.635776,1.0,1.0,0.76,0.75,386.948,1,"InChI=1S/C28H28ClN3O2S/c1-2-23-22-18-21(29)12-14-25(22)35-26-13-11-20(17-24(26)32-23)28(34)31-16-8-4-7-15-30-27(33)19-9-5-3-6-10-19/h3,5-6,9-14,17-18H,2,4,7-8,15-16H2,1H3,(H,30,33)(H,31,34)","InChI=1S/C21H23ClN2OS/c1-4-17-16-12-15(22)6-8-19(16)26-20-7-5-14(11-18(20)24-17)21(25)23-10-9-13(2)3/h5-8,11-13H,4,9-10H2,1-3H3,(H,23,25)"
MCULE-4980836871,https://mcule.com/MCULE-4980836871/,,N1C2C=C(C=CC=2SC2C=CC(Cl)=CC=2C=1CC)C(=O)NCC1=CC=C(C=C1)Cl,CCC1=Nc2cc(C(=O)NCCCCCNC(=O)c3ccccc3)ccc2Sc2ccc(Cl)cc21,0.8803149606299212,0.98683566,0.99932915,0.9693466,1.0,1.0,0.85,0.88,441.383,1,"InChI=1S/C28H28ClN3O2S/c1-2-23-22-18-21(29)12-14-25(22)35-26-13-11-20(17-24(26)32-23)28(34)31-16-8-4-7-15-30-27(33)19-9-5-3-6-10-19/h3,5-6,9-14,17-18H,2,4,7-8,15-16H2,1H3,(H,30,33)(H,31,34)","InChI=1S/C23H18Cl2N2OS/c1-2-19-18-12-17(25)8-10-21(18)29-22-9-5-15(11-20(22)27-19)23(28)26-13-14-3-6-16(24)7-4-14/h3-12H,2,13H2,1H3,(H,26,28)"
MCULE-4980836871,https://mcule.com/MCULE-4980836871/,,N1C2C=C(C=CC=2SC2C=CC(Cl)=CC=2C=1CC)C(=O)NCC1=CC=C(C=C1)Cl,CCC1=Nc2cc(C(=O)NCCCCCNC(c3ccccc3)=O)ccc2Sc2ccc(Cl)cc21,0.8803149606299212,0.98683566,0.99932915,0.9693466,1.0,1.0,0.85,0.88,441.383,1,"InChI=1S/C28H28ClN3O2S/c1-2-23-22-18-21(29)12-14-25(22)35-26-13-11-20(17-24(26)32-23)28(34)31-16-8-4-7-15-30-27(33)19-9-5-3-6-10-19/h3,5-6,9-14,17-18H,2,4,7-8,15-16H2,1H3,(H,30,33)(H,31,34)","InChI=1S/C23H18Cl2N2OS/c1-2-19-18-12-17(25)8-10-21(18)29-22-9-5-15(11-20(22)27-19)23(28)26-13-14-3-6-16(24)7-4-14/h3-12H,2,13H2,1H3,(H,26,28)"
MCULE-1997084486,https://mcule.com/MCULE-1997084486/,,N1C2C=C(C=CC=2SC2C=CC(Cl)=CC=2C=1CC)C(=O)NCC1C=CC=CC=1,CCC1=Nc2cc(C(=O)NCCCCCNC(=O)c3ccccc3)ccc2Sc2ccc(Cl)cc21,0.9001610305958132,0.9926207,0.9983016,0.98405236,1.0,1.0,0.78,0.91,406.938,1,"InChI=1S/C28H28ClN3O2S/c1-2-23-22-18-21(29)12-14-25(22)35-26-13-11-20(17-24(26)32-23)28(34)31-16-8-4-7-15-30-27(33)19-9-5-3-6-10-19/h3,5-6,9-14,17-18H,2,4,7-8,15-16H2,1H3,(H,30,33)(H,31,34)","InChI=1S/C23H19ClN2OS/c1-2-19-18-13-17(24)9-11-21(18)28-22-10-8-16(12-20(22)26-19)23(27)25-14-15-6-4-3-5-7-15/h3-13H,2,14H2,1H3,(H,25,27)"
MCULE-1997084486,https://mcule.com/MCULE-1997084486/,,N1C2C=C(C=CC=2SC2C=CC(Cl)=CC=2C=1CC)C(=O)NCC1C=CC=CC=1,CCC1=Nc2cc(C(=O)NCCCCCNC(c3ccccc3)=O)ccc2Sc2ccc(Cl)cc21,0.9001610305958132,0.9926207,0.9983016,0.98405236,1.0,1.0,0.78,0.91,406.938,1,"InChI=1S/C28H28ClN3O2S/c1-2-23-22-18-21(29)12-14-25(22)35-26-13-11-20(17-24(26)32-23)28(34)31-16-8-4-7-15-30-27(33)19-9-5-3-6-10-19/h3,5-6,9-14,17-18H,2,4,7-8,15-16H2,1H3,(H,30,33)(H,31,34)","InChI=1S/C23H19ClN2OS/c1-2-19-18-13-17(24)9-11-21(18)28-22-10-8-16(12-20(22)26-19)23(27)25-14-15-6-4-3-5-7-15/h3-13H,2,14H2,1H3,(H,25,27)"
MCULE-6851598559,https://mcule.com/MCULE-6851598559/,,N1C2C=C(C=CC=2SC2C=CC(Cl)=CC=2C=1CC)C(=O)NC1CCCCCC1,CCC1=Nc2cc(C(=O)NCCCCCNC(=O)c3ccccc3)ccc2Sc2ccc(Cl)cc21,0.902668759811617,0.8733785,0.98767555,0.7315967,1.0,1.0,0.63,0.77,412.986,1,"InChI=1S/C28H28ClN3O2S/c1-2-23-22-18-21(29)12-14-25(22)35-26-13-11-20(17-24(26)32-23)28(34)31-16-8-4-7-15-30-27(33)19-9-5-3-6-10-19/h3,5-6,9-14,17-18H,2,4,7-8,15-16H2,1H3,(H,30,33)(H,31,34)","InChI=1S/C23H25ClN2OS/c1-2-19-18-14-16(24)10-12-21(18)28-22-11-9-15(13-20(22)26-19)23(27)25-17-7-5-3-4-6-8-17/h9-14,17H,2-8H2,1H3,(H,25,27)"
MCULE-6851598559,https://mcule.com/MCULE-6851598559/,,N1C2C=C(C=CC=2SC2C=CC(Cl)=CC=2C=1CC)C(=O)NC1CCCCCC1,CCC1=Nc2cc(C(=O)NCCCCCNC(c3ccccc3)=O)ccc2Sc2ccc(Cl)cc21,0.902668759811617,0.8733785,0.98767555,0.7315967,1.0,1.0,0.63,0.77,412.986,1,"InChI=1S/C28H28ClN3O2S/c1-2-23-22-18-21(29)12-14-25(22)35-26-13-11-20(17-24(26)32-23)28(34)31-16-8-4-7-15-30-27(33)19-9-5-3-6-10-19/h3,5-6,9-14,17-18H,2,4,7-8,15-16H2,1H3,(H,30,33)(H,31,34)","InChI=1S/C23H25ClN2OS/c1-2-19-18-14-16(24)10-12-21(18)28-22-11-9-15(13-20(22)26-19)23(27)25-17-7-5-3-4-6-8-17/h9-14,17H,2-8H2,1H3,(H,25,27)"
MCULE-3283587573,https://mcule.com/MCULE-3283587573/,,N1C2C=C(C=CC=2SC2C=CC(Cl)=CC=2C=1CC)C(NCCC1C=CC=CC=1)=O,CCC1=Nc2cc(C(=O)NCCCCCNC(=O)c3ccccc3)ccc2Sc2ccc(Cl)cc21,0.8803827751196173,0.9890317,0.983985,0.9897282,1.0,1.0,0.61,0.93,420.965,1,"InChI=1S/C28H28ClN3O2S/c1-2-23-22-18-21(29)12-14-25(22)35-26-13-11-20(17-24(26)32-23)28(34)31-16-8-4-7-15-30-27(33)19-9-5-3-6-10-19/h3,5-6,9-14,17-18H,2,4,7-8,15-16H2,1H3,(H,30,33)(H,31,34)","InChI=1S/C24H21ClN2OS/c1-2-20-19-15-18(25)9-11-22(19)29-23-10-8-17(14-21(23)27-20)24(28)26-13-12-16-6-4-3-5-7-16/h3-11,14-15H,2,12-13H2,1H3,(H,26,28)"
MCULE-3283587573,https://mcule.com/MCULE-3283587573/,,N1C2C=C(C=CC=2SC2C=CC(Cl)=CC=2C=1CC)C(NCCC1C=CC=CC=1)=O,CCC1=Nc2cc(C(=O)NCCCCCNC(c3ccccc3)=O)ccc2Sc2ccc(Cl)cc21,0.8803827751196173,0.9890317,0.983985,0.9897282,1.0,1.0,0.61,0.93,420.965,1,"InChI=1S/C28H28ClN3O2S/c1-2-23-22-18-21(29)12-14-25(22)35-26-13-11-20(17-24(26)32-23)28(34)31-16-8-4-7-15-30-27(33)19-9-5-3-6-10-19/h3,5-6,9-14,17-18H,2,4,7-8,15-16H2,1H3,(H,30,33)(H,31,34)","InChI=1S/C24H21ClN2OS/c1-2-20-19-15-18(25)9-11-22(19)29-23-10-8-17(14-21(23)27-20)24(28)26-13-12-16-6-4-3-5-7-16/h3-11,14-15H,2,12-13H2,1H3,(H,26,28)"
MCULE-3786903670,https://mcule.com/MCULE-3786903670/,,N1C2C=C(C=CC=2SC2C=CC(Cl)=CC=2C=1CC)C(=O)NC1CCCCCCC1,CCC1=Nc2cc(C(=O)NCCCCCNC(=O)c3ccccc3)ccc2Sc2ccc(Cl)cc21,0.90282131661442,0.0,0.98767555,0.7315967,0.0,1.0,0.63,0.77,427.013,1,"InChI=1S/C28H28ClN3O2S/c1-2-23-22-18-21(29)12-14-25(22)35-26-13-11-20(17-24(26)32-23)28(34)31-16-8-4-7-15-30-27(33)19-9-5-3-6-10-19/h3,5-6,9-14,17-18H,2,4,7-8,15-16H2,1H3,(H,30,33)(H,31,34)","InChI=1S/C24H27ClN2OS/c1-2-20-19-15-17(25)11-13-22(19)29-23-12-10-16(14-21(23)27-20)24(28)26-18-8-6-4-3-5-7-9-18/h10-15,18H,2-9H2,1H3,(H,26,28)"
MCULE-3786903670,https://mcule.com/MCULE-3786903670/,,N1C2C=C(C=CC=2SC2C=CC(Cl)=CC=2C=1CC)C(=O)NC1CCCCCCC1,CCC1=Nc2cc(C(=O)NCCCCCNC(c3ccccc3)=O)ccc2Sc2ccc(Cl)cc21,0.90282131661442,0.0,0.98767555,0.7315967,0.0,1.0,0.63,0.77,427.013,1,"InChI=1S/C28H28ClN3O2S/c1-2-23-22-18-21(29)12-14-25(22)35-26-13-11-20(17-24(26)32-23)28(34)31-16-8-4-7-15-30-27(33)19-9-5-3-6-10-19/h3,5-6,9-14,17-18H,2,4,7-8,15-16H2,1H3,(H,30,33)(H,31,34)","InChI=1S/C24H27ClN2OS/c1-2-20-19-15-17(25)11-13-22(19)29-23-12-10-16(14-21(23)27-20)24(28)26-18-8-6-4-3-5-7-9-18/h10-15,18H,2-9H2,1H3,(H,26,28)"
MCULE-2883797677,https://mcule.com/MCULE-2883797677/,,N1C2C=C(C=CC=2SC2C=CC(Cl)=CC=2C=1CC)C(NCCCC1C=CC=CC=1)=O,CCC1=Nc2cc(C(=O)NCCCCCNC(=O)c3ccccc3)ccc2Sc2ccc(Cl)cc21,0.8954983922829582,0.91439015,0.9962391,0.8097521,1.0,1.0,0.72,0.79,434.992,1,"InChI=1S/C28H28ClN3O2S/c1-2-23-22-18-21(29)12-14-25(22)35-26-13-11-20(17-24(26)32-23)28(34)31-16-8-4-7-15-30-27(33)19-9-5-3-6-10-19/h3,5-6,9-14,17-18H,2,4,7-8,15-16H2,1H3,(H,30,33)(H,31,34)","InChI=1S/C25H23ClN2OS/c1-2-21-20-16-19(26)11-13-23(20)30-24-12-10-18(15-22(24)28-21)25(29)27-14-6-9-17-7-4-3-5-8-17/h3-5,7-8,10-13,15-16H,2,6,9,14H2,1H3,(H,27,29)"
MCULE-2883797677,https://mcule.com/MCULE-2883797677/,,N1C2C=C(C=CC=2SC2C=CC(Cl)=CC=2C=1CC)C(NCCCC1C=CC=CC=1)=O,CCC1=Nc2cc(C(=O)NCCCCCNC(c3ccccc3)=O)ccc2Sc2ccc(Cl)cc21,0.8954983922829582,0.91439015,0.9962391,0.8097521,1.0,1.0,0.72,0.79,434.992,1,"InChI=1S/C28H28ClN3O2S/c1-2-23-22-18-21(29)12-14-25(22)35-26-13-11-20(17-24(26)32-23)28(34)31-16-8-4-7-15-30-27(33)19-9-5-3-6-10-19/h3,5-6,9-14,17-18H,2,4,7-8,15-16H2,1H3,(H,30,33)(H,31,34)","InChI=1S/C25H23ClN2OS/c1-2-21-20-16-19(26)11-13-23(20)30-24-12-10-18(15-22(24)28-21)25(29)27-14-6-9-17-7-4-3-5-8-17/h3-5,7-8,10-13,15-16H,2,6,9,14H2,1H3,(H,27,29)"
MCULE-9681315168,https://mcule.com/MCULE-9681315168/,,N1C2C=C(C=CC=2SC2C=CC=CC=2C=1CC)C(NCCCC)=O,CCC1=Nc2cc(C(=O)NCCCCCNC(=O)c3ccccc3)ccc2Sc2c1cccc2,0.8994800693240901,0.99905443,0.9999085,0.9978235,1.0,1.0,1.0,1.0,338.476,1,"InChI=1S/C28H29N3O2S/c1-2-23-22-13-7-8-14-25(22)34-26-16-15-21(19-24(26)31-23)28(33)30-18-10-4-9-17-29-27(32)20-11-5-3-6-12-20/h3,5-8,11-16,19H,2,4,9-10,17-18H2,1H3,(H,29,32)(H,30,33)","InChI=1S/C20H22N2OS/c1-3-5-12-21-20(23)14-10-11-19-17(13-14)22-16(4-2)15-8-6-7-9-18(15)24-19/h6-11,13H,3-5,12H2,1-2H3,(H,21,23)"
MCULE-6742382703,https://mcule.com/MCULE-6742382703/,,N1C2C=C(C=CC=2SC2C=CC=CC=2C=1CC)C(=O)NC(C)CC,CCC1=Nc2cc(C(=O)NCCCCCNC(=O)c3ccccc3)ccc2Sc2c1cccc2,0.8953687821612349,0.7938469,0.9859492,0.58279216,1.0,1.0,0.62,0.74,338.476,1,"InChI=1S/C28H29N3O2S/c1-2-23-22-13-7-8-14-25(22)34-26-16-15-21(19-24(26)31-23)28(33)30-18-10-4-9-17-29-27(32)20-11-5-3-6-12-20/h3,5-8,11-16,19H,2,4,9-10,17-18H2,1H3,(H,29,32)(H,30,33)","InChI=1S/C20H22N2OS/c1-4-13(3)21-20(23)14-10-11-19-17(12-14)22-16(5-2)15-8-6-7-9-18(15)24-19/h6-13H,4-5H2,1-3H3,(H,21,23)"
MCULE-6254148835,https://mcule.com/MCULE-6254148835/,,N1C2C=C(C=CC=2SC2C=CC(C)=CC=2C=1CC)C(=O)NC(C)CC,CCC1=Nc2cc(C(=O)NCCCCCNC(=O)c3ccccc3)ccc2Sc2c1cccc2,0.8791946308724832,0.6941643,0.9980608,0.4172078,1.0,1.0,0.77,0.71,352.503,1,"InChI=1S/C28H29N3O2S/c1-2-23-22-13-7-8-14-25(22)34-26-16-15-21(19-24(26)31-23)28(33)30-18-10-4-9-17-29-27(32)20-11-5-3-6-12-20/h3,5-8,11-16,19H,2,4,9-10,17-18H2,1H3,(H,29,32)(H,30,33)","InChI=1S/C21H24N2OS/c1-5-14(4)22-21(24)15-8-10-20-18(12-15)23-17(6-2)16-11-13(3)7-9-19(16)25-20/h7-12,14H,5-6H2,1-4H3,(H,22,24)"
MCULE-3136681680,https://mcule.com/MCULE-3136681680/,,N1C2C=C(C=CC=2SC2C=CC=CC=2C=1CCC)C(=O)NC1CCCC1,CCC1=Nc2cc(C(=O)NCCCCCNC(=O)c3ccccc3)ccc2Sc2c1cccc2,0.8923841059602649,0.39358643,0.9927187,0.107465744,1.0,1.0,0.67,0.63,364.514,1,"InChI=1S/C28H29N3O2S/c1-2-23-22-13-7-8-14-25(22)34-26-16-15-21(19-24(26)31-23)28(33)30-18-10-4-9-17-29-27(32)20-11-5-3-6-12-20/h3,5-8,11-16,19H,2,4,9-10,17-18H2,1H3,(H,29,32)(H,30,33)","InChI=1S/C22H24N2OS/c1-2-7-18-17-10-5-6-11-20(17)26-21-13-12-15(14-19(21)24-18)22(25)23-16-8-3-4-9-16/h5-6,10-14,16H,2-4,7-9H2,1H3,(H,23,25)"
MCULE-4087326320,https://mcule.com/MCULE-4087326320/,,N1C2C=C(C=CC=2SC2C=CC=CC=2C=1CCC)C(=O)NCC1C=CC=CC=1,CCC1=Nc2cc(C(=O)NCCCCCNC(=O)c3ccccc3)ccc2Sc2c1cccc2,0.8842281879194631,0.42834008,0.99941254,0.13078202,1.0,1.0,0.86,0.64,386.52,1,"InChI=1S/C28H29N3O2S/c1-2-23-22-13-7-8-14-25(22)34-26-16-15-21(19-24(26)31-23)28(33)30-18-10-4-9-17-29-27(32)20-11-5-3-6-12-20/h3,5-8,11-16,19H,2,4,9-10,17-18H2,1H3,(H,29,32)(H,30,33)","InChI=1S/C24H22N2OS/c1-2-8-20-19-11-6-7-12-22(19)28-23-14-13-18(15-21(23)26-20)24(27)25-16-17-9-4-3-5-10-17/h3-7,9-15H,2,8,16H2,1H3,(H,25,27)"
MCULE-1490645137,https://mcule.com/MCULE-1490645137/,,N1C2C=C(C=CC=2SC2C=CC=CC=2C=1CC)C(NCCCN(C)CCCC)=O,CCC1=Nc2cc(C(=O)NCCCCCNC(=O)c3ccccc3)ccc2Sc2c1cccc2,0.8816666666666667,0.39442226,0.9977859,0.107465744,1.0,1.0,0.76,0.63,409.599,1,"InChI=1S/C28H29N3O2S/c1-2-23-22-13-7-8-14-25(22)34-26-16-15-21(19-24(26)31-23)28(33)30-18-10-4-9-17-29-27(32)20-11-5-3-6-12-20/h3,5-8,11-16,19H,2,4,9-10,17-18H2,1H3,(H,29,32)(H,30,33)","InChI=1S/C24H31N3OS/c1-4-6-15-27(3)16-9-14-25-24(28)18-12-13-23-21(17-18)26-20(5-2)19-10-7-8-11-22(19)29-23/h7-8,10-13,17H,4-6,9,14-16H2,1-3H3,(H,25,28)"
MCULE-1829460973,https://mcule.com/MCULE-1829460973/,,N1C2C=C(C=CC=2SC2C=CC(Cl)=CC=2C=1CC)C(NCCCOCC)=O,CCC1=Nc2cc(C(=O)NCCCCCNC(=O)c3ccccc3C)ccc2Sc2ccc(Cl)cc21,0.8406676783004552,0.5779809,0.99954957,0.26840332,1.0,1.0,0.88,0.68,402.947,1,"InChI=1S/C29H30ClN3O2S/c1-3-24-23-18-21(30)12-14-26(23)36-27-13-11-20(17-25(27)33-24)28(34)31-15-7-4-8-16-32-29(35)22-10-6-5-9-19(22)2/h5-6,9-14,17-18H,3-4,7-8,15-16H2,1-2H3,(H,31,34)(H,32,35)","InChI=1S/C21H23ClN2O2S/c1-3-17-16-13-15(22)7-9-19(16)27-20-8-6-14(12-18(20)24-17)21(25)23-10-5-11-26-4-2/h6-9,12-13H,3-5,10-11H2,1-2H3,(H,23,25)"
MCULE-5784346685,https://mcule.com/MCULE-5784346685/,,N1C2C=C(C=CC=2SC2C=CC(Cl)=CC=2C=1CC)C(NCCC(C)C)=O,CCC1=Nc2cc(C(=O)NCCCCCNC(=O)c3ccccc3C)ccc2Sc2ccc(Cl)cc21,0.8613251155624037,0.8272605,0.9977859,0.635776,1.0,1.0,0.76,0.75,386.948,1,"InChI=1S/C29H30ClN3O2S/c1-3-24-23-18-21(30)12-14-26(23)36-27-13-11-20(17-25(27)33-24)28(34)31-15-7-4-8-16-32-29(35)22-10-6-5-9-19(22)2/h5-6,9-14,17-18H,3-4,7-8,15-16H2,1-2H3,(H,31,34)(H,32,35)","InChI=1S/C21H23ClN2OS/c1-4-17-16-12-15(22)6-8-19(16)26-20-7-5-14(11-18(20)24-17)21(25)23-10-9-13(2)3/h5-8,11-13H,4,9-10H2,1-3H3,(H,23,25)"
MCULE-4980836871,https://mcule.com/MCULE-4980836871/,,N1C2C=C(C=CC=2SC2C=CC(Cl)=CC=2C=1CC)C(=O)NCC1=CC=C(C=C1)Cl,CCC1=Nc2cc(C(=O)NCCCCCNC(=O)c3ccccc3C)ccc2Sc2ccc(Cl)cc21,0.8448795180722891,0.98683566,0.99932915,0.9693466,1.0,1.0,0.85,0.88,441.383,1,"InChI=1S/C29H30ClN3O2S/c1-3-24-23-18-21(30)12-14-26(23)36-27-13-11-20(17-25(27)33-24)28(34)31-15-7-4-8-16-32-29(35)22-10-6-5-9-19(22)2/h5-6,9-14,17-18H,3-4,7-8,15-16H2,1-2H3,(H,31,34)(H,32,35)","InChI=1S/C23H18Cl2N2OS/c1-2-19-18-12-17(25)8-10-21(18)29-22-9-5-15(11-20(22)27-19)23(28)26-13-14-3-6-16(24)7-4-14/h3-12H,2,13H2,1H3,(H,26,28)"
MCULE-1997084486,https://mcule.com/MCULE-1997084486/,,N1C2C=C(C=CC=2SC2C=CC(Cl)=CC=2C=1CC)C(=O)NCC1C=CC=CC=1,CCC1=Nc2cc(C(=O)NCCCCCNC(=O)c3ccccc3C)ccc2Sc2ccc(Cl)cc21,0.8602150537634409,0.9926207,0.9983016,0.98405236,1.0,1.0,0.78,0.91,406.938,1,"InChI=1S/C29H30ClN3O2S/c1-3-24-23-18-21(30)12-14-26(23)36-27-13-11-20(17-25(27)33-24)28(34)31-15-7-4-8-16-32-29(35)22-10-6-5-9-19(22)2/h5-6,9-14,17-18H,3-4,7-8,15-16H2,1-2H3,(H,31,34)(H,32,35)","InChI=1S/C23H19ClN2OS/c1-2-19-18-13-17(24)9-11-21(18)28-22-10-8-16(12-20(22)26-19)23(27)25-14-15-6-4-3-5-7-15/h3-13H,2,14H2,1H3,(H,25,27)"
MCULE-6851598559,https://mcule.com/MCULE-6851598559/,,N1C2C=C(C=CC=2SC2C=CC(Cl)=CC=2C=1CC)C(=O)NC1CCCCCC1,CCC1=Nc2cc(C(=O)NCCCCCNC(=O)c3ccccc3C)ccc2Sc2ccc(Cl)cc21,0.8663663663663663,0.8733785,0.98767555,0.7315967,1.0,1.0,0.63,0.77,412.986,1,"InChI=1S/C29H30ClN3O2S/c1-3-24-23-18-21(30)12-14-26(23)36-27-13-11-20(17-25(27)33-24)28(34)31-15-7-4-8-16-32-29(35)22-10-6-5-9-19(22)2/h5-6,9-14,17-18H,3-4,7-8,15-16H2,1-2H3,(H,31,34)(H,32,35)","InChI=1S/C23H25ClN2OS/c1-2-19-18-14-16(24)10-12-21(18)28-22-11-9-15(13-20(22)26-19)23(27)25-17-7-5-3-4-6-8-17/h9-14,17H,2-8H2,1H3,(H,25,27)"
MCULE-3786903670,https://mcule.com/MCULE-3786903670/,,N1C2C=C(C=CC=2SC2C=CC(Cl)=CC=2C=1CC)C(=O)NC1CCCCCCC1,CCC1=Nc2cc(C(=O)NCCCCCNC(=O)c3ccccc3C)ccc2Sc2ccc(Cl)cc21,0.8665667166416792,0.0,0.98767555,0.7315967,0.0,1.0,0.63,0.77,427.013,1,"InChI=1S/C29H30ClN3O2S/c1-3-24-23-18-21(30)12-14-26(23)36-27-13-11-20(17-25(27)33-24)28(34)31-15-7-4-8-16-32-29(35)22-10-6-5-9-19(22)2/h5-6,9-14,17-18H,3-4,7-8,15-16H2,1-2H3,(H,31,34)(H,32,35)","InChI=1S/C24H27ClN2OS/c1-2-20-19-15-17(25)11-13-22(19)29-23-12-10-16(14-21(23)27-20)24(28)26-18-8-6-4-3-5-7-9-18/h10-15,18H,2-9H2,1H3,(H,26,28)"
MCULE-2883797677,https://mcule.com/MCULE-2883797677/,,N1C2C=C(C=CC=2SC2C=CC(Cl)=CC=2C=1CC)C(NCCCC1C=CC=CC=1)=O,CCC1=Nc2cc(C(=O)NCCCCCNC(=O)c3ccccc3C)ccc2Sc2ccc(Cl)cc21,0.8529862174578867,0.91439015,0.9962391,0.8097521,1.0,1.0,0.72,0.79,434.992,1,"InChI=1S/C29H30ClN3O2S/c1-3-24-23-18-21(30)12-14-26(23)36-27-13-11-20(17-25(27)33-24)28(34)31-15-7-4-8-16-32-29(35)22-10-6-5-9-19(22)2/h5-6,9-14,17-18H,3-4,7-8,15-16H2,1-2H3,(H,31,34)(H,32,35)","InChI=1S/C25H23ClN2OS/c1-2-21-20-16-19(26)11-13-23(20)30-24-12-10-18(15-22(24)28-21)25(29)27-14-6-9-17-7-4-3-5-8-17/h3-5,7-8,10-13,15-16H,2,6,9,14H2,1H3,(H,27,29)"
MCULE-1829460973,https://mcule.com/MCULE-1829460973/,,N1C2C=C(C=CC=2SC2C=CC(Cl)=CC=2C=1CC)C(NCCCOCC)=O,CCC1=Nc2cc(C(=O)NCCCCCNC(=O)c3ccccc3OC)ccc2Sc2ccc(Cl)cc21,0.8269230769230769,0.5779809,0.99954957,0.26840332,1.0,1.0,0.88,0.68,402.947,1,"InChI=1S/C29H30ClN3O3S/c1-3-23-22-18-20(30)12-14-26(22)37-27-13-11-19(17-24(27)33-23)28(34)31-15-7-4-8-16-32-29(35)21-9-5-6-10-25(21)36-2/h5-6,9-14,17-18H,3-4,7-8,15-16H2,1-2H3,(H,31,34)(H,32,35)","InChI=1S/C21H23ClN2O2S/c1-3-17-16-13-15(22)7-9-19(16)27-20-8-6-14(12-18(20)24-17)21(25)23-10-5-11-26-4-2/h6-9,12-13H,3-5,10-11H2,1-2H3,(H,23,25)"
MCULE-1829460973,https://mcule.com/MCULE-1829460973/,,N1C2C=C(C=CC=2SC2C=CC(Cl)=CC=2C=1CC)C(NCCCOCC)=O,CCC1=Nc2cc(C(=O)NCCCCCNC(c3ccccc3OC)=O)ccc2Sc2ccc(Cl)cc21,0.8269230769230769,0.5779809,0.99954957,0.26840332,1.0,1.0,0.88,0.68,402.947,1,"InChI=1S/C29H30ClN3O3S/c1-3-23-22-18-20(30)12-14-26(22)37-27-13-11-19(17-24(27)33-23)28(34)31-15-7-4-8-16-32-29(35)21-9-5-6-10-25(21)36-2/h5-6,9-14,17-18H,3-4,7-8,15-16H2,1-2H3,(H,31,34)(H,32,35)","InChI=1S/C21H23ClN2O2S/c1-3-17-16-13-15(22)7-9-19(16)27-20-8-6-14(12-18(20)24-17)21(25)23-10-5-11-26-4-2/h6-9,12-13H,3-5,10-11H2,1-2H3,(H,23,25)"
MCULE-5784346685,https://mcule.com/MCULE-5784346685/,,N1C2C=C(C=CC=2SC2C=CC(Cl)=CC=2C=1CC)C(NCCC(C)C)=O,CCC1=Nc2cc(C(=O)NCCCCCNC(=O)c3ccccc3OC)ccc2Sc2ccc(Cl)cc21,0.835820895522388,0.8272605,0.9977859,0.635776,1.0,1.0,0.76,0.75,386.948,1,"InChI=1S/C29H30ClN3O3S/c1-3-23-22-18-20(30)12-14-26(22)37-27-13-11-19(17-24(27)33-23)28(34)31-15-7-4-8-16-32-29(35)21-9-5-6-10-25(21)36-2/h5-6,9-14,17-18H,3-4,7-8,15-16H2,1-2H3,(H,31,34)(H,32,35)","InChI=1S/C21H23ClN2OS/c1-4-17-16-12-15(22)6-8-19(16)26-20-7-5-14(11-18(20)24-17)21(25)23-10-9-13(2)3/h5-8,11-13H,4,9-10H2,1-3H3,(H,23,25)"
MCULE-5784346685,https://mcule.com/MCULE-5784346685/,,N1C2C=C(C=CC=2SC2C=CC(Cl)=CC=2C=1CC)C(NCCC(C)C)=O,CCC1=Nc2cc(C(=O)NCCCCCNC(c3ccccc3OC)=O)ccc2Sc2ccc(Cl)cc21,0.835820895522388,0.8272605,0.9977859,0.635776,1.0,1.0,0.76,0.75,386.948,1,"InChI=1S/C29H30ClN3O3S/c1-3-23-22-18-20(30)12-14-26(22)37-27-13-11-19(17-24(27)33-23)28(34)31-15-7-4-8-16-32-29(35)21-9-5-6-10-25(21)36-2/h5-6,9-14,17-18H,3-4,7-8,15-16H2,1-2H3,(H,31,34)(H,32,35)","InChI=1S/C21H23ClN2OS/c1-4-17-16-12-15(22)6-8-19(16)26-20-7-5-14(11-18(20)24-17)21(25)23-10-9-13(2)3/h5-8,11-13H,4,9-10H2,1-3H3,(H,23,25)"
MCULE-1997084486,https://mcule.com/MCULE-1997084486/,,N1C2C=C(C=CC=2SC2C=CC(Cl)=CC=2C=1CC)C(=O)NCC1C=CC=CC=1,CCC1=Nc2cc(C(=O)NCCCCCNC(=O)c3ccccc3OC)ccc2Sc2ccc(Cl)cc21,0.8293768545994066,0.9926207,0.9983016,0.98405236,1.0,1.0,0.78,0.91,406.938,1,"InChI=1S/C29H30ClN3O3S/c1-3-23-22-18-20(30)12-14-26(22)37-27-13-11-19(17-24(27)33-23)28(34)31-15-7-4-8-16-32-29(35)21-9-5-6-10-25(21)36-2/h5-6,9-14,17-18H,3-4,7-8,15-16H2,1-2H3,(H,31,34)(H,32,35)","InChI=1S/C23H19ClN2OS/c1-2-19-18-13-17(24)9-11-21(18)28-22-10-8-16(12-20(22)26-19)23(27)25-14-15-6-4-3-5-7-15/h3-13H,2,14H2,1H3,(H,25,27)"
MCULE-1997084486,https://mcule.com/MCULE-1997084486/,,N1C2C=C(C=CC=2SC2C=CC(Cl)=CC=2C=1CC)C(=O)NCC1C=CC=CC=1,CCC1=Nc2cc(C(=O)NCCCCCNC(c3ccccc3OC)=O)ccc2Sc2ccc(Cl)cc21,0.8293768545994066,0.9926207,0.9983016,0.98405236,1.0,1.0,0.78,0.91,406.938,1,"InChI=1S/C29H30ClN3O3S/c1-3-23-22-18-20(30)12-14-26(22)37-27-13-11-19(17-24(27)33-23)28(34)31-15-7-4-8-16-32-29(35)21-9-5-6-10-25(21)36-2/h5-6,9-14,17-18H,3-4,7-8,15-16H2,1-2H3,(H,31,34)(H,32,35)","InChI=1S/C23H19ClN2OS/c1-2-19-18-13-17(24)9-11-21(18)28-22-10-8-16(12-20(22)26-19)23(27)25-14-15-6-4-3-5-7-15/h3-13H,2,14H2,1H3,(H,25,27)"
MCULE-6851598559,https://mcule.com/MCULE-6851598559/,,N1C2C=C(C=CC=2SC2C=CC(Cl)=CC=2C=1CC)C(=O)NC1CCCCCC1,CCC1=Nc2cc(C(=O)NCCCCCNC(=O)c3ccccc3OC)ccc2Sc2ccc(Cl)cc21,0.8440233236151603,0.8733785,0.98767555,0.7315967,1.0,1.0,0.63,0.77,412.986,1,"InChI=1S/C29H30ClN3O3S/c1-3-23-22-18-20(30)12-14-26(22)37-27-13-11-19(17-24(27)33-23)28(34)31-15-7-4-8-16-32-29(35)21-9-5-6-10-25(21)36-2/h5-6,9-14,17-18H,3-4,7-8,15-16H2,1-2H3,(H,31,34)(H,32,35)","InChI=1S/C23H25ClN2OS/c1-2-19-18-14-16(24)10-12-21(18)28-22-11-9-15(13-20(22)26-19)23(27)25-17-7-5-3-4-6-8-17/h9-14,17H,2-8H2,1H3,(H,25,27)"
MCULE-6851598559,https://mcule.com/MCULE-6851598559/,,N1C2C=C(C=CC=2SC2C=CC(Cl)=CC=2C=1CC)C(=O)NC1CCCCCC1,CCC1=Nc2cc(C(=O)NCCCCCNC(c3ccccc3OC)=O)ccc2Sc2ccc(Cl)cc21,0.8440233236151603,0.8733785,0.98767555,0.7315967,1.0,1.0,0.63,0.77,412.986,1,"InChI=1S/C29H30ClN3O3S/c1-3-23-22-18-20(30)12-14-26(22)37-27-13-11-19(17-24(27)33-23)28(34)31-15-7-4-8-16-32-29(35)21-9-5-6-10-25(21)36-2/h5-6,9-14,17-18H,3-4,7-8,15-16H2,1-2H3,(H,31,34)(H,32,35)","InChI=1S/C23H25ClN2OS/c1-2-19-18-14-16(24)10-12-21(18)28-22-11-9-15(13-20(22)26-19)23(27)25-17-7-5-3-4-6-8-17/h9-14,17H,2-8H2,1H3,(H,25,27)"
MCULE-9301248301,https://mcule.com/MCULE-9301248301/,,N1C2C=C(C=CC=2SC2C=CC(Cl)=CC=2C=1CC)C(=O)NCC1=CC=CC=C1OC,CCC1=Nc2cc(C(=O)NCCCCCNC(=O)c3ccccc3OC)ccc2Sc2ccc(Cl)cc21,0.900593471810089,0.9665767,0.9927187,0.92841244,1.0,1.0,0.67,0.84,436.964,1,"InChI=1S/C29H30ClN3O3S/c1-3-23-22-18-20(30)12-14-26(22)37-27-13-11-19(17-24(27)33-23)28(34)31-15-7-4-8-16-32-29(35)21-9-5-6-10-25(21)36-2/h5-6,9-14,17-18H,3-4,7-8,15-16H2,1-2H3,(H,31,34)(H,32,35)","InChI=1S/C24H21ClN2O2S/c1-3-19-18-13-17(25)9-11-22(18)30-23-10-8-15(12-20(23)27-19)24(28)26-14-16-6-4-5-7-21(16)29-2/h4-13H,3,14H2,1-2H3,(H,26,28)"
MCULE-9301248301,https://mcule.com/MCULE-9301248301/,,N1C2C=C(C=CC=2SC2C=CC(Cl)=CC=2C=1CC)C(=O)NCC1=CC=CC=C1OC,CCC1=Nc2cc(C(=O)NCCCCCNC(c3ccccc3OC)=O)ccc2Sc2ccc(Cl)cc21,0.900593471810089,0.9665767,0.9927187,0.92841244,1.0,1.0,0.67,0.84,436.964,1,"InChI=1S/C29H30ClN3O3S/c1-3-23-22-18-20(30)12-14-26(22)37-27-13-11-19(17-24(27)33-23)28(34)31-15-7-4-8-16-32-29(35)21-9-5-6-10-25(21)36-2/h5-6,9-14,17-18H,3-4,7-8,15-16H2,1-2H3,(H,31,34)(H,32,35)","InChI=1S/C24H21ClN2O2S/c1-3-19-18-13-17(25)9-11-22(18)30-23-10-8-15(12-20(23)27-19)24(28)26-14-16-6-4-5-7-21(16)29-2/h4-13H,3,14H2,1-2H3,(H,26,28)"
MCULE-2295027745,https://mcule.com/MCULE-2295027745/,,N1C2C=C(C=CC=2SC2C=CC(Cl)=CC=2C=1CC)C(=O)NCC1=CC=C(C=C1)OC,CCC1=Nc2cc(C(=O)NCCCCCNC(=O)c3ccccc3OC)ccc2Sc2ccc(Cl)cc21,0.8643067846607669,0.9867518,0.9991252,0.9693466,1.0,1.0,0.83,0.88,436.964,1,"InChI=1S/C29H30ClN3O3S/c1-3-23-22-18-20(30)12-14-26(22)37-27-13-11-19(17-24(27)33-23)28(34)31-15-7-4-8-16-32-29(35)21-9-5-6-10-25(21)36-2/h5-6,9-14,17-18H,3-4,7-8,15-16H2,1-2H3,(H,31,34)(H,32,35)","InChI=1S/C24H21ClN2O2S/c1-3-20-19-13-17(25)7-11-22(19)30-23-10-6-16(12-21(23)27-20)24(28)26-14-15-4-8-18(29-2)9-5-15/h4-13H,3,14H2,1-2H3,(H,26,28)"
MCULE-2295027745,https://mcule.com/MCULE-2295027745/,,N1C2C=C(C=CC=2SC2C=CC(Cl)=CC=2C=1CC)C(=O)NCC1=CC=C(C=C1)OC,CCC1=Nc2cc(C(=O)NCCCCCNC(c3ccccc3OC)=O)ccc2Sc2ccc(Cl)cc21,0.8643067846607669,0.9867518,0.9991252,0.9693466,1.0,1.0,0.83,0.88,436.964,1,"InChI=1S/C29H30ClN3O3S/c1-3-23-22-18-20(30)12-14-26(22)37-27-13-11-19(17-24(27)33-23)28(34)31-15-7-4-8-16-32-29(35)21-9-5-6-10-25(21)36-2/h5-6,9-14,17-18H,3-4,7-8,15-16H2,1-2H3,(H,31,34)(H,32,35)","InChI=1S/C24H21ClN2O2S/c1-3-20-19-13-17(25)7-11-22(19)30-23-10-6-16(12-21(23)27-20)24(28)26-14-15-4-8-18(29-2)9-5-15/h4-13H,3,14H2,1-2H3,(H,26,28)"
MCULE-3786903670,https://mcule.com/MCULE-3786903670/,,N1C2C=C(C=CC=2SC2C=CC(Cl)=CC=2C=1CC)C(=O)NC1CCCCCCC1,CCC1=Nc2cc(C(=O)NCCCCCNC(=O)c3ccccc3OC)ccc2Sc2ccc(Cl)cc21,0.8469387755102041,0.0,0.98767555,0.7315967,0.0,1.0,0.63,0.77,427.013,1,"InChI=1S/C29H30ClN3O3S/c1-3-23-22-18-20(30)12-14-26(22)37-27-13-11-19(17-24(27)33-23)28(34)31-15-7-4-8-16-32-29(35)21-9-5-6-10-25(21)36-2/h5-6,9-14,17-18H,3-4,7-8,15-16H2,1-2H3,(H,31,34)(H,32,35)","InChI=1S/C24H27ClN2OS/c1-2-20-19-15-17(25)11-13-22(19)29-23-12-10-16(14-21(23)27-20)24(28)26-18-8-6-4-3-5-7-9-18/h10-15,18H,2-9H2,1H3,(H,26,28)"
MCULE-3786903670,https://mcule.com/MCULE-3786903670/,,N1C2C=C(C=CC=2SC2C=CC(Cl)=CC=2C=1CC)C(=O)NC1CCCCCCC1,CCC1=Nc2cc(C(=O)NCCCCCNC(c3ccccc3OC)=O)ccc2Sc2ccc(Cl)cc21,0.8469387755102041,0.0,0.98767555,0.7315967,0.0,1.0,0.63,0.77,427.013,1,"InChI=1S/C29H30ClN3O3S/c1-3-23-22-18-20(30)12-14-26(22)37-27-13-11-19(17-24(27)33-23)28(34)31-15-7-4-8-16-32-29(35)21-9-5-6-10-25(21)36-2/h5-6,9-14,17-18H,3-4,7-8,15-16H2,1-2H3,(H,31,34)(H,32,35)","InChI=1S/C24H27ClN2OS/c1-2-20-19-15-17(25)11-13-22(19)29-23-12-10-16(14-21(23)27-20)24(28)26-18-8-6-4-3-5-7-9-18/h10-15,18H,2-9H2,1H3,(H,26,28)"
MCULE-7323302421,https://mcule.com/MCULE-7323302421/,,N1C2C=C(C=CC=2SC2C=CC(Cl)=CC=2C=1CCC)C(=O)NC1CCC(CC1)C,CCC1=Nc2cc(C(=O)NCCCCCNC(=O)c3ccccc3OC)ccc2Sc2ccc(Cl)cc21,0.826025459688826,0.96211284,0.98175126,0.92841244,1.0,1.0,0.6,0.84,427.013,1,"InChI=1S/C29H30ClN3O3S/c1-3-23-22-18-20(30)12-14-26(22)37-27-13-11-19(17-24(27)33-23)28(34)31-15-7-4-8-16-32-29(35)21-9-5-6-10-25(21)36-2/h5-6,9-14,17-18H,3-4,7-8,15-16H2,1-2H3,(H,31,34)(H,32,35)","InChI=1S/C24H27ClN2OS/c1-3-4-20-19-14-17(25)8-12-22(19)29-23-11-7-16(13-21(23)27-20)24(28)26-18-9-5-15(2)6-10-18/h7-8,11-15,18H,3-6,9-10H2,1-2H3,(H,26,28)"
MCULE-7323302421,https://mcule.com/MCULE-7323302421/,,N1C2C=C(C=CC=2SC2C=CC(Cl)=CC=2C=1CCC)C(=O)NC1CCC(CC1)C,CCC1=Nc2cc(C(=O)NCCCCCNC(c3ccccc3OC)=O)ccc2Sc2ccc(Cl)cc21,0.826025459688826,0.96211284,0.98175126,0.92841244,1.0,1.0,0.6,0.84,427.013,1,"InChI=1S/C29H30ClN3O3S/c1-3-23-22-18-20(30)12-14-26(22)37-27-13-11-19(17-24(27)33-23)28(34)31-15-7-4-8-16-32-29(35)21-9-5-6-10-25(21)36-2/h5-6,9-14,17-18H,3-4,7-8,15-16H2,1-2H3,(H,31,34)(H,32,35)","InChI=1S/C24H27ClN2OS/c1-3-4-20-19-14-17(25)8-12-22(19)29-23-11-7-16(13-21(23)27-20)24(28)26-18-9-5-15(2)6-10-18/h7-8,11-15,18H,3-6,9-10H2,1-2H3,(H,26,28)"
MCULE-1253350417,https://mcule.com/MCULE-1253350417/,,N1C2C=C(C=CC=2SC2C=CC=CC=2C=1CCC)C(=O)NCC1=CC=CC=C1OC,CCC1=Nc2cc(C(=O)NCCCCCNC(=O)c3ccccc3OC)ccc2Sc2ccc(Cl)cc21,0.8502202643171806,0.65626395,0.9991252,0.36422405,1.0,1.0,0.83,0.7,416.546,1,"InChI=1S/C29H30ClN3O3S/c1-3-23-22-18-20(30)12-14-26(22)37-27-13-11-19(17-24(27)33-23)28(34)31-15-7-4-8-16-32-29(35)21-9-5-6-10-25(21)36-2/h5-6,9-14,17-18H,3-4,7-8,15-16H2,1-2H3,(H,31,34)(H,32,35)","InChI=1S/C25H24N2O2S/c1-3-8-20-19-10-5-7-12-23(19)30-24-14-13-17(15-21(24)27-20)25(28)26-16-18-9-4-6-11-22(18)29-2/h4-7,9-15H,3,8,16H2,1-2H3,(H,26,28)"
MCULE-1253350417,https://mcule.com/MCULE-1253350417/,,N1C2C=C(C=CC=2SC2C=CC=CC=2C=1CCC)C(=O)NCC1=CC=CC=C1OC,CCC1=Nc2cc(C(=O)NCCCCCNC(c3ccccc3OC)=O)ccc2Sc2ccc(Cl)cc21,0.8502202643171806,0.65626395,0.9991252,0.36422405,1.0,1.0,0.83,0.7,416.546,1,"InChI=1S/C29H30ClN3O3S/c1-3-23-22-18-20(30)12-14-26(22)37-27-13-11-19(17-24(27)33-23)28(34)31-15-7-4-8-16-32-29(35)21-9-5-6-10-25(21)36-2/h5-6,9-14,17-18H,3-4,7-8,15-16H2,1-2H3,(H,31,34)(H,32,35)","InChI=1S/C25H24N2O2S/c1-3-8-20-19-10-5-7-12-23(19)30-24-14-13-17(15-21(24)27-20)25(28)26-16-18-9-4-6-11-22(18)29-2/h4-7,9-15H,3,8,16H2,1-2H3,(H,26,28)"
MCULE-2991428382,https://mcule.com/MCULE-2991428382/,,N1C2C=C(C=CC=2SC2C=CC(C)=CC=2C=1CC)C(=O)NCC1=CC=CC=C1OC,CCC1=Nc2cc(C(=O)NCCCCCNC(=O)c3ccccc3OC)ccc2Sc2ccc(Cl)cc21,0.8354978354978355,0.91508645,0.9980608,0.8097521,1.0,1.0,0.77,0.79,416.546,1,"InChI=1S/C29H30ClN3O3S/c1-3-23-22-18-20(30)12-14-26(22)37-27-13-11-19(17-24(27)33-23)28(34)31-15-7-4-8-16-32-29(35)21-9-5-6-10-25(21)36-2/h5-6,9-14,17-18H,3-4,7-8,15-16H2,1-2H3,(H,31,34)(H,32,35)","InChI=1S/C25H24N2O2S/c1-4-20-19-13-16(2)9-11-23(19)30-24-12-10-17(14-21(24)27-20)25(28)26-15-18-7-5-6-8-22(18)29-3/h5-14H,4,15H2,1-3H3,(H,26,28)"
MCULE-2991428382,https://mcule.com/MCULE-2991428382/,,N1C2C=C(C=CC=2SC2C=CC(C)=CC=2C=1CC)C(=O)NCC1=CC=CC=C1OC,CCC1=Nc2cc(C(=O)NCCCCCNC(c3ccccc3OC)=O)ccc2Sc2ccc(Cl)cc21,0.8354978354978355,0.91508645,0.9980608,0.8097521,1.0,1.0,0.77,0.79,416.546,1,"InChI=1S/C29H30ClN3O3S/c1-3-23-22-18-20(30)12-14-26(22)37-27-13-11-19(17-24(27)33-23)28(34)31-15-7-4-8-16-32-29(35)21-9-5-6-10-25(21)36-2/h5-6,9-14,17-18H,3-4,7-8,15-16H2,1-2H3,(H,31,34)(H,32,35)","InChI=1S/C25H24N2O2S/c1-4-20-19-13-16(2)9-11-23(19)30-24-12-10-17(14-21(24)27-20)25(28)26-15-18-7-5-6-8-22(18)29-3/h5-14H,4,15H2,1-3H3,(H,26,28)"
MCULE-6254148835,https://mcule.com/MCULE-6254148835/,,N1C2C=C(C=CC=2SC2C=CC(C)=CC=2C=1CC)C(=O)NC(C)CC,CCC1=Nc2cc(C(=O)NCCCCCNC(=O)c3ccccc3)ccc2Sc2ccc(C)cc21,0.8905472636815921,0.6941643,0.9980608,0.4172078,1.0,1.0,0.77,0.71,352.503,1,"InChI=1S/C29H31N3O2S/c1-3-24-23-18-20(2)12-14-26(23)35-27-15-13-22(19-25(27)32-24)29(34)31-17-9-5-8-16-30-28(33)21-10-6-4-7-11-21/h4,6-7,10-15,18-19H,3,5,8-9,16-17H2,1-2H3,(H,30,33)(H,31,34)","InChI=1S/C21H24N2OS/c1-5-14(4)22-21(24)15-8-10-20-18(12-15)23-17(6-2)16-11-13(3)7-9-19(16)25-20/h7-12,14H,5-6H2,1-4H3,(H,22,24)"
MCULE-2828397437,https://mcule.com/MCULE-2828397437/,,N1C2C=C(C=CC=2SC2C=CC(C)=CC=2C=1CC)C(=O)NC1CCCCCC1,CCC1=Nc2cc(C(=O)NCCCCCNC(=O)c3ccccc3)ccc2Sc2ccc(C)cc21,0.8862179487179487,0.82474643,0.9905238,0.635776,1.0,1.0,0.65,0.75,392.568,1,"InChI=1S/C29H31N3O2S/c1-3-24-23-18-20(2)12-14-26(23)35-27-15-13-22(19-25(27)32-24)29(34)31-17-9-5-8-16-30-28(33)21-10-6-4-7-11-21/h4,6-7,10-15,18-19H,3,5,8-9,16-17H2,1-2H3,(H,30,33)(H,31,34)","InChI=1S/C24H28N2OS/c1-3-20-19-14-16(2)10-12-22(19)28-23-13-11-17(15-21(23)26-20)24(27)25-18-8-6-4-5-7-9-18/h10-15,18H,3-9H2,1-2H3,(H,25,27)"
MCULE-6561969005,https://mcule.com/MCULE-6561969005/,,N1C2C=C(C=CC=2SC2=CC=C(C)C=C2C=1CC)C(=O)NCC1C=CC(=CC=1)C,CCC1=Nc2cc(C(=O)NCCCCCNC(=O)c3ccccc3)ccc2Sc2ccc(C)cc21,0.8876221498371335,0.82772297,0.9991252,0.635776,1.0,1.0,0.83,0.75,400.547,1,"InChI=1S/C29H31N3O2S/c1-3-24-23-18-20(2)12-14-26(23)35-27-15-13-22(19-25(27)32-24)29(34)31-17-9-5-8-16-30-28(33)21-10-6-4-7-11-21/h4,6-7,10-15,18-19H,3,5,8-9,16-17H2,1-2H3,(H,30,33)(H,31,34)","InChI=1S/C25H24N2OS/c1-4-21-20-13-17(3)7-11-23(20)29-24-12-10-19(14-22(24)27-21)25(28)26-15-18-8-5-16(2)6-9-18/h5-14H,4,15H2,1-3H3,(H,26,28)"
MCULE-3090142097,https://mcule.com/MCULE-3090142097/,,N1C2C=C(C=CC=2SC2C=CC(C)=CC=2C=1CC)C(NCCCC1C=CC=CC=1)=O,CCC1=Nc2cc(C(=O)NCCCCCNC(=O)c3ccccc3)ccc2Sc2ccc(C)cc21,0.8914473684210527,0.61685336,0.9977859,0.31433976,1.0,1.0,0.76,0.69,414.574,1,"InChI=1S/C29H31N3O2S/c1-3-24-23-18-20(2)12-14-26(23)35-27-15-13-22(19-25(27)32-24)29(34)31-17-9-5-8-16-30-28(33)21-10-6-4-7-11-21/h4,6-7,10-15,18-19H,3,5,8-9,16-17H2,1-2H3,(H,30,33)(H,31,34)","InChI=1S/C26H26N2OS/c1-3-22-21-16-18(2)11-13-24(21)30-25-14-12-20(17-23(25)28-22)26(29)27-15-7-10-19-8-5-4-6-9-19/h4-6,8-9,11-14,16-17H,3,7,10,15H2,1-2H3,(H,27,29)"
MCULE-6742382703,https://mcule.com/MCULE-6742382703/,,N1C2C=C(C=CC=2SC2C=CC=CC=2C=1CC)C(=O)NC(C)CC,CCC1=Nc2cc(C(=O)NCCCCCNC(=O)c3ccccc3OC)ccc2Sc2c1cccc2,0.8200312989045383,0.7938469,0.9859492,0.58279216,1.0,1.0,0.62,0.74,338.476,1,"InChI=1S/C29H31N3O3S/c1-3-23-21-11-6-8-14-26(21)36-27-16-15-20(19-24(27)32-23)28(33)30-17-9-4-10-18-31-29(34)22-12-5-7-13-25(22)35-2/h5-8,11-16,19H,3-4,9-10,17-18H2,1-2H3,(H,30,33)(H,31,34)","InChI=1S/C20H22N2OS/c1-4-13(3)21-20(23)14-10-11-19-17(12-14)22-16(5-2)15-8-6-7-9-18(15)24-19/h6-13H,4-5H2,1-3H3,(H,21,23)"
MCULE-3136681680,https://mcule.com/MCULE-3136681680/,,N1C2C=C(C=CC=2SC2C=CC=CC=2C=1CCC)C(=O)NC1CCCC1,CCC1=Nc2cc(C(=O)NCCCCCNC(=O)c3ccccc3OC)ccc2Sc2c1cccc2,0.8280060882800608,0.39358643,0.9927187,0.107465744,1.0,1.0,0.67,0.63,364.514,1,"InChI=1S/C29H31N3O3S/c1-3-23-21-11-6-8-14-26(21)36-27-16-15-20(19-24(27)32-23)28(33)30-17-9-4-10-18-31-29(34)22-12-5-7-13-25(22)35-2/h5-8,11-16,19H,3-4,9-10,17-18H2,1-2H3,(H,30,33)(H,31,34)","InChI=1S/C22H24N2OS/c1-2-7-18-17-10-5-6-11-20(17)26-21-13-12-15(14-19(21)24-18)22(25)23-16-8-3-4-9-16/h5-6,10-14,16H,2-4,7-9H2,1H3,(H,23,25)"
MCULE-9301248301,https://mcule.com/MCULE-9301248301/,,N1C2C=C(C=CC=2SC2C=CC(Cl)=CC=2C=1CC)C(=O)NCC1=CC=CC=C1OC,CCC1=Nc2cc(C(=O)NCCCCCNC(=O)c3ccccc3OC)ccc2Sc2c1cccc2,0.8560830860534124,0.9665767,0.9927187,0.92841244,1.0,1.0,0.67,0.84,436.964,1,"InChI=1S/C29H31N3O3S/c1-3-23-21-11-6-8-14-26(21)36-27-16-15-20(19-24(27)32-23)28(33)30-17-9-4-10-18-31-29(34)22-12-5-7-13-25(22)35-2/h5-8,11-16,19H,3-4,9-10,17-18H2,1-2H3,(H,30,33)(H,31,34)","InChI=1S/C24H21ClN2O2S/c1-3-19-18-13-17(25)9-11-22(18)30-23-10-8-15(12-20(23)27-19)24(28)26-14-16-6-4-5-7-21(16)29-2/h4-13H,3,14H2,1-2H3,(H,26,28)"
MCULE-2295027745,https://mcule.com/MCULE-2295027745/,,N1C2C=C(C=CC=2SC2C=CC(Cl)=CC=2C=1CC)C(=O)NCC1=CC=C(C=C1)OC,CCC1=Nc2cc(C(=O)NCCCCCNC(=O)c3ccccc3OC)ccc2Sc2c1cccc2,0.8200589970501475,0.9867518,0.9991252,0.9693466,1.0,1.0,0.83,0.88,436.964,1,"InChI=1S/C29H31N3O3S/c1-3-23-21-11-6-8-14-26(21)36-27-16-15-20(19-24(27)32-23)28(33)30-17-9-4-10-18-31-29(34)22-12-5-7-13-25(22)35-2/h5-8,11-16,19H,3-4,9-10,17-18H2,1-2H3,(H,30,33)(H,31,34)","InChI=1S/C24H21ClN2O2S/c1-3-20-19-13-17(25)7-11-22(19)30-23-10-6-16(12-21(23)27-20)24(28)26-14-15-4-8-18(29-2)9-5-15/h4-13H,3,14H2,1-2H3,(H,26,28)"
MCULE-4298234344,https://mcule.com/MCULE-4298234344/,,N1C2C=C(C=CC=2SC2C=CC=CC=2C=1CCC)C(=O)NCC1=CC=C(C=C1)OC,CCC1=Nc2cc(C(=O)NCCCCCNC(=O)c3ccccc3OC)ccc2Sc2c1cccc2,0.8534351145038168,0.50067765,0.9991252,0.19024788,1.0,1.0,0.83,0.66,416.546,1,"InChI=1S/C29H31N3O3S/c1-3-23-21-11-6-8-14-26(21)36-27-16-15-20(19-24(27)32-23)28(33)30-17-9-4-10-18-31-29(34)22-12-5-7-13-25(22)35-2/h5-8,11-16,19H,3-4,9-10,17-18H2,1-2H3,(H,30,33)(H,31,34)","InChI=1S/C25H24N2O2S/c1-3-6-21-20-7-4-5-8-23(20)30-24-14-11-18(15-22(24)27-21)25(28)26-16-17-9-12-19(29-2)13-10-17/h4-5,7-15H,3,6,16H2,1-2H3,(H,26,28)"
MCULE-1253350417,https://mcule.com/MCULE-1253350417/,,N1C2C=C(C=CC=2SC2C=CC=CC=2C=1CCC)C(=O)NCC1=CC=CC=C1OC,CCC1=Nc2cc(C(=O)NCCCCCNC(=O)c3ccccc3OC)ccc2Sc2c1cccc2,0.8894009216589862,0.65626395,0.9991252,0.36422405,1.0,1.0,0.83,0.7,416.546,1,"InChI=1S/C29H31N3O3S/c1-3-23-21-11-6-8-14-26(21)36-27-16-15-20(19-24(27)32-23)28(33)30-17-9-4-10-18-31-29(34)22-12-5-7-13-25(22)35-2/h5-8,11-16,19H,3-4,9-10,17-18H2,1-2H3,(H,30,33)(H,31,34)","InChI=1S/C25H24N2O2S/c1-3-8-20-19-10-5-7-12-23(19)30-24-14-13-17(15-21(24)27-20)25(28)26-16-18-9-4-6-11-22(18)29-2/h4-7,9-15H,3,8,16H2,1-2H3,(H,26,28)"
MCULE-2991428382,https://mcule.com/MCULE-2991428382/,,N1C2C=C(C=CC=2SC2C=CC(C)=CC=2C=1CC)C(=O)NCC1=CC=CC=C1OC,CCC1=Nc2cc(C(=O)NCCCCCNC(=O)c3ccccc3OC)ccc2Sc2c1cccc2,0.8704819277108434,0.91508645,0.9980608,0.8097521,1.0,1.0,0.77,0.79,416.546,1,"InChI=1S/C29H31N3O3S/c1-3-23-21-11-6-8-14-26(21)36-27-16-15-20(19-24(27)32-23)28(33)30-17-9-4-10-18-31-29(34)22-12-5-7-13-25(22)35-2/h5-8,11-16,19H,3-4,9-10,17-18H2,1-2H3,(H,30,33)(H,31,34)","InChI=1S/C25H24N2O2S/c1-4-20-19-13-16(2)9-11-23(19)30-24-12-10-17(14-21(24)27-20)25(28)26-15-18-7-5-6-8-22(18)29-3/h5-14H,4,15H2,1-3H3,(H,26,28)"
MCULE-9286432657,https://mcule.com/MCULE-9286432657/,,N1C2C=C(C=CC=2SC2C=CC(C)=CC=2C=1CC)C(=O)NCC1=CC=C(C=C1)OC,CCC1=Nc2cc(C(=O)NCCCCCNC(=O)c3ccccc3OC)ccc2Sc2c1cccc2,0.8308383233532934,0.897657,0.9983016,0.7730422,1.0,1.0,0.78,0.78,416.546,1,"InChI=1S/C29H31N3O3S/c1-3-23-21-11-6-8-14-26(21)36-27-16-15-20(19-24(27)32-23)28(33)30-17-9-4-10-18-31-29(34)22-12-5-7-13-25(22)35-2/h5-8,11-16,19H,3-4,9-10,17-18H2,1-2H3,(H,30,33)(H,31,34)","InChI=1S/C25H24N2O2S/c1-4-21-20-13-16(2)5-11-23(20)30-24-12-8-18(14-22(24)27-21)25(28)26-15-17-6-9-19(29-3)10-7-17/h5-14H,4,15H2,1-3H3,(H,26,28)"
MCULE-6888845344,https://mcule.com/MCULE-6888845344/,,N1C2C=C(C=CC=2SC2C=CC(C)=CC=2C=1CCC)C(=O)NCC1=CC=C(C=C1)OC,CCC1=Nc2cc(C(=O)NCCCCCNC(=O)c3ccccc3OC)ccc2Sc2c1cccc2,0.8311111111111111,0.6940846,0.9977859,0.4172078,1.0,1.0,0.76,0.71,430.573,1,"InChI=1S/C29H31N3O3S/c1-3-23-21-11-6-8-14-26(21)36-27-16-15-20(19-24(27)32-23)28(33)30-17-9-4-10-18-31-29(34)22-12-5-7-13-25(22)35-2/h5-8,11-16,19H,3-4,9-10,17-18H2,1-2H3,(H,30,33)(H,31,34)","InChI=1S/C26H26N2O2S/c1-4-5-22-21-14-17(2)6-12-24(21)31-25-13-9-19(15-23(25)28-22)26(29)27-16-18-7-10-20(30-3)11-8-18/h6-15H,4-5,16H2,1-3H3,(H,27,29)"
MCULE-9865938357,https://mcule.com/MCULE-9865938357/,,N1C2C=C(C=CC=2SC2C=CC=CC=2C=1CCC)C(NCCC1C=CC(=CC=1)OCC)=O,CCC1=Nc2cc(C(=O)NCCCCCNC(=O)c3ccccc3OC)ccc2Sc2c1cccc2,0.8266068759342302,0.49969137,0.994408,0.19024788,1.0,1.0,0.69,0.66,444.6,1,"InChI=1S/C29H31N3O3S/c1-3-23-21-11-6-8-14-26(21)36-27-16-15-20(19-24(27)32-23)28(33)30-17-9-4-10-18-31-29(34)22-12-5-7-13-25(22)35-2/h5-8,11-16,19H,3-4,9-10,17-18H2,1-2H3,(H,30,33)(H,31,34)","InChI=1S/C27H28N2O2S/c1-3-7-23-22-8-5-6-9-25(22)32-26-15-12-20(18-24(26)29-23)27(30)28-17-16-19-10-13-21(14-11-19)31-4-2/h5-6,8-15,18H,3-4,7,16-17H2,1-2H3,(H,28,30)"
MCULE-9301248301,https://mcule.com/MCULE-9301248301/,,N1C2C=C(C=CC=2SC2C=CC(Cl)=CC=2C=1CC)C(=O)NCC1=CC=CC=C1OC,CCC1=Nc2cc(C(=O)NCCCCCNC(=O)c3ccccc3OC)ccc2Sc2ccc(C)cc21,0.834054834054834,0.9665767,0.9927187,0.92841244,1.0,1.0,0.67,0.84,436.964,1,"InChI=1S/C30H33N3O3S/c1-4-24-23-18-20(2)12-14-27(23)37-28-15-13-21(19-25(28)33-24)29(34)31-16-8-5-9-17-32-30(35)22-10-6-7-11-26(22)36-3/h6-7,10-15,18-19H,4-5,8-9,16-17H2,1-3H3,(H,31,34)(H,32,35)","InChI=1S/C24H21ClN2O2S/c1-3-19-18-13-17(25)9-11-22(18)30-23-10-8-15(12-20(23)27-19)24(28)26-14-16-6-4-5-7-21(16)29-2/h4-13H,3,14H2,1-2H3,(H,26,28)"
MCULE-4298234344,https://mcule.com/MCULE-4298234344/,,N1C2C=C(C=CC=2SC2C=CC=CC=2C=1CCC)C(=O)NCC1=CC=C(C=C1)OC,CCC1=Nc2cc(C(=O)NCCCCCNC(=O)c3ccccc3OC)ccc2Sc2ccc(C)cc21,0.8281481481481482,0.50067765,0.9991252,0.19024788,1.0,1.0,0.83,0.66,416.546,1,"InChI=1S/C30H33N3O3S/c1-4-24-23-18-20(2)12-14-27(23)37-28-15-13-21(19-25(28)33-24)29(34)31-16-8-5-9-17-32-30(35)22-10-6-7-11-26(22)36-3/h6-7,10-15,18-19H,4-5,8-9,16-17H2,1-3H3,(H,31,34)(H,32,35)","InChI=1S/C25H24N2O2S/c1-3-6-21-20-7-4-5-8-23(20)30-24-14-11-18(15-22(24)27-21)25(28)26-16-17-9-12-19(29-2)13-10-17/h4-5,7-15H,3,6,16H2,1-2H3,(H,26,28)"
MCULE-1253350417,https://mcule.com/MCULE-1253350417/,,N1C2C=C(C=CC=2SC2C=CC=CC=2C=1CCC)C(=O)NCC1=CC=CC=C1OC,CCC1=Nc2cc(C(=O)NCCCCCNC(=O)c3ccccc3OC)ccc2Sc2ccc(C)cc21,0.8628912071535022,0.65626395,0.9991252,0.36422405,1.0,1.0,0.83,0.7,416.546,1,"InChI=1S/C30H33N3O3S/c1-4-24-23-18-20(2)12-14-27(23)37-28-15-13-21(19-25(28)33-24)29(34)31-16-8-5-9-17-32-30(35)22-10-6-7-11-26(22)36-3/h6-7,10-15,18-19H,4-5,8-9,16-17H2,1-3H3,(H,31,34)(H,32,35)","InChI=1S/C25H24N2O2S/c1-3-8-20-19-10-5-7-12-23(19)30-24-14-13-17(15-21(24)27-20)25(28)26-16-18-9-4-6-11-22(18)29-2/h4-7,9-15H,3,8,16H2,1-2H3,(H,26,28)"
MCULE-2991428382,https://mcule.com/MCULE-2991428382/,,N1C2C=C(C=CC=2SC2C=CC(C)=CC=2C=1CC)C(=O)NCC1=CC=CC=C1OC,CCC1=Nc2cc(C(=O)NCCCCCNC(=O)c3ccccc3OC)ccc2Sc2ccc(C)cc21,0.9006024096385542,0.91508645,0.9980608,0.8097521,1.0,1.0,0.77,0.79,416.546,1,"InChI=1S/C30H33N3O3S/c1-4-24-23-18-20(2)12-14-27(23)37-28-15-13-21(19-25(28)33-24)29(34)31-16-8-5-9-17-32-30(35)22-10-6-7-11-26(22)36-3/h6-7,10-15,18-19H,4-5,8-9,16-17H2,1-3H3,(H,31,34)(H,32,35)","InChI=1S/C25H24N2O2S/c1-4-20-19-13-16(2)9-11-23(19)30-24-12-10-17(14-21(24)27-20)25(28)26-15-18-7-5-6-8-22(18)29-3/h5-14H,4,15H2,1-3H3,(H,26,28)"
MCULE-9286432657,https://mcule.com/MCULE-9286432657/,,N1C2C=C(C=CC=2SC2C=CC(C)=CC=2C=1CC)C(=O)NCC1=CC=C(C=C1)OC,CCC1=Nc2cc(C(=O)NCCCCCNC(=O)c3ccccc3OC)ccc2Sc2ccc(C)cc21,0.8607784431137725,0.897657,0.9983016,0.7730422,1.0,1.0,0.78,0.78,416.546,1,"InChI=1S/C30H33N3O3S/c1-4-24-23-18-20(2)12-14-27(23)37-28-15-13-21(19-25(28)33-24)29(34)31-16-8-5-9-17-32-30(35)22-10-6-7-11-26(22)36-3/h6-7,10-15,18-19H,4-5,8-9,16-17H2,1-3H3,(H,31,34)(H,32,35)","InChI=1S/C25H24N2O2S/c1-4-21-20-13-16(2)5-11-23(20)30-24-12-8-18(14-22(24)27-21)25(28)26-15-17-6-9-19(29-3)10-7-17/h5-14H,4,15H2,1-3H3,(H,26,28)"
MCULE-6888845344,https://mcule.com/MCULE-6888845344/,,N1C2C=C(C=CC=2SC2C=CC(C)=CC=2C=1CCC)C(=O)NCC1=CC=C(C=C1)OC,CCC1=Nc2cc(C(=O)NCCCCCNC(=O)c3ccccc3OC)ccc2Sc2ccc(C)cc21,0.8607407407407407,0.6940846,0.9977859,0.4172078,1.0,1.0,0.76,0.71,430.573,1,"InChI=1S/C30H33N3O3S/c1-4-24-23-18-20(2)12-14-27(23)37-28-15-13-21(19-25(28)33-24)29(34)31-16-8-5-9-17-32-30(35)22-10-6-7-11-26(22)36-3/h6-7,10-15,18-19H,4-5,8-9,16-17H2,1-3H3,(H,31,34)(H,32,35)","InChI=1S/C26H26N2O2S/c1-4-5-22-21-14-17(2)6-12-24(21)31-25-13-9-19(15-23(25)28-22)26(29)27-16-18-7-10-20(30-3)11-8-18/h6-15H,4-5,16H2,1-3H3,(H,27,29)"
MCULE-2354057686,https://mcule.com/MCULE-2354057686/,,N1C2C=C(C=CC=2SC2C=CC(C)=CC=2C=1CC)C(NCCC1C=CC(=CC=1)OCC)=O,CCC1=Nc2cc(C(=O)NCCCCCNC(=O)c3ccccc3OC)ccc2Sc2ccc(C)cc21,0.8328445747800587,0.94881815,0.98767555,0.89253426,1.0,1.0,0.63,0.82,444.6,1,"InChI=1S/C30H33N3O3S/c1-4-24-23-18-20(2)12-14-27(23)37-28-15-13-21(19-25(28)33-24)29(34)31-16-8-5-9-17-32-30(35)22-10-6-7-11-26(22)36-3/h6-7,10-15,18-19H,4-5,8-9,16-17H2,1-3H3,(H,31,34)(H,32,35)","InChI=1S/C27H28N2O2S/c1-4-23-22-16-18(3)6-12-25(22)32-26-13-9-20(17-24(26)29-23)27(30)28-15-14-19-7-10-21(11-8-19)31-5-2/h6-13,16-17H,4-5,14-15H2,1-3H3,(H,28,30)"
MCULE-2403946501,https://mcule.com/MCULE-2403946501/,,N1C2C=C(C=CC=2SC2C=CC(C)=CC=2C=1CC)C(NCCC1C=C(OC)C=CC=1OC)=O,CCC1=Nc2cc(C(=O)NCCCCCNC(=O)c3ccccc3OC)ccc2Sc2ccc(C)cc21,0.8257790368271954,0.6923154,0.9916928,0.4172078,1.0,1.0,0.66,0.71,460.599,1,"InChI=1S/C30H33N3O3S/c1-4-24-23-18-20(2)12-14-27(23)37-28-15-13-21(19-25(28)33-24)29(34)31-16-8-5-9-17-32-30(35)22-10-6-7-11-26(22)36-3/h6-7,10-15,18-19H,4-5,8-9,16-17H2,1-3H3,(H,31,34)(H,32,35)","InChI=1S/C27H28N2O3S/c1-5-22-21-14-17(2)6-10-25(21)33-26-11-7-19(16-23(26)29-22)27(30)28-13-12-18-15-20(31-3)8-9-24(18)32-4/h6-11,14-16H,5,12-13H2,1-4H3,(H,28,30)"
MCULE-7241359147,https://mcule.com/MCULE-7241359147/,,C(=C1C(=O)NC2C=CC=CC=21)C1C2C=CC=CC=2NC=1C1=CC2=CC=CC=C2C=C1,c1cc2n(c3ccccc13)c(-c1ccc(-c3onc(C)c3)cc1)c(C=C1C(=O)Nc3ccccc31)c2,0.75,0.53693396,0.9905238,0.22695781,1.0,1.0,0.65,0.67,386.454,1,"InChI=1S/C31H21N3O2/c1-19-16-29(36-33-19)21-10-12-22(13-11-21)30-23(18-26-25-7-3-4-8-27(25)32-31(26)35)17-24-15-14-20-6-2-5-9-28(20)34(24)30/h2-18H,1H3,(H,32,35)","InChI=1S/C27H18N2O/c30-27-23(21-10-4-6-12-25(21)29-27)16-22-20-9-3-5-11-24(20)28-26(22)19-14-13-17-7-1-2-8-18(17)15-19/h1-16,28H,(H,29,30)"
