cell ID,smiles,AAC,y,y_quartiles
CVCL_0186,B([C@H](CC(C)C)NC(=O)[C@H](Cc1ccccc1)NC(=O)c2cnccn2)(O)O,0.24525,interm,sensitive
CVCL_0026,B([C@H](CC(C)C)NC(=O)[C@H](Cc1ccccc1)NC(=O)c2cnccn2)(O)O,0.132198,resistant,interm
CVCL_1119,B([C@H](CC(C)C)NC(=O)[C@H](Cc1ccccc1)NC(=O)c2cnccn2)(O)O,0.191585,interm,sensitive
CVCL_0313,B([C@H](CC(C)C)NC(=O)[C@H](Cc1ccccc1)NC(=O)c2cnccn2)(O)O,0.212963,interm,sensitive
CVCL_1639,B([C@H](CC(C)C)NC(=O)[C@H](Cc1ccccc1)NC(=O)c2cnccn2)(O)O,0.247061,sensitive,sensitive
CVCL_1723,B([C@H](CC(C)C)NC(=O)[C@H](Cc1ccccc1)NC(=O)c2cnccn2)(O)O,0.300434,sensitive,sensitive
CVCL_0042,B([C@H](CC(C)C)NC(=O)[C@H](Cc1ccccc1)NC(=O)c2cnccn2)(O)O,0.15255,resistant,interm
CVCL_0186,Brc1ccc(OCc2ccccc2Br)c(/C=C3/SC(=S)NC3=O)c1,0.00834507,resistant,resistant
CVCL_0026,Brc1ccc(OCc2ccccc2Br)c(/C=C3/SC(=S)NC3=O)c1,0.0299758,resistant,interm
CVCL_1119,Brc1ccc(OCc2ccccc2Br)c(/C=C3/SC(=S)NC3=O)c1,0.0085892,resistant,resistant
CVCL_0313,Brc1ccc(OCc2ccccc2Br)c(/C=C3/SC(=S)NC3=O)c1,0.0157071,resistant,resistant
CVCL_1639,Brc1ccc(OCc2ccccc2Br)c(/C=C3/SC(=S)NC3=O)c1,0.0246809,resistant,resistant
CVCL_1723,Brc1ccc(OCc2ccccc2Br)c(/C=C3/SC(=S)NC3=O)c1,0.0407198,resistant,interm
CVCL_0042,Brc1ccc(OCc2ccccc2Br)c(/C=C3/SC(=S)NC3=O)c1,0.0536775,resistant,resistant
CVCL_0026,Brc1ccc(cc1)\C=C1/SC(NS(=O)(=O)c2cccc3ccccc23)=NC1=O,0.0138696,resistant,resistant
CVCL_1639,Brc1ccc(cc1)\C=C1/SC(NS(=O)(=O)c2cccc3ccccc23)=NC1=O,0.0399724,resistant,interm
CVCL_1723,Brc1ccc(cc1)\C=C1/SC(NS(=O)(=O)c2cccc3ccccc23)=NC1=O,0.00503735,resistant,resistant
CVCL_0186,C1=C(C(=O)NC(=O)N1)F,0.218389,interm,interm
CVCL_0026,C1=C(C(=O)NC(=O)N1)F,0.0718721,resistant,interm
CVCL_1119,C1=C(C(=O)NC(=O)N1)F,0.0835343,resistant,interm
CVCL_0313,C1=C(C(=O)NC(=O)N1)F,0.0805993,resistant,interm
CVCL_1639,C1=C(C(=O)NC(=O)N1)F,0.105474,interm,interm
CVCL_1723,C1=C(C(=O)NC(=O)N1)F,0.17101,interm,interm
CVCL_0042,C1=C(C(=O)NC(=O)N1)F,0.202811,resistant,interm
CVCL_0186,C1=C(SC(=C1)C2=CC=C(O2)C3=CC=C(S3)CO)CO,0.0826124,resistant,interm
CVCL_0026,C1=C(SC(=C1)C2=CC=C(O2)C3=CC=C(S3)CO)CO,0.178699,resistant,sensitive
CVCL_1119,C1=C(SC(=C1)C2=CC=C(O2)C3=CC=C(S3)CO)CO,0.0,resistant,resistant
CVCL_0313,C1=C(SC(=C1)C2=CC=C(O2)C3=CC=C(S3)CO)CO,0.036259,resistant,interm
CVCL_1639,C1=C(SC(=C1)C2=CC=C(O2)C3=CC=C(S3)CO)CO,0.0105187,resistant,resistant
CVCL_1723,C1=C(SC(=C1)C2=CC=C(O2)C3=CC=C(S3)CO)CO,0.139794,interm,interm
CVCL_0042,C1=C(SC(=C1)C2=CC=C(O2)C3=CC=C(S3)CO)CO,0.567504,sensitive,sensitive
CVCL_0186,C1=C(SC=C1Br)COC2=NC(=NC3=C2NC=N3)N,0.180079,interm,interm
CVCL_0026,C1=C(SC=C1Br)COC2=NC(=NC3=C2NC=N3)N,0.0177607,resistant,resistant
CVCL_1119,C1=C(SC=C1Br)COC2=NC(=NC3=C2NC=N3)N,0.0274092,resistant,interm
CVCL_0313,C1=C(SC=C1Br)COC2=NC(=NC3=C2NC=N3)N,0.0402911,resistant,interm
CVCL_1639,C1=C(SC=C1Br)COC2=NC(=NC3=C2NC=N3)N,0.0242057,resistant,resistant
CVCL_1723,C1=C(SC=C1Br)COC2=NC(=NC3=C2NC=N3)N,0.0119274,resistant,resistant
CVCL_0042,C1=C(SC=C1Br)COC2=NC(=NC3=C2NC=N3)N,0.0522426,resistant,resistant
CVCL_0186,C1=C/C(=C/NNC(=O)COC2=C(C=C(C=C2Cl)Cl)Cl)/N=C1,0.0262193,resistant,resistant
CVCL_0026,C1=C/C(=C/NNC(=O)COC2=C(C=C(C=C2Cl)Cl)Cl)/N=C1,0.0298095,resistant,resistant
CVCL_1119,C1=C/C(=C/NNC(=O)COC2=C(C=C(C=C2Cl)Cl)Cl)/N=C1,0.0738258,resistant,interm
CVCL_0313,C1=C/C(=C/NNC(=O)COC2=C(C=C(C=C2Cl)Cl)Cl)/N=C1,0.0875346,resistant,interm
CVCL_1639,C1=C/C(=C/NNC(=O)COC2=C(C=C(C=C2Cl)Cl)Cl)/N=C1,0.00801492,resistant,resistant
CVCL_1723,C1=C/C(=C/NNC(=O)COC2=C(C=C(C=C2Cl)Cl)Cl)/N=C1,0.0128245,resistant,resistant
CVCL_0042,C1=C/C(=C/NNC(=O)COC2=C(C=C(C=C2Cl)Cl)Cl)/N=C1,0.122319,resistant,interm
CVCL_0186,C1=CC(=C(C=C1I)F)NC2=C(C(=C(C=C2C(=O)NOCC(CO)O)Br)F)F,0.354491,sensitive,sensitive
CVCL_0026,C1=CC(=C(C=C1I)F)NC2=C(C(=C(C=C2C(=O)NOCC(CO)O)Br)F)F,0.242526,interm,sensitive
CVCL_1119,C1=CC(=C(C=C1I)F)NC2=C(C(=C(C=C2C(=O)NOCC(CO)O)Br)F)F,0.0154667,resistant,interm
CVCL_0313,C1=CC(=C(C=C1I)F)NC2=C(C(=C(C=C2C(=O)NOCC(CO)O)Br)F)F,0.311973,sensitive,sensitive
CVCL_1639,C1=CC(=C(C=C1I)F)NC2=C(C(=C(C=C2C(=O)NOCC(CO)O)Br)F)F,0.230126,interm,sensitive
CVCL_1723,C1=CC(=C(C=C1I)F)NC2=C(C(=C(C=C2C(=O)NOCC(CO)O)Br)F)F,0.328701,sensitive,sensitive
CVCL_0042,C1=CC(=C(C=C1I)F)NC2=C(C(=C(C=C2C(=O)NOCC(CO)O)Br)F)F,0.307231,interm,interm
CVCL_0186,C1=CC(=C2NC(=C3C=CC=CC3=O)N(N2)C4=CC=C(C=C4)C(=O)O)C(=O)C=C1,0.0166442,resistant,resistant
CVCL_1119,C1=CC(=C2NC(=C3C=CC=CC3=O)N(N2)C4=CC=C(C=C4)C(=O)O)C(=O)C=C1,0.0957125,resistant,interm
CVCL_0313,C1=CC(=C2NC(=C3C=CC=CC3=O)N(N2)C4=CC=C(C=C4)C(=O)O)C(=O)C=C1,0.0235158,resistant,resistant
CVCL_0042,C1=CC(=C2NC(=C3C=CC=CC3=O)N(N2)C4=CC=C(C=C4)C(=O)O)C(=O)C=C1,0.0504482,resistant,resistant
CVCL_0186,C1=CC(=CC(=C1)Cl)NC2=NC3=C(C=CC(=C3)C(=O)O)C4=C2C=CN=C4,0.122037,resistant,interm
CVCL_0026,C1=CC(=CC(=C1)Cl)NC2=NC3=C(C=CC(=C3)C(=O)O)C4=C2C=CN=C4,0.172392,resistant,sensitive
CVCL_1119,C1=CC(=CC(=C1)Cl)NC2=NC3=C(C=CC(=C3)C(=O)O)C4=C2C=CN=C4,0.089225,resistant,interm
CVCL_0313,C1=CC(=CC(=C1)Cl)NC2=NC3=C(C=CC(=C3)C(=O)O)C4=C2C=CN=C4,0.130702,resistant,sensitive
CVCL_1639,C1=CC(=CC(=C1)Cl)NC2=NC3=C(C=CC(=C3)C(=O)O)C4=C2C=CN=C4,0.160248,interm,interm
CVCL_1723,C1=CC(=CC(=C1)Cl)NC2=NC3=C(C=CC(=C3)C(=O)O)C4=C2C=CN=C4,0.146313,interm,interm
CVCL_0042,C1=CC(=CC(=C1)Cl)NC2=NC3=C(C=CC(=C3)C(=O)O)C4=C2C=CN=C4,0.269101,interm,interm
CVCL_0186,C1=CC(=CC(=C1)NC(=O)C2=C(C(=CC=C2)O)O)NC(=O)C3=C(C(=CC=C3)O)O,0.156623,interm,interm
CVCL_0026,C1=CC(=CC(=C1)NC(=O)C2=C(C(=CC=C2)O)O)NC(=O)C3=C(C(=CC=C3)O)O,0.171197,resistant,sensitive
CVCL_1119,C1=CC(=CC(=C1)NC(=O)C2=C(C(=CC=C2)O)O)NC(=O)C3=C(C(=CC=C3)O)O,0.0785635,resistant,interm
CVCL_1639,C1=CC(=CC(=C1)NC(=O)C2=C(C(=CC=C2)O)O)NC(=O)C3=C(C(=CC=C3)O)O,0.141327,interm,interm
CVCL_1723,C1=CC(=CC(=C1)NC(=O)C2=C(C(=CC=C2)O)O)NC(=O)C3=C(C(=CC=C3)O)O,0.216109,interm,sensitive
CVCL_0186,C1=CC(=CC=C1C2=C(C=NN2)/C=C\3/C(=O)N(C(=N)S3)C4=NC=CS4)F,0.0328084,resistant,resistant
CVCL_0026,C1=CC(=CC=C1C2=C(C=NN2)/C=C\3/C(=O)N(C(=N)S3)C4=NC=CS4)F,0.0545203,resistant,interm
CVCL_1119,C1=CC(=CC=C1C2=C(C=NN2)/C=C\3/C(=O)N(C(=N)S3)C4=NC=CS4)F,0.0525687,resistant,interm
CVCL_0313,C1=CC(=CC=C1C2=C(C=NN2)/C=C\3/C(=O)N(C(=N)S3)C4=NC=CS4)F,0.00128907,resistant,resistant
CVCL_1639,C1=CC(=CC=C1C2=C(C=NN2)/C=C\3/C(=O)N(C(=N)S3)C4=NC=CS4)F,0.0260459,resistant,resistant
CVCL_1723,C1=CC(=CC=C1C2=C(C=NN2)/C=C\3/C(=O)N(C(=N)S3)C4=NC=CS4)F,0.0356682,resistant,resistant
CVCL_0042,C1=CC(=CC=C1C2=C(C=NN2)/C=C\3/C(=O)N(C(=N)S3)C4=NC=CS4)F,0.00423283,resistant,resistant
CVCL_0186,C1=CC(=CC=C1C2=CSC(=N2)NC3=CC=C(C=C3)O)Cl,0.0989749,resistant,interm
CVCL_0026,C1=CC(=CC=C1C2=CSC(=N2)NC3=CC=C(C=C3)O)Cl,0.0138288,resistant,resistant
CVCL_1119,C1=CC(=CC=C1C2=CSC(=N2)NC3=CC=C(C=C3)O)Cl,0.00194574,resistant,resistant
CVCL_0313,C1=CC(=CC=C1C2=CSC(=N2)NC3=CC=C(C=C3)O)Cl,0.0128158,resistant,resistant
CVCL_1639,C1=CC(=CC=C1C2=CSC(=N2)NC3=CC=C(C=C3)O)Cl,0.00752933,resistant,resistant
CVCL_1723,C1=CC(=CC=C1C2=CSC(=N2)NC3=CC=C(C=C3)O)Cl,0.0801363,resistant,interm
CVCL_0042,C1=CC(=CC=C1C2=CSC(=N2)NC3=CC=C(C=C3)O)Cl,0.135408,resistant,interm
CVCL_0186,C1=CC(=CC=C1C=CC(=O)C2=C(C=C(C=C2)O)O)O,0.0503497,resistant,resistant
CVCL_1119,C1=CC(=CC=C1C=CC(=O)C2=C(C=C(C=C2)O)O)O,0.056225,resistant,interm
CVCL_0313,C1=CC(=CC=C1C=CC(=O)C2=C(C=C(C=C2)O)O)O,0.0123043,resistant,resistant
CVCL_0186,C1=CC(=CC=C1C=CC(=O)NO)C(=O)NNC=C2C=CC(=O)C(=C2O)O,0.0437103,resistant,resistant
CVCL_0026,C1=CC(=CC=C1C=CC(=O)NO)C(=O)NNC=C2C=CC(=O)C(=C2O)O,0.0493437,resistant,interm
CVCL_1119,C1=CC(=CC=C1C=CC(=O)NO)C(=O)NNC=C2C=CC(=O)C(=C2O)O,0.0306187,resistant,interm
CVCL_0313,C1=CC(=CC=C1C=CC(=O)NO)C(=O)NNC=C2C=CC(=O)C(=C2O)O,0.0210236,resistant,resistant
CVCL_1639,C1=CC(=CC=C1C=CC(=O)NO)C(=O)NNC=C2C=CC(=O)C(=C2O)O,0.0351877,resistant,resistant
CVCL_1723,C1=CC(=CC=C1C=CC(=O)NO)C(=O)NNC=C2C=CC(=O)C(=C2O)O,0.00817135,resistant,resistant
CVCL_0186,C1=CC(=CC=C1CNC2=NC=NC3=C2C=C(C=C3)F)F,0.0348189,resistant,resistant
CVCL_0026,C1=CC(=CC=C1CNC2=NC=NC3=C2C=C(C=C3)F)F,0.0946511,resistant,interm
CVCL_1119,C1=CC(=CC=C1CNC2=NC=NC3=C2C=C(C=C3)F)F,0.196932,interm,sensitive
CVCL_0313,C1=CC(=CC=C1CNC2=NC=NC3=C2C=C(C=C3)F)F,0.148869,interm,sensitive
CVCL_1639,C1=CC(=CC=C1CNC2=NC=NC3=C2C=C(C=C3)F)F,0.0509613,resistant,interm
CVCL_1723,C1=CC(=CC=C1CNC2=NC=NC3=C2C=C(C=C3)F)F,0.10534,interm,interm
CVCL_0042,C1=CC(=CC=C1CNC2=NC=NC3=C2C=C(C=C3)F)F,0.217257,resistant,interm
CVCL_0186,C1=CC(=CC=C1COCC2C(C(C(O2)N3C4=C(C(=NC=N4)N)N=C3NCC5=CC(=C(C=C5)Cl)Cl)O)O)C#N,0.121337,resistant,interm
CVCL_0026,C1=CC(=CC=C1COCC2C(C(C(O2)N3C4=C(C(=NC=N4)N)N=C3NCC5=CC(=C(C=C5)Cl)Cl)O)O)C#N,0.0764782,resistant,interm
CVCL_1119,C1=CC(=CC=C1COCC2C(C(C(O2)N3C4=C(C(=NC=N4)N)N=C3NCC5=CC(=C(C=C5)Cl)Cl)O)O)C#N,0.0110197,resistant,interm
CVCL_0313,C1=CC(=CC=C1COCC2C(C(C(O2)N3C4=C(C(=NC=N4)N)N=C3NCC5=CC(=C(C=C5)Cl)Cl)O)O)C#N,0.120985,resistant,sensitive
CVCL_1639,C1=CC(=CC=C1COCC2C(C(C(O2)N3C4=C(C(=NC=N4)N)N=C3NCC5=CC(=C(C=C5)Cl)Cl)O)O)C#N,0.0767101,resistant,interm
CVCL_1723,C1=CC(=CC=C1COCC2C(C(C(O2)N3C4=C(C(=NC=N4)N)N=C3NCC5=CC(=C(C=C5)Cl)Cl)O)O)C#N,0.066869,resistant,interm
CVCL_0042,C1=CC(=CC=C1COCC2C(C(C(O2)N3C4=C(C(=NC=N4)N)N=C3NCC5=CC(=C(C=C5)Cl)Cl)O)O)C#N,0.0231921,resistant,resistant
CVCL_0186,C1=CC(=NC(=C1F)Cl)Cl,0.135417,resistant,interm
CVCL_0026,C1=CC(=NC(=C1F)Cl)Cl,0.124578,resistant,interm
CVCL_1119,C1=CC(=NC(=C1F)Cl)Cl,0.0025841,resistant,resistant
CVCL_0313,C1=CC(=NC(=C1F)Cl)Cl,0.076778,resistant,interm
CVCL_1639,C1=CC(=NC(=C1F)Cl)Cl,0.0762219,resistant,interm
CVCL_1723,C1=CC(=NC(=C1F)Cl)Cl,0.149364,interm,interm
CVCL_0186,C1=CC2=C(C(=C1)NS(=O)(=O)C3=CC=C(C=C3)S(=O)(=O)N)NC=C2Cl,0.029071,resistant,resistant
CVCL_0026,C1=CC2=C(C(=C1)NS(=O)(=O)C3=CC=C(C=C3)S(=O)(=O)N)NC=C2Cl,0.0157644,resistant,resistant
CVCL_1119,C1=CC2=C(C(=C1)NS(=O)(=O)C3=CC=C(C=C3)S(=O)(=O)N)NC=C2Cl,0.00759527,resistant,resistant
CVCL_0313,C1=CC2=C(C(=C1)NS(=O)(=O)C3=CC=C(C=C3)S(=O)(=O)N)NC=C2Cl,0.0116375,resistant,resistant
CVCL_1639,C1=CC2=C(C(=C1)NS(=O)(=O)C3=CC=C(C=C3)S(=O)(=O)N)NC=C2Cl,0.046745,resistant,interm
CVCL_1723,C1=CC2=C(C(=C1)NS(=O)(=O)C3=CC=C(C=C3)S(=O)(=O)N)NC=C2Cl,0.125218,interm,interm
CVCL_0042,C1=CC2=C(C(=C1)NS(=O)(=O)C3=CC=C(C=C3)S(=O)(=O)N)NC=C2Cl,0.121829,resistant,interm
CVCL_0186,C1=CC2=C(C=CC=N2)C(=C1)NC(=O)C(=CC3=CC=C(O3)C4=C(C=CC(=C4)Cl)Cl)C#N,0.2351,interm,interm
CVCL_0026,C1=CC2=C(C=CC=N2)C(=C1)NC(=O)C(=CC3=CC=C(O3)C4=C(C=CC(=C4)Cl)Cl)C#N,0.028041,resistant,resistant
CVCL_1119,C1=CC2=C(C=CC=N2)C(=C1)NC(=O)C(=CC3=CC=C(O3)C4=C(C=CC(=C4)Cl)Cl)C#N,0.0260803,resistant,interm
CVCL_0313,C1=CC2=C(C=CC=N2)C(=C1)NC(=O)C(=CC3=CC=C(O3)C4=C(C=CC(=C4)Cl)Cl)C#N,0.101254,resistant,interm
CVCL_1639,C1=CC2=C(C=CC=N2)C(=C1)NC(=O)C(=CC3=CC=C(O3)C4=C(C=CC(=C4)Cl)Cl)C#N,0.00616128,resistant,resistant
CVCL_1723,C1=CC2=C(C=CC=N2)C(=C1)NC(=O)C(=CC3=CC=C(O3)C4=C(C=CC(=C4)Cl)Cl)C#N,0.0266974,resistant,resistant
CVCL_0026,C1=CC2=NC=CC(=C2C=C1C=C3C(=O)NC(=O)S3)C4=CC=NC=C4,0.246654,interm,sensitive
CVCL_1639,C1=CC2=NC=CC(=C2C=C1C=C3C(=O)NC(=O)S3)C4=CC=NC=C4,0.22274,interm,sensitive
CVCL_1723,C1=CC2=NC=CC(=C2C=C1C=C3C(=O)NC(=O)S3)C4=CC=NC=C4,0.257317,sensitive,sensitive
CVCL_0026,C1=CC=C(C(=C1)C(=O)C2=CC(=C(N2C3=C(NC(=C3Cl)Cl)C(=O)C4=CC=CC=C4O)Cl)Cl)O,0.174939,resistant,sensitive
CVCL_1639,C1=CC=C(C(=C1)C(=O)C2=CC(=C(N2C3=C(NC(=C3Cl)Cl)C(=O)C4=CC=CC=C4O)Cl)Cl)O,0.181363,interm,interm
CVCL_1723,C1=CC=C(C(=C1)C(=O)C2=CC(=C(N2C3=C(NC(=C3Cl)Cl)C(=O)C4=CC=CC=C4O)Cl)Cl)O,0.186056,interm,interm
CVCL_0186,C1=CC=C(C(=C1)N)NC(=O)C2=CC=C(C=C2)CNC(=O)OCC3=CN=CC=C3,0.228278,interm,interm
CVCL_0026,C1=CC=C(C(=C1)N)NC(=O)C2=CC=C(C=C2)CNC(=O)OCC3=CN=CC=C3,0.0518265,resistant,interm
CVCL_1119,C1=CC=C(C(=C1)N)NC(=O)C2=CC=C(C=C2)CNC(=O)OCC3=CN=CC=C3,0.0892027,resistant,interm
CVCL_0313,C1=CC=C(C(=C1)N)NC(=O)C2=CC=C(C=C2)CNC(=O)OCC3=CN=CC=C3,0.125161,resistant,sensitive
CVCL_1639,C1=CC=C(C(=C1)N)NC(=O)C2=CC=C(C=C2)CNC(=O)OCC3=CN=CC=C3,0.128424,interm,interm
CVCL_1723,C1=CC=C(C(=C1)N)NC(=O)C2=CC=C(C=C2)CNC(=O)OCC3=CN=CC=C3,0.204237,interm,sensitive
CVCL_0042,C1=CC=C(C(=C1)N)NC(=O)C2=CC=C(C=C2)CNC(=O)OCC3=CN=CC=C3,0.433853,sensitive,sensitive
CVCL_0186,C1=CC=C(C(=C1)NC(=O)NC2=C(C=C(C=C2)[N+](=O)[O-])O)Br,0.0222067,resistant,resistant
CVCL_0026,C1=CC=C(C(=C1)NC(=O)NC2=C(C=C(C=C2)[N+](=O)[O-])O)Br,0.0906408,resistant,interm
CVCL_1119,C1=CC=C(C(=C1)NC(=O)NC2=C(C=C(C=C2)[N+](=O)[O-])O)Br,0.140654,resistant,sensitive
CVCL_0313,C1=CC=C(C(=C1)NC(=O)NC2=C(C=C(C=C2)[N+](=O)[O-])O)Br,0.0111452,resistant,resistant
CVCL_1639,C1=CC=C(C(=C1)NC(=O)NC2=C(C=C(C=C2)[N+](=O)[O-])O)Br,0.11227,interm,interm
CVCL_1723,C1=CC=C(C(=C1)NC(=O)NC2=C(C=C(C=C2)[N+](=O)[O-])O)Br,0.0906873,resistant,interm
CVCL_0042,C1=CC=C(C(=C1)NC(=O)NC2=C(C=C(C=C2)[N+](=O)[O-])O)Br,0.279967,interm,interm
CVCL_0186,C1=CC=C(C=C1)C#CS(=O)(=O)N,0.020818,resistant,resistant
CVCL_0026,C1=CC=C(C=C1)C#CS(=O)(=O)N,0.0110792,resistant,resistant
CVCL_1119,C1=CC=C(C=C1)C#CS(=O)(=O)N,0.00475706,resistant,resistant
CVCL_0313,C1=CC=C(C=C1)C#CS(=O)(=O)N,0.00564375,resistant,resistant
CVCL_1639,C1=CC=C(C=C1)C#CS(=O)(=O)N,0.00871134,resistant,resistant
CVCL_1723,C1=CC=C(C=C1)C#CS(=O)(=O)N,0.00849436,resistant,resistant
CVCL_0042,C1=CC=C(C=C1)C#CS(=O)(=O)N,0.181022,resistant,interm
CVCL_0186,C1=CC=C(C=C1)C2=C(C(=O)NC3=CC=CC=C32)C(=O)/C=C/C4=CC=C(C=C4)O,0.375222,sensitive,sensitive
CVCL_0026,C1=CC=C(C=C1)C2=C(C(=O)NC3=CC=CC=C32)C(=O)/C=C/C4=CC=C(C=C4)O,0.125312,resistant,interm
CVCL_1119,C1=CC=C(C=C1)C2=C(C(=O)NC3=CC=CC=C32)C(=O)/C=C/C4=CC=C(C=C4)O,0.135966,resistant,sensitive
CVCL_0313,C1=CC=C(C=C1)C2=C(C(=O)NC3=CC=CC=C32)C(=O)/C=C/C4=CC=C(C=C4)O,0.0962756,resistant,interm
CVCL_1639,C1=CC=C(C=C1)C2=C(C(=O)NC3=CC=CC=C32)C(=O)/C=C/C4=CC=C(C=C4)O,0.149276,interm,interm
CVCL_1723,C1=CC=C(C=C1)C2=C(C(=O)NC3=CC=CC=C32)C(=O)/C=C/C4=CC=C(C=C4)O,0.130168,interm,interm
CVCL_0042,C1=CC=C(C=C1)C2=C(C(=O)NC3=CC=CC=C32)C(=O)/C=C/C4=CC=C(C=C4)O,0.375087,interm,sensitive
CVCL_0186,C1=CC=C(C=C1)C2=CC=CC=C2NC(=O)CCCCCCCN3C=C(N=N3)C4=CN=CC=C4,0.336244,sensitive,sensitive
CVCL_0026,C1=CC=C(C=C1)C2=CC=CC=C2NC(=O)CCCCCCCN3C=C(N=N3)C4=CN=CC=C4,0.0395185,resistant,interm
CVCL_1119,C1=CC=C(C=C1)C2=CC=CC=C2NC(=O)CCCCCCCN3C=C(N=N3)C4=CN=CC=C4,0.324735,interm,sensitive
CVCL_0313,C1=CC=C(C=C1)C2=CC=CC=C2NC(=O)CCCCCCCN3C=C(N=N3)C4=CN=CC=C4,0.188783,interm,sensitive
CVCL_1639,C1=CC=C(C=C1)C2=CC=CC=C2NC(=O)CCCCCCCN3C=C(N=N3)C4=CN=CC=C4,0.305872,sensitive,sensitive
CVCL_1723,C1=CC=C(C=C1)C2=CC=CC=C2NC(=O)CCCCCCCN3C=C(N=N3)C4=CN=CC=C4,0.342153,sensitive,sensitive
CVCL_0042,C1=CC=C(C=C1)C2=CC=CC=C2NC(=O)CCCCCCCN3C=C(N=N3)C4=CN=CC=C4,0.387215,sensitive,sensitive
CVCL_0186,C1=CC=C(C=C1)CNC2=NC(=NC3=CC=CC=C32)NCC4=CC=CC=C4,0.189765,interm,interm
CVCL_0026,C1=CC=C(C=C1)CNC2=NC(=NC3=CC=CC=C32)NCC4=CC=CC=C4,0.156956,resistant,sensitive
CVCL_1119,C1=CC=C(C=C1)CNC2=NC(=NC3=CC=CC=C32)NCC4=CC=CC=C4,0.125396,resistant,sensitive
CVCL_0313,C1=CC=C(C=C1)CNC2=NC(=NC3=CC=CC=C32)NCC4=CC=CC=C4,0.166449,interm,sensitive
CVCL_1639,C1=CC=C(C=C1)CNC2=NC(=NC3=CC=CC=C32)NCC4=CC=CC=C4,0.188784,interm,interm
CVCL_1723,C1=CC=C(C=C1)CNC2=NC(=NC3=CC=CC=C32)NCC4=CC=CC=C4,0.210877,interm,sensitive
CVCL_0042,C1=CC=C(C=C1)CNC2=NC(=NC3=CC=CC=C32)NCC4=CC=CC=C4,0.30492,interm,interm
CVCL_0186,C1=CC=C(C=C1)COC2=CC3=C(C=C2)NC(=C3)C(=O)O,0.0194437,resistant,resistant
CVCL_0026,C1=CC=C(C=C1)COC2=CC3=C(C=C2)NC(=C3)C(=O)O,0.012842,resistant,resistant
CVCL_1119,C1=CC=C(C=C1)COC2=CC3=C(C=C2)NC(=C3)C(=O)O,0.00623975,resistant,resistant
CVCL_0313,C1=CC=C(C=C1)COC2=CC3=C(C=C2)NC(=C3)C(=O)O,0.0312574,resistant,interm
CVCL_1639,C1=CC=C(C=C1)COC2=CC3=C(C=C2)NC(=C3)C(=O)O,0.0289884,resistant,resistant
CVCL_1723,C1=CC=C(C=C1)COC2=CC3=C(C=C2)NC(=C3)C(=O)O,0.0323766,resistant,resistant
CVCL_0042,C1=CC=C(C=C1)COC2=CC3=C(C=C2)NC(=C3)C(=O)O,0.01106,resistant,resistant
CVCL_0026,C1=CC=C(C=C1)COC2=NC(=NC3=C2NC=N3)N,0.00380067,resistant,resistant
CVCL_1639,C1=CC=C(C=C1)COC2=NC(=NC3=C2NC=N3)N,0.0089941,resistant,resistant
CVCL_1723,C1=CC=C(C=C1)COC2=NC(=NC3=C2NC=N3)N,0.00701707,resistant,resistant
CVCL_0186,C1=CC=C(C=C1)NC(=O)CCCCCCC(=O)NO,0.214339,interm,interm
CVCL_0026,C1=CC=C(C=C1)NC(=O)CCCCCCC(=O)NO,0.121307,resistant,interm
CVCL_1119,C1=CC=C(C=C1)NC(=O)CCCCCCC(=O)NO,0.102372,resistant,interm
CVCL_0313,C1=CC=C(C=C1)NC(=O)CCCCCCC(=O)NO,0.0860774,resistant,interm
CVCL_1639,C1=CC=C(C=C1)NC(=O)CCCCCCC(=O)NO,0.152539,interm,interm
CVCL_1723,C1=CC=C(C=C1)NC(=O)CCCCCCC(=O)NO,0.0922694,resistant,interm
CVCL_0042,C1=CC=C(C=C1)NC(=O)CCCCCCC(=O)NO,0.306258,interm,interm
CVCL_0026,C1=CC=C(C=C1)NS(=O)(=O)C2=CC=CC(=C2)C=CC(=O)NO,0.155702,resistant,sensitive
CVCL_1639,C1=CC=C(C=C1)NS(=O)(=O)C2=CC=CC(=C2)C=CC(=O)NO,0.260293,sensitive,sensitive
CVCL_1723,C1=CC=C(C=C1)NS(=O)(=O)C2=CC=CC(=C2)C=CC(=O)NO,0.280602,sensitive,sensitive
CVCL_0186,C1=CC=C2C(=C1)C(=CN2)CCNC3=CC=C(C=C3)NC4=CC=NC=C4,0.0867868,resistant,interm
CVCL_0026,C1=CC=C2C(=C1)C(=CN2)CCNC3=CC=C(C=C3)NC4=CC=NC=C4,0.0723177,resistant,interm
CVCL_1119,C1=CC=C2C(=C1)C(=CN2)CCNC3=CC=C(C=C3)NC4=CC=NC=C4,0.0369047,resistant,interm
CVCL_0313,C1=CC=C2C(=C1)C(=CN2)CCNC3=CC=C(C=C3)NC4=CC=NC=C4,0.10377,resistant,interm
CVCL_1639,C1=CC=C2C(=C1)C(=CN2)CCNC3=CC=C(C=C3)NC4=CC=NC=C4,0.0889478,resistant,interm
CVCL_1723,C1=CC=C2C(=C1)C(=CN2)CCNC3=CC=C(C=C3)NC4=CC=NC=C4,0.104182,interm,interm
CVCL_0042,C1=CC=C2C(=C1)C(=CN2)CCNC3=CC=C(C=C3)NC4=CC=NC=C4,0.439194,sensitive,sensitive
CVCL_0186,C1=CC=C2C(=C1)C(=O)C(=C(C2=O)SCCO)SCCO,0.0219858,resistant,resistant
CVCL_0026,C1=CC=C2C(=C1)C(=O)C(=C(C2=O)SCCO)SCCO,0.065353,resistant,interm
CVCL_1119,C1=CC=C2C(=C1)C(=O)C(=C(C2=O)SCCO)SCCO,0.00236369,resistant,resistant
CVCL_0313,C1=CC=C2C(=C1)C(=O)C(=C(C2=O)SCCO)SCCO,0.0579527,resistant,interm
CVCL_1639,C1=CC=C2C(=C1)C(=O)C(=C(C2=O)SCCO)SCCO,0.107621,interm,interm
CVCL_1723,C1=CC=C2C(=C1)C(=O)C(=C(C2=O)SCCO)SCCO,0.0375655,resistant,interm
CVCL_0186,C1=CC=C2C(=C1)C(=O)N(C2=O)C(CC3=CNC4=CC=CC=C43)C(=O)O,0.053424,resistant,interm
CVCL_0026,C1=CC=C2C(=C1)C(=O)N(C2=O)C(CC3=CNC4=CC=CC=C43)C(=O)O,0.032225,resistant,interm
CVCL_1119,C1=CC=C2C(=C1)C(=O)N(C2=O)C(CC3=CNC4=CC=CC=C43)C(=O)O,0.00779926,resistant,resistant
CVCL_0313,C1=CC=C2C(=C1)C(=O)N(C2=O)C(CC3=CNC4=CC=CC=C43)C(=O)O,0.08525,resistant,interm
CVCL_1639,C1=CC=C2C(=C1)C(=O)N(C2=O)C(CC3=CNC4=CC=CC=C43)C(=O)O,0.0187505,resistant,resistant
CVCL_1723,C1=CC=C2C(=C1)C(=O)N(C2=O)C(CC3=CNC4=CC=CC=C43)C(=O)O,0.00823151,resistant,resistant
CVCL_0186,C1=CC=C2C(=C1)C3=CC=CC=C3N2CCC4=NC5=CC=CC=C5N4,0.0607499,resistant,interm
CVCL_0026,C1=CC=C2C(=C1)C3=CC=CC=C3N2CCC4=NC5=CC=CC=C5N4,0.0253939,resistant,resistant
CVCL_1119,C1=CC=C2C(=C1)C3=CC=CC=C3N2CCC4=NC5=CC=CC=C5N4,0.0201565,resistant,interm
CVCL_0313,C1=CC=C2C(=C1)C3=CC=CC=C3N2CCC4=NC5=CC=CC=C5N4,0.0197963,resistant,resistant
CVCL_1639,C1=CC=C2C(=C1)C3=CC=CC=C3N2CCC4=NC5=CC=CC=C5N4,0.00387791,resistant,resistant
CVCL_1723,C1=CC=C2C(=C1)C3=CC=CC=C3N2CCC4=NC5=CC=CC=C5N4,0.00861841,resistant,resistant
CVCL_0042,C1=CC=C2C(=C1)C3=CC=CC=C3N2CCC4=NC5=CC=CC=C5N4,0.0325986,resistant,resistant
CVCL_0186,C1=CC=C2C(=C1)C3=NC4=NON=C4N=C3C2=O,0.376183,sensitive,sensitive
CVCL_0026,C1=CC=C2C(=C1)C3=NC4=NON=C4N=C3C2=O,0.463985,sensitive,sensitive
CVCL_1119,C1=CC=C2C(=C1)C3=NC4=NON=C4N=C3C2=O,0.0495875,resistant,interm
CVCL_0313,C1=CC=C2C(=C1)C3=NC4=NON=C4N=C3C2=O,0.0191399,resistant,resistant
CVCL_1639,C1=CC=C2C(=C1)C3=NC4=NON=C4N=C3C2=O,0.395484,sensitive,sensitive
CVCL_1723,C1=CC=C2C(=C1)C3=NC4=NON=C4N=C3C2=O,0.418387,sensitive,sensitive
CVCL_0042,C1=CC=C2C(=C1)C3=NC4=NON=C4N=C3C2=O,0.0447545,resistant,resistant
CVCL_0186,C1=CC=C2C(=C1)C3=NNC4=CC=CC(=C43)C2=O,0.113828,resistant,interm
CVCL_0026,C1=CC=C2C(=C1)C3=NNC4=CC=CC(=C43)C2=O,0.0818457,resistant,interm
CVCL_1119,C1=CC=C2C(=C1)C3=NNC4=CC=CC(=C43)C2=O,0.0389266,resistant,interm
CVCL_0313,C1=CC=C2C(=C1)C3=NNC4=CC=CC(=C43)C2=O,0.04268,resistant,interm
CVCL_1639,C1=CC=C2C(=C1)C3=NNC4=CC=CC(=C43)C2=O,0.0320425,resistant,resistant
CVCL_1723,C1=CC=C2C(=C1)C3=NNC4=CC=CC(=C43)C2=O,0.0626028,resistant,interm
CVCL_0042,C1=CC=C2C(=C1)C3=NNC4=CC=CC(=C43)C2=O,0.283506,interm,interm
CVCL_0186,C1=CN(C(=O)N=C1)C2C(C(C(O2)CO)O)O,0.00840878,resistant,resistant
CVCL_0026,C1=CN(C(=O)N=C1)C2C(C(C(O2)CO)O)O,0.00500439,resistant,resistant
CVCL_1119,C1=CN(C(=O)N=C1)C2C(C(C(O2)CO)O)O,0.101831,resistant,interm
CVCL_0313,C1=CN(C(=O)N=C1)C2C(C(C(O2)CO)O)O,0.00588739,resistant,resistant
CVCL_1639,C1=CN(C(=O)N=C1)C2C(C(C(O2)CO)O)O,0.0899145,resistant,interm
CVCL_1723,C1=CN(C(=O)N=C1)C2C(C(C(O2)CO)O)O,0.0136703,resistant,resistant
CVCL_0042,C1=CN(C(=O)N=C1)C2C(C(C(O2)CO)O)O,0.169029,resistant,interm
CVCL_0186,C1=CN(C(=O)N=C1N)C2C(C(C(O2)CO)O)(F)F.Cl,0.475809,sensitive,sensitive
CVCL_0026,C1=CN(C(=O)N=C1N)C2C(C(C(O2)CO)O)(F)F.Cl,0.068771,resistant,interm
CVCL_1119,C1=CN(C(=O)N=C1N)C2C(C(C(O2)CO)O)(F)F.Cl,0.401261,sensitive,sensitive
CVCL_0313,C1=CN(C(=O)N=C1N)C2C(C(C(O2)CO)O)(F)F.Cl,0.143326,interm,sensitive
CVCL_1639,C1=CN(C(=O)N=C1N)C2C(C(C(O2)CO)O)(F)F.Cl,0.352185,sensitive,sensitive
CVCL_1723,C1=CN(C(=O)N=C1N)C2C(C(C(O2)CO)O)(F)F.Cl,0.394091,sensitive,sensitive
CVCL_0042,C1=CN(C(=O)N=C1N)C2C(C(C(O2)CO)O)(F)F.Cl,0.316841,interm,sensitive
CVCL_0186,C1=CN(C(=O)N=C1N)C2C(C(C(O2)CO)O)O.Cl,0.221179,interm,interm
CVCL_0026,C1=CN(C(=O)N=C1N)C2C(C(C(O2)CO)O)O.Cl,0.0812842,resistant,interm
CVCL_1119,C1=CN(C(=O)N=C1N)C2C(C(C(O2)CO)O)O.Cl,0.154246,resistant,sensitive
CVCL_0313,C1=CN(C(=O)N=C1N)C2C(C(C(O2)CO)O)O.Cl,0.0410888,resistant,interm
CVCL_1639,C1=CN(C(=O)N=C1N)C2C(C(C(O2)CO)O)O.Cl,0.147326,interm,interm
CVCL_1723,C1=CN(C(=O)N=C1N)C2C(C(C(O2)CO)O)O.Cl,0.120732,interm,interm
CVCL_0042,C1=CN(C(=O)N=C1N)C2C(C(C(O2)CO)O)O.Cl,0.421362,sensitive,sensitive
CVCL_0186,C1C2CC3CC1CC(C2)(C3)C(=O)NC4=CC5=C(C=C4)N=C(S5)NC(=O)C6=CC=CC=C6,0.291218,sensitive,sensitive
CVCL_0026,C1C2CC3CC1CC(C2)(C3)C(=O)NC4=CC5=C(C=C4)N=C(S5)NC(=O)C6=CC=CC=C6,0.155053,resistant,sensitive
CVCL_1119,C1C2CC3CC1CC(C2)(C3)C(=O)NC4=CC5=C(C=C4)N=C(S5)NC(=O)C6=CC=CC=C6,0.0810297,resistant,interm
CVCL_0313,C1C2CC3CC1CC(C2)(C3)C(=O)NC4=CC5=C(C=C4)N=C(S5)NC(=O)C6=CC=CC=C6,0.105185,resistant,interm
CVCL_1639,C1C2CC3CC1CC(C2)(C3)C(=O)NC4=CC5=C(C=C4)N=C(S5)NC(=O)C6=CC=CC=C6,0.15069,interm,interm
CVCL_1723,C1C2CC3CC1CC(C2)(C3)C(=O)NC4=CC5=C(C=C4)N=C(S5)NC(=O)C6=CC=CC=C6,0.128661,interm,interm
CVCL_0186,C1C2CC3CC1CC(C2)(C3)C4=C(C=CC(=C4)C5=C(C=C(C=C5)/C=C/C(=O)O)Cl)O,0.243384,interm,sensitive
CVCL_0026,C1C2CC3CC1CC(C2)(C3)C4=C(C=CC(=C4)C5=C(C=C(C=C5)/C=C/C(=O)O)Cl)O,0.257086,interm,sensitive
CVCL_1119,C1C2CC3CC1CC(C2)(C3)C4=C(C=CC(=C4)C5=C(C=C(C=C5)/C=C/C(=O)O)Cl)O,0.112502,resistant,interm
CVCL_0313,C1C2CC3CC1CC(C2)(C3)C4=C(C=CC(=C4)C5=C(C=C(C=C5)/C=C/C(=O)O)Cl)O,0.0934926,resistant,interm
CVCL_1639,C1C2CC3CC1CC(C2)(C3)C4=C(C=CC(=C4)C5=C(C=C(C=C5)/C=C/C(=O)O)Cl)O,0.227234,interm,sensitive
CVCL_1723,C1C2CC3CC1CC(C2)(C3)C4=C(C=CC(=C4)C5=C(C=C(C=C5)/C=C/C(=O)O)Cl)O,0.319065,sensitive,sensitive
CVCL_0042,C1C2CC3CC1CC(C2)(C3)C4=C(C=CC(=C4)C5=C(C=C(C=C5)/C=C/C(=O)O)Cl)O,0.517949,sensitive,sensitive
CVCL_0186,C1C=CC2C1C(NC3=CC=CC=C23)C4=CC5=C(C=C4Br)OCO5,0.0192035,resistant,resistant
CVCL_0026,C1C=CC2C1C(NC3=CC=CC=C23)C4=CC5=C(C=C4Br)OCO5,0.0212791,resistant,resistant
CVCL_1119,C1C=CC2C1C(NC3=CC=CC=C23)C4=CC5=C(C=C4Br)OCO5,0.010409,resistant,resistant
CVCL_0313,C1C=CC2C1C(NC3=CC=CC=C23)C4=CC5=C(C=C4Br)OCO5,0.00995787,resistant,resistant
CVCL_1639,C1C=CC2C1C(NC3=CC=CC=C23)C4=CC5=C(C=C4Br)OCO5,0.0137758,resistant,resistant
CVCL_1723,C1C=CC2C1C(NC3=CC=CC=C23)C4=CC5=C(C=C4Br)OCO5,0.00661598,resistant,resistant
CVCL_0186,C1CC(C1)(C(=O)O)C(=O)O.N.N.[Pt],0.0804624,resistant,interm
CVCL_0026,C1CC(C1)(C(=O)O)C(=O)O.N.N.[Pt],0.0,resistant,resistant
CVCL_1119,C1CC(C1)(C(=O)O)C(=O)O.N.N.[Pt],0.0066623,resistant,resistant
CVCL_0313,C1CC(C1)(C(=O)O)C(=O)O.N.N.[Pt],0.0330712,resistant,interm
CVCL_1723,C1CC(C1)(C(=O)O)C(=O)O.N.N.[Pt],0.0387126,resistant,interm
CVCL_0042,C1CC(C1)(C(=O)O)C(=O)O.N.N.[Pt],0.00420632,resistant,resistant
CVCL_0186,C1CC(C1)(C2=CC=C(C=C2)C3=C(C=C4C(=N3)C=CN5C4=NNC5=O)C6=CC=CC=C6)N.Cl.Cl,0.152375,interm,interm
CVCL_0026,C1CC(C1)(C2=CC=C(C=C2)C3=C(C=C4C(=N3)C=CN5C4=NNC5=O)C6=CC=CC=C6)N.Cl.Cl,0.0414808,resistant,interm
CVCL_1119,C1CC(C1)(C2=CC=C(C=C2)C3=C(C=C4C(=N3)C=CN5C4=NNC5=O)C6=CC=CC=C6)N.Cl.Cl,0.0537383,resistant,interm
CVCL_0313,C1CC(C1)(C2=CC=C(C=C2)C3=C(C=C4C(=N3)C=CN5C4=NNC5=O)C6=CC=CC=C6)N.Cl.Cl,0.121918,resistant,sensitive
CVCL_1639,C1CC(C1)(C2=CC=C(C=C2)C3=C(C=C4C(=N3)C=CN5C4=NNC5=O)C6=CC=CC=C6)N.Cl.Cl,0.0958264,resistant,interm
CVCL_1723,C1CC(C1)(C2=CC=C(C=C2)C3=C(C=C4C(=N3)C=CN5C4=NNC5=O)C6=CC=CC=C6)N.Cl.Cl,0.0855746,resistant,interm
CVCL_0042,C1CC(C1)(C2=CC=C(C=C2)C3=C(C=C4C(=N3)C=CN5C4=NNC5=O)C6=CC=CC=C6)N.Cl.Cl,0.16399,resistant,interm
CVCL_0186,C1CC(C2=C(C1)C3=C(N2)C=CC(=C3)Cl)C(=O)N,0.0,resistant,resistant
CVCL_0026,C1CC(C2=C(C1)C3=C(N2)C=CC(=C3)Cl)C(=O)N,0.0024,resistant,resistant
CVCL_1119,C1CC(C2=C(C1)C3=C(N2)C=CC(=C3)Cl)C(=O)N,0.0730127,resistant,interm
CVCL_0313,C1CC(C2=C(C1)C3=C(N2)C=CC(=C3)Cl)C(=O)N,0.09595,resistant,interm
CVCL_1639,C1CC(C2=C(C1)C3=C(N2)C=CC(=C3)Cl)C(=O)N,0.00189692,resistant,resistant
CVCL_1723,C1CC(C2=C(C1)C3=C(N2)C=CC(=C3)Cl)C(=O)N,0.0,resistant,resistant
CVCL_0042,C1CC(C2=C(C1)C3=C(N2)C=CC(=C3)Cl)C(=O)N,0.160677,resistant,interm
CVCL_0186,C1CC(CCC1CCC(=O)O)(C2=C(C=CC(=C2)F)F)S(=O)(=O)C3=CC=C(C=C3)Cl,0.124879,resistant,interm
CVCL_0026,C1CC(CCC1CCC(=O)O)(C2=C(C=CC(=C2)F)F)S(=O)(=O)C3=CC=C(C=C3)Cl,0.0165375,resistant,resistant
CVCL_1119,C1CC(CCC1CCC(=O)O)(C2=C(C=CC(=C2)F)F)S(=O)(=O)C3=CC=C(C=C3)Cl,0.00449495,resistant,resistant
CVCL_0313,C1CC(CCC1CCC(=O)O)(C2=C(C=CC(=C2)F)F)S(=O)(=O)C3=CC=C(C=C3)Cl,0.0414842,resistant,interm
CVCL_1639,C1CC(CCC1CCC(=O)O)(C2=C(C=CC(=C2)F)F)S(=O)(=O)C3=CC=C(C=C3)Cl,0.00784397,resistant,resistant
CVCL_1723,C1CC(CCC1CCC(=O)O)(C2=C(C=CC(=C2)F)F)S(=O)(=O)C3=CC=C(C=C3)Cl,0.0951621,resistant,interm
CVCL_0042,C1CC(CCC1CCC(=O)O)(C2=C(C=CC(=C2)F)F)S(=O)(=O)C3=CC=C(C=C3)Cl,0.135692,resistant,interm
CVCL_0186,C1CC(CNC1)NC(=O)C2=C(C=C(S2)C3=CC(=CC=C3)F)NC(=O)N,0.515447,sensitive,sensitive
CVCL_0026,C1CC(CNC1)NC(=O)C2=C(C=C(S2)C3=CC(=CC=C3)F)NC(=O)N,0.397676,sensitive,sensitive
CVCL_1119,C1CC(CNC1)NC(=O)C2=C(C=C(S2)C3=CC(=CC=C3)F)NC(=O)N,0.454458,sensitive,sensitive
CVCL_0313,C1CC(CNC1)NC(=O)C2=C(C=C(S2)C3=CC(=CC=C3)F)NC(=O)N,0.367634,sensitive,sensitive
CVCL_1639,C1CC(CNC1)NC(=O)C2=C(C=C(S2)C3=CC(=CC=C3)F)NC(=O)N,0.360345,sensitive,sensitive
CVCL_1723,C1CC(CNC1)NC(=O)C2=C(C=C(S2)C3=CC(=CC=C3)F)NC(=O)N,0.519913,sensitive,sensitive
CVCL_0042,C1CC(CNC1)NC(=O)C2=C(C=C(S2)C3=CC(=CC=C3)F)NC(=O)N,0.502766,sensitive,sensitive
CVCL_0186,C1CC1C(=O)N2CCN(CC2)C(=O)C3=C(C=CC(=C3)CC4=NNC(=O)C5=CC=CC=C54)F,0.167996,interm,interm
CVCL_0026,C1CC1C(=O)N2CCN(CC2)C(=O)C3=C(C=CC(=C3)CC4=NNC(=O)C5=CC=CC=C54)F,0.0549153,resistant,interm
CVCL_1119,C1CC1C(=O)N2CCN(CC2)C(=O)C3=C(C=CC(=C3)CC4=NNC(=O)C5=CC=CC=C54)F,0.0415224,resistant,interm
CVCL_0313,C1CC1C(=O)N2CCN(CC2)C(=O)C3=C(C=CC(=C3)CC4=NNC(=O)C5=CC=CC=C54)F,0.0658904,resistant,interm
CVCL_1639,C1CC1C(=O)N2CCN(CC2)C(=O)C3=C(C=CC(=C3)CC4=NNC(=O)C5=CC=CC=C54)F,0.0781601,resistant,interm
CVCL_1723,C1CC1C(=O)N2CCN(CC2)C(=O)C3=C(C=CC(=C3)CC4=NNC(=O)C5=CC=CC=C54)F,0.146706,interm,interm
CVCL_0042,C1CC1C(=O)N2CCN(CC2)C(=O)C3=C(C=CC(=C3)CC4=NNC(=O)C5=CC=CC=C54)F,0.174379,resistant,interm
CVCL_0186,C1CC1NC(=O)C2=NOC(=C2)C3=CC=CS3,0.10004,resistant,interm
CVCL_0026,C1CC1NC(=O)C2=NOC(=C2)C3=CC=CS3,0.0510794,resistant,interm
CVCL_1119,C1CC1NC(=O)C2=NOC(=C2)C3=CC=CS3,0.150136,resistant,sensitive
CVCL_0313,C1CC1NC(=O)C2=NOC(=C2)C3=CC=CS3,0.0138012,resistant,resistant
CVCL_1639,C1CC1NC(=O)C2=NOC(=C2)C3=CC=CS3,0.103876,interm,interm
CVCL_1723,C1CC1NC(=O)C2=NOC(=C2)C3=CC=CS3,0.0718499,resistant,interm
CVCL_0042,C1CC1NC(=O)C2=NOC(=C2)C3=CC=CS3,0.405165,sensitive,sensitive
CVCL_0186,C1CC2=C(C1)C=C(C=C2)OC3=NC4=C(C(=N3)NC(CC5=CC=CC=C5)CO)N=CN4CC6=CC=C(C=C6)C7=CC=CC=C7,0.023062,resistant,resistant
CVCL_1119,C1CC2=C(C1)C=C(C=C2)OC3=NC4=C(C(=N3)NC(CC5=CC=CC=C5)CO)N=CN4CC6=CC=C(C=C6)C7=CC=CC=C7,0.130164,resistant,sensitive
CVCL_0313,C1CC2=C(C1)C=C(C=C2)OC3=NC4=C(C(=N3)NC(CC5=CC=CC=C5)CO)N=CN4CC6=CC=C(C=C6)C7=CC=CC=C7,0.00908461,resistant,resistant
CVCL_0042,C1CC2=C(C1)C=C(C=C2)OC3=NC4=C(C(=N3)NC(CC5=CC=CC=C5)CO)N=CN4CC6=CC=C(C=C6)C7=CC=CC=C7,0.0899229,resistant,interm
CVCL_0026,C1CC2=C(C=CC(=C2)NC3=C(C=C(C=C3)F)F)C(=O)C4=C1C=CC(=C4)OC[C@@H](CO)O,0.0577437,resistant,interm
CVCL_1639,C1CC2=C(C=CC(=C2)NC3=C(C=C(C=C3)F)F)C(=O)C4=C1C=CC(=C4)OC[C@@H](CO)O,0.0545468,resistant,interm
CVCL_1723,C1CC2=C(C=CC(=C2)NC3=C(C=C(C=C3)F)F)C(=O)C4=C1C=CC(=C4)OC[C@@H](CO)O,0.0248321,resistant,resistant
CVCL_0186,C1CC2=CC=CC=C2C1NC3=NC=NC4=C3C=CN4C5CC(C(C5)O)COS(=O)(=O)N,0.296889,sensitive,sensitive
CVCL_0026,C1CC2=CC=CC=C2C1NC3=NC=NC4=C3C=CN4C5CC(C(C5)O)COS(=O)(=O)N,0.165766,resistant,sensitive
CVCL_1119,C1CC2=CC=CC=C2C1NC3=NC=NC4=C3C=CN4C5CC(C(C5)O)COS(=O)(=O)N,0.0868466,resistant,interm
CVCL_0313,C1CC2=CC=CC=C2C1NC3=NC=NC4=C3C=CN4C5CC(C(C5)O)COS(=O)(=O)N,0.109456,resistant,interm
CVCL_1639,C1CC2=CC=CC=C2C1NC3=NC=NC4=C3C=CN4C5CC(C(C5)O)COS(=O)(=O)N,0.30604,sensitive,sensitive
CVCL_1723,C1CC2=CC=CC=C2C1NC3=NC=NC4=C3C=CN4C5CC(C(C5)O)COS(=O)(=O)N,0.188214,interm,interm
CVCL_0042,C1CC2=CC=CC=C2C1NC3=NC=NC4=C3C=CN4C5CC(C(C5)O)COS(=O)(=O)N,0.367637,interm,sensitive
CVCL_0186,C1CCC(C(C1)N)N.C(=O)(C(=O)[O-])[O-].[Pt+4],0.0949591,resistant,interm
CVCL_0026,C1CCC(C(C1)N)N.C(=O)(C(=O)[O-])[O-].[Pt+4],0.0525574,resistant,interm
CVCL_1119,C1CCC(C(C1)N)N.C(=O)(C(=O)[O-])[O-].[Pt+4],0.0,resistant,resistant
CVCL_0313,C1CCC(C(C1)N)N.C(=O)(C(=O)[O-])[O-].[Pt+4],0.0160253,resistant,resistant
CVCL_1639,C1CCC(C(C1)N)N.C(=O)(C(=O)[O-])[O-].[Pt+4],0.0661764,resistant,interm
CVCL_1723,C1CCC(C(C1)N)N.C(=O)(C(=O)[O-])[O-].[Pt+4],0.0886865,resistant,interm
CVCL_0042,C1CCC(C(C1)N)N.C(=O)(C(=O)[O-])[O-].[Pt+4],0.00358448,resistant,resistant
CVCL_0186,C1CCC(CC1)N2C=NC3=C2N=C(N=C3NC4=CC=C(C=C4)N5CCOCC5)OC6=CC=CC7=CC=CC=C76,0.152293,interm,interm
CVCL_0026,C1CCC(CC1)N2C=NC3=C2N=C(N=C3NC4=CC=C(C=C4)N5CCOCC5)OC6=CC=CC7=CC=CC=C76,0.0606434,resistant,interm
CVCL_1119,C1CCC(CC1)N2C=NC3=C2N=C(N=C3NC4=CC=C(C=C4)N5CCOCC5)OC6=CC=CC7=CC=CC=C76,0.0219504,resistant,interm
CVCL_0313,C1CCC(CC1)N2C=NC3=C2N=C(N=C3NC4=CC=C(C=C4)N5CCOCC5)OC6=CC=CC7=CC=CC=C76,0.0872368,resistant,interm
CVCL_1639,C1CCC(CC1)N2C=NC3=C2N=C(N=C3NC4=CC=C(C=C4)N5CCOCC5)OC6=CC=CC7=CC=CC=C76,0.0576038,resistant,interm
CVCL_1723,C1CCC(CC1)N2C=NC3=C2N=C(N=C3NC4=CC=C(C=C4)N5CCOCC5)OC6=CC=CC7=CC=CC=C76,0.0797289,resistant,interm
CVCL_0042,C1CCC(CC1)N2C=NC3=C2N=C(N=C3NC4=CC=C(C=C4)N5CCOCC5)OC6=CC=CC7=CC=CC=C76,0.150662,resistant,interm
CVCL_0186,C1CCN(C1)CC2CC(C2)N3C=C(C4=C(N=CN=C43)N)C5=CC(=CC=C5)OCC6=CC=CC=C6,0.124641,resistant,interm
CVCL_0026,C1CCN(C1)CC2CC(C2)N3C=C(C4=C(N=CN=C43)N)C5=CC(=CC=C5)OCC6=CC=CC=C6,0.188014,interm,sensitive
CVCL_1119,C1CCN(C1)CC2CC(C2)N3C=C(C4=C(N=CN=C43)N)C5=CC(=CC=C5)OCC6=CC=CC=C6,0.0683656,resistant,interm
CVCL_0313,C1CCN(C1)CC2CC(C2)N3C=C(C4=C(N=CN=C43)N)C5=CC(=CC=C5)OCC6=CC=CC=C6,0.10809,resistant,interm
CVCL_1639,C1CCN(C1)CC2CC(C2)N3C=C(C4=C(N=CN=C43)N)C5=CC(=CC=C5)OCC6=CC=CC=C6,0.33675,sensitive,sensitive
CVCL_1723,C1CCN(C1)CC2CC(C2)N3C=C(C4=C(N=CN=C43)N)C5=CC(=CC=C5)OCC6=CC=CC=C6,0.164272,interm,interm
CVCL_0042,C1CCN(C1)CC2CC(C2)N3C=C(C4=C(N=CN=C43)N)C5=CC(=CC=C5)OCC6=CC=CC=C6,0.10867,resistant,interm
CVCL_0026,C1CCN(C1)[C@H]2CCC3=C(CC2)C=C(C=C3)NC4=NN(C(=N4)N)C5=NN=C6C(=C5)CCCC7=CC=CC=C76,0.182701,resistant,sensitive
CVCL_1639,C1CCN(C1)[C@H]2CCC3=C(CC2)C=C(C=C3)NC4=NN(C(=N4)N)C5=NN=C6C(=C5)CCCC7=CC=CC=C76,0.178283,interm,interm
CVCL_1723,C1CCN(C1)[C@H]2CCC3=C(CC2)C=C(C=C3)NC4=NN(C(=N4)N)C5=NN=C6C(=C5)CCCC7=CC=CC=C76,0.130753,interm,interm
CVCL_0186,C1CCN(CC1)S(=O)(=O)C2=CC3=C(C=C2)C4=C(C3=NO)C=C(C=C4)S(=O)(=O)N5CCCCC5,0.182359,interm,interm
CVCL_1119,C1CCN(CC1)S(=O)(=O)C2=CC3=C(C=C2)C4=C(C3=NO)C=C(C=C4)S(=O)(=O)N5CCCCC5,0.0111975,resistant,interm
CVCL_0313,C1CCN(CC1)S(=O)(=O)C2=CC3=C(C=C2)C4=C(C3=NO)C=C(C=C4)S(=O)(=O)N5CCCCC5,0.0361347,resistant,interm
CVCL_0042,C1CCN(CC1)S(=O)(=O)C2=CC3=C(C=C2)C4=C(C3=NO)C=C(C=C4)S(=O)(=O)N5CCCCC5,0.0819046,resistant,interm
CVCL_0186,C1CN(CCC12C(=O)NCN2C3=CC=CC=C3)CCNC(=O)C4=CC5=CC=CC=C5C=C4,0.0635402,resistant,interm
CVCL_0026,C1CN(CCC12C(=O)NCN2C3=CC=CC=C3)CCNC(=O)C4=CC5=CC=CC=C5C=C4,0.0528926,resistant,interm
CVCL_1119,C1CN(CCC12C(=O)NCN2C3=CC=CC=C3)CCNC(=O)C4=CC5=CC=CC=C5C=C4,0.0380889,resistant,interm
CVCL_0313,C1CN(CCC12C(=O)NCN2C3=CC=CC=C3)CCNC(=O)C4=CC5=CC=CC=C5C=C4,0.075132,resistant,interm
CVCL_1639,C1CN(CCC12C(=O)NCN2C3=CC=CC=C3)CCNC(=O)C4=CC5=CC=CC=C5C=C4,0.260002,sensitive,sensitive
CVCL_1723,C1CN(CCC12C(=O)NCN2C3=CC=CC=C3)CCNC(=O)C4=CC5=CC=CC=C5C=C4,0.0692177,resistant,interm
CVCL_0186,C1CN(CCC1CC2=CC3=CC=CC=C3N=C2)C(=O)NC4=CC=CC=C4,0.0820618,resistant,interm
CVCL_0026,C1CN(CCC1CC2=CC3=CC=CC=C3N=C2)C(=O)NC4=CC=CC=C4,0.154769,resistant,interm
CVCL_1119,C1CN(CCC1CC2=CC3=CC=CC=C3N=C2)C(=O)NC4=CC=CC=C4,0.0846362,resistant,interm
CVCL_0313,C1CN(CCC1CC2=CC3=CC=CC=C3N=C2)C(=O)NC4=CC=CC=C4,0.129464,resistant,sensitive
CVCL_1639,C1CN(CCC1CC2=CC3=CC=CC=C3N=C2)C(=O)NC4=CC=CC=C4,0.0963841,resistant,interm
CVCL_1723,C1CN(CCC1CC2=CC3=CC=CC=C3N=C2)C(=O)NC4=CC=CC=C4,0.122303,interm,interm
CVCL_0042,C1CN(CCC1CC2=CC3=CC=CC=C3N=C2)C(=O)NC4=CC=CC=C4,0.190726,resistant,interm
CVCL_0186,C1CN(CCC1CCCCNC(=O)C=CC2=CN=CC=C2)C(=O)C3=CC=CC=C3,0.207905,interm,interm
CVCL_0026,C1CN(CCC1CCCCNC(=O)C=CC2=CN=CC=C2)C(=O)C3=CC=CC=C3,0.0,resistant,resistant
CVCL_1119,C1CN(CCC1CCCCNC(=O)C=CC2=CN=CC=C2)C(=O)C3=CC=CC=C3,0.20007,interm,sensitive
CVCL_0313,C1CN(CCC1CCCCNC(=O)C=CC2=CN=CC=C2)C(=O)C3=CC=CC=C3,0.00486936,resistant,resistant
CVCL_1723,C1CN(CCC1CCCCNC(=O)C=CC2=CN=CC=C2)C(=O)C3=CC=CC=C3,0.318835,sensitive,sensitive
CVCL_0186,C1CN(CCN(C1)S(=O)(=O)C2=CC=CC(=C2)N)S(=O)(=O)C3=CC4=C(C=C3)OCCO4,0.000200803,resistant,resistant
CVCL_0026,C1CN(CCN(C1)S(=O)(=O)C2=CC=CC(=C2)N)S(=O)(=O)C3=CC4=C(C=C3)OCCO4,0.0521267,resistant,interm
CVCL_1119,C1CN(CCN(C1)S(=O)(=O)C2=CC=CC(=C2)N)S(=O)(=O)C3=CC4=C(C=C3)OCCO4,0.0965121,resistant,interm
CVCL_0313,C1CN(CCN(C1)S(=O)(=O)C2=CC=CC(=C2)N)S(=O)(=O)C3=CC4=C(C=C3)OCCO4,0.0052761,resistant,resistant
CVCL_1639,C1CN(CCN(C1)S(=O)(=O)C2=CC=CC(=C2)N)S(=O)(=O)C3=CC4=C(C=C3)OCCO4,0.145369,interm,interm
CVCL_1723,C1CN(CCN(C1)S(=O)(=O)C2=CC=CC(=C2)N)S(=O)(=O)C3=CC4=C(C=C3)OCCO4,0.0877122,resistant,interm
CVCL_0042,C1CN(CCN(C1)S(=O)(=O)C2=CC=CC(=C2)N)S(=O)(=O)C3=CC4=C(C=C3)OCCO4,0.130736,resistant,interm
CVCL_0186,C1CN(CCN1)C(=O)C2=CC=C(C=C2)/C=C/C3=NNC4=CC=CC=C43,0.116984,resistant,interm
CVCL_0026,C1CN(CCN1)C(=O)C2=CC=C(C=C2)/C=C/C3=NNC4=CC=CC=C43,0.0678601,resistant,interm
CVCL_1119,C1CN(CCN1)C(=O)C2=CC=C(C=C2)/C=C/C3=NNC4=CC=CC=C43,0.0491417,resistant,interm
CVCL_0313,C1CN(CCN1)C(=O)C2=CC=C(C=C2)/C=C/C3=NNC4=CC=CC=C43,0.0699659,resistant,interm
CVCL_1723,C1CN(CCN1)C(=O)C2=CC=C(C=C2)/C=C/C3=NNC4=CC=CC=C43,0.165106,interm,interm
CVCL_0042,C1CN(CCN1)C(=O)C2=CC=C(C=C2)/C=C/C3=NNC4=CC=CC=C43,0.177986,resistant,interm
CVCL_0186,C1CN2CCC1C(=O)C2(CO)CO,0.0544167,resistant,interm
CVCL_0026,C1CN2CCC1C(=O)C2(CO)CO,0.124268,resistant,interm
CVCL_1119,C1CN2CCC1C(=O)C2(CO)CO,0.036946,resistant,interm
CVCL_0313,C1CN2CCC1C(=O)C2(CO)CO,0.0682362,resistant,interm
CVCL_1639,C1CN2CCC1C(=O)C2(CO)CO,0.147794,interm,interm
CVCL_1723,C1CN2CCC1C(=O)C2(CO)CO,0.0391792,resistant,interm
CVCL_0042,C1CN2CCC1C(=O)C2(CO)CO,0.144196,resistant,interm
CVCL_0186,C1CNCCC1N2C=C(C=N2)C3=NC4=C(C=CC=C4N=C3)C5=CC(=C(C(=C5)F)CN6CCOCC6)F,0.189209,interm,interm
CVCL_0026,C1CNCCC1N2C=C(C=N2)C3=NC4=C(C=CC=C4N=C3)C5=CC(=C(C(=C5)F)CN6CCOCC6)F,0.111136,resistant,interm
CVCL_1119,C1CNCCC1N2C=C(C=N2)C3=NC4=C(C=CC=C4N=C3)C5=CC(=C(C(=C5)F)CN6CCOCC6)F,0.154477,resistant,sensitive
CVCL_0313,C1CNCCC1N2C=C(C=N2)C3=NC4=C(C=CC=C4N=C3)C5=CC(=C(C(=C5)F)CN6CCOCC6)F,0.125258,resistant,sensitive
CVCL_1639,C1CNCCC1N2C=C(C=N2)C3=NC4=C(C=CC=C4N=C3)C5=CC(=C(C(=C5)F)CN6CCOCC6)F,0.197605,interm,interm
CVCL_1723,C1CNCCC1N2C=C(C=N2)C3=NC4=C(C=CC=C4N=C3)C5=CC(=C(C(=C5)F)CN6CCOCC6)F,0.158597,interm,interm
CVCL_0042,C1CNCCC1N2C=C(C=N2)C3=NC4=C(C=CC=C4N=C3)C5=CC(=C(C(=C5)F)CN6CCOCC6)F,0.205565,resistant,interm
CVCL_0186,C1CNP(=O)(OC1)N(CCCl)CCCl,0.00975471,resistant,resistant
CVCL_1119,C1CNP(=O)(OC1)N(CCCl)CCCl,0.0396063,resistant,interm
CVCL_0313,C1CNP(=O)(OC1)N(CCCl)CCCl,0.026125,resistant,interm
CVCL_0042,C1CNP(=O)(OC1)N(CCCl)CCCl,0.0028125,resistant,resistant
CVCL_0026,C1COCCC1N2C3=NC=NC(=C3C(=N2)COC4=CC(=CC=C4)Cl)N.Cl,0.0519831,resistant,interm
CVCL_1639,C1COCCC1N2C3=NC=NC(=C3C(=N2)COC4=CC(=CC=C4)Cl)N.Cl,0.0336918,resistant,resistant
CVCL_1723,C1COCCC1N2C3=NC=NC(=C3C(=N2)COC4=CC(=CC=C4)Cl)N.Cl,0.0367927,resistant,interm
CVCL_0186,C1COCCN1C2=CC(=O)C=C(O2)C3=C4C(=CC=C3)SC5=CC=CC=C5S4,0.141311,interm,interm
CVCL_0026,C1COCCN1C2=CC(=O)C=C(O2)C3=C4C(=CC=C3)SC5=CC=CC=C5S4,0.048835,resistant,interm
CVCL_1119,C1COCCN1C2=CC(=O)C=C(O2)C3=C4C(=CC=C3)SC5=CC=CC=C5S4,0.0690622,resistant,interm
CVCL_0313,C1COCCN1C2=CC(=O)C=C(O2)C3=C4C(=CC=C3)SC5=CC=CC=C5S4,0.0871262,resistant,interm
CVCL_1723,C1COCCN1C2=CC(=O)C=C(O2)C3=C4C(=CC=C3)SC5=CC=CC=C5S4,0.107126,interm,interm
CVCL_0042,C1COCCN1C2=CC(=O)C=C(O2)C3=C4C(=CC=C3)SC5=CC=CC=C5S4,0.0160774,resistant,resistant
CVCL_0186,C1COCCN1C2=CC=C(C=C2)NC3=NC=CC(=N3)C4=CC=C(C=C4)C(=O)NCC#N,0.207939,interm,interm
CVCL_0026,C1COCCN1C2=CC=C(C=C2)NC3=NC=CC(=N3)C4=CC=C(C=C4)C(=O)NCC#N,0.152613,resistant,interm
CVCL_1119,C1COCCN1C2=CC=C(C=C2)NC3=NC=CC(=N3)C4=CC=C(C=C4)C(=O)NCC#N,0.131358,resistant,sensitive
CVCL_0313,C1COCCN1C2=CC=C(C=C2)NC3=NC=CC(=N3)C4=CC=C(C=C4)C(=O)NCC#N,0.0744934,resistant,interm
CVCL_1639,C1COCCN1C2=CC=C(C=C2)NC3=NC=CC(=N3)C4=CC=C(C=C4)C(=O)NCC#N,0.127321,interm,interm
CVCL_1723,C1COCCN1C2=CC=C(C=C2)NC3=NC=CC(=N3)C4=CC=C(C=C4)C(=O)NCC#N,0.206291,interm,sensitive
CVCL_0042,C1COCCN1C2=CC=C(C=C2)NC3=NC=CC(=N3)C4=CC=C(C=C4)C(=O)NCC#N,0.315534,interm,sensitive
CVCL_0186,C1COCCN1C2=NC(=C(N=N2)C3=CC=CC=C3)C4=CC=CC=C4,0.0415674,resistant,resistant
CVCL_0026,C1COCCN1C2=NC(=C(N=N2)C3=CC=CC=C3)C4=CC=CC=C4,0.0448468,resistant,interm
CVCL_1119,C1COCCN1C2=NC(=C(N=N2)C3=CC=CC=C3)C4=CC=CC=C4,0.0,resistant,resistant
CVCL_0313,C1COCCN1C2=NC(=C(N=N2)C3=CC=CC=C3)C4=CC=CC=C4,0.0503539,resistant,interm
CVCL_1639,C1COCCN1C2=NC(=C(N=N2)C3=CC=CC=C3)C4=CC=CC=C4,0.0508698,resistant,interm
CVCL_1723,C1COCCN1C2=NC(=C(N=N2)C3=CC=CC=C3)C4=CC=CC=C4,0.0194758,resistant,resistant
CVCL_0042,C1COCCN1C2=NC(=C(N=N2)C3=CC=CC=C3)C4=CC=CC=C4,0.323626,interm,sensitive
CVCL_0186,C1COCCN1C2=NC(=NC3=C2OC4=C3C=CC=N4)C5=CC(=CC=C5)O,0.0187486,resistant,resistant
CVCL_0026,C1COCCN1C2=NC(=NC3=C2OC4=C3C=CC=N4)C5=CC(=CC=C5)O,0.229031,interm,sensitive
CVCL_1119,C1COCCN1C2=NC(=NC3=C2OC4=C3C=CC=N4)C5=CC(=CC=C5)O,0.0186011,resistant,interm
CVCL_0313,C1COCCN1C2=NC(=NC3=C2OC4=C3C=CC=N4)C5=CC(=CC=C5)O,0.00334375,resistant,resistant
CVCL_1639,C1COCCN1C2=NC(=NC3=C2OC4=C3C=CC=N4)C5=CC(=CC=C5)O,0.243043,interm,sensitive
CVCL_1723,C1COCCN1C2=NC(=NC3=C2OC4=C3C=CC=N4)C5=CC(=CC=C5)O,0.255854,sensitive,sensitive
CVCL_0042,C1COCCN1C2=NC(=NC3=C2OC4=C3C=CC=N4)C5=CC(=CC=C5)O,0.172143,resistant,interm
CVCL_0186,C1COCCN1CCOC2=CC=C(C=C2)C3=CN=C(C=C3)CC(=O)NCC4=CC=CC=C4,0.524999,sensitive,sensitive
CVCL_0026,C1COCCN1CCOC2=CC=C(C=C2)C3=CN=C(C=C3)CC(=O)NCC4=CC=CC=C4,0.0977473,resistant,interm
CVCL_1119,C1COCCN1CCOC2=CC=C(C=C2)C3=CN=C(C=C3)CC(=O)NCC4=CC=CC=C4,0.0400886,resistant,interm
CVCL_0313,C1COCCN1CCOC2=CC=C(C=C2)C3=CN=C(C=C3)CC(=O)NCC4=CC=CC=C4,0.0932589,resistant,interm
CVCL_1723,C1COCCN1CCOC2=CC=C(C=C2)C3=CN=C(C=C3)CC(=O)NCC4=CC=CC=C4,0.334524,sensitive,sensitive
CVCL_0042,C1COCCN1CCOC2=CC=C(C=C2)C3=CN=C(C=C3)CC(=O)NCC4=CC=CC=C4,0.349174,interm,sensitive
CVCL_0186,C1OC2=C(O1)C(=C3C(=C2)C4=CC(C(C(C4NC3=O)O)O)O)O,0.597043,sensitive,sensitive
CVCL_0026,C1OC2=C(O1)C(=C3C(=C2)C4=CC(C(C(C4NC3=O)O)O)O)O,0.3884,sensitive,sensitive
CVCL_1119,C1OC2=C(O1)C(=C3C(=C2)C4=CC(C(C(C4NC3=O)O)O)O)O,0.359985,sensitive,sensitive
CVCL_0313,C1OC2=C(O1)C(=C3C(=C2)C4=CC(C(C(C4NC3=O)O)O)O)O,0.335404,sensitive,sensitive
CVCL_1639,C1OC2=C(O1)C(=C3C(=C2)C4=CC(C(C(C4NC3=O)O)O)O)O,0.456707,sensitive,sensitive
CVCL_1723,C1OC2=C(O1)C(=C3C(=C2)C4=CC(C(C(C4NC3=O)O)O)O)O,0.368627,sensitive,sensitive
CVCL_0042,C1OC2=C(O1)C(=C3C(=C2)C4=CC(C(C(C4NC3=O)O)O)O)O,0.716155,sensitive,sensitive
CVCL_0186,C1OC2=C(O1)C=C3C(=C2)C(=O)C=C(N3)C4=CC=CC=C4F,0.249953,interm,sensitive
CVCL_0026,C1OC2=C(O1)C=C3C(=C2)C(=O)C=C(N3)C4=CC=CC=C4F,0.0874318,resistant,interm
CVCL_1119,C1OC2=C(O1)C=C3C(=C2)C(=O)C=C(N3)C4=CC=CC=C4F,0.0836437,resistant,interm
CVCL_1639,C1OC2=C(O1)C=C3C(=C2)C(=O)C=C(N3)C4=CC=CC=C4F,0.147831,interm,interm
CVCL_1723,C1OC2=C(O1)C=C3C(=C2)C(=O)C=C(N3)C4=CC=CC=C4F,0.117419,interm,interm
CVCL_0186,C1[C@H]([C@H](OC2=CC(=CC(=C21)O)O)C3=CC(=C(C(=C3)O)O)O)OC(=O)C4=CC(=C(C(=C4)O)O)O,0.183247,interm,interm
CVCL_0026,C1[C@H]([C@H](OC2=CC(=CC(=C21)O)O)C3=CC(=C(C(=C3)O)O)O)OC(=O)C4=CC(=C(C(=C4)O)O)O,0.0362214,resistant,interm
CVCL_1119,C1[C@H]([C@H](OC2=CC(=CC(=C21)O)O)C3=CC(=C(C(=C3)O)O)O)OC(=O)C4=CC(=C(C(=C4)O)O)O,0.0435025,resistant,interm
CVCL_0313,C1[C@H]([C@H](OC2=CC(=CC(=C21)O)O)C3=CC(=C(C(=C3)O)O)O)OC(=O)C4=CC(=C(C(=C4)O)O)O,0.141513,interm,sensitive
CVCL_1723,C1[C@H]([C@H](OC2=CC(=CC(=C21)O)O)C3=CC(=C(C(=C3)O)O)O)OC(=O)C4=CC(=C(C(=C4)O)O)O,0.0376698,resistant,interm
CVCL_0186,CC(=C)[C@@H]1CC[C@@]2(CC[C@]3(C)[C@H](CC[C@@H]4[C@@]5(C)CC[C@H](O)C(C)(C)[C@@H]5CC[C@]43C)[C@@H]12)C(=O)O,0.00997738,resistant,resistant
CVCL_0026,CC(=C)[C@@H]1CC[C@@]2(CC[C@]3(C)[C@H](CC[C@@H]4[C@@]5(C)CC[C@H](O)C(C)(C)[C@@H]5CC[C@]43C)[C@@H]12)C(=O)O,0.00265,resistant,resistant
CVCL_1119,CC(=C)[C@@H]1CC[C@@]2(CC[C@]3(C)[C@H](CC[C@@H]4[C@@]5(C)CC[C@H](O)C(C)(C)[C@@H]5CC[C@]43C)[C@@H]12)C(=O)O,0.0,resistant,resistant
CVCL_1639,CC(=C)[C@@H]1CC[C@@]2(CC[C@]3(C)[C@H](CC[C@@H]4[C@@]5(C)CC[C@H](O)C(C)(C)[C@@H]5CC[C@]43C)[C@@H]12)C(=O)O,0.00648125,resistant,resistant
CVCL_1723,CC(=C)[C@@H]1CC[C@@]2(CC[C@]3(C)[C@H](CC[C@@H]4[C@@]5(C)CC[C@H](O)C(C)(C)[C@@H]5CC[C@]43C)[C@@H]12)C(=O)O,0.0,resistant,resistant
CVCL_0186,CC(=CC(=O)NC1=CC=CC=C1C(=O)O)C2=CC3=CC=CC=C3C=C2,0.106676,resistant,interm
CVCL_0026,CC(=CC(=O)NC1=CC=CC=C1C(=O)O)C2=CC3=CC=CC=C3C=C2,0.0724474,resistant,interm
CVCL_1119,CC(=CC(=O)NC1=CC=CC=C1C(=O)O)C2=CC3=CC=CC=C3C=C2,0.0145873,resistant,interm
CVCL_0313,CC(=CC(=O)NC1=CC=CC=C1C(=O)O)C2=CC3=CC=CC=C3C=C2,0.0454125,resistant,interm
CVCL_1639,CC(=CC(=O)NC1=CC=CC=C1C(=O)O)C2=CC3=CC=CC=C3C=C2,0.0412989,resistant,interm
CVCL_1723,CC(=CC(=O)NC1=CC=CC=C1C(=O)O)C2=CC3=CC=CC=C3C=C2,0.0358791,resistant,resistant
CVCL_0042,CC(=CC(=O)NC1=CC=CC=C1C(=O)O)C2=CC3=CC=CC=C3C=C2,0.00503122,resistant,resistant
CVCL_0186,CC(=O)C1=C(C=C(C=C1O)OC)O,0.0932652,resistant,interm
CVCL_0026,CC(=O)C1=C(C=C(C=C1O)OC)O,0.0933237,resistant,interm
CVCL_1119,CC(=O)C1=C(C=C(C=C1O)OC)O,0.0656483,resistant,interm
CVCL_0313,CC(=O)C1=C(C=C(C=C1O)OC)O,0.054,resistant,interm
CVCL_1639,CC(=O)C1=C(C=C(C=C1O)OC)O,0.0519405,resistant,interm
CVCL_1723,CC(=O)C1=C(C=C(C=C1O)OC)O,0.0525964,resistant,interm
CVCL_0042,CC(=O)C1=C(C=C(C=C1O)OC)O,0.181172,resistant,interm
CVCL_0186,CC(=O)N1CCC(CC1)C(=O)Nc1cc(ccc1N)-c1cccs1,0.0784034,resistant,interm
CVCL_0026,CC(=O)N1CCC(CC1)C(=O)Nc1cc(ccc1N)-c1cccs1,0.053775,resistant,interm
CVCL_1119,CC(=O)N1CCC(CC1)C(=O)Nc1cc(ccc1N)-c1cccs1,0.0288724,resistant,interm
CVCL_0313,CC(=O)N1CCC(CC1)C(=O)Nc1cc(ccc1N)-c1cccs1,0.035275,resistant,interm
CVCL_1639,CC(=O)N1CCC(CC1)C(=O)Nc1cc(ccc1N)-c1cccs1,0.0496917,resistant,interm
CVCL_1723,CC(=O)N1CCC(CC1)C(=O)Nc1cc(ccc1N)-c1cccs1,0.0556625,resistant,interm
CVCL_0042,CC(=O)N1CCC(CC1)C(=O)Nc1cc(ccc1N)-c1cccs1,0.134551,resistant,interm
CVCL_0186,CC(=O)NC1CCN(CC1)C(=O)Nc1cc(ccc1N)-c1cccs1,0.0333847,resistant,resistant
CVCL_0026,CC(=O)NC1CCN(CC1)C(=O)Nc1cc(ccc1N)-c1cccs1,0.000992811,resistant,resistant
CVCL_1119,CC(=O)NC1CCN(CC1)C(=O)Nc1cc(ccc1N)-c1cccs1,0.0105826,resistant,interm
CVCL_0313,CC(=O)NC1CCN(CC1)C(=O)Nc1cc(ccc1N)-c1cccs1,0.0749312,resistant,interm
CVCL_1723,CC(=O)NC1CCN(CC1)C(=O)Nc1cc(ccc1N)-c1cccs1,0.00142883,resistant,resistant
CVCL_0042,CC(=O)NC1CCN(CC1)C(=O)Nc1cc(ccc1N)-c1cccs1,0.283839,interm,interm
CVCL_0186,CC(=O)NC[C@@H]1C[C@H](CN1)NS(=O)(=O)c1cccc2cncc(C)c12,0.0,resistant,resistant
CVCL_0026,CC(=O)NC[C@@H]1C[C@H](CN1)NS(=O)(=O)c1cccc2cncc(C)c12,0.0255583,resistant,resistant
CVCL_1119,CC(=O)NC[C@@H]1C[C@H](CN1)NS(=O)(=O)c1cccc2cncc(C)c12,0.0,resistant,resistant
CVCL_0313,CC(=O)NC[C@@H]1C[C@H](CN1)NS(=O)(=O)c1cccc2cncc(C)c12,0.00176954,resistant,resistant
CVCL_1639,CC(=O)NC[C@@H]1C[C@H](CN1)NS(=O)(=O)c1cccc2cncc(C)c12,0.00136198,resistant,resistant
CVCL_1723,CC(=O)NC[C@@H]1C[C@H](CN1)NS(=O)(=O)c1cccc2cncc(C)c12,0.0414562,resistant,interm
CVCL_0042,CC(=O)NC[C@@H]1C[C@H](CN1)NS(=O)(=O)c1cccc2cncc(C)c12,0.117056,resistant,interm
CVCL_0026,CC(=O)N[C@@H]1C\C=C\CCC(=O)N[C@@H](COC1=O)c1ccccc1,0.0263688,resistant,resistant
CVCL_1639,CC(=O)N[C@@H]1C\C=C\CCC(=O)N[C@@H](COC1=O)c1ccccc1,0.0409375,resistant,interm
CVCL_1723,CC(=O)N[C@@H]1C\C=C\CCC(=O)N[C@@H](COC1=O)c1ccccc1,0.0199375,resistant,resistant
CVCL_0186,CC(=O)N[C@H]1C[C@H](C1)C(=O)Nc1cc(ccc1N)-c1ccc(F)cc1,0.0224024,resistant,resistant
CVCL_0026,CC(=O)N[C@H]1C[C@H](C1)C(=O)Nc1cc(ccc1N)-c1ccc(F)cc1,0.0187006,resistant,resistant
CVCL_1119,CC(=O)N[C@H]1C[C@H](C1)C(=O)Nc1cc(ccc1N)-c1ccc(F)cc1,0.0291313,resistant,interm
CVCL_0313,CC(=O)N[C@H]1C[C@H](C1)C(=O)Nc1cc(ccc1N)-c1ccc(F)cc1,0.0447812,resistant,interm
CVCL_1639,CC(=O)N[C@H]1C[C@H](C1)C(=O)Nc1cc(ccc1N)-c1ccc(F)cc1,0.0262392,resistant,resistant
CVCL_1723,CC(=O)N[C@H]1C[C@H](C1)C(=O)Nc1cc(ccc1N)-c1ccc(F)cc1,0.00229612,resistant,resistant
CVCL_0042,CC(=O)N[C@H]1C[C@H](C1)C(=O)Nc1cc(ccc1N)-c1ccc(F)cc1,0.267281,interm,interm
CVCL_0186,CC(=O)Nc1ccc(cc1)C(=O)Nc1ccc(F)cc1N,0.151627,interm,interm
CVCL_0026,CC(=O)Nc1ccc(cc1)C(=O)Nc1ccc(F)cc1N,0.0239752,resistant,resistant
CVCL_1119,CC(=O)Nc1ccc(cc1)C(=O)Nc1ccc(F)cc1N,0.0708688,resistant,interm
CVCL_0313,CC(=O)Nc1ccc(cc1)C(=O)Nc1ccc(F)cc1N,0.0185438,resistant,resistant
CVCL_1639,CC(=O)Nc1ccc(cc1)C(=O)Nc1ccc(F)cc1N,0.0372571,resistant,interm
CVCL_1723,CC(=O)Nc1ccc(cc1)C(=O)Nc1ccc(F)cc1N,0.00127558,resistant,resistant
CVCL_0042,CC(=O)Nc1ccc(cc1)C(=O)Nc1ccc(F)cc1N,0.207155,resistant,interm
CVCL_0186,CC(=O)Nc1ccc(cc1)C(=O)Nc2cc(ccc2N)c3cccs3,0.148935,interm,interm
CVCL_0026,CC(=O)Nc1ccc(cc1)C(=O)Nc2cc(ccc2N)c3cccs3,0.0268888,resistant,resistant
CVCL_1119,CC(=O)Nc1ccc(cc1)C(=O)Nc2cc(ccc2N)c3cccs3,0.0105374,resistant,interm
CVCL_0313,CC(=O)Nc1ccc(cc1)C(=O)Nc2cc(ccc2N)c3cccs3,0.00191192,resistant,resistant
CVCL_1639,CC(=O)Nc1ccc(cc1)C(=O)Nc2cc(ccc2N)c3cccs3,0.00674335,resistant,resistant
CVCL_1723,CC(=O)Nc1ccc(cc1)C(=O)Nc2cc(ccc2N)c3cccs3,0.0848607,resistant,interm
CVCL_0042,CC(=O)Nc1ccc(cc1)C(=O)Nc2cc(ccc2N)c3cccs3,0.215675,resistant,interm
CVCL_0026,CC(=O)Nc1ccc(cc1)C(=O)Nc2ccccc2N,0.0162817,resistant,resistant
CVCL_1639,CC(=O)Nc1ccc(cc1)C(=O)Nc2ccccc2N,0.0340377,resistant,resistant
CVCL_1723,CC(=O)Nc1ccc(cc1)C(=O)Nc2ccccc2N,0.0329573,resistant,resistant
CVCL_0186,CC(=O)O[C@@H]1C2=C(C)[C@H](C[C@@](O)([C@@H](OC(=O)c3ccccc3)[C@@H]4[C@@]5(CO[C@@H]5C[C@H](O)[C@@]4(C)C1=O)OC(=O)C)C2(C)C)OC(=O)[C@H](O)[C@@H](NC(=O)c6ccccc6)c7ccccc7,0.698507,sensitive,sensitive
CVCL_0026,CC(=O)O[C@@H]1C2=C(C)[C@H](C[C@@](O)([C@@H](OC(=O)c3ccccc3)[C@@H]4[C@@]5(CO[C@@H]5C[C@H](O)[C@@]4(C)C1=O)OC(=O)C)C2(C)C)OC(=O)[C@H](O)[C@@H](NC(=O)c6ccccc6)c7ccccc7,0.253412,interm,sensitive
CVCL_1119,CC(=O)O[C@@H]1C2=C(C)[C@H](C[C@@](O)([C@@H](OC(=O)c3ccccc3)[C@@H]4[C@@]5(CO[C@@H]5C[C@H](O)[C@@]4(C)C1=O)OC(=O)C)C2(C)C)OC(=O)[C@H](O)[C@@H](NC(=O)c6ccccc6)c7ccccc7,0.30936,interm,sensitive
CVCL_0313,CC(=O)O[C@@H]1C2=C(C)[C@H](C[C@@](O)([C@@H](OC(=O)c3ccccc3)[C@@H]4[C@@]5(CO[C@@H]5C[C@H](O)[C@@]4(C)C1=O)OC(=O)C)C2(C)C)OC(=O)[C@H](O)[C@@H](NC(=O)c6ccccc6)c7ccccc7,0.222112,interm,sensitive
CVCL_1639,CC(=O)O[C@@H]1C2=C(C)[C@H](C[C@@](O)([C@@H](OC(=O)c3ccccc3)[C@@H]4[C@@]5(CO[C@@H]5C[C@H](O)[C@@]4(C)C1=O)OC(=O)C)C2(C)C)OC(=O)[C@H](O)[C@@H](NC(=O)c6ccccc6)c7ccccc7,0.504094,sensitive,sensitive
CVCL_1723,CC(=O)O[C@@H]1C2=C(C)[C@H](C[C@@](O)([C@@H](OC(=O)c3ccccc3)[C@@H]4[C@@]5(CO[C@@H]5C[C@H](O)[C@@]4(C)C1=O)OC(=O)C)C2(C)C)OC(=O)[C@H](O)[C@@H](NC(=O)c6ccccc6)c7ccccc7,0.463256,sensitive,sensitive
CVCL_0042,CC(=O)O[C@@H]1C2=C(C)[C@H](C[C@@](O)([C@@H](OC(=O)c3ccccc3)[C@@H]4[C@@]5(CO[C@@H]5C[C@H](O)[C@@]4(C)C1=O)OC(=O)C)C2(C)C)OC(=O)[C@H](O)[C@@H](NC(=O)c6ccccc6)c7ccccc7,0.403713,sensitive,sensitive
CVCL_0186,CC(C(=O)NC1=C(C=C(C=C1)S(=O)(=O)C2=CC=C(C=C2)C(=O)N(C)C)Cl)(C(F)(F)F)O,0.0637342,resistant,interm
CVCL_0026,CC(C(=O)NC1=C(C=C(C=C1)S(=O)(=O)C2=CC=C(C=C2)C(=O)N(C)C)Cl)(C(F)(F)F)O,0.000226023,resistant,resistant
CVCL_1119,CC(C(=O)NC1=C(C=C(C=C1)S(=O)(=O)C2=CC=C(C=C2)C(=O)N(C)C)Cl)(C(F)(F)F)O,0.0621634,resistant,interm
CVCL_0313,CC(C(=O)NC1=C(C=C(C=C1)S(=O)(=O)C2=CC=C(C=C2)C(=O)N(C)C)Cl)(C(F)(F)F)O,0.0976659,resistant,interm
CVCL_1723,CC(C(=O)NC1=C(C=C(C=C1)S(=O)(=O)C2=CC=C(C=C2)C(=O)N(C)C)Cl)(C(F)(F)F)O,0.0258237,resistant,resistant
CVCL_0042,CC(C(=O)NC1=C(C=C(C=C1)S(=O)(=O)C2=CC=C(C=C2)C(=O)N(C)C)Cl)(C(F)(F)F)O,0.262779,interm,interm
CVCL_0026,CC(C)(C#N)C1=CC=C(C=C1)N2C3=C4C=C(C=CC4=NC=C3COC2=O)C5=CC6=CC=CC=C6N=C5,0.106262,resistant,interm
CVCL_1639,CC(C)(C#N)C1=CC=C(C=C1)N2C3=C4C=C(C=CC4=NC=C3COC2=O)C5=CC6=CC=CC=C6N=C5,0.147994,interm,interm
CVCL_1723,CC(C)(C#N)C1=CC=C(C=C1)N2C3=C4C=C(C=CC4=NC=C3COC2=O)C5=CC6=CC=CC=C6N=C5,0.129931,interm,interm
CVCL_0026,CC(C)(C#N)C1=CC=C(C=C1)N2C3=C4C=C(C=CC4=NC=C3N(C2=O)C)C5=CC6=CC=CC=C6N=C5,0.232505,interm,sensitive
CVCL_1639,CC(C)(C#N)C1=CC=C(C=C1)N2C3=C4C=C(C=CC4=NC=C3N(C2=O)C)C5=CC6=CC=CC=C6N=C5,0.263567,sensitive,sensitive
CVCL_1723,CC(C)(C#N)C1=CC=C(C=C1)N2C3=C4C=C(C=CC4=NC=C3N(C2=O)C)C5=CC6=CC=CC=C6N=C5,0.385729,sensitive,sensitive
CVCL_0026,CC(C)(C(=O)NCC(C(F)(F)F)(F)F)C(=O)N[C@H]1C2=CC=CC=C2C3=CC=CC=C3NC1=O,0.00161789,resistant,resistant
CVCL_1639,CC(C)(C(=O)NCC(C(F)(F)F)(F)F)C(=O)N[C@H]1C2=CC=CC=C2C3=CC=CC=C3NC1=O,0.0221608,resistant,resistant
CVCL_1723,CC(C)(C(=O)NCC(C(F)(F)F)(F)F)C(=O)N[C@H]1C2=CC=CC=C2C3=CC=CC=C3NC1=O,0.13823,interm,interm
CVCL_0186,CC(C)(C)C1=CC(=CC(=C1)C(=O)C=CC2=CC=C(C=C2)C(=O)O)C(C)(C)C,0.22126,interm,interm
CVCL_0026,CC(C)(C)C1=CC(=CC(=C1)C(=O)C=CC2=CC=C(C=C2)C(=O)O)C(C)(C)C,0.0790797,resistant,interm
CVCL_1119,CC(C)(C)C1=CC(=CC(=C1)C(=O)C=CC2=CC=C(C=C2)C(=O)O)C(C)(C)C,0.0147999,resistant,interm
CVCL_0313,CC(C)(C)C1=CC(=CC(=C1)C(=O)C=CC2=CC=C(C=C2)C(=O)O)C(C)(C)C,0.09469,resistant,interm
CVCL_1639,CC(C)(C)C1=CC(=CC(=C1)C(=O)C=CC2=CC=C(C=C2)C(=O)O)C(C)(C)C,0.02144,resistant,resistant
CVCL_1723,CC(C)(C)C1=CC(=CC(=C1)C(=O)C=CC2=CC=C(C=C2)C(=O)O)C(C)(C)C,0.0285326,resistant,resistant
CVCL_0042,CC(C)(C)C1=CC(=CC(=C1)C(=O)C=CC2=CC=C(C=C2)C(=O)O)C(C)(C)C,0.0356403,resistant,resistant
CVCL_0186,CC(C)(C)C1=CC(=NO1)NC(=O)NC2=CC=C(C=C2)C3=CN4C5=C(C=C(C=C5)OCCN6CCOCC6)SC4=N3,0.0783536,resistant,interm
CVCL_0026,CC(C)(C)C1=CC(=NO1)NC(=O)NC2=CC=C(C=C2)C3=CN4C5=C(C=C(C=C5)OCCN6CCOCC6)SC4=N3,0.0269159,resistant,resistant
CVCL_1119,CC(C)(C)C1=CC(=NO1)NC(=O)NC2=CC=C(C=C2)C3=CN4C5=C(C=C(C=C5)OCCN6CCOCC6)SC4=N3,0.00425,resistant,resistant
CVCL_0313,CC(C)(C)C1=CC(=NO1)NC(=O)NC2=CC=C(C=C2)C3=CN4C5=C(C=C(C=C5)OCCN6CCOCC6)SC4=N3,0.02352,resistant,resistant
CVCL_1639,CC(C)(C)C1=CC(=NO1)NC(=O)NC2=CC=C(C=C2)C3=CN4C5=C(C=C(C=C5)OCCN6CCOCC6)SC4=N3,0.112537,interm,interm
CVCL_1723,CC(C)(C)C1=CC(=NO1)NC(=O)NC2=CC=C(C=C2)C3=CN4C5=C(C=C(C=C5)OCCN6CCOCC6)SC4=N3,0.0701388,resistant,interm
CVCL_0042,CC(C)(C)C1=CC(=NO1)NC(=O)NC2=CC=C(C=C2)C3=CN4C5=C(C=C(C=C5)OCCN6CCOCC6)SC4=N3,0.0710739,resistant,resistant
CVCL_0186,CC(C)(C)C1=CC2=C(C=C1)C=C(C(=C2)C#N)C#N,0.0245953,resistant,resistant
CVCL_0026,CC(C)(C)C1=CC2=C(C=C1)C=C(C(=C2)C#N)C#N,0.0596272,resistant,interm
CVCL_1119,CC(C)(C)C1=CC2=C(C=C1)C=C(C(=C2)C#N)C#N,0.0807,resistant,interm
CVCL_0313,CC(C)(C)C1=CC2=C(C=C1)C=C(C(=C2)C#N)C#N,0.0,resistant,resistant
CVCL_1639,CC(C)(C)C1=CC2=C(C=C1)C=C(C(=C2)C#N)C#N,0.141025,interm,interm
CVCL_1723,CC(C)(C)C1=CC2=C(C=C1)C=C(C(=C2)C#N)C#N,0.0977267,resistant,interm
CVCL_0042,CC(C)(C)C1=CC2=C(C=C1)C=C(C(=C2)C#N)C#N,0.0312205,resistant,resistant
CVCL_0186,CC(C)(C)C1=CC=C(C=C1)S(=O)(=O)NCC2=CC=C(C=C2)C(=O)NC3=CN=CC=C3,0.272575,interm,sensitive
CVCL_0026,CC(C)(C)C1=CC=C(C=C1)S(=O)(=O)NCC2=CC=C(C=C2)C(=O)NC3=CN=CC=C3,0.0314478,resistant,interm
CVCL_1119,CC(C)(C)C1=CC=C(C=C1)S(=O)(=O)NCC2=CC=C(C=C2)C(=O)NC3=CN=CC=C3,0.180027,interm,sensitive
CVCL_0313,CC(C)(C)C1=CC=C(C=C1)S(=O)(=O)NCC2=CC=C(C=C2)C(=O)NC3=CN=CC=C3,0.108678,resistant,interm
CVCL_1639,CC(C)(C)C1=CC=C(C=C1)S(=O)(=O)NCC2=CC=C(C=C2)C(=O)NC3=CN=CC=C3,0.233292,interm,sensitive
CVCL_1723,CC(C)(C)C1=CC=C(C=C1)S(=O)(=O)NCC2=CC=C(C=C2)C(=O)NC3=CN=CC=C3,0.270497,sensitive,sensitive
CVCL_0186,CC(C)(C)C1=CN=C(O1)CSC2=CN=C(S2)NC(=O)C3CCNCC3,0.468967,sensitive,sensitive
CVCL_0026,CC(C)(C)C1=CN=C(O1)CSC2=CN=C(S2)NC(=O)C3CCNCC3,0.2836,interm,sensitive
CVCL_1119,CC(C)(C)C1=CN=C(O1)CSC2=CN=C(S2)NC(=O)C3CCNCC3,0.107806,resistant,interm
CVCL_1639,CC(C)(C)C1=CN=C(O1)CSC2=CN=C(S2)NC(=O)C3CCNCC3,0.35259,sensitive,sensitive
CVCL_1723,CC(C)(C)C1=CN=C(O1)CSC2=CN=C(S2)NC(=O)C3CCNCC3,0.356447,sensitive,sensitive
CVCL_0186,CC(C)(C)OC(=O)CN(CC1=CC=C(C=C1)Cl)CC2=CC=C(S2)[N+](=O)[O-],0.0391107,resistant,resistant
CVCL_0026,CC(C)(C)OC(=O)CN(CC1=CC=C(C=C1)Cl)CC2=CC=C(S2)[N+](=O)[O-],0.0515514,resistant,interm
CVCL_1119,CC(C)(C)OC(=O)CN(CC1=CC=C(C=C1)Cl)CC2=CC=C(S2)[N+](=O)[O-],0.0,resistant,resistant
CVCL_0313,CC(C)(C)OC(=O)CN(CC1=CC=C(C=C1)Cl)CC2=CC=C(S2)[N+](=O)[O-],0.0372831,resistant,interm
CVCL_1639,CC(C)(C)OC(=O)CN(CC1=CC=C(C=C1)Cl)CC2=CC=C(S2)[N+](=O)[O-],0.0397474,resistant,interm
CVCL_1723,CC(C)(C)OC(=O)CN(CC1=CC=C(C=C1)Cl)CC2=CC=C(S2)[N+](=O)[O-],0.184495,interm,interm
CVCL_0186,CC(C)(C)OC(=O)NC1=CC=C(C=C1)C2=CC(=NO2)C(=O)NCCCCCCC(=O)NO,0.223918,interm,interm
CVCL_0026,CC(C)(C)OC(=O)NC1=CC=C(C=C1)C2=CC(=NO2)C(=O)NCCCCCCC(=O)NO,0.123705,resistant,interm
CVCL_1119,CC(C)(C)OC(=O)NC1=CC=C(C=C1)C2=CC(=NO2)C(=O)NCCCCCCC(=O)NO,0.0871556,resistant,interm
CVCL_0313,CC(C)(C)OC(=O)NC1=CC=C(C=C1)C2=CC(=NO2)C(=O)NCCCCCCC(=O)NO,0.107013,resistant,interm
CVCL_1639,CC(C)(C)OC(=O)NC1=CC=C(C=C1)C2=CC(=NO2)C(=O)NCCCCCCC(=O)NO,0.160359,interm,interm
CVCL_1723,CC(C)(C)OC(=O)NC1=CC=C(C=C1)C2=CC(=NO2)C(=O)NCCCCCCC(=O)NO,0.123606,interm,interm
CVCL_0042,CC(C)(C)OC(=O)NC1=CC=C(C=C1)C2=CC(=NO2)C(=O)NCCCCCCC(=O)NO,0.337113,interm,sensitive
CVCL_0026,CC(C)(C)c1nc(c(s1)-c1ccnc(N)n1)-c1cccc(NS(=O)(=O)c2c(F)cccc2F)c1F,0.00987485,resistant,resistant
CVCL_1639,CC(C)(C)c1nc(c(s1)-c1ccnc(N)n1)-c1cccc(NS(=O)(=O)c2c(F)cccc2F)c1F,0.00485452,resistant,resistant
CVCL_1723,CC(C)(C)c1nc(c(s1)-c1ccnc(N)n1)-c1cccc(NS(=O)(=O)c2c(F)cccc2F)c1F,0.165915,interm,interm
CVCL_0186,CC(C)(CCC1=C2C(=C(C=C1)O)C(=O)C3=C(C4=C(C=C3O2)OC5C4(C=CO5)O)O)O,0.455751,sensitive,sensitive
CVCL_0026,CC(C)(CCC1=C2C(=C(C=C1)O)C(=O)C3=C(C4=C(C=C3O2)OC5C4(C=CO5)O)O)O,0.342482,interm,sensitive
CVCL_1119,CC(C)(CCC1=C2C(=C(C=C1)O)C(=O)C3=C(C4=C(C=C3O2)OC5C4(C=CO5)O)O)O,0.36685,sensitive,sensitive
CVCL_0313,CC(C)(CCC1=C2C(=C(C=C1)O)C(=O)C3=C(C4=C(C=C3O2)OC5C4(C=CO5)O)O)O,0.383433,sensitive,sensitive
CVCL_1639,CC(C)(CCC1=C2C(=C(C=C1)O)C(=O)C3=C(C4=C(C=C3O2)OC5C4(C=CO5)O)O)O,0.242952,interm,sensitive
CVCL_1723,CC(C)(CCC1=C2C(=C(C=C1)O)C(=O)C3=C(C4=C(C=C3O2)OC5C4(C=CO5)O)O)O,0.118369,interm,interm
CVCL_0042,CC(C)(CCC1=C2C(=C(C=C1)O)C(=O)C3=C(C4=C(C=C3O2)OC5C4(C=CO5)O)O)O,0.536604,sensitive,sensitive
CVCL_0026,CC(C)(CCCC(CC(=O)OC)(C(=O)OC1C2C3=CC4=C(C=C3CCN5C2(CCC5)C=C1OC)OCO4)O)O,0.486465,sensitive,sensitive
CVCL_1639,CC(C)(CCCC(CC(=O)OC)(C(=O)OC1C2C3=CC4=C(C=C3CCN5C2(CCC5)C=C1OC)OCO4)O)O,0.523108,sensitive,sensitive
CVCL_1723,CC(C)(CCCC(CC(=O)OC)(C(=O)OC1C2C3=CC4=C(C=C3CCN5C2(CCC5)C=C1OC)OCO4)O)O,0.440165,sensitive,sensitive
CVCL_0186,CC(C)C(=O)[C@@]12C(=O)C(CC=C(C)C)C(=O)[C@@](CC=C(C)C)(C[C@H](CC=C(C)C)[C@@]1(C)CCC=C(C)C)C2=O,0.157729,interm,interm
CVCL_0026,CC(C)C(=O)[C@@]12C(=O)C(CC=C(C)C)C(=O)[C@@](CC=C(C)C)(C[C@H](CC=C(C)C)[C@@]1(C)CCC=C(C)C)C2=O,0.202923,interm,sensitive
CVCL_1119,CC(C)C(=O)[C@@]12C(=O)C(CC=C(C)C)C(=O)[C@@](CC=C(C)C)(C[C@H](CC=C(C)C)[C@@]1(C)CCC=C(C)C)C2=O,0.162147,resistant,sensitive
CVCL_0313,CC(C)C(=O)[C@@]12C(=O)C(CC=C(C)C)C(=O)[C@@](CC=C(C)C)(C[C@H](CC=C(C)C)[C@@]1(C)CCC=C(C)C)C2=O,0.0449688,resistant,interm
CVCL_1639,CC(C)C(=O)[C@@]12C(=O)C(CC=C(C)C)C(=O)[C@@](CC=C(C)C)(C[C@H](CC=C(C)C)[C@@]1(C)CCC=C(C)C)C2=O,0.0621662,resistant,interm
CVCL_1723,CC(C)C(=O)[C@@]12C(=O)C(CC=C(C)C)C(=O)[C@@](CC=C(C)C)(C[C@H](CC=C(C)C)[C@@]1(C)CCC=C(C)C)C2=O,0.080782,resistant,interm
CVCL_0042,CC(C)C(=O)[C@@]12C(=O)C(CC=C(C)C)C(=O)[C@@](CC=C(C)C)(C[C@H](CC=C(C)C)[C@@]1(C)CCC=C(C)C)C2=O,0.0281313,resistant,resistant
CVCL_0186,CC(C)C12C(O1)C3C4(O3)C5(CCC6=C(C5CC7C4(C2O)O7)COC6=O)C,0.302119,sensitive,sensitive
CVCL_0026,CC(C)C12C(O1)C3C4(O3)C5(CCC6=C(C5CC7C4(C2O)O7)COC6=O)C,0.194523,interm,sensitive
CVCL_1119,CC(C)C12C(O1)C3C4(O3)C5(CCC6=C(C5CC7C4(C2O)O7)COC6=O)C,0.125986,resistant,sensitive
CVCL_0313,CC(C)C12C(O1)C3C4(O3)C5(CCC6=C(C5CC7C4(C2O)O7)COC6=O)C,0.198795,interm,sensitive
CVCL_1639,CC(C)C12C(O1)C3C4(O3)C5(CCC6=C(C5CC7C4(C2O)O7)COC6=O)C,0.213214,interm,sensitive
CVCL_1723,CC(C)C12C(O1)C3C4(O3)C5(CCC6=C(C5CC7C4(C2O)O7)COC6=O)C,0.22598,interm,sensitive
CVCL_0042,CC(C)C12C(O1)C3C4(O3)C5(CCC6=C(C5CC7C4(C2O)O7)COC6=O)C,0.369321,interm,sensitive
CVCL_0026,CC(C)C1=CC(=C(C=C1O)O)C(=O)N2CC3=C(C2)C=C(C=C3)CN4CCN(CC4)C,0.358954,sensitive,sensitive
CVCL_1639,CC(C)C1=CC(=C(C=C1O)O)C(=O)N2CC3=C(C2)C=C(C=C3)CN4CCN(CC4)C,0.282912,sensitive,sensitive
CVCL_1723,CC(C)C1=CC(=C(C=C1O)O)C(=O)N2CC3=C(C2)C=C(C=C3)CN4CCN(CC4)C,0.585119,sensitive,sensitive
CVCL_0186,CC(C)C1=CC=C(C=C1)CN2C=CC3=C2C=CC4=C3C(=NC(=N4)NC5CC5)N.Cl.Cl,0.335294,sensitive,sensitive
CVCL_0026,CC(C)C1=CC=C(C=C1)CN2C=CC3=C2C=CC4=C3C(=NC(=N4)NC5CC5)N.Cl.Cl,0.219046,interm,sensitive
CVCL_1119,CC(C)C1=CC=C(C=C1)CN2C=CC3=C2C=CC4=C3C(=NC(=N4)NC5CC5)N.Cl.Cl,0.262138,interm,sensitive
CVCL_0313,CC(C)C1=CC=C(C=C1)CN2C=CC3=C2C=CC4=C3C(=NC(=N4)NC5CC5)N.Cl.Cl,0.175404,interm,sensitive
CVCL_1639,CC(C)C1=CC=C(C=C1)CN2C=CC3=C2C=CC4=C3C(=NC(=N4)NC5CC5)N.Cl.Cl,0.34862,sensitive,sensitive
CVCL_1723,CC(C)C1=CC=C(C=C1)CN2C=CC3=C2C=CC4=C3C(=NC(=N4)NC5CC5)N.Cl.Cl,0.38949,sensitive,sensitive
CVCL_0042,CC(C)C1=CC=C(C=C1)CN2C=CC3=C2C=CC4=C3C(=NC(=N4)NC5CC5)N.Cl.Cl,0.369714,interm,sensitive
CVCL_0186,CC(C)C1=CC=CC=C1CC2=C(C(=C(C(=C2)C(=O)NC3=CC=C(C=C3)S(=O)(=O)C4=CC=CC=C4C(C)(C)C)O)O)O,0.0257437,resistant,resistant
CVCL_0026,CC(C)C1=CC=CC=C1CC2=C(C(=C(C(=C2)C(=O)NC3=CC=C(C=C3)S(=O)(=O)C4=CC=CC=C4C(C)(C)C)O)O)O,0.261345,interm,sensitive
CVCL_1119,CC(C)C1=CC=CC=C1CC2=C(C(=C(C(=C2)C(=O)NC3=CC=C(C=C3)S(=O)(=O)C4=CC=CC=C4C(C)(C)C)O)O)O,0.0278692,resistant,interm
CVCL_1639,CC(C)C1=CC=CC=C1CC2=C(C(=C(C(=C2)C(=O)NC3=CC=C(C=C3)S(=O)(=O)C4=CC=CC=C4C(C)(C)C)O)O)O,0.125816,interm,interm
CVCL_1723,CC(C)C1=CC=CC=C1CC2=C(C(=C(C(=C2)C(=O)NC3=CC=C(C=C3)S(=O)(=O)C4=CC=CC=C4C(C)(C)C)O)O)O,0.201235,interm,interm
CVCL_0186,CC(C)C1=CC=CC=C1OC(=O)NCCC2=CC3=CC=CC=C3C=C2,0.0140225,resistant,resistant
CVCL_0026,CC(C)C1=CC=CC=C1OC(=O)NCCC2=CC3=CC=CC=C3C=C2,0.0338685,resistant,interm
CVCL_1119,CC(C)C1=CC=CC=C1OC(=O)NCCC2=CC3=CC=CC=C3C=C2,0.0120397,resistant,interm
CVCL_0313,CC(C)C1=CC=CC=C1OC(=O)NCCC2=CC3=CC=CC=C3C=C2,0.00491437,resistant,resistant
CVCL_1639,CC(C)C1=CC=CC=C1OC(=O)NCCC2=CC3=CC=CC=C3C=C2,0.0192881,resistant,resistant
CVCL_1723,CC(C)C1=CC=CC=C1OC(=O)NCCC2=CC3=CC=CC=C3C=C2,0.0796146,resistant,interm
CVCL_0042,CC(C)C1=CC=CC=C1OC(=O)NCCC2=CC3=CC=CC=C3C=C2,0.0806375,resistant,interm
CVCL_0186,CC(C)CC#Cc1ccc2c(O[C@@H](CN(C)C(=O)c3cnccn3)[C@H](C)CN([C@H](C)CO)S2(=O)=O)c1,0.0914959,resistant,interm
CVCL_0026,CC(C)CC#Cc1ccc2c(O[C@@H](CN(C)C(=O)c3cnccn3)[C@H](C)CN([C@H](C)CO)S2(=O)=O)c1,0.0577481,resistant,interm
CVCL_1119,CC(C)CC#Cc1ccc2c(O[C@@H](CN(C)C(=O)c3cnccn3)[C@H](C)CN([C@H](C)CO)S2(=O)=O)c1,0.0,resistant,resistant
CVCL_0313,CC(C)CC#Cc1ccc2c(O[C@@H](CN(C)C(=O)c3cnccn3)[C@H](C)CN([C@H](C)CO)S2(=O)=O)c1,0.00555638,resistant,resistant
CVCL_1639,CC(C)CC#Cc1ccc2c(O[C@@H](CN(C)C(=O)c3cnccn3)[C@H](C)CN([C@H](C)CO)S2(=O)=O)c1,0.036766,resistant,resistant
CVCL_1723,CC(C)CC#Cc1ccc2c(O[C@@H](CN(C)C(=O)c3cnccn3)[C@H](C)CN([C@H](C)CO)S2(=O)=O)c1,0.0598614,resistant,interm
CVCL_0042,CC(C)CC#Cc1ccc2c(O[C@@H](CN(C)C(=O)c3cnccn3)[C@H](C)CN([C@H](C)CO)S2(=O)=O)c1,0.164363,resistant,interm
CVCL_0186,CC(C)CC(=O)Nc1n[nH]c2c1CN(C(=O)C1CCN(C)CC1)C2(C)C,0.345782,sensitive,sensitive
CVCL_0026,CC(C)CC(=O)Nc1n[nH]c2c1CN(C(=O)C1CCN(C)CC1)C2(C)C,0.0718721,resistant,interm
CVCL_1119,CC(C)CC(=O)Nc1n[nH]c2c1CN(C(=O)C1CCN(C)CC1)C2(C)C,0.114565,resistant,interm
CVCL_0313,CC(C)CC(=O)Nc1n[nH]c2c1CN(C(=O)C1CCN(C)CC1)C2(C)C,0.106197,resistant,interm
CVCL_1639,CC(C)CC(=O)Nc1n[nH]c2c1CN(C(=O)C1CCN(C)CC1)C2(C)C,0.163419,interm,interm
CVCL_1723,CC(C)CC(=O)Nc1n[nH]c2c1CN(C(=O)C1CCN(C)CC1)C2(C)C,0.185353,interm,interm
CVCL_0042,CC(C)CC(=O)Nc1n[nH]c2c1CN(C(=O)C1CCN(C)CC1)C2(C)C,0.449996,sensitive,sensitive
CVCL_0186,CC(C)CC(C(=O)NC(CC1=CC=CC=C1)C(=O)N)NC(=O)C(CC2=CC=CC=C2)CC(C(CC3=CC=CC=C3)NC(=O)OC(C)(C)C)O,0.149846,interm,interm
CVCL_0026,CC(C)CC(C(=O)NC(CC1=CC=CC=C1)C(=O)N)NC(=O)C(CC2=CC=CC=C2)CC(C(CC3=CC=CC=C3)NC(=O)OC(C)(C)C)O,0.0115016,resistant,resistant
CVCL_1119,CC(C)CC(C(=O)NC(CC1=CC=CC=C1)C(=O)N)NC(=O)C(CC2=CC=CC=C2)CC(C(CC3=CC=CC=C3)NC(=O)OC(C)(C)C)O,0.00339996,resistant,resistant
CVCL_0313,CC(C)CC(C(=O)NC(CC1=CC=CC=C1)C(=O)N)NC(=O)C(CC2=CC=CC=C2)CC(C(CC3=CC=CC=C3)NC(=O)OC(C)(C)C)O,0.0332462,resistant,interm
CVCL_1639,CC(C)CC(C(=O)NC(CC1=CC=CC=C1)C(=O)N)NC(=O)C(CC2=CC=CC=C2)CC(C(CC3=CC=CC=C3)NC(=O)OC(C)(C)C)O,0.0429253,resistant,interm
CVCL_1723,CC(C)CC(C(=O)NC(CC1=CC=CC=C1)C(=O)N)NC(=O)C(CC2=CC=CC=C2)CC(C(CC3=CC=CC=C3)NC(=O)OC(C)(C)C)O,0.0576734,resistant,interm
CVCL_0042,CC(C)CC(C(=O)NC(CC1=CC=CC=C1)C(=O)N)NC(=O)C(CC2=CC=CC=C2)CC(C(CC3=CC=CC=C3)NC(=O)OC(C)(C)C)O,0.0,resistant,resistant
CVCL_0186,CC(C)CC(C(C(=O)NO)O)C(=O)NC(C1=CC=CC=C1)C(=O)OC2CCCC2,0.460447,sensitive,sensitive
CVCL_0026,CC(C)CC(C(C(=O)NO)O)C(=O)NC(C1=CC=CC=C1)C(=O)OC2CCCC2,0.167633,resistant,sensitive
CVCL_1119,CC(C)CC(C(C(=O)NO)O)C(=O)NC(C1=CC=CC=C1)C(=O)OC2CCCC2,0.181213,interm,sensitive
CVCL_0313,CC(C)CC(C(C(=O)NO)O)C(=O)NC(C1=CC=CC=C1)C(=O)OC2CCCC2,0.0939618,resistant,interm
CVCL_1639,CC(C)CC(C(C(=O)NO)O)C(=O)NC(C1=CC=CC=C1)C(=O)OC2CCCC2,0.109251,interm,interm
CVCL_1723,CC(C)CC(C(C(=O)NO)O)C(=O)NC(C1=CC=CC=C1)C(=O)OC2CCCC2,0.150261,interm,interm
CVCL_0042,CC(C)CC(C(C(=O)NO)O)C(=O)NC(C1=CC=CC=C1)C(=O)OC2CCCC2,0.304737,interm,interm
CVCL_1723,CC(C)CC(C=O)NC(=O)C(CC(C)C)NC(=O)C(CC(C)C)NC(=O)OCC1=CC=CC=C1,0.201403,interm,sensitive
CVCL_0186,CC(C)CC1C2=C(CC3N1C(=O)C(NC3=O)CCC(=O)OC(C)(C)C)C4=C(N2)C=C(C=C4)OC,0.126092,resistant,interm
CVCL_0026,CC(C)CC1C2=C(CC3N1C(=O)C(NC3=O)CCC(=O)OC(C)(C)C)C4=C(N2)C=C(C=C4)OC,0.0396327,resistant,interm
CVCL_1119,CC(C)CC1C2=C(CC3N1C(=O)C(NC3=O)CCC(=O)OC(C)(C)C)C4=C(N2)C=C(C=C4)OC,0.00648715,resistant,resistant
CVCL_0313,CC(C)CC1C2=C(CC3N1C(=O)C(NC3=O)CCC(=O)OC(C)(C)C)C4=C(N2)C=C(C=C4)OC,0.135062,interm,sensitive
CVCL_1639,CC(C)CC1C2=C(CC3N1C(=O)C(NC3=O)CCC(=O)OC(C)(C)C)C4=C(N2)C=C(C=C4)OC,0.0978209,resistant,interm
CVCL_1723,CC(C)CC1C2=C(CC3N1C(=O)C(NC3=O)CCC(=O)OC(C)(C)C)C4=C(N2)C=C(C=C4)OC,0.282751,sensitive,sensitive
CVCL_0042,CC(C)CC1C2=C(CC3N1C(=O)C(NC3=O)CCC(=O)OC(C)(C)C)C4=C(N2)C=C(C=C4)OC,0.21436,resistant,interm
CVCL_0186,CC(C)CNC1=NC(=NC=C1)NCC2=CSC(=N2)C3=CC=CC=C3,0.187996,interm,interm
CVCL_0026,CC(C)CNC1=NC(=NC=C1)NCC2=CSC(=N2)C3=CC=CC=C3,0.171623,resistant,sensitive
CVCL_1119,CC(C)CNC1=NC(=NC=C1)NCC2=CSC(=N2)C3=CC=CC=C3,0.138031,resistant,sensitive
CVCL_0313,CC(C)CNC1=NC(=NC=C1)NCC2=CSC(=N2)C3=CC=CC=C3,0.18532,interm,sensitive
CVCL_1639,CC(C)CNC1=NC(=NC=C1)NCC2=CSC(=N2)C3=CC=CC=C3,0.176507,interm,interm
CVCL_1723,CC(C)CNC1=NC(=NC=C1)NCC2=CSC(=N2)C3=CC=CC=C3,0.182104,interm,interm
CVCL_0042,CC(C)CNC1=NC(=NC=C1)NCC2=CSC(=N2)C3=CC=CC=C3,0.268725,interm,interm
CVCL_0186,CC(C)C[C@H](NC(=O)CNC(=O)c1cc(Cl)ccc1Cl)B(O)O,0.438753,sensitive,sensitive
CVCL_0026,CC(C)C[C@H](NC(=O)CNC(=O)c1cc(Cl)ccc1Cl)B(O)O,0.201188,interm,sensitive
CVCL_1119,CC(C)C[C@H](NC(=O)CNC(=O)c1cc(Cl)ccc1Cl)B(O)O,0.347817,sensitive,sensitive
CVCL_0313,CC(C)C[C@H](NC(=O)CNC(=O)c1cc(Cl)ccc1Cl)B(O)O,0.389069,sensitive,sensitive
CVCL_1723,CC(C)C[C@H](NC(=O)CNC(=O)c1cc(Cl)ccc1Cl)B(O)O,0.502021,sensitive,sensitive
CVCL_0042,CC(C)C[C@H](NC(=O)CNC(=O)c1cc(Cl)ccc1Cl)B(O)O,0.318783,interm,sensitive
CVCL_0186,CC(C)N(CCCNC(=O)Nc1ccc(cc1)C(C)(C)C)C[C@H]1O[C@H](C(O)[C@H]1O)n1cnc2c(N)ncnc12,0.0318623,resistant,resistant
CVCL_0026,CC(C)N(CCCNC(=O)Nc1ccc(cc1)C(C)(C)C)C[C@H]1O[C@H](C(O)[C@H]1O)n1cnc2c(N)ncnc12,0.00234798,resistant,resistant
CVCL_1119,CC(C)N(CCCNC(=O)Nc1ccc(cc1)C(C)(C)C)C[C@H]1O[C@H](C(O)[C@H]1O)n1cnc2c(N)ncnc12,0.000276729,resistant,resistant
CVCL_0313,CC(C)N(CCCNC(=O)Nc1ccc(cc1)C(C)(C)C)C[C@H]1O[C@H](C(O)[C@H]1O)n1cnc2c(N)ncnc12,0.042725,resistant,interm
CVCL_1639,CC(C)N(CCCNC(=O)Nc1ccc(cc1)C(C)(C)C)C[C@H]1O[C@H](C(O)[C@H]1O)n1cnc2c(N)ncnc12,0.0883375,resistant,interm
CVCL_1723,CC(C)N(CCCNC(=O)Nc1ccc(cc1)C(C)(C)C)C[C@H]1O[C@H](C(O)[C@H]1O)n1cnc2c(N)ncnc12,0.00358945,resistant,resistant
CVCL_0042,CC(C)N(CCCNC(=O)Nc1ccc(cc1)C(C)(C)C)C[C@H]1O[C@H](C(O)[C@H]1O)n1cnc2c(N)ncnc12,0.112517,resistant,interm
CVCL_0186,CC(C)N1C(=O)/C(=C\C2=CC=C(O2)SC3=NC4=CC=CC=C4N3)/SC1=O,0.0748099,resistant,interm
CVCL_0026,CC(C)N1C(=O)/C(=C\C2=CC=C(O2)SC3=NC4=CC=CC=C4N3)/SC1=O,0.130218,resistant,interm
CVCL_1119,CC(C)N1C(=O)/C(=C\C2=CC=C(O2)SC3=NC4=CC=CC=C4N3)/SC1=O,0.0339689,resistant,interm
CVCL_0313,CC(C)N1C(=O)/C(=C\C2=CC=C(O2)SC3=NC4=CC=CC=C4N3)/SC1=O,0.0563669,resistant,interm
CVCL_1639,CC(C)N1C(=O)/C(=C\C2=CC=C(O2)SC3=NC4=CC=CC=C4N3)/SC1=O,0.108751,interm,interm
CVCL_1723,CC(C)N1C(=O)/C(=C\C2=CC=C(O2)SC3=NC4=CC=CC=C4N3)/SC1=O,0.106381,interm,interm
CVCL_0042,CC(C)N1C(=O)/C(=C\C2=CC=C(O2)SC3=NC4=CC=CC=C4N3)/SC1=O,0.13058,resistant,interm
CVCL_0186,CC(C)N1C=NC2=C(N=C(N=C21)C3=CSC4=CC=CC=C43)NCCC5=CC=C(C=C5)O,0.134528,resistant,interm
CVCL_0026,CC(C)N1C=NC2=C(N=C(N=C21)C3=CSC4=CC=CC=C43)NCCC5=CC=C(C=C5)O,0.055898,resistant,interm
CVCL_1119,CC(C)N1C=NC2=C(N=C(N=C21)C3=CSC4=CC=CC=C43)NCCC5=CC=C(C=C5)O,0.0992528,resistant,interm
CVCL_0313,CC(C)N1C=NC2=C(N=C(N=C21)C3=CSC4=CC=CC=C43)NCCC5=CC=C(C=C5)O,0.0680471,resistant,interm
CVCL_1639,CC(C)N1C=NC2=C(N=C(N=C21)C3=CSC4=CC=CC=C43)NCCC5=CC=C(C=C5)O,0.15338,interm,interm
CVCL_1723,CC(C)N1C=NC2=C(N=C(N=C21)C3=CSC4=CC=CC=C43)NCCC5=CC=C(C=C5)O,0.0533935,resistant,interm
CVCL_0042,CC(C)N1C=NC2=C(N=C(N=C21)C3=CSC4=CC=CC=C43)NCCC5=CC=C(C=C5)O,0.0642322,resistant,resistant
CVCL_0186,CC(C)N1C=NC2=C1N=C(N=C2NCC3=CC=CC=C3)NCCO,0.209214,interm,interm
CVCL_0026,CC(C)N1C=NC2=C1N=C(N=C2NCC3=CC=CC=C3)NCCO,0.122174,resistant,interm
CVCL_1119,CC(C)N1C=NC2=C1N=C(N=C2NCC3=CC=CC=C3)NCCO,0.0820517,resistant,interm
CVCL_0313,CC(C)N1C=NC2=C1N=C(N=C2NCC3=CC=CC=C3)NCCO,0.109664,resistant,interm
CVCL_1639,CC(C)N1C=NC2=C1N=C(N=C2NCC3=CC=CC=C3)NCCO,0.1102,interm,interm
CVCL_1723,CC(C)N1C=NC2=C1N=C(N=C2NCC3=CC=CC=C3)NCCO,0.135125,interm,interm
CVCL_0042,CC(C)N1C=NC2=C1N=C(N=C2NCC3=CC=CC=C3)NCCO,0.264494,interm,interm
CVCL_0186,CC(C)N1CCC(CC1)NC2=NC(=NC3=CC(=C(C=C32)OC)OCCCN4CCCC4)C5CCCCC5,0.0195027,resistant,resistant
CVCL_0026,CC(C)N1CCC(CC1)NC2=NC(=NC3=CC(=C(C=C32)OC)OCCCN4CCCC4)C5CCCCC5,0.00290304,resistant,resistant
CVCL_1119,CC(C)N1CCC(CC1)NC2=NC(=NC3=CC(=C(C=C32)OC)OCCCN4CCCC4)C5CCCCC5,0.017248,resistant,interm
CVCL_0313,CC(C)N1CCC(CC1)NC2=NC(=NC3=CC(=C(C=C32)OC)OCCCN4CCCC4)C5CCCCC5,0.0348047,resistant,interm
CVCL_1723,CC(C)N1CCC(CC1)NC2=NC(=NC3=CC(=C(C=C32)OC)OCCCN4CCCC4)C5CCCCC5,0.010077,resistant,resistant
CVCL_0042,CC(C)N1CCC(CC1)NC2=NC(=NC3=CC(=C(C=C32)OC)OCCCN4CCCC4)C5CCCCC5,0.11005,resistant,interm
CVCL_0186,CC(C)N1C[C@@H](C)[C@H](CN(C)Cc2ccc(Oc3ccccc3)cc2)Oc2c(NC(=O)c3ccncc3)cccc2C1=O,0.0373532,resistant,resistant
CVCL_1119,CC(C)N1C[C@@H](C)[C@H](CN(C)Cc2ccc(Oc3ccccc3)cc2)Oc2c(NC(=O)c3ccncc3)cccc2C1=O,0.144568,resistant,sensitive
CVCL_0313,CC(C)N1C[C@@H](C)[C@H](CN(C)Cc2ccc(Oc3ccccc3)cc2)Oc2c(NC(=O)c3ccncc3)cccc2C1=O,0.0206975,resistant,resistant
CVCL_0042,CC(C)N1C[C@@H](C)[C@H](CN(C)Cc2ccc(Oc3ccccc3)cc2)Oc2c(NC(=O)c3ccncc3)cccc2C1=O,0.0756,resistant,interm
CVCL_0186,CC(C)NC(=O)N(C)C[C@H]1Oc2ccc(cc2C(=O)N(C[C@H]1C)[C@H](C)CO)N(C)C,0.0841111,resistant,interm
CVCL_1119,CC(C)NC(=O)N(C)C[C@H]1Oc2ccc(cc2C(=O)N(C[C@H]1C)[C@H](C)CO)N(C)C,0.0,resistant,resistant
CVCL_0313,CC(C)NC(=O)N(C)C[C@H]1Oc2ccc(cc2C(=O)N(C[C@H]1C)[C@H](C)CO)N(C)C,0.0127998,resistant,resistant
CVCL_0042,CC(C)NC(=O)N(C)C[C@H]1Oc2ccc(cc2C(=O)N(C[C@H]1C)[C@H](C)CO)N(C)C,0.0442027,resistant,resistant
CVCL_0186,CC(C)NC(=O)Nc1ccc2O[C@@H](CN(C)S(=O)(=O)c3ccc(Cl)cc3)[C@H](C)CN([C@H](C)CO)C(=O)c2c1,0.0,resistant,resistant
CVCL_1119,CC(C)NC(=O)Nc1ccc2O[C@@H](CN(C)S(=O)(=O)c3ccc(Cl)cc3)[C@H](C)CN([C@H](C)CO)C(=O)c2c1,0.0,resistant,resistant
CVCL_0313,CC(C)NC(=O)Nc1ccc2O[C@@H](CN(C)S(=O)(=O)c3ccc(Cl)cc3)[C@H](C)CN([C@H](C)CO)C(=O)c2c1,0.0153312,resistant,resistant
CVCL_0042,CC(C)NC(=O)Nc1ccc2O[C@@H](CN(C)S(=O)(=O)c3ccc(Cl)cc3)[C@H](C)CN([C@H](C)CO)C(=O)c2c1,0.283881,interm,interm
CVCL_0186,CC(C)NC(=O)Nc1ccc2O[C@@H](CN(C)S(C)(=O)=O)[C@@H](C)CN([C@H](C)CO)C(=O)Cc2c1,0.0171387,resistant,resistant
CVCL_1119,CC(C)NC(=O)Nc1ccc2O[C@@H](CN(C)S(C)(=O)=O)[C@@H](C)CN([C@H](C)CO)C(=O)Cc2c1,0.0282187,resistant,interm
CVCL_0313,CC(C)NC(=O)Nc1ccc2O[C@@H](CN(C)S(C)(=O)=O)[C@@H](C)CN([C@H](C)CO)C(=O)Cc2c1,0.027475,resistant,interm
CVCL_1723,CC(C)NC(=O)Nc1ccc2O[C@@H](CN(C)S(C)(=O)=O)[C@@H](C)CN([C@H](C)CO)C(=O)Cc2c1,0.0177858,resistant,resistant
CVCL_0042,CC(C)NC(=O)Nc1ccc2O[C@@H](CN(C)S(C)(=O)=O)[C@@H](C)CN([C@H](C)CO)C(=O)Cc2c1,0.122394,resistant,interm
CVCL_0026,CC(C)OC(=O)/C=C\N1C=NC(=N1)C2=CC(=CC(=C2)OC)C(F)(F)F,0.15659,resistant,sensitive
CVCL_1639,CC(C)OC(=O)/C=C\N1C=NC(=N1)C2=CC(=CC(=C2)OC)C(F)(F)F,0.269685,sensitive,sensitive
CVCL_1723,CC(C)OC(=O)/C=C\N1C=NC(=N1)C2=CC(=CC(=C2)OC)C(F)(F)F,0.421438,sensitive,sensitive
CVCL_0186,CC(C)OC(=O)C1=CN(CC(C2=C1NC3=CC=CC=C32)(C)C)C(=O)C4=CC(=C(C=C4)F)F,0.167957,interm,interm
CVCL_0026,CC(C)OC(=O)C1=CN(CC(C2=C1NC3=CC=CC=C32)(C)C)C(=O)C4=CC(=C(C=C4)F)F,0.0286187,resistant,resistant
CVCL_1119,CC(C)OC(=O)C1=CN(CC(C2=C1NC3=CC=CC=C32)(C)C)C(=O)C4=CC(=C(C=C4)F)F,0.0150062,resistant,interm
CVCL_0313,CC(C)OC(=O)C1=CN(CC(C2=C1NC3=CC=CC=C32)(C)C)C(=O)C4=CC(=C(C=C4)F)F,0.0656812,resistant,interm
CVCL_1639,CC(C)OC(=O)C1=CN(CC(C2=C1NC3=CC=CC=C32)(C)C)C(=O)C4=CC(=C(C=C4)F)F,0.0383,resistant,interm
CVCL_1723,CC(C)OC(=O)C1=CN(CC(C2=C1NC3=CC=CC=C32)(C)C)C(=O)C4=CC(=C(C=C4)F)F,0.0807313,resistant,interm
CVCL_0042,CC(C)OC(=O)C1=CN(CC(C2=C1NC3=CC=CC=C32)(C)C)C(=O)C4=CC(=C(C=C4)F)F,0.0887688,resistant,interm
CVCL_0186,CC(C)OC1=C(C=CC(=C1)OC)C2=NC(C(N2C(=O)N3CCNC(=O)C3)C4=CC=C(C=C4)Cl)C5=CC=C(C=C5)Cl,0.0836422,resistant,interm
CVCL_0026,CC(C)OC1=C(C=CC(=C1)OC)C2=NC(C(N2C(=O)N3CCNC(=O)C3)C4=CC=C(C=C4)Cl)C5=CC=C(C=C5)Cl,0.0455937,resistant,interm
CVCL_1119,CC(C)OC1=C(C=CC(=C1)OC)C2=NC(C(N2C(=O)N3CCNC(=O)C3)C4=CC=C(C=C4)Cl)C5=CC=C(C=C5)Cl,0.0525508,resistant,interm
CVCL_0313,CC(C)OC1=C(C=CC(=C1)OC)C2=NC(C(N2C(=O)N3CCNC(=O)C3)C4=CC=C(C=C4)Cl)C5=CC=C(C=C5)Cl,0.0696882,resistant,interm
CVCL_1639,CC(C)OC1=C(C=CC(=C1)OC)C2=NC(C(N2C(=O)N3CCNC(=O)C3)C4=CC=C(C=C4)Cl)C5=CC=C(C=C5)Cl,0.0717601,resistant,interm
CVCL_1723,CC(C)OC1=C(C=CC(=C1)OC)C2=NC(C(N2C(=O)N3CCNC(=O)C3)C4=CC=C(C=C4)Cl)C5=CC=C(C=C5)Cl,0.0412698,resistant,interm
CVCL_0042,CC(C)OC1=C(C=CC(=C1)OC)C2=NC(C(N2C(=O)N3CCNC(=O)C3)C4=CC=C(C=C4)Cl)C5=CC=C(C=C5)Cl,0.223313,resistant,interm
CVCL_0186,CC(C)S(=O)(=O)C1=CC=CC=C1NC2=NC(=NC=C2Cl)NC3=C(C=C(C=C3)N4CCC(CC4)N5CCN(CC5)C)OC,0.341435,sensitive,sensitive
CVCL_0026,CC(C)S(=O)(=O)C1=CC=CC=C1NC2=NC(=NC=C2Cl)NC3=C(C=C(C=C3)N4CCC(CC4)N5CCN(CC5)C)OC,0.365046,sensitive,sensitive
CVCL_1119,CC(C)S(=O)(=O)C1=CC=CC=C1NC2=NC(=NC=C2Cl)NC3=C(C=C(C=C3)N4CCC(CC4)N5CCN(CC5)C)OC,0.175967,interm,sensitive
CVCL_0313,CC(C)S(=O)(=O)C1=CC=CC=C1NC2=NC(=NC=C2Cl)NC3=C(C=C(C=C3)N4CCC(CC4)N5CCN(CC5)C)OC,0.207948,interm,sensitive
CVCL_1639,CC(C)S(=O)(=O)C1=CC=CC=C1NC2=NC(=NC=C2Cl)NC3=C(C=C(C=C3)N4CCC(CC4)N5CCN(CC5)C)OC,0.304228,sensitive,sensitive
CVCL_1723,CC(C)S(=O)(=O)C1=CC=CC=C1NC2=NC(=NC=C2Cl)NC3=C(C=C(C=C3)N4CCC(CC4)N5CCN(CC5)C)OC,0.344817,sensitive,sensitive
CVCL_0042,CC(C)S(=O)(=O)C1=CC=CC=C1NC2=NC(=NC=C2Cl)NC3=C(C=C(C=C3)N4CCC(CC4)N5CCN(CC5)C)OC,0.415099,sensitive,sensitive
CVCL_0186,CC(C)n1c(/C=C/[C@@H](O)C[C@@H](O)CC(=O)O)c(c2ccc(F)cc2)c3ccccc13,0.162482,interm,interm
CVCL_0026,CC(C)n1c(/C=C/[C@@H](O)C[C@@H](O)CC(=O)O)c(c2ccc(F)cc2)c3ccccc13,0.0901869,resistant,interm
CVCL_1119,CC(C)n1c(/C=C/[C@@H](O)C[C@@H](O)CC(=O)O)c(c2ccc(F)cc2)c3ccccc13,0.0646971,resistant,interm
CVCL_0313,CC(C)n1c(/C=C/[C@@H](O)C[C@@H](O)CC(=O)O)c(c2ccc(F)cc2)c3ccccc13,0.0517932,resistant,interm
CVCL_1639,CC(C)n1c(/C=C/[C@@H](O)C[C@@H](O)CC(=O)O)c(c2ccc(F)cc2)c3ccccc13,0.0079074,resistant,resistant
CVCL_1723,CC(C)n1c(/C=C/[C@@H](O)C[C@@H](O)CC(=O)O)c(c2ccc(F)cc2)c3ccccc13,0.253265,sensitive,sensitive
CVCL_0026,CC(C)n1ncc2c(cc(Br)cc12)C(=O)NCc1c(C)cc(C)[nH]c1=O,0.00169712,resistant,resistant
CVCL_1639,CC(C)n1ncc2c(cc(Br)cc12)C(=O)NCc1c(C)cc(C)[nH]c1=O,0.00334438,resistant,resistant
CVCL_1723,CC(C)n1ncc2c(cc(Br)cc12)C(=O)NCc1c(C)cc(C)[nH]c1=O,0.00261329,resistant,resistant
CVCL_0026,CC(C)n1ncc2c(cc(cc12)-c1ccc(nc1)N1CCNCC1)C(=O)NCc1c(C)cc(C)[nH]c1=O,0.00426618,resistant,resistant
CVCL_1639,CC(C)n1ncc2c(cc(cc12)-c1ccc(nc1)N1CCNCC1)C(=O)NCc1c(C)cc(C)[nH]c1=O,0.0115011,resistant,resistant
CVCL_1723,CC(C)n1ncc2c(cc(cc12)-c1ccc(nc1)N1CCNCC1)C(=O)NCc1c(C)cc(C)[nH]c1=O,0.0274329,resistant,resistant
CVCL_0186,CC(C1=C(C=C(C=C1Cl)F)Cl)OC2=C(N=CC(=C2)C3=CN(N=C3)C4CCNCC4)N,0.279792,interm,sensitive
CVCL_0026,CC(C1=C(C=C(C=C1Cl)F)Cl)OC2=C(N=CC(=C2)C3=CN(N=C3)C4CCNCC4)N,0.486797,sensitive,sensitive
CVCL_1119,CC(C1=C(C=C(C=C1Cl)F)Cl)OC2=C(N=CC(=C2)C3=CN(N=C3)C4CCNCC4)N,0.198669,interm,sensitive
CVCL_0313,CC(C1=C(C=C(C=C1Cl)F)Cl)OC2=C(N=CC(=C2)C3=CN(N=C3)C4CCNCC4)N,0.196843,interm,sensitive
CVCL_1639,CC(C1=C(C=C(C=C1Cl)F)Cl)OC2=C(N=CC(=C2)C3=CN(N=C3)C4CCNCC4)N,0.219298,interm,sensitive
CVCL_1723,CC(C1=C(C=C(C=C1Cl)F)Cl)OC2=C(N=CC(=C2)C3=CN(N=C3)C4CCNCC4)N,0.204039,interm,sensitive
CVCL_0042,CC(C1=C(C=C(C=C1Cl)F)Cl)OC2=C(N=CC(=C2)C3=CN(N=C3)C4CCNCC4)N,0.324136,interm,sensitive
CVCL_0026,CC(C1=CC=CC=C1)C(=O)NC2=CC=CC(=C2)NC=C3C(=O)C=CC4=CC=CC=C43,0.145687,resistant,interm
CVCL_1639,CC(C1=CC=CC=C1)C(=O)NC2=CC=CC(=C2)NC=C3C(=O)C=CC4=CC=CC=C43,0.11021,interm,interm
CVCL_1723,CC(C1=CC=CC=C1)C(=O)NC2=CC=CC(=C2)NC=C3C(=O)C=CC4=CC=CC=C43,0.125959,interm,interm
CVCL_0186,CC(C1=CC=CC=C1C(F)(F)F)OC2=C(SC(=C2)N3C=NC4=C3C=C(C=C4)CN5CCN(CC5)C)C(=O)N,0.505971,sensitive,sensitive
CVCL_0026,CC(C1=CC=CC=C1C(F)(F)F)OC2=C(SC(=C2)N3C=NC4=C3C=C(C=C4)CN5CCN(CC5)C)C(=O)N,0.184448,resistant,sensitive
CVCL_1119,CC(C1=CC=CC=C1C(F)(F)F)OC2=C(SC(=C2)N3C=NC4=C3C=C(C=C4)CN5CCN(CC5)C)C(=O)N,0.356235,sensitive,sensitive
CVCL_0313,CC(C1=CC=CC=C1C(F)(F)F)OC2=C(SC(=C2)N3C=NC4=C3C=C(C=C4)CN5CCN(CC5)C)C(=O)N,0.31822,sensitive,sensitive
CVCL_1639,CC(C1=CC=CC=C1C(F)(F)F)OC2=C(SC(=C2)N3C=NC4=C3C=C(C=C4)CN5CCN(CC5)C)C(=O)N,0.522295,sensitive,sensitive
CVCL_1723,CC(C1=CC=CC=C1C(F)(F)F)OC2=C(SC(=C2)N3C=NC4=C3C=C(C=C4)CN5CCN(CC5)C)C(=O)N,0.3689,sensitive,sensitive
CVCL_0042,CC(C1=CC=CC=C1C(F)(F)F)OC2=C(SC(=C2)N3C=NC4=C3C=C(C=C4)CN5CCN(CC5)C)C(=O)N,0.603083,sensitive,sensitive
CVCL_0186,CC(Nc1nc(nc2ccccc12)N3CCCC3)c4ccccc4,0.0913044,resistant,interm
CVCL_0026,CC(Nc1nc(nc2ccccc12)N3CCCC3)c4ccccc4,0.22892,interm,sensitive
CVCL_1119,CC(Nc1nc(nc2ccccc12)N3CCCC3)c4ccccc4,0.0218218,resistant,interm
CVCL_0313,CC(Nc1nc(nc2ccccc12)N3CCCC3)c4ccccc4,0.108539,resistant,interm
CVCL_1639,CC(Nc1nc(nc2ccccc12)N3CCCC3)c4ccccc4,0.320091,sensitive,sensitive
CVCL_0042,CC(Nc1nc(nc2ccccc12)N3CCCC3)c4ccccc4,0.219047,resistant,interm
CVCL_0026,CC(Nc1ncc(Cl)c(Nc2cc(C)[nH]n2)n1)c1ncc(F)cn1,0.0247132,resistant,resistant
CVCL_1639,CC(Nc1ncc(Cl)c(Nc2cc(C)[nH]n2)n1)c1ncc(F)cn1,0.0106312,resistant,resistant
CVCL_1723,CC(Nc1ncc(Cl)c(Nc2cc(C)[nH]n2)n1)c1ncc(F)cn1,0.0803989,resistant,interm
CVCL_0186,CC/C(=C/[C@H](C)C/C=C/C(=C/[C@@H](C)C(=O)[C@@H](C)[C@@H]([C@@H](C)C/C(=C/C(=O)O)/C)O)/C)/C=C/[C@H]1[C@H](C=CC(=O)O1)C,0.870129,sensitive,sensitive
CVCL_0026,CC/C(=C/[C@H](C)C/C=C/C(=C/[C@@H](C)C(=O)[C@@H](C)[C@@H]([C@@H](C)C/C(=C/C(=O)O)/C)O)/C)/C=C/[C@H]1[C@H](C=CC(=O)O1)C,0.263646,interm,sensitive
CVCL_1119,CC/C(=C/[C@H](C)C/C=C/C(=C/[C@@H](C)C(=O)[C@@H](C)[C@@H]([C@@H](C)C/C(=C/C(=O)O)/C)O)/C)/C=C/[C@H]1[C@H](C=CC(=O)O1)C,0.220806,interm,sensitive
CVCL_0313,CC/C(=C/[C@H](C)C/C=C/C(=C/[C@@H](C)C(=O)[C@@H](C)[C@@H]([C@@H](C)C/C(=C/C(=O)O)/C)O)/C)/C=C/[C@H]1[C@H](C=CC(=O)O1)C,0.510444,sensitive,sensitive
CVCL_1639,CC/C(=C/[C@H](C)C/C=C/C(=C/[C@@H](C)C(=O)[C@@H](C)[C@@H]([C@@H](C)C/C(=C/C(=O)O)/C)O)/C)/C=C/[C@H]1[C@H](C=CC(=O)O1)C,0.57219,sensitive,sensitive
CVCL_1723,CC/C(=C/[C@H](C)C/C=C/C(=C/[C@@H](C)C(=O)[C@@H](C)[C@@H]([C@@H](C)C/C(=C/C(=O)O)/C)O)/C)/C=C/[C@H]1[C@H](C=CC(=O)O1)C,0.782717,sensitive,sensitive
CVCL_0042,CC/C(=C/[C@H](C)C/C=C/C(=C/[C@@H](C)C(=O)[C@@H](C)[C@@H]([C@@H](C)C/C(=C/C(=O)O)/C)O)/C)/C=C/[C@H]1[C@H](C=CC(=O)O1)C,0.774777,sensitive,sensitive
CVCL_0186,CC1(C(=O)NC2=C(O1)C=CC(=N2)NC3=NC(=NC=C3F)NC4=CC(=C(C(=C4)OC)OC)OC)C,0.22239,interm,interm
CVCL_0026,CC1(C(=O)NC2=C(O1)C=CC(=N2)NC3=NC(=NC=C3F)NC4=CC(=C(C(=C4)OC)OC)OC)C,0.173604,resistant,sensitive
CVCL_1119,CC1(C(=O)NC2=C(O1)C=CC(=N2)NC3=NC(=NC=C3F)NC4=CC(=C(C(=C4)OC)OC)OC)C,0.0340879,resistant,interm
CVCL_0313,CC1(C(=O)NC2=C(O1)C=CC(=N2)NC3=NC(=NC=C3F)NC4=CC(=C(C(=C4)OC)OC)OC)C,0.203602,interm,sensitive
CVCL_1639,CC1(C(=O)NC2=C(O1)C=CC(=N2)NC3=NC(=NC=C3F)NC4=CC(=C(C(=C4)OC)OC)OC)C,0.110689,interm,interm
CVCL_1723,CC1(C(=O)NC2=C(O1)C=CC(=N2)NC3=NC(=NC=C3F)NC4=CC(=C(C(=C4)OC)OC)OC)C,0.158003,interm,interm
CVCL_0042,CC1(C(=O)NC2=C(O1)C=CC(=N2)NC3=NC(=NC=C3F)NC4=CC(=C(C(=C4)OC)OC)OC)C,0.309947,interm,sensitive
CVCL_0186,CC1(C)CN=C(S1)N1CCN(CC1)c1ncnc2sc3CCCCc3c12,0.0364755,resistant,resistant
CVCL_1119,CC1(C)CN=C(S1)N1CCN(CC1)c1ncnc2sc3CCCCc3c12,0.00257412,resistant,resistant
CVCL_0313,CC1(C)CN=C(S1)N1CCN(CC1)c1ncnc2sc3CCCCc3c12,0.0344367,resistant,interm
CVCL_1723,CC1(C)CN=C(S1)N1CCN(CC1)c1ncnc2sc3CCCCc3c12,0.0453063,resistant,interm
CVCL_0042,CC1(C)CN=C(S1)N1CCN(CC1)c1ncnc2sc3CCCCc3c12,0.0792,resistant,interm
CVCL_0186,CC1(C2=CCC3C4(CC(C(C4(CC(=O)C3(C2C=C(C1=O)O)C)C)C(C)(C(=O)C=CC(C)(C)O)O)O)C)C,0.439649,sensitive,sensitive
CVCL_0026,CC1(C2=CCC3C4(CC(C(C4(CC(=O)C3(C2C=C(C1=O)O)C)C)C(C)(C(=O)C=CC(C)(C)O)O)O)C)C,0.333475,interm,sensitive
CVCL_1119,CC1(C2=CCC3C4(CC(C(C4(CC(=O)C3(C2C=C(C1=O)O)C)C)C(C)(C(=O)C=CC(C)(C)O)O)O)C)C,0.156925,resistant,sensitive
CVCL_0313,CC1(C2=CCC3C4(CC(C(C4(CC(=O)C3(C2C=C(C1=O)O)C)C)C(C)(C(=O)C=CC(C)(C)O)O)O)C)C,0.0701637,resistant,interm
CVCL_1639,CC1(C2=CCC3C4(CC(C(C4(CC(=O)C3(C2C=C(C1=O)O)C)C)C(C)(C(=O)C=CC(C)(C)O)O)O)C)C,0.151347,interm,interm
CVCL_1723,CC1(C2=CCC3C4(CC(C(C4(CC(=O)C3(C2C=C(C1=O)O)C)C)C(C)(C(=O)C=CC(C)(C)O)O)O)C)C,0.354173,sensitive,sensitive
CVCL_0042,CC1(C2=CCC3C4(CC(C(C4(CC(=O)C3(C2C=C(C1=O)O)C)C)C(C)(C(=O)C=CC(C)(C)O)O)O)C)C,0.424817,sensitive,sensitive
CVCL_0026,CC1(C=CC2=C(O1)C=CC3=C2[N+](=C4C3=CC56C(C4(C)C)CC7(CCCN7C5=O)C(=O)N6)[O-])C,0.00951809,resistant,resistant
CVCL_1639,CC1(C=CC2=C(O1)C=CC3=C2[N+](=C4C3=CC56C(C4(C)C)CC7(CCCN7C5=O)C(=O)N6)[O-])C,0.0014828,resistant,resistant
CVCL_1723,CC1(C=CC2=C(O1)C=CC3=C2[N+](=C4C3=CC56C(C4(C)C)CC7(CCCN7C5=O)C(=O)N6)[O-])C,0.0474825,resistant,interm
CVCL_0186,CC1(CC(C1)C2=NC(=C3N2C=CN=C3N)C4=CC5=C(C=C4)C=CC(=N5)C6=CC=CC=C6)O,0.078504,resistant,interm
CVCL_0026,CC1(CC(C1)C2=NC(=C3N2C=CN=C3N)C4=CC5=C(C=C4)C=CC(=N5)C6=CC=CC=C6)O,0.0185058,resistant,resistant
CVCL_1119,CC1(CC(C1)C2=NC(=C3N2C=CN=C3N)C4=CC5=C(C=C4)C=CC(=N5)C6=CC=CC=C6)O,0.00978245,resistant,resistant
CVCL_0313,CC1(CC(C1)C2=NC(=C3N2C=CN=C3N)C4=CC5=C(C=C4)C=CC(=N5)C6=CC=CC=C6)O,0.0497737,resistant,interm
CVCL_1723,CC1(CC(C1)C2=NC(=C3N2C=CN=C3N)C4=CC5=C(C=C4)C=CC(=N5)C6=CC=CC=C6)O,0.0350232,resistant,resistant
CVCL_0042,CC1(CC(C1)C2=NC(=C3N2C=CN=C3N)C4=CC5=C(C=C4)C=CC(=N5)C6=CC=CC=C6)O,0.31193,interm,sensitive
CVCL_0186,CC1(CC2=C(C(=O)C1)C(=NN2C3=CC(=C(C=C3)C(=O)N)NC4CCC(CC4)O)C(F)(F)F)C,0.697628,sensitive,sensitive
CVCL_0026,CC1(CC2=C(C(=O)C1)C(=NN2C3=CC(=C(C=C3)C(=O)N)NC4CCC(CC4)O)C(F)(F)F)C,0.391785,sensitive,sensitive
CVCL_1119,CC1(CC2=C(C(=O)C1)C(=NN2C3=CC(=C(C=C3)C(=O)N)NC4CCC(CC4)O)C(F)(F)F)C,0.30476,interm,sensitive
CVCL_0313,CC1(CC2=C(C(=O)C1)C(=NN2C3=CC(=C(C=C3)C(=O)N)NC4CCC(CC4)O)C(F)(F)F)C,0.260656,interm,sensitive
CVCL_1639,CC1(CC2=C(C(=O)C1)C(=NN2C3=CC(=C(C=C3)C(=O)N)NC4CCC(CC4)O)C(F)(F)F)C,0.287882,sensitive,sensitive
CVCL_1723,CC1(CC2=C(C(=O)C1)C(=NN2C3=CC(=C(C=C3)C(=O)N)NC4CCC(CC4)O)C(F)(F)F)C,0.516233,sensitive,sensitive
CVCL_0042,CC1(CC2=C(C(=O)C1)C(=NN2C3=CC(=C(C=C3)C(=O)N)NC4CCC(CC4)O)C(F)(F)F)C,0.434504,sensitive,sensitive
CVCL_0186,CC1(CC=C(C2=C1C=CC(=C2)C(=O)NC3=CC=C(C=C3)C(=O)O)C4=CC5=CC=CC=C5N=C4)C,0.121595,resistant,interm
CVCL_0026,CC1(CC=C(C2=C1C=CC(=C2)C(=O)NC3=CC=C(C=C3)C(=O)O)C4=CC5=CC=CC=C5N=C4)C,0.012105,resistant,resistant
CVCL_1119,CC1(CC=C(C2=C1C=CC(=C2)C(=O)NC3=CC=C(C=C3)C(=O)O)C4=CC5=CC=CC=C5N=C4)C,0.0592258,resistant,interm
CVCL_0313,CC1(CC=C(C2=C1C=CC(=C2)C(=O)NC3=CC=C(C=C3)C(=O)O)C4=CC5=CC=CC=C5N=C4)C,0.0391647,resistant,interm
CVCL_1639,CC1(CC=C(C2=C1C=CC(=C2)C(=O)NC3=CC=C(C=C3)C(=O)O)C4=CC5=CC=CC=C5N=C4)C,0.0689062,resistant,interm
CVCL_1723,CC1(CC=C(C2=C1C=CC(=C2)C(=O)NC3=CC=C(C=C3)C(=O)O)C4=CC5=CC=CC=C5N=C4)C,0.0789879,resistant,interm
CVCL_0042,CC1(CC=C(C2=C1C=CC(=C2)C(=O)NC3=CC=C(C=C3)C(=O)O)C4=CC5=CC=CC=C5N=C4)C,0.0672338,resistant,resistant
CVCL_0026,CC1(CCC(=C(C1)C2=CC=C(C=C2)Cl)CN3CCN(CC3)C4=CC(=C(C=C4)C(=O)NS(=O)(=O)C5=CC(=C(C=C5)NCC6CCOCC6)[N+](=O)[O-])OC7=CN=C8C(=C7)C=CN8)C,0.01535,resistant,resistant
CVCL_1639,CC1(CCC(=C(C1)C2=CC=C(C=C2)Cl)CN3CCN(CC3)C4=CC(=C(C=C4)C(=O)NS(=O)(=O)C5=CC(=C(C=C5)NCC6CCOCC6)[N+](=O)[O-])OC7=CN=C8C(=C7)C=CN8)C,0.0066,resistant,resistant
CVCL_1723,CC1(CCC(=C(C1)C2=CC=C(C=C2)Cl)CN3CCN(CC3)C4=CC(=C(C=C4)C(=O)NS(=O)(=O)C5=CC(=C(C=C5)NCC6CCOCC6)[N+](=O)[O-])OC7=CN=C8C(=C7)C=CN8)C,0.0372804,resistant,interm
CVCL_0186,CC1(CCC(=C(C1)CN2CCN(CC2)C3=CC=C(C=C3)C(=O)NS(=O)(=O)C4=CC(=C(C=C4)NC(CCN5CCOCC5)CSC6=CC=CC=C6)S(=O)(=O)C(F)(F)F)C7=CC=C(C=C7)Cl)C,0.184213,interm,interm
CVCL_0026,CC1(CCC(=C(C1)CN2CCN(CC2)C3=CC=C(C=C3)C(=O)NS(=O)(=O)C4=CC(=C(C=C4)NC(CCN5CCOCC5)CSC6=CC=CC=C6)S(=O)(=O)C(F)(F)F)C7=CC=C(C=C7)Cl)C,0.170469,resistant,sensitive
CVCL_1119,CC1(CCC(=C(C1)CN2CCN(CC2)C3=CC=C(C=C3)C(=O)NS(=O)(=O)C4=CC(=C(C=C4)NC(CCN5CCOCC5)CSC6=CC=CC=C6)S(=O)(=O)C(F)(F)F)C7=CC=C(C=C7)Cl)C,0.000134323,resistant,resistant
CVCL_0313,CC1(CCC(=C(C1)CN2CCN(CC2)C3=CC=C(C=C3)C(=O)NS(=O)(=O)C4=CC(=C(C=C4)NC(CCN5CCOCC5)CSC6=CC=CC=C6)S(=O)(=O)C(F)(F)F)C7=CC=C(C=C7)Cl)C,0.0714408,resistant,interm
CVCL_1639,CC1(CCC(=C(C1)CN2CCN(CC2)C3=CC=C(C=C3)C(=O)NS(=O)(=O)C4=CC(=C(C=C4)NC(CCN5CCOCC5)CSC6=CC=CC=C6)S(=O)(=O)C(F)(F)F)C7=CC=C(C=C7)Cl)C,0.0876004,resistant,interm
CVCL_1723,CC1(CCC(=C(C1)CN2CCN(CC2)C3=CC=C(C=C3)C(=O)NS(=O)(=O)C4=CC(=C(C=C4)NC(CCN5CCOCC5)CSC6=CC=CC=C6)S(=O)(=O)C(F)(F)F)C7=CC=C(C=C7)Cl)C,0.0656307,resistant,interm
CVCL_0042,CC1(CCC(=C(C1)CN2CCN(CC2)C3=CC=C(C=C3)C(=O)NS(=O)(=O)C4=CC(=C(C=C4)NC(CCN5CCOCC5)CSC6=CC=CC=C6)S(=O)(=O)C(F)(F)F)C7=CC=C(C=C7)Cl)C,0.310492,interm,sensitive
CVCL_0186,CC1(CCC(C2=C1C=CC(=C2)C(=O)NC3=CC=C(C=C3)C(=O)O)(C)C)C,0.142822,interm,interm
CVCL_0026,CC1(CCC(C2=C1C=CC(=C2)C(=O)NC3=CC=C(C=C3)C(=O)O)(C)C)C,0.12293,resistant,interm
CVCL_1119,CC1(CCC(C2=C1C=CC(=C2)C(=O)NC3=CC=C(C=C3)C(=O)O)(C)C)C,0.00349363,resistant,resistant
CVCL_0313,CC1(CCC(C2=C1C=CC(=C2)C(=O)NC3=CC=C(C=C3)C(=O)O)(C)C)C,0.0283571,resistant,interm
CVCL_1639,CC1(CCC(C2=C1C=CC(=C2)C(=O)NC3=CC=C(C=C3)C(=O)O)(C)C)C,0.0787891,resistant,interm
CVCL_1723,CC1(CCC(C2=C1C=CC(=C2)C(=O)NC3=CC=C(C=C3)C(=O)O)(C)C)C,0.0756249,resistant,interm
CVCL_0042,CC1(CCC(C2=C1C=CC(=C2)C(=O)NC3=CC=C(C=C3)C(=O)O)(C)C)C,0.0561372,resistant,resistant
CVCL_0186,CC1(CCC(C2=C1C=CC(=C2)[C@H](C(=O)NC3=C(C=C(C=C3)C(=O)O)F)O)(C)C)C,0.0128581,resistant,resistant
CVCL_0026,CC1(CCC(C2=C1C=CC(=C2)[C@H](C(=O)NC3=C(C=C(C=C3)C(=O)O)F)O)(C)C)C,0.05542,resistant,interm
CVCL_1119,CC1(CCC(C2=C1C=CC(=C2)[C@H](C(=O)NC3=C(C=C(C=C3)C(=O)O)F)O)(C)C)C,0.00382703,resistant,resistant
CVCL_0313,CC1(CCC(C2=C1C=CC(=C2)[C@H](C(=O)NC3=C(C=C(C=C3)C(=O)O)F)O)(C)C)C,0.00950157,resistant,resistant
CVCL_1639,CC1(CCC(C2=C1C=CC(=C2)[C@H](C(=O)NC3=C(C=C(C=C3)C(=O)O)F)O)(C)C)C,0.0543437,resistant,interm
CVCL_1723,CC1(CCC(C2=C1C=CC(=C2)[C@H](C(=O)NC3=C(C=C(C=C3)C(=O)O)F)O)(C)C)C,0.0,resistant,resistant
CVCL_0186,CC1(CCC(C2=CC3=C(C=C21)N=C(C4=CC=CC=C4N3C)C5=CC=C(C=C5)C(=O)O)(C)C)C,0.069569,resistant,interm
CVCL_0026,CC1(CCC(C2=CC3=C(C=C21)N=C(C4=CC=CC=C4N3C)C5=CC=C(C=C5)C(=O)O)(C)C)C,0.0479653,resistant,interm
CVCL_1119,CC1(CCC(C2=CC3=C(C=C21)N=C(C4=CC=CC=C4N3C)C5=CC=C(C=C5)C(=O)O)(C)C)C,0.0463669,resistant,interm
CVCL_0313,CC1(CCC(C2=CC3=C(C=C21)N=C(C4=CC=CC=C4N3C)C5=CC=C(C=C5)C(=O)O)(C)C)C,0.0185949,resistant,resistant
CVCL_1639,CC1(CCC(C2=CC3=C(C=C21)N=C(C4=CC=CC=C4N3C)C5=CC=C(C=C5)C(=O)O)(C)C)C,0.0218127,resistant,resistant
CVCL_1723,CC1(CCC(C2=CC3=C(C=C21)N=C(C4=CC=CC=C4N3C)C5=CC=C(C=C5)C(=O)O)(C)C)C,0.129511,interm,interm
CVCL_0042,CC1(CCC(C2=CC3=C(C=C21)N=C(C4=CC=CC=C4N3C)C5=CC=C(C=C5)C(=O)O)(C)C)C,0.297729,interm,interm
CVCL_0186,CC1(CCC2(CCC3(C(C2C1)C(=O)C=C4C3(CCC5C4(C=C(C(=O)C5(C)C)C#N)C)C)C)C(=O)OC)C,0.488101,sensitive,sensitive
CVCL_0026,CC1(CCC2(CCC3(C(C2C1)C(=O)C=C4C3(CCC5C4(C=C(C(=O)C5(C)C)C#N)C)C)C)C(=O)OC)C,0.426683,sensitive,sensitive
CVCL_1119,CC1(CCC2(CCC3(C(C2C1)C(=O)C=C4C3(CCC5C4(C=C(C(=O)C5(C)C)C#N)C)C)C)C(=O)OC)C,0.355233,sensitive,sensitive
CVCL_0313,CC1(CCC2(CCC3(C(C2C1)C(=O)C=C4C3(CCC5C4(C=C(C(=O)C5(C)C)C#N)C)C)C)C(=O)OC)C,0.337928,sensitive,sensitive
CVCL_1639,CC1(CCC2(CCC3(C(C2C1)C(=O)C=C4C3(CCC5C4(C=C(C(=O)C5(C)C)C#N)C)C)C)C(=O)OC)C,0.415985,sensitive,sensitive
CVCL_1723,CC1(CCC2(CCC3(C(C2C1)C(=O)C=C4C3(CCC5C4(C=C(C(=O)C5(C)C)C#N)C)C)C)C(=O)OC)C,0.393729,sensitive,sensitive
CVCL_0042,CC1(CCC2(CCC3(C(C2C1)C(=O)C=C4C3(CCC5C4(C=C(C(=O)C5(C)C)C#N)C)C)C)C(=O)OC)C,0.300153,interm,interm
CVCL_0186,CC1(CCCN1)C2=NC3=C(C=CC=C3N2)C(=O)N,0.0686671,resistant,interm
CVCL_0026,CC1(CCCN1)C2=NC3=C(C=CC=C3N2)C(=O)N,0.0255,resistant,resistant
CVCL_1119,CC1(CCCN1)C2=NC3=C(C=CC=C3N2)C(=O)N,0.0,resistant,resistant
CVCL_0313,CC1(CCCN1)C2=NC3=C(C=CC=C3N2)C(=O)N,0.0355692,resistant,interm
CVCL_1639,CC1(CCCN1)C2=NC3=C(C=CC=C3N2)C(=O)N,0.013493,resistant,resistant
CVCL_1723,CC1(CCCN1)C2=NC3=C(C=CC=C3N2)C(=O)N,0.00999208,resistant,resistant
CVCL_0042,CC1(CCCN1)C2=NC3=C(C=CC=C3N2)C(=O)N,0.0344567,resistant,resistant
CVCL_0186,CC1(CCCN1C2=NN3C=CC=C3C(=N2)NC4=NNC(=C4)C5CC5)C(=O)NC6=CN=C(C=C6)F,0.252745,interm,sensitive
CVCL_0026,CC1(CCCN1C2=NN3C=CC=C3C(=N2)NC4=NNC(=C4)C5CC5)C(=O)NC6=CN=C(C=C6)F,0.263761,interm,sensitive
CVCL_1119,CC1(CCCN1C2=NN3C=CC=C3C(=N2)NC4=NNC(=C4)C5CC5)C(=O)NC6=CN=C(C=C6)F,0.0452261,resistant,interm
CVCL_0313,CC1(CCCN1C2=NN3C=CC=C3C(=N2)NC4=NNC(=C4)C5CC5)C(=O)NC6=CN=C(C=C6)F,0.117707,resistant,interm
CVCL_1639,CC1(CCCN1C2=NN3C=CC=C3C(=N2)NC4=NNC(=C4)C5CC5)C(=O)NC6=CN=C(C=C6)F,0.179248,interm,interm
CVCL_1723,CC1(CCCN1C2=NN3C=CC=C3C(=N2)NC4=NNC(=C4)C5CC5)C(=O)NC6=CN=C(C=C6)F,0.175632,interm,interm
CVCL_0042,CC1(CCCN1C2=NN3C=CC=C3C(=N2)NC4=NNC(=C4)C5CC5)C(=O)NC6=CN=C(C=C6)F,0.357078,interm,sensitive
CVCL_0026,CC1(CCN(CC1)C2=CC=C(C=C2)C(=O)NS(=O)(=O)C3=CC(=C(C=C3)NCCSC4=CC=CC=C4)[N+](=O)[O-])C,0.00372348,resistant,resistant
CVCL_1639,CC1(CCN(CC1)C2=CC=C(C=C2)C(=O)NS(=O)(=O)C3=CC(=C(C=C3)NCCSC4=CC=CC=C4)[N+](=O)[O-])C,0.0166573,resistant,resistant
CVCL_1723,CC1(CCN(CC1)C2=CC=C(C=C2)C(=O)NS(=O)(=O)C3=CC(=C(C=C3)NCCSC4=CC=CC=C4)[N+](=O)[O-])C,0.00488711,resistant,resistant
CVCL_0186,CC1=C(C(=C2C(=C1)C(=C(C(=C2C=O)O)O)C(C)C)O)C3=C(C=C4C(=C3O)C(=C(C(=C4C(C)C)O)O)C=O)C,0.202934,interm,interm
CVCL_0026,CC1=C(C(=C2C(=C1)C(=C(C(=C2C=O)O)O)C(C)C)O)C3=C(C=C4C(=C3O)C(=C(C(=C4C(C)C)O)O)C=O)C,0.126426,resistant,interm
CVCL_1119,CC1=C(C(=C2C(=C1)C(=C(C(=C2C=O)O)O)C(C)C)O)C3=C(C=C4C(=C3O)C(=C(C(=C4C(C)C)O)O)C=O)C,0.033876,resistant,interm
CVCL_0313,CC1=C(C(=C2C(=C1)C(=C(C(=C2C=O)O)O)C(C)C)O)C3=C(C=C4C(=C3O)C(=C(C(=C4C(C)C)O)O)C=O)C,0.166949,interm,sensitive
CVCL_1639,CC1=C(C(=C2C(=C1)C(=C(C(=C2C=O)O)O)C(C)C)O)C3=C(C=C4C(=C3O)C(=C(C(=C4C(C)C)O)O)C=O)C,0.0405179,resistant,interm
CVCL_1723,CC1=C(C(=C2C(=C1)C(=C(C(=C2C=O)O)O)C(C)C)O)C3=C(C=C4C(=C3O)C(=C(C(=C4C(C)C)O)O)C=O)C,0.146212,interm,interm
CVCL_0186,CC1=C(C(=CC=C1)Cl)NC(=O)C2=CN=C(S2)NC3=NC(=NC(=C3)N4CCN(CC4)CCO)C,0.555838,sensitive,sensitive
CVCL_0026,CC1=C(C(=CC=C1)Cl)NC(=O)C2=CN=C(S2)NC3=NC(=NC(=C3)N4CCN(CC4)CCO)C,0.473213,sensitive,sensitive
CVCL_1119,CC1=C(C(=CC=C1)Cl)NC(=O)C2=CN=C(S2)NC3=NC(=NC(=C3)N4CCN(CC4)CCO)C,0.348588,sensitive,sensitive
CVCL_0313,CC1=C(C(=CC=C1)Cl)NC(=O)C2=CN=C(S2)NC3=NC(=NC(=C3)N4CCN(CC4)CCO)C,0.371291,sensitive,sensitive
CVCL_1639,CC1=C(C(=CC=C1)Cl)NC(=O)C2=CN=C(S2)NC3=NC(=NC(=C3)N4CCN(CC4)CCO)C,0.377018,sensitive,sensitive
CVCL_1723,CC1=C(C(=CC=C1)Cl)NC(=O)C2=CN=C(S2)NC3=NC(=NC(=C3)N4CCN(CC4)CCO)C,0.604717,sensitive,sensitive
CVCL_0042,CC1=C(C(=CC=C1)Cl)NC(=O)C2=CN=C(S2)NC3=NC(=NC(=C3)N4CCN(CC4)CCO)C,0.289751,interm,interm
CVCL_0186,CC1=C(C(=NO1)C)C2=C(C=C3C(=C2)N=CC4=C3N(C(=O)N4)[C@H](C)C5=CC=CC=N5)OC,0.271832,interm,sensitive
CVCL_1119,CC1=C(C(=NO1)C)C2=C(C=C3C(=C2)N=CC4=C3N(C(=O)N4)[C@H](C)C5=CC=CC=N5)OC,0.240945,interm,sensitive
CVCL_0313,CC1=C(C(=NO1)C)C2=C(C=C3C(=C2)N=CC4=C3N(C(=O)N4)[C@H](C)C5=CC=CC=N5)OC,0.0325202,resistant,interm
CVCL_1639,CC1=C(C(=NO1)C)C2=C(C=C3C(=C2)N=CC4=C3N(C(=O)N4)[C@H](C)C5=CC=CC=N5)OC,0.163344,interm,interm
CVCL_1723,CC1=C(C(=NO1)C)C2=C(C=C3C(=C2)N=CC4=C3N(C(=O)N4)[C@H](C)C5=CC=CC=N5)OC,0.0637738,resistant,interm
CVCL_0042,CC1=C(C(=NO1)C)C2=C(C=C3C(=C2)N=CC4=C3N(C(=O)N4)[C@H](C)C5=CC=CC=N5)OC,0.0770498,resistant,interm
CVCL_0186,CC1=C(C(=NO1)C2=CC=CC=C2)C3=CC=C(C=C3)S(=O)(=O)N,0.142611,interm,interm
CVCL_0026,CC1=C(C(=NO1)C2=CC=CC=C2)C3=CC=C(C=C3)S(=O)(=O)N,0.079098,resistant,interm
CVCL_1119,CC1=C(C(=NO1)C2=CC=CC=C2)C3=CC=C(C=C3)S(=O)(=O)N,0.0830506,resistant,interm
CVCL_0313,CC1=C(C(=NO1)C2=CC=CC=C2)C3=CC=C(C=C3)S(=O)(=O)N,0.134792,resistant,sensitive
CVCL_1639,CC1=C(C(=NO1)C2=CC=CC=C2)C3=CC=C(C=C3)S(=O)(=O)N,0.111066,interm,interm
CVCL_1723,CC1=C(C(=NO1)C2=CC=CC=C2)C3=CC=C(C=C3)S(=O)(=O)N,0.114143,interm,interm
CVCL_0042,CC1=C(C(=NO1)C2=CC=CC=C2)C3=CC=C(C=C3)S(=O)(=O)N,0.254093,resistant,interm
CVCL_0186,CC1=C(C(=O)C2=C(C1=O)N3CC4C(C3(C2COC(=O)N)OC)N4)N,0.288615,sensitive,sensitive
CVCL_0026,CC1=C(C(=O)C2=C(C1=O)N3CC4C(C3(C2COC(=O)N)OC)N4)N,0.106636,resistant,interm
CVCL_1119,CC1=C(C(=O)C2=C(C1=O)N3CC4C(C3(C2COC(=O)N)OC)N4)N,0.297208,interm,sensitive
CVCL_0313,CC1=C(C(=O)C2=C(C1=O)N3CC4C(C3(C2COC(=O)N)OC)N4)N,0.176169,interm,sensitive
CVCL_1639,CC1=C(C(=O)C2=C(C1=O)N3CC4C(C3(C2COC(=O)N)OC)N4)N,0.0694983,resistant,interm
CVCL_1723,CC1=C(C(=O)C2=C(C1=O)N3CC4C(C3(C2COC(=O)N)OC)N4)N,0.280083,sensitive,sensitive
CVCL_0042,CC1=C(C(=O)C2=C(C1=O)N3CC4C(C3(C2COC(=O)N)OC)N4)N,0.400809,sensitive,sensitive
CVCL_0186,CC1=C(C(C(=C(N1)C)C(=O)OCC(=O)C)C2=CC=CC=C2[N+](=O)[O-])C(=O)OC,0.0183106,resistant,resistant
CVCL_1119,CC1=C(C(C(=C(N1)C)C(=O)OCC(=O)C)C2=CC=CC=C2[N+](=O)[O-])C(=O)OC,0.00579265,resistant,resistant
CVCL_0313,CC1=C(C(C(=C(N1)C)C(=O)OCC(=O)C)C2=CC=CC=C2[N+](=O)[O-])C(=O)OC,0.0519625,resistant,interm
CVCL_0042,CC1=C(C(C(=C(N1)C)C(=O)OCC(=O)C)C2=CC=CC=C2[N+](=O)[O-])C(=O)OC,0.0347229,resistant,resistant
CVCL_0186,CC1=C(C(CCC1)(C)C)C=CC(=CC=CC(=CC(=O)O)C)C,0.054762,resistant,interm
CVCL_0026,CC1=C(C(CCC1)(C)C)C=CC(=CC=CC(=CC(=O)O)C)C,0.0498952,resistant,interm
CVCL_1119,CC1=C(C(CCC1)(C)C)C=CC(=CC=CC(=CC(=O)O)C)C,0.0,resistant,resistant
CVCL_0313,CC1=C(C(CCC1)(C)C)C=CC(=CC=CC(=CC(=O)O)C)C,0.144315,interm,sensitive
CVCL_1639,CC1=C(C(CCC1)(C)C)C=CC(=CC=CC(=CC(=O)O)C)C,0.0194348,resistant,resistant
CVCL_1723,CC1=C(C(CCC1)(C)C)C=CC(=CC=CC(=CC(=O)O)C)C,0.00943125,resistant,resistant
CVCL_0042,CC1=C(C(CCC1)(C)C)C=CC(=CC=CC(=CC(=O)O)C)C,0.07015,resistant,resistant
CVCL_0186,CC1=C(C2=C(N1C(=O)C3=C(C(=CC=C3)Cl)Cl)C=CC(=C2)OC)CCN4CCOCC4,0.111612,resistant,interm
CVCL_0026,CC1=C(C2=C(N1C(=O)C3=C(C(=CC=C3)Cl)Cl)C=CC(=C2)OC)CCN4CCOCC4,0.101374,resistant,interm
CVCL_1119,CC1=C(C2=C(N1C(=O)C3=C(C(=CC=C3)Cl)Cl)C=CC(=C2)OC)CCN4CCOCC4,0.0624865,resistant,interm
CVCL_0313,CC1=C(C2=C(N1C(=O)C3=C(C(=CC=C3)Cl)Cl)C=CC(=C2)OC)CCN4CCOCC4,0.099824,resistant,interm
CVCL_1639,CC1=C(C2=C(N1C(=O)C3=C(C(=CC=C3)Cl)Cl)C=CC(=C2)OC)CCN4CCOCC4,0.140184,interm,interm
CVCL_1723,CC1=C(C2=C(N1C(=O)C3=C(C(=CC=C3)Cl)Cl)C=CC(=C2)OC)CCN4CCOCC4,0.252415,sensitive,sensitive
CVCL_0186,CC1=C(C2=CC=CC=C2N1)C(C3=CC=C(C=C3)Cl)NC4=CC=CC=N4,0.0479937,resistant,resistant
CVCL_0026,CC1=C(C2=CC=CC=C2N1)C(C3=CC=C(C=C3)Cl)NC4=CC=CC=N4,0.0717475,resistant,interm
CVCL_1119,CC1=C(C2=CC=CC=C2N1)C(C3=CC=C(C=C3)Cl)NC4=CC=CC=N4,0.0061362,resistant,resistant
CVCL_0313,CC1=C(C2=CC=CC=C2N1)C(C3=CC=C(C=C3)Cl)NC4=CC=CC=N4,0.0140439,resistant,resistant
CVCL_1639,CC1=C(C2=CC=CC=C2N1)C(C3=CC=C(C=C3)Cl)NC4=CC=CC=N4,0.0239375,resistant,resistant
CVCL_1723,CC1=C(C2=CC=CC=C2N1)C(C3=CC=C(C=C3)Cl)NC4=CC=CC=N4,0.0285369,resistant,resistant
CVCL_0042,CC1=C(C2=CC=CC=C2N1)C(C3=CC=C(C=C3)Cl)NC4=CC=CC=N4,0.0321534,resistant,resistant
CVCL_0186,CC1=C(C2=CC=CC=C2N1)CCNCC3=CC=C(C=C3)C=CC(=O)NO,0.679941,sensitive,sensitive
CVCL_0026,CC1=C(C2=CC=CC=C2N1)CCNCC3=CC=C(C=C3)C=CC(=O)NO,0.370106,sensitive,sensitive
CVCL_1119,CC1=C(C2=CC=CC=C2N1)CCNCC3=CC=C(C=C3)C=CC(=O)NO,0.515319,sensitive,sensitive
CVCL_0313,CC1=C(C2=CC=CC=C2N1)CCNCC3=CC=C(C=C3)C=CC(=O)NO,0.467517,sensitive,sensitive
CVCL_1639,CC1=C(C2=CC=CC=C2N1)CCNCC3=CC=C(C=C3)C=CC(=O)NO,0.555504,sensitive,sensitive
CVCL_1723,CC1=C(C2=CC=CC=C2N1)CCNCC3=CC=C(C=C3)C=CC(=O)NO,0.577887,sensitive,sensitive
CVCL_0042,CC1=C(C2=CC=CC=C2N1)CCNCC3=CC=C(C=C3)C=CC(=O)NO,0.7306,sensitive,sensitive
CVCL_0186,CC1=C(C=C(C=C1)C(=O)NC2=CC(=CC(=C2)N3C=C(N=C3)C)C(F)(F)F)NC4=NC=CC(=N4)C5=CN=CC=C5,0.0421045,resistant,resistant
CVCL_0026,CC1=C(C=C(C=C1)C(=O)NC2=CC(=CC(=C2)N3C=C(N=C3)C)C(F)(F)F)NC4=NC=CC(=N4)C5=CN=CC=C5,0.0294384,resistant,resistant
CVCL_1119,CC1=C(C=C(C=C1)C(=O)NC2=CC(=CC(=C2)N3C=C(N=C3)C)C(F)(F)F)NC4=NC=CC(=N4)C5=CN=CC=C5,0.0168313,resistant,interm
CVCL_0313,CC1=C(C=C(C=C1)C(=O)NC2=CC(=CC(=C2)N3C=C(N=C3)C)C(F)(F)F)NC4=NC=CC(=N4)C5=CN=CC=C5,0.0614767,resistant,interm
CVCL_1639,CC1=C(C=C(C=C1)C(=O)NC2=CC(=CC(=C2)N3C=C(N=C3)C)C(F)(F)F)NC4=NC=CC(=N4)C5=CN=CC=C5,0.0727573,resistant,interm
CVCL_1723,CC1=C(C=C(C=C1)C(=O)NC2=CC(=CC(=C2)N3C=C(N=C3)C)C(F)(F)F)NC4=NC=CC(=N4)C5=CN=CC=C5,0.063633,resistant,interm
CVCL_0042,CC1=C(C=C(C=C1)C(=O)NC2=CC(=CC(=C2)N3C=C(N=C3)C)C(F)(F)F)NC4=NC=CC(=N4)C5=CN=CC=C5,0.040592,resistant,resistant
CVCL_0186,CC1=C(C=C(C=C1)C(=O)NC2=CC=C(C=C2)S(=O)(=O)NC3=NC4=CC=CC=C4N=C3NC5=CC(=CC(=C5)OC)OC)OC,0.00115867,resistant,resistant
CVCL_0026,CC1=C(C=C(C=C1)C(=O)NC2=CC=C(C=C2)S(=O)(=O)NC3=NC4=CC=CC=C4N=C3NC5=CC(=CC(=C5)OC)OC)OC,0.00524597,resistant,resistant
CVCL_1119,CC1=C(C=C(C=C1)C(=O)NC2=CC=C(C=C2)S(=O)(=O)NC3=NC4=CC=CC=C4N=C3NC5=CC(=CC(=C5)OC)OC)OC,0.0,resistant,resistant
CVCL_0313,CC1=C(C=C(C=C1)C(=O)NC2=CC=C(C=C2)S(=O)(=O)NC3=NC4=CC=CC=C4N=C3NC5=CC(=CC(=C5)OC)OC)OC,0.0130875,resistant,resistant
CVCL_1639,CC1=C(C=C(C=C1)C(=O)NC2=CC=C(C=C2)S(=O)(=O)NC3=NC4=CC=CC=C4N=C3NC5=CC(=CC(=C5)OC)OC)OC,0.0404813,resistant,interm
CVCL_1723,CC1=C(C=C(C=C1)C(=O)NC2=CC=C(C=C2)S(=O)(=O)NC3=NC4=CC=CC=C4N=C3NC5=CC(=CC(=C5)OC)OC)OC,0.0555206,resistant,interm
CVCL_0042,CC1=C(C=C(C=C1)C(=O)NC2=CC=C(C=C2)S(=O)(=O)NC3=NC4=CC=CC=C4N=C3NC5=CC(=CC(=C5)OC)OC)OC,0.271356,interm,interm
CVCL_0186,CC1=C(C=C(C=C1)NC(=O)C2=CC(=CC=C2)C(F)(F)F)N3CC4=CN=C(N=C4N(C3=O)C)NC5=CC(=NN5C)C,0.493074,sensitive,sensitive
CVCL_0026,CC1=C(C=C(C=C1)NC(=O)C2=CC(=CC=C2)C(F)(F)F)N3CC4=CN=C(N=C4N(C3=O)C)NC5=CC(=NN5C)C,0.395037,sensitive,sensitive
CVCL_1119,CC1=C(C=C(C=C1)NC(=O)C2=CC(=CC=C2)C(F)(F)F)N3CC4=CN=C(N=C4N(C3=O)C)NC5=CC(=NN5C)C,0.237139,interm,sensitive
CVCL_0313,CC1=C(C=C(C=C1)NC(=O)C2=CC(=CC=C2)C(F)(F)F)N3CC4=CN=C(N=C4N(C3=O)C)NC5=CC(=NN5C)C,0.238798,interm,sensitive
CVCL_1639,CC1=C(C=C(C=C1)NC(=O)C2=CC(=CC=C2)C(F)(F)F)N3CC4=CN=C(N=C4N(C3=O)C)NC5=CC(=NN5C)C,0.26228,sensitive,sensitive
CVCL_1723,CC1=C(C=C(C=C1)NC(=O)C2=CC(=CC=C2)C(F)(F)F)N3CC4=CN=C(N=C4N(C3=O)C)NC5=CC(=NN5C)C,0.46559,sensitive,sensitive
CVCL_0042,CC1=C(C=C(C=C1)NC(=O)C2=CC(=CC=C2)C(F)(F)F)N3CC4=CN=C(N=C4N(C3=O)C)NC5=CC(=NN5C)C,0.637229,sensitive,sensitive
CVCL_0186,CC1=C(C=C(C=C1)NC(=O)C2=CC=C(C=C2)CN3CCN(CC3)C)NC4=NC=CC(=N4)C5=CN=CC=C5,0.0332392,resistant,resistant
CVCL_0026,CC1=C(C=C(C=C1)NC(=O)C2=CC=C(C=C2)CN3CCN(CC3)C)NC4=NC=CC(=N4)C5=CN=CC=C5,0.0526076,resistant,interm
CVCL_1119,CC1=C(C=C(C=C1)NC(=O)C2=CC=C(C=C2)CN3CCN(CC3)C)NC4=NC=CC(=N4)C5=CN=CC=C5,0.0284601,resistant,interm
CVCL_0313,CC1=C(C=C(C=C1)NC(=O)C2=CC=C(C=C2)CN3CCN(CC3)C)NC4=NC=CC(=N4)C5=CN=CC=C5,0.0128672,resistant,resistant
CVCL_1639,CC1=C(C=C(C=C1)NC(=O)C2=CC=C(C=C2)CN3CCN(CC3)C)NC4=NC=CC(=N4)C5=CN=CC=C5,0.0864133,resistant,interm
CVCL_1723,CC1=C(C=C(C=C1)NC(=O)C2=CC=C(C=C2)CN3CCN(CC3)C)NC4=NC=CC(=N4)C5=CN=CC=C5,0.0519909,resistant,interm
CVCL_0042,CC1=C(C=C(C=C1)NC(=O)C2=CC=C(C=C2)CN3CCN(CC3)C)NC4=NC=CC(=N4)C5=CN=CC=C5,0.0207733,resistant,resistant
CVCL_0186,CC1=C(C=C(C=C1)NC2=NC=CC(=N2)N(C)C3=CC4=NN(C(=C4C=C3)C)C)S(=O)(=O)N.Cl,0.165882,interm,interm
CVCL_0026,CC1=C(C=C(C=C1)NC2=NC=CC(=N2)N(C)C3=CC4=NN(C(=C4C=C3)C)C)S(=O)(=O)N.Cl,0.0645684,resistant,interm
CVCL_1119,CC1=C(C=C(C=C1)NC2=NC=CC(=N2)N(C)C3=CC4=NN(C(=C4C=C3)C)C)S(=O)(=O)N.Cl,0.061238,resistant,interm
CVCL_0313,CC1=C(C=C(C=C1)NC2=NC=CC(=N2)N(C)C3=CC4=NN(C(=C4C=C3)C)C)S(=O)(=O)N.Cl,0.0863395,resistant,interm
CVCL_1723,CC1=C(C=C(C=C1)NC2=NC=CC(=N2)N(C)C3=CC4=NN(C(=C4C=C3)C)C)S(=O)(=O)N.Cl,0.103299,interm,interm
CVCL_0042,CC1=C(C=C(C=C1)NC2=NC=CC(=N2)N(C)C3=CC4=NN(C(=C4C=C3)C)C)S(=O)(=O)N.Cl,0.121947,resistant,interm
CVCL_0186,CC1=C(C=C(N1CCCN2CCOCC2)C3=CC=CC=C3)C(=O)NC4=CC=CC(=C4)C(F)(F)F,0.139909,interm,interm
CVCL_0026,CC1=C(C=C(N1CCCN2CCOCC2)C3=CC=CC=C3)C(=O)NC4=CC=CC(=C4)C(F)(F)F,0.100306,resistant,interm
CVCL_1119,CC1=C(C=C(N1CCCN2CCOCC2)C3=CC=CC=C3)C(=O)NC4=CC=CC(=C4)C(F)(F)F,0.0512602,resistant,interm
CVCL_0313,CC1=C(C=C(N1CCCN2CCOCC2)C3=CC=CC=C3)C(=O)NC4=CC=CC(=C4)C(F)(F)F,0.126038,resistant,sensitive
CVCL_1723,CC1=C(C=C(N1CCCN2CCOCC2)C3=CC=CC=C3)C(=O)NC4=CC=CC(=C4)C(F)(F)F,0.279581,sensitive,sensitive
CVCL_0026,CC1=C(C=CC=C1C(F)(F)F)CN2C(=NC3=C(C=C(C=C32)N4CCOCC4)C(=O)O)C,0.0383371,resistant,interm
CVCL_1639,CC1=C(C=CC=C1C(F)(F)F)CN2C(=NC3=C(C=C(C=C32)N4CCOCC4)C(=O)O)C,0.0421793,resistant,interm
CVCL_1723,CC1=C(C=CC=C1C(F)(F)F)CN2C(=NC3=C(C=C(C=C32)N4CCOCC4)C(=O)O)C,0.0114011,resistant,resistant
CVCL_0186,CC1=C(N=C(N=C1N)C(CC(=O)N)NCC(C(=O)N)N)C(=O)NC(C(C2=CN=CN2)OC3C(C(C(C(O3)CO)O)O)OC4C(C(C(C(O4)CO)O)OC(=O)N)O)C(=O)NC(C)C(C(C)C(=O)NC(C(C)O)C(=O)NCCC5=NC(=CS5)C6=NC(=CS6)C(=O)NCCC[S+](C)C)O.OS(=O)(=O)[O-],0.436349,sensitive,sensitive
CVCL_0026,CC1=C(N=C(N=C1N)C(CC(=O)N)NCC(C(=O)N)N)C(=O)NC(C(C2=CN=CN2)OC3C(C(C(C(O3)CO)O)O)OC4C(C(C(C(O4)CO)O)OC(=O)N)O)C(=O)NC(C)C(C(C)C(=O)NC(C(C)O)C(=O)NCCC5=NC(=CS5)C6=NC(=CS6)C(=O)NCCC[S+](C)C)O.OS(=O)(=O)[O-],0.245962,interm,sensitive
CVCL_1119,CC1=C(N=C(N=C1N)C(CC(=O)N)NCC(C(=O)N)N)C(=O)NC(C(C2=CN=CN2)OC3C(C(C(C(O3)CO)O)O)OC4C(C(C(C(O4)CO)O)OC(=O)N)O)C(=O)NC(C)C(C(C)C(=O)NC(C(C)O)C(=O)NCCC5=NC(=CS5)C6=NC(=CS6)C(=O)NCCC[S+](C)C)O.OS(=O)(=O)[O-],0.128423,resistant,sensitive
CVCL_0313,CC1=C(N=C(N=C1N)C(CC(=O)N)NCC(C(=O)N)N)C(=O)NC(C(C2=CN=CN2)OC3C(C(C(C(O3)CO)O)O)OC4C(C(C(C(O4)CO)O)OC(=O)N)O)C(=O)NC(C)C(C(C)C(=O)NC(C(C)O)C(=O)NCCC5=NC(=CS5)C6=NC(=CS6)C(=O)NCCC[S+](C)C)O.OS(=O)(=O)[O-],0.133802,resistant,sensitive
CVCL_1639,CC1=C(N=C(N=C1N)C(CC(=O)N)NCC(C(=O)N)N)C(=O)NC(C(C2=CN=CN2)OC3C(C(C(C(O3)CO)O)O)OC4C(C(C(C(O4)CO)O)OC(=O)N)O)C(=O)NC(C)C(C(C)C(=O)NC(C(C)O)C(=O)NCCC5=NC(=CS5)C6=NC(=CS6)C(=O)NCCC[S+](C)C)O.OS(=O)(=O)[O-],0.24515,sensitive,sensitive
CVCL_1723,CC1=C(N=C(N=C1N)C(CC(=O)N)NCC(C(=O)N)N)C(=O)NC(C(C2=CN=CN2)OC3C(C(C(C(O3)CO)O)O)OC4C(C(C(C(O4)CO)O)OC(=O)N)O)C(=O)NC(C)C(C(C)C(=O)NC(C(C)O)C(=O)NCCC5=NC(=CS5)C6=NC(=CS6)C(=O)NCCC[S+](C)C)O.OS(=O)(=O)[O-],0.274947,sensitive,sensitive
CVCL_0042,CC1=C(N=C(N=C1N)C(CC(=O)N)NCC(C(=O)N)N)C(=O)NC(C(C2=CN=CN2)OC3C(C(C(C(O3)CO)O)O)OC4C(C(C(C(O4)CO)O)OC(=O)N)O)C(=O)NC(C)C(C(C)C(=O)NC(C(C)O)C(=O)NCCC5=NC(=CS5)C6=NC(=CS6)C(=O)NCCC[S+](C)C)O.OS(=O)(=O)[O-],0.0378733,resistant,resistant
CVCL_0186,CC1=C(SC(=N1)NC(=O)C)C2=CC(=C(C=C2)Cl)S(=O)(=O)NCCO,0.189927,interm,interm
CVCL_0026,CC1=C(SC(=N1)NC(=O)C)C2=CC(=C(C=C2)Cl)S(=O)(=O)NCCO,0.0605653,resistant,interm
CVCL_1119,CC1=C(SC(=N1)NC(=O)C)C2=CC(=C(C=C2)Cl)S(=O)(=O)NCCO,0.0557198,resistant,interm
CVCL_1723,CC1=C(SC(=N1)NC(=O)C)C2=CC(=C(C=C2)Cl)S(=O)(=O)NCCO,0.206024,interm,sensitive
CVCL_0186,CC1=C(SC(=N1)NC(=O)C)S(=O)(=O)NC2=CC=C(C=C2)C(C(F)(F)F)(C(F)(F)F)O,0.085247,resistant,interm
CVCL_0026,CC1=C(SC(=N1)NC(=O)C)S(=O)(=O)NC2=CC=C(C=C2)C(C(F)(F)F)(C(F)(F)F)O,0.0566312,resistant,interm
CVCL_1119,CC1=C(SC(=N1)NC(=O)C)S(=O)(=O)NC2=CC=C(C=C2)C(C(F)(F)F)(C(F)(F)F)O,0.00176263,resistant,resistant
CVCL_0313,CC1=C(SC(=N1)NC(=O)C)S(=O)(=O)NC2=CC=C(C=C2)C(C(F)(F)F)(C(F)(F)F)O,0.0359049,resistant,interm
CVCL_1639,CC1=C(SC(=N1)NC(=O)C)S(=O)(=O)NC2=CC=C(C=C2)C(C(F)(F)F)(C(F)(F)F)O,0.002725,resistant,resistant
CVCL_1723,CC1=C(SC(=N1)NC(=O)C)S(=O)(=O)NC2=CC=C(C=C2)C(C(F)(F)F)(C(F)(F)F)O,0.00393504,resistant,resistant
CVCL_0042,CC1=C(SC(=N1)NC(=O)C)S(=O)(=O)NC2=CC=C(C=C2)C(C(F)(F)F)(C(F)(F)F)O,0.0187412,resistant,resistant
CVCL_0026,CC1=C(SC(=N1)NC(=O)N2CCC[C@H]2C(=O)N)C3=CC(=NC=C3)C(C)(C)C(F)(F)F,0.156287,resistant,sensitive
CVCL_1639,CC1=C(SC(=N1)NC(=O)N2CCC[C@H]2C(=O)N)C3=CC(=NC=C3)C(C)(C)C(F)(F)F,0.163661,interm,interm
CVCL_1723,CC1=C(SC(=N1)NC(=O)N2CCC[C@H]2C(=O)N)C3=CC(=NC=C3)C(C)(C)C(F)(F)F,0.110018,interm,interm
CVCL_0186,CC1=C(SC2=C1C(=NC(C3=NN=C(N32)C)C(=O)OC(C)(C)C)C4=CC=C(C=C4)Cl)C,0.322872,sensitive,sensitive
CVCL_0026,CC1=C(SC2=C1C(=NC(C3=NN=C(N32)C)C(=O)OC(C)(C)C)C4=CC=C(C=C4)Cl)C,0.147912,resistant,interm
CVCL_1119,CC1=C(SC2=C1C(=NC(C3=NN=C(N32)C)C(=O)OC(C)(C)C)C4=CC=C(C=C4)Cl)C,0.169945,interm,sensitive
CVCL_0313,CC1=C(SC2=C1C(=NC(C3=NN=C(N32)C)C(=O)OC(C)(C)C)C4=CC=C(C=C4)Cl)C,0.0797878,resistant,interm
CVCL_1639,CC1=C(SC2=C1C(=NC(C3=NN=C(N32)C)C(=O)OC(C)(C)C)C4=CC=C(C=C4)Cl)C,0.213505,interm,sensitive
CVCL_1723,CC1=C(SC2=C1C(=NC(C3=NN=C(N32)C)C(=O)OC(C)(C)C)C4=CC=C(C=C4)Cl)C,0.147296,interm,interm
CVCL_0042,CC1=C(SC2=C1C(=NC(C3=NN=C(N32)C)C(=O)OC(C)(C)C)C4=CC=C(C=C4)Cl)C,0.301574,interm,interm
CVCL_0026,CC1=C2C(=C(N(C1=O)C)NC3=C(C=C(C=C3)I)F)C(=O)N(C(=O)N2C4=CC(=CC=C4)NC(=O)C)C5CC5,0.3596,sensitive,sensitive
CVCL_1639,CC1=C2C(=C(N(C1=O)C)NC3=C(C=C(C=C3)I)F)C(=O)N(C(=O)N2C4=CC(=CC=C4)NC(=O)C)C5CC5,0.366273,sensitive,sensitive
CVCL_1723,CC1=C2C(=C(N(C1=O)C)NC3=C(C=C(C=C3)I)F)C(=O)N(C(=O)N2C4=CC(=CC=C4)NC(=O)C)C5CC5,0.507735,sensitive,sensitive
CVCL_0186,CC1=C2C(=CC=C1)N=C(N(C2=O)C3=CC=CC=C3C)CN4C=NC5=C(N=CN=C54)N,0.0509878,resistant,resistant
CVCL_0026,CC1=C2C(=CC=C1)N=C(N(C2=O)C3=CC=CC=C3C)CN4C=NC5=C(N=CN=C54)N,0.0555693,resistant,interm
CVCL_1119,CC1=C2C(=CC=C1)N=C(N(C2=O)C3=CC=CC=C3C)CN4C=NC5=C(N=CN=C54)N,0.0173965,resistant,interm
CVCL_0313,CC1=C2C(=CC=C1)N=C(N(C2=O)C3=CC=CC=C3C)CN4C=NC5=C(N=CN=C54)N,0.0377537,resistant,interm
CVCL_1639,CC1=C2C(=CC=C1)N=C(N(C2=O)C3=CC=CC=C3C)CN4C=NC5=C(N=CN=C54)N,0.0138233,resistant,resistant
CVCL_1723,CC1=C2C(=CC=C1)N=C(N(C2=O)C3=CC=CC=C3C)CN4C=NC5=C(N=CN=C54)N,0.00825768,resistant,resistant
CVCL_0042,CC1=C2C(=CC=C1)N=C(N(C2=O)C3=CC=CC=C3C)CN4C=NC5=C(N=CN=C54)N,0.0989966,resistant,interm
CVCL_0026,CC1=C2C(C(=O)C3(C(CC4C(C3C(C(C2(C)C)(CC1OC(=O)C(C(C5=CC=CC=C5)NC(=O)OC(C)(C)C)O)O)OC(=O)C6=CC=CC=C6)(CO4)OC(=O)C)O)C)O,0.243428,interm,sensitive
CVCL_1639,CC1=C2C(C(=O)C3(C(CC4C(C3C(C(C2(C)C)(CC1OC(=O)C(C(C5=CC=CC=C5)NC(=O)OC(C)(C)C)O)O)OC(=O)C6=CC=CC=C6)(CO4)OC(=O)C)O)C)O,0.481222,sensitive,sensitive
CVCL_1723,CC1=C2C(C(=O)C3(C(CC4C(C3C(C(C2(C)C)(CC1OC(=O)C(C(C5=CC=CC=C5)NC(=O)OC(C)(C)C)O)O)OC(=O)C6=CC=CC=C6)(CO4)OC(=O)C)O)C)O,0.458781,sensitive,sensitive
CVCL_0186,CC1=CC(=C(N1)/C=C\2/C(=C/C(=C/3\C=C4C=CC=CC4=N3)/N2)OC)C.CS(=O)(=O)O,0.442316,sensitive,sensitive
CVCL_0026,CC1=CC(=C(N1)/C=C\2/C(=C/C(=C/3\C=C4C=CC=CC4=N3)/N2)OC)C.CS(=O)(=O)O,0.389297,sensitive,sensitive
CVCL_1119,CC1=CC(=C(N1)/C=C\2/C(=C/C(=C/3\C=C4C=CC=CC4=N3)/N2)OC)C.CS(=O)(=O)O,0.279643,interm,sensitive
CVCL_0313,CC1=CC(=C(N1)/C=C\2/C(=C/C(=C/3\C=C4C=CC=CC4=N3)/N2)OC)C.CS(=O)(=O)O,0.222482,interm,sensitive
CVCL_1639,CC1=CC(=C(N1)/C=C\2/C(=C/C(=C/3\C=C4C=CC=CC4=N3)/N2)OC)C.CS(=O)(=O)O,0.38231,sensitive,sensitive
CVCL_1723,CC1=CC(=C(N1)/C=C\2/C(=C/C(=C/3\C=C4C=CC=CC4=N3)/N2)OC)C.CS(=O)(=O)O,0.375426,sensitive,sensitive
CVCL_0042,CC1=CC(=C(N1)/C=C\2/C(=C/C(=C/3\C=C4C=CC=CC4=N3)/N2)OC)C.CS(=O)(=O)O,0.192644,resistant,interm
CVCL_0186,CC1=CC(=C(N1C2=CC=C(C=C2)F)C)C(=O)CN3CCCC3,0.0604053,resistant,interm
CVCL_0026,CC1=CC(=C(N1C2=CC=C(C=C2)F)C)C(=O)CN3CCCC3,0.0132087,resistant,resistant
CVCL_1119,CC1=CC(=C(N1C2=CC=C(C=C2)F)C)C(=O)CN3CCCC3,0.00609339,resistant,resistant
CVCL_0313,CC1=CC(=C(N1C2=CC=C(C=C2)F)C)C(=O)CN3CCCC3,0.0453959,resistant,interm
CVCL_1639,CC1=CC(=C(N1C2=CC=C(C=C2)F)C)C(=O)CN3CCCC3,0.0226863,resistant,resistant
CVCL_1723,CC1=CC(=C(N1C2=CC=C(C=C2)F)C)C(=O)CN3CCCC3,0.00842749,resistant,resistant
CVCL_0042,CC1=CC(=C(N1C2=CC=C(C=C2)F)C)C(=O)CN3CCCC3,0.00718604,resistant,resistant
CVCL_0186,CC1=CC(=C(N1CC2=CC=CC=C2)C)C(=O)CN3C(=O)CCC3=O,0.0344115,resistant,resistant
CVCL_1119,CC1=CC(=C(N1CC2=CC=CC=C2)C)C(=O)CN3C(=O)CCC3=O,0.0320139,resistant,interm
CVCL_0313,CC1=CC(=C(N1CC2=CC=CC=C2)C)C(=O)CN3C(=O)CCC3=O,0.0335872,resistant,interm
CVCL_1723,CC1=CC(=C(N1CC2=CC=CC=C2)C)C(=O)CN3C(=O)CCC3=O,0.0780346,resistant,interm
CVCL_0042,CC1=CC(=C(N1CC2=CC=CC=C2)C)C(=O)CN3C(=O)CCC3=O,0.0431333,resistant,resistant
CVCL_0186,CC1=CC(=CC(=C1OC)C)C=O,0.202871,interm,interm
CVCL_0026,CC1=CC(=CC(=C1OC)C)C=O,0.198715,interm,sensitive
CVCL_1119,CC1=CC(=CC(=C1OC)C)C=O,0.115155,resistant,interm
CVCL_0313,CC1=CC(=CC(=C1OC)C)C=O,0.032273,resistant,interm
CVCL_1639,CC1=CC(=CC(=C1OC)C)C=O,0.185956,interm,interm
CVCL_1723,CC1=CC(=CC(=C1OC)C)C=O,0.184607,interm,interm
CVCL_0042,CC1=CC(=CC(=C1OC)C)C=O,0.236787,resistant,interm
CVCL_0186,CC1=CC(=CC2=C1NC(=C3C(=CC=NC3=O)NCC(C4=CC(=CC=C4)Cl)O)N2)N5CCOCC5,0.221131,interm,interm
CVCL_0026,CC1=CC(=CC2=C1NC(=C3C(=CC=NC3=O)NCC(C4=CC(=CC=C4)Cl)O)N2)N5CCOCC5,0.265111,interm,sensitive
CVCL_1119,CC1=CC(=CC2=C1NC(=C3C(=CC=NC3=O)NCC(C4=CC(=CC=C4)Cl)O)N2)N5CCOCC5,0.0233331,resistant,interm
CVCL_1639,CC1=CC(=CC2=C1NC(=C3C(=CC=NC3=O)NCC(C4=CC(=CC=C4)Cl)O)N2)N5CCOCC5,0.199694,interm,sensitive
CVCL_1723,CC1=CC(=CC2=C1NC(=C3C(=CC=NC3=O)NCC(C4=CC(=CC=C4)Cl)O)N2)N5CCOCC5,0.129344,interm,interm
CVCL_0026,CC1=CC(=NN1)NC2=NC(=NC(=C2)N3CCN(CC3)C)SC4=CC=C(C=C4)NC(=O)C5CC5,0.199459,interm,sensitive
CVCL_1639,CC1=CC(=NN1)NC2=NC(=NC(=C2)N3CCN(CC3)C)SC4=CC=C(C=C4)NC(=O)C5CC5,0.1938,interm,interm
CVCL_0186,CC1=CC(=NO1)NC(=O)NC2=C(C=C(C=C2)OC3=C4C=C(C(=CC4=NC=C3)OC)OC)Cl,0.0890337,resistant,interm
CVCL_0026,CC1=CC(=NO1)NC(=O)NC2=C(C=C(C=C2)OC3=C4C=C(C(=CC4=NC=C3)OC)OC)Cl,0.0763301,resistant,interm
CVCL_1119,CC1=CC(=NO1)NC(=O)NC2=C(C=C(C=C2)OC3=C4C=C(C(=CC4=NC=C3)OC)OC)Cl,0.182282,interm,sensitive
CVCL_0313,CC1=CC(=NO1)NC(=O)NC2=C(C=C(C=C2)OC3=C4C=C(C(=CC4=NC=C3)OC)OC)Cl,0.100088,resistant,interm
CVCL_1639,CC1=CC(=NO1)NC(=O)NC2=C(C=C(C=C2)OC3=C4C=C(C(=CC4=NC=C3)OC)OC)Cl,0.039597,resistant,interm
CVCL_1723,CC1=CC(=NO1)NC(=O)NC2=C(C=C(C=C2)OC3=C4C=C(C(=CC4=NC=C3)OC)OC)Cl,0.109475,interm,interm
CVCL_0042,CC1=CC(=NO1)NC(=O)NC2=C(C=C(C=C2)OC3=C4C=C(C(=CC4=NC=C3)OC)OC)Cl,0.177352,resistant,interm
CVCL_0186,CC1=CC2=C(C=C1)N=C3C(C2=O)(CCN3C4=CC=CC=C4)O,0.0201041,resistant,resistant
CVCL_1119,CC1=CC2=C(C=C1)N=C3C(C2=O)(CCN3C4=CC=CC=C4)O,0.0,resistant,resistant
CVCL_0313,CC1=CC2=C(C=C1)N=C3C(C2=O)(CCN3C4=CC=CC=C4)O,0.0334233,resistant,interm
CVCL_0042,CC1=CC2=C(C=C1)N=C3C(C2=O)(CCN3C4=CC=CC=C4)O,0.218,resistant,interm
CVCL_0186,CC1=CC2=C(C=C1C(=C)C3=CC=C(C=C3)C(=O)O)C(CCC2(C)C)(C)C,0.00616191,resistant,resistant
CVCL_0026,CC1=CC2=C(C=C1C(=C)C3=CC=C(C=C3)C(=O)O)C(CCC2(C)C)(C)C,0.0,resistant,resistant
CVCL_1119,CC1=CC2=C(C=C1C(=C)C3=CC=C(C=C3)C(=O)O)C(CCC2(C)C)(C)C,0.104663,resistant,interm
CVCL_0313,CC1=CC2=C(C=C1C(=C)C3=CC=C(C=C3)C(=O)O)C(CCC2(C)C)(C)C,0.0564915,resistant,interm
CVCL_1723,CC1=CC2=C(C=C1C(=C)C3=CC=C(C=C3)C(=O)O)C(CCC2(C)C)(C)C,0.0714521,resistant,interm
CVCL_0042,CC1=CC2=C(C=C1C(=C)C3=CC=C(C=C3)C(=O)O)C(CCC2(C)C)(C)C,0.0,resistant,resistant
CVCL_0186,CC1=CC2=C(C=C1C)N(C(=N2)NCCCO)CC(=O)C3=CC(=C(C(=C3)C(C)(C)C)O)C(C)(C)C,0.0626822,resistant,interm
CVCL_0026,CC1=CC2=C(C=C1C)N(C(=N2)NCCCO)CC(=O)C3=CC(=C(C(=C3)C(C)(C)C)O)C(C)(C)C,0.0504552,resistant,interm
CVCL_1119,CC1=CC2=C(C=C1C)N(C(=N2)NCCCO)CC(=O)C3=CC(=C(C(=C3)C(C)(C)C)O)C(C)(C)C,0.0194153,resistant,interm
CVCL_0313,CC1=CC2=C(C=C1C)N(C(=N2)NCCCO)CC(=O)C3=CC(=C(C(=C3)C(C)(C)C)O)C(C)(C)C,0.0197729,resistant,resistant
CVCL_1639,CC1=CC2=C(C=C1C)N(C(=N2)NCCCO)CC(=O)C3=CC(=C(C(=C3)C(C)(C)C)O)C(C)(C)C,0.0422246,resistant,interm
CVCL_1723,CC1=CC2=C(C=C1C)N(C(=N2)NCCCO)CC(=O)C3=CC(=C(C(=C3)C(C)(C)C)O)C(C)(C)C,0.0404973,resistant,interm
CVCL_0042,CC1=CC2=C(C=C1C)N(C(=N2)NCCCO)CC(=O)C3=CC(=C(C(=C3)C(C)(C)C)O)C(C)(C)C,0.0220427,resistant,resistant
CVCL_0186,CC1=CC=C(C=C1)C(=O)C[N+]2=C(SC3=C2CCCC3)N.[Br-],0.182164,interm,interm
CVCL_0026,CC1=CC=C(C=C1)C(=O)C[N+]2=C(SC3=C2CCCC3)N.[Br-],0.0477973,resistant,interm
CVCL_1119,CC1=CC=C(C=C1)C(=O)C[N+]2=C(SC3=C2CCCC3)N.[Br-],0.008225,resistant,resistant
CVCL_0313,CC1=CC=C(C=C1)C(=O)C[N+]2=C(SC3=C2CCCC3)N.[Br-],0.0290249,resistant,interm
CVCL_1639,CC1=CC=C(C=C1)C(=O)C[N+]2=C(SC3=C2CCCC3)N.[Br-],0.0557538,resistant,interm
CVCL_1723,CC1=CC=C(C=C1)C(=O)C[N+]2=C(SC3=C2CCCC3)N.[Br-],0.0856181,resistant,interm
CVCL_0186,CC1=CC=C(C=C1)C(=O)N(CCCN)[C@@H](C2=C(C(=O)C3=C(O2)C=C(C=C3)Cl)CC4=CC=CC=C4)C(C)C,0.659265,sensitive,sensitive
CVCL_0026,CC1=CC=C(C=C1)C(=O)N(CCCN)[C@@H](C2=C(C(=O)C3=C(O2)C=C(C=C3)Cl)CC4=CC=CC=C4)C(C)C,0.149642,resistant,interm
CVCL_1119,CC1=CC=C(C=C1)C(=O)N(CCCN)[C@@H](C2=C(C(=O)C3=C(O2)C=C(C=C3)Cl)CC4=CC=CC=C4)C(C)C,0.298788,interm,sensitive
CVCL_0313,CC1=CC=C(C=C1)C(=O)N(CCCN)[C@@H](C2=C(C(=O)C3=C(O2)C=C(C=C3)Cl)CC4=CC=CC=C4)C(C)C,0.324883,sensitive,sensitive
CVCL_1639,CC1=CC=C(C=C1)C(=O)N(CCCN)[C@@H](C2=C(C(=O)C3=C(O2)C=C(C=C3)Cl)CC4=CC=CC=C4)C(C)C,0.51836,sensitive,sensitive
CVCL_1723,CC1=CC=C(C=C1)C(=O)N(CCCN)[C@@H](C2=C(C(=O)C3=C(O2)C=C(C=C3)Cl)CC4=CC=CC=C4)C(C)C,0.503805,sensitive,sensitive
CVCL_0042,CC1=CC=C(C=C1)C(=O)N(CCCN)[C@@H](C2=C(C(=O)C3=C(O2)C=C(C=C3)Cl)CC4=CC=CC=C4)C(C)C,0.586493,sensitive,sensitive
CVCL_0186,CC1=CC=C(C=C1)C=C2CNCC(=CC3=CC=C(C=C3)C)C2=O.Cl,0.321391,sensitive,sensitive
CVCL_0026,CC1=CC=C(C=C1)C=C2CNCC(=CC3=CC=C(C=C3)C)C2=O.Cl,0.103526,resistant,interm
CVCL_1119,CC1=CC=C(C=C1)C=C2CNCC(=CC3=CC=C(C=C3)C)C2=O.Cl,0.227122,interm,sensitive
CVCL_0313,CC1=CC=C(C=C1)C=C2CNCC(=CC3=CC=C(C=C3)C)C2=O.Cl,0.129126,resistant,sensitive
CVCL_1639,CC1=CC=C(C=C1)C=C2CNCC(=CC3=CC=C(C=C3)C)C2=O.Cl,0.199312,interm,interm
CVCL_1723,CC1=CC=C(C=C1)C=C2CNCC(=CC3=CC=C(C=C3)C)C2=O.Cl,0.0987999,resistant,interm
CVCL_0042,CC1=CC=C(C=C1)C=C2CNCC(=CC3=CC=C(C=C3)C)C2=O.Cl,0.239676,resistant,interm
CVCL_0186,CC1=CC=C(C=C1)S(=O)(=O)OCC(=O)NC2=CC(=C(C=C2)C(=O)O)O,0.0487997,resistant,resistant
CVCL_0026,CC1=CC=C(C=C1)S(=O)(=O)OCC(=O)NC2=CC(=C(C=C2)C(=O)O)O,0.042,resistant,interm
CVCL_1119,CC1=CC=C(C=C1)S(=O)(=O)OCC(=O)NC2=CC(=C(C=C2)C(=O)O)O,0.00119422,resistant,resistant
CVCL_0313,CC1=CC=C(C=C1)S(=O)(=O)OCC(=O)NC2=CC(=C(C=C2)C(=O)O)O,0.0554,resistant,interm
CVCL_1723,CC1=CC=C(C=C1)S(=O)(=O)OCC(=O)NC2=CC(=C(C=C2)C(=O)O)O,0.00228275,resistant,resistant
CVCL_0042,CC1=CC=C(C=C1)S(=O)(=O)OCC(=O)NC2=CC(=C(C=C2)C(=O)O)O,0.0203341,resistant,resistant
CVCL_0186,CC1=CC=CC(=C1)C2=CC=C(C=C2)C3CC3C4=CC(=O)N(C(=N4)N)C,0.115745,resistant,interm
CVCL_0026,CC1=CC=CC(=C1)C2=CC=C(C=C2)C3CC3C4=CC(=O)N(C(=N4)N)C,0.045257,resistant,interm
CVCL_1119,CC1=CC=CC(=C1)C2=CC=C(C=C2)C3CC3C4=CC(=O)N(C(=N4)N)C,0.0514193,resistant,interm
CVCL_0313,CC1=CC=CC(=C1)C2=CC=C(C=C2)C3CC3C4=CC(=O)N(C(=N4)N)C,0.00792222,resistant,resistant
CVCL_1639,CC1=CC=CC(=C1)C2=CC=C(C=C2)C3CC3C4=CC(=O)N(C(=N4)N)C,0.134794,interm,interm
CVCL_1723,CC1=CC=CC(=C1)C2=CC=C(C=C2)C3CC3C4=CC(=O)N(C(=N4)N)C,0.107019,interm,interm
CVCL_0042,CC1=CC=CC(=C1)C2=CC=C(C=C2)C3CC3C4=CC(=O)N(C(=N4)N)C,0.05814,resistant,resistant
CVCL_0186,CC1=CCCC2(C(O2)C3C(CC1)C(=C)C(=O)O3)C,0.0,resistant,resistant
CVCL_0026,CC1=CCCC2(C(O2)C3C(CC1)C(=C)C(=O)O3)C,0.176109,resistant,sensitive
CVCL_1119,CC1=CCCC2(C(O2)C3C(CC1)C(=C)C(=O)O3)C,0.13833,resistant,sensitive
CVCL_0313,CC1=CCCC2(C(O2)C3C(CC1)C(=C)C(=O)O3)C,0.00447143,resistant,resistant
CVCL_1639,CC1=CCCC2(C(O2)C3C(CC1)C(=C)C(=O)O3)C,0.170929,interm,interm
CVCL_1723,CC1=CCCC2(C(O2)C3C(CC1)C(=C)C(=O)O3)C,0.104222,interm,interm
CVCL_0042,CC1=CCCC2(C(O2)C3C(CC1)C(=C)C(=O)O3)C,0.0782286,resistant,interm
CVCL_0186,CC1=CN2C(=O)C=C(N=C2C(=C1)C(C)NC3=CC=CC=C3)N4CCOCC4,0.103981,resistant,interm
CVCL_0026,CC1=CN2C(=O)C=C(N=C2C(=C1)C(C)NC3=CC=CC=C3)N4CCOCC4,0.109725,resistant,interm
CVCL_1119,CC1=CN2C(=O)C=C(N=C2C(=C1)C(C)NC3=CC=CC=C3)N4CCOCC4,0.0822523,resistant,interm
CVCL_0313,CC1=CN2C(=O)C=C(N=C2C(=C1)C(C)NC3=CC=CC=C3)N4CCOCC4,0.0896176,resistant,interm
CVCL_1639,CC1=CN2C(=O)C=C(N=C2C(=C1)C(C)NC3=CC=CC=C3)N4CCOCC4,0.204473,interm,sensitive
CVCL_1723,CC1=CN2C(=O)C=C(N=C2C(=C1)C(C)NC3=CC=CC=C3)N4CCOCC4,0.0412388,resistant,interm
CVCL_0042,CC1=CN2C(=O)C=C(N=C2C(=C1)C(C)NC3=CC=CC=C3)N4CCOCC4,0.00475,resistant,resistant
CVCL_0186,CC1=CN2C(=O)C=C(N=C2C(=C1)C(C)NC3=CC=CC=C3C(=O)O)N4CCOCC4,0.159084,interm,interm
CVCL_0026,CC1=CN2C(=O)C=C(N=C2C(=C1)C(C)NC3=CC=CC=C3C(=O)O)N4CCOCC4,0.118106,resistant,interm
CVCL_1119,CC1=CN2C(=O)C=C(N=C2C(=C1)C(C)NC3=CC=CC=C3C(=O)O)N4CCOCC4,0.158045,resistant,sensitive
CVCL_0313,CC1=CN2C(=O)C=C(N=C2C(=C1)C(C)NC3=CC=CC=C3C(=O)O)N4CCOCC4,0.134805,resistant,sensitive
CVCL_1639,CC1=CN2C(=O)C=C(N=C2C(=C1)C(C)NC3=CC=CC=C3C(=O)O)N4CCOCC4,0.0606795,resistant,interm
CVCL_1723,CC1=CN2C(=O)C=C(N=C2C(=C1)C(C)NC3=CC=CC=C3C(=O)O)N4CCOCC4,0.16926,interm,interm
CVCL_0042,CC1=CN2C(=O)C=C(N=C2C(=C1)C(C)NC3=CC=CC=C3C(=O)O)N4CCOCC4,0.0984513,resistant,interm
CVCL_0186,CC1=CN=C(N1)C2=CN=C(N=C2C3=C(C=C(C=C3)Cl)Cl)NCCNC4=NC=C(C=C4)C#N,0.149451,interm,interm
CVCL_0026,CC1=CN=C(N1)C2=CN=C(N=C2C3=C(C=C(C=C3)Cl)Cl)NCCNC4=NC=C(C=C4)C#N,0.0189189,resistant,resistant
CVCL_1119,CC1=CN=C(N1)C2=CN=C(N=C2C3=C(C=C(C=C3)Cl)Cl)NCCNC4=NC=C(C=C4)C#N,0.01175,resistant,interm
CVCL_0313,CC1=CN=C(N1)C2=CN=C(N=C2C3=C(C=C(C=C3)Cl)Cl)NCCNC4=NC=C(C=C4)C#N,0.0211938,resistant,resistant
CVCL_1639,CC1=CN=C(N1)C2=CN=C(N=C2C3=C(C=C(C=C3)Cl)Cl)NCCNC4=NC=C(C=C4)C#N,0.0346434,resistant,resistant
CVCL_1723,CC1=CN=C(N1)C2=CN=C(N=C2C3=C(C=C(C=C3)Cl)Cl)NCCNC4=NC=C(C=C4)C#N,0.123919,interm,interm
CVCL_0042,CC1=CN=C(N1)C2=CN=C(N=C2C3=C(C=C(C=C3)Cl)Cl)NCCNC4=NC=C(C=C4)C#N,0.0717514,resistant,resistant
CVCL_0186,CC1=CN=C(N=C1NC2=CC(=CC=C2)S(=O)(=O)NC(C)(C)C)NC3=CC=C(C=C3)OCCN4CCCC4,0.261028,interm,sensitive
CVCL_0026,CC1=CN=C(N=C1NC2=CC(=CC=C2)S(=O)(=O)NC(C)(C)C)NC3=CC=C(C=C3)OCCN4CCCC4,0.18408,resistant,sensitive
CVCL_1119,CC1=CN=C(N=C1NC2=CC(=CC=C2)S(=O)(=O)NC(C)(C)C)NC3=CC=C(C=C3)OCCN4CCCC4,0.141051,resistant,sensitive
CVCL_0313,CC1=CN=C(N=C1NC2=CC(=CC=C2)S(=O)(=O)NC(C)(C)C)NC3=CC=C(C=C3)OCCN4CCCC4,0.134944,resistant,sensitive
CVCL_1639,CC1=CN=C(N=C1NC2=CC(=CC=C2)S(=O)(=O)NC(C)(C)C)NC3=CC=C(C=C3)OCCN4CCCC4,0.201176,interm,sensitive
CVCL_1723,CC1=CN=C(N=C1NC2=CC(=CC=C2)S(=O)(=O)NC(C)(C)C)NC3=CC=C(C=C3)OCCN4CCCC4,0.157285,interm,interm
CVCL_0042,CC1=CN=C(N=C1NC2=CC(=CC=C2)S(=O)(=O)NC(C)(C)C)NC3=CC=C(C=C3)OCCN4CCCC4,0.282127,interm,interm
CVCL_0186,CC1=NC(=CC=C1)C2=NN3CCCC3=C2C4=C5C=C(C=CC5=NC=C4)C(=O)N,0.0289267,resistant,resistant
CVCL_1119,CC1=NC(=CC=C1)C2=NN3CCCC3=C2C4=C5C=C(C=CC5=NC=C4)C(=O)N,0.000511439,resistant,resistant
CVCL_0313,CC1=NC(=CC=C1)C2=NN3CCCC3=C2C4=C5C=C(C=CC5=NC=C4)C(=O)N,0.0250333,resistant,resistant
CVCL_0042,CC1=NC(=CC=C1)C2=NN3CCCC3=C2C4=C5C=C(C=CC5=NC=C4)C(=O)N,0.0678667,resistant,resistant
CVCL_0026,CC1=NC2=C(C(=N1)NC3=NNC4=C3CN(C4(C)C)C(=O)N[C@H](CN(C)C)C5=CC=CC=C5)SC=C2,0.32227,interm,sensitive
CVCL_1639,CC1=NC2=C(C(=N1)NC3=NNC4=C3CN(C4(C)C)C(=O)N[C@H](CN(C)C)C5=CC=CC=C5)SC=C2,0.433911,sensitive,sensitive
CVCL_1723,CC1=NC2=C(C(=N1)NC3=NNC4=C3CN(C4(C)C)C(=O)N[C@H](CN(C)C)C5=CC=CC=C5)SC=C2,0.470051,sensitive,sensitive
CVCL_0186,CC1=NN(C(=O)C1=NNC1C=CC=CC=1OCC)C1=NC(=CS1)C1C=CC=CC=1,0.0822848,resistant,interm
CVCL_0026,CC1=NN(C(=O)C1=NNC1C=CC=CC=1OCC)C1=NC(=CS1)C1C=CC=CC=1,0.0260202,resistant,resistant
CVCL_1119,CC1=NN(C(=O)C1=NNC1C=CC=CC=1OCC)C1=NC(=CS1)C1C=CC=CC=1,0.0,resistant,resistant
CVCL_0313,CC1=NN(C(=O)C1=NNC1C=CC=CC=1OCC)C1=NC(=CS1)C1C=CC=CC=1,0.0601214,resistant,interm
CVCL_1639,CC1=NN(C(=O)C1=NNC1C=CC=CC=1OCC)C1=NC(=CS1)C1C=CC=CC=1,0.0352663,resistant,resistant
CVCL_1723,CC1=NN(C(=O)C1=NNC1C=CC=CC=1OCC)C1=NC(=CS1)C1C=CC=CC=1,0.0214077,resistant,resistant
CVCL_0186,CC1=NN(C(=O)C\1=C\c1ccc(o1)-c1cc(C)c(C)cc1[N+]([O-])=O)c1ccc(cc1)C(O)=O,0.00327671,resistant,resistant
CVCL_0026,CC1=NN(C(=O)C\1=C\c1ccc(o1)-c1cc(C)c(C)cc1[N+]([O-])=O)c1ccc(cc1)C(O)=O,0.038556,resistant,interm
CVCL_1119,CC1=NN(C(=O)C\1=C\c1ccc(o1)-c1cc(C)c(C)cc1[N+]([O-])=O)c1ccc(cc1)C(O)=O,0.0250875,resistant,interm
CVCL_0313,CC1=NN(C(=O)C\1=C\c1ccc(o1)-c1cc(C)c(C)cc1[N+]([O-])=O)c1ccc(cc1)C(O)=O,0.000794372,resistant,resistant
CVCL_1639,CC1=NN(C(=O)C\1=C\c1ccc(o1)-c1cc(C)c(C)cc1[N+]([O-])=O)c1ccc(cc1)C(O)=O,0.0318,resistant,resistant
CVCL_1723,CC1=NN(C(=O)C\1=C\c1ccc(o1)-c1cc(C)c(C)cc1[N+]([O-])=O)c1ccc(cc1)C(O)=O,0.0,resistant,resistant
CVCL_0042,CC1=NN(C(=O)C\1=C\c1ccc(o1)-c1cc(C)c(C)cc1[N+]([O-])=O)c1ccc(cc1)C(O)=O,0.224032,resistant,interm
CVCL_0186,CC1=NN(C2=NC(=CS2)C2C=CC=CC=2)C(=O)C1=NNC1C=CC=CC=1C(O)=O,0.0321568,resistant,resistant
CVCL_0026,CC1=NN(C2=NC(=CS2)C2C=CC=CC=2)C(=O)C1=NNC1C=CC=CC=1C(O)=O,0.0930125,resistant,interm
CVCL_1119,CC1=NN(C2=NC(=CS2)C2C=CC=CC=2)C(=O)C1=NNC1C=CC=CC=1C(O)=O,0.00796363,resistant,resistant
CVCL_0313,CC1=NN(C2=NC(=CS2)C2C=CC=CC=2)C(=O)C1=NNC1C=CC=CC=1C(O)=O,0.00644533,resistant,resistant
CVCL_1639,CC1=NN(C2=NC(=CS2)C2C=CC=CC=2)C(=O)C1=NNC1C=CC=CC=1C(O)=O,0.0675501,resistant,interm
CVCL_1723,CC1=NN(C2=NC(=CS2)C2C=CC=CC=2)C(=O)C1=NNC1C=CC=CC=1C(O)=O,0.0514728,resistant,interm
CVCL_0042,CC1=NN(C2=NC(=CS2)C2C=CC=CC=2)C(=O)C1=NNC1C=CC=CC=1C(O)=O,0.225965,resistant,interm
CVCL_0186,CC1=[N+](C2=C(N1CCOC)C(=O)C3=CC=CC=C3C2=O)CC4=NC=CN=C4.[Br-],0.363342,sensitive,sensitive
CVCL_0026,CC1=[N+](C2=C(N1CCOC)C(=O)C3=CC=CC=C3C2=O)CC4=NC=CN=C4.[Br-],0.465734,sensitive,sensitive
CVCL_1119,CC1=[N+](C2=C(N1CCOC)C(=O)C3=CC=CC=C3C2=O)CC4=NC=CN=C4.[Br-],0.231163,interm,sensitive
CVCL_0313,CC1=[N+](C2=C(N1CCOC)C(=O)C3=CC=CC=C3C2=O)CC4=NC=CN=C4.[Br-],0.312571,sensitive,sensitive
CVCL_1639,CC1=[N+](C2=C(N1CCOC)C(=O)C3=CC=CC=C3C2=O)CC4=NC=CN=C4.[Br-],0.363769,sensitive,sensitive
CVCL_1723,CC1=[N+](C2=C(N1CCOC)C(=O)C3=CC=CC=C3C2=O)CC4=NC=CN=C4.[Br-],0.354816,sensitive,sensitive
CVCL_0042,CC1=[N+](C2=C(N1CCOC)C(=O)C3=CC=CC=C3C2=O)CC4=NC=CN=C4.[Br-],0.399055,sensitive,sensitive
CVCL_0186,CC1C(C(CC(O1)OC2CC(CC3=C(C4=C(C(=C23)O)C(=O)C5=C(C4=O)C=CC=C5OC)O)(C(=O)CO)O)N)O.Cl,0.455664,sensitive,sensitive
CVCL_0026,CC1C(C(CC(O1)OC2CC(CC3=C(C4=C(C(=C23)O)C(=O)C5=C(C4=O)C=CC=C5OC)O)(C(=O)CO)O)N)O.Cl,0.184774,resistant,sensitive
CVCL_1119,CC1C(C(CC(O1)OC2CC(CC3=C(C4=C(C(=C23)O)C(=O)C5=C(C4=O)C=CC=C5OC)O)(C(=O)CO)O)N)O.Cl,0.360217,sensitive,sensitive
CVCL_0313,CC1C(C(CC(O1)OC2CC(CC3=C(C4=C(C(=C23)O)C(=O)C5=C(C4=O)C=CC=C5OC)O)(C(=O)CO)O)N)O.Cl,0.30383,interm,sensitive
CVCL_1639,CC1C(C(CC(O1)OC2CC(CC3=C(C4=C(C(=C23)O)C(=O)C5=C(C4=O)C=CC=C5OC)O)(C(=O)CO)O)N)O.Cl,0.328603,sensitive,sensitive
CVCL_1723,CC1C(C(CC(O1)OC2CC(CC3=C(C4=C(C(=C23)O)C(=O)C5=C(C4=O)C=CC=C5OC)O)(C(=O)CO)O)N)O.Cl,0.387755,sensitive,sensitive
CVCL_0042,CC1C(C(CC(O1)OC2CC(CC3=C(C4=C(C(=C23)O)C(=O)C5=C(C4=O)C=CC=C5OC)O)(C(=O)CO)O)N)O.Cl,0.62754,sensitive,sensitive
CVCL_0186,CC1CC(C(C(C=C(C(C(C=CC=C(C(=O)NC2=CC(=O)C(=C(C1)C2=O)NCC=C)C)OC)OC(=O)N)C)C)O)OC,0.576632,sensitive,sensitive
CVCL_0026,CC1CC(C(C(C=C(C(C(C=CC=C(C(=O)NC2=CC(=O)C(=C(C1)C2=O)NCC=C)C)OC)OC(=O)N)C)C)O)OC,0.407286,sensitive,sensitive
CVCL_1119,CC1CC(C(C(C=C(C(C(C=CC=C(C(=O)NC2=CC(=O)C(=C(C1)C2=O)NCC=C)C)OC)OC(=O)N)C)C)O)OC,0.193999,interm,sensitive
CVCL_0313,CC1CC(C(C(C=C(C(C(C=CC=C(C(=O)NC2=CC(=O)C(=C(C1)C2=O)NCC=C)C)OC)OC(=O)N)C)C)O)OC,0.194598,interm,sensitive
CVCL_1639,CC1CC(C(C(C=C(C(C(C=CC=C(C(=O)NC2=CC(=O)C(=C(C1)C2=O)NCC=C)C)OC)OC(=O)N)C)C)O)OC,0.298501,sensitive,sensitive
CVCL_1723,CC1CC(C(C(C=C(C(C(C=CC=C(C(=O)NC2=CC(=O)C(=C(C1)C2=O)NCC=C)C)OC)OC(=O)N)C)C)O)OC,0.522417,sensitive,sensitive
CVCL_0042,CC1CC(C(C(C=C(C(C(C=CC=C(C(=O)NC2=CC(=O)C(=C(C1)C2=O)NCC=C)C)OC)OC(=O)N)C)C)O)OC,0.236641,resistant,interm
CVCL_0186,CC1CC(C)CN(C1)c1cc(Nc2ccccc2C(O)=O)c2C(=O)c3ccccc3-c3onc1c23,0.0992485,resistant,interm
CVCL_0026,CC1CC(C)CN(C1)c1cc(Nc2ccccc2C(O)=O)c2C(=O)c3ccccc3-c3onc1c23,0.0392991,resistant,interm
CVCL_1119,CC1CC(C)CN(C1)c1cc(Nc2ccccc2C(O)=O)c2C(=O)c3ccccc3-c3onc1c23,0.0200141,resistant,interm
CVCL_0313,CC1CC(C)CN(C1)c1cc(Nc2ccccc2C(O)=O)c2C(=O)c3ccccc3-c3onc1c23,0.11941,resistant,interm
CVCL_1639,CC1CC(C)CN(C1)c1cc(Nc2ccccc2C(O)=O)c2C(=O)c3ccccc3-c3onc1c23,0.0319446,resistant,resistant
CVCL_1723,CC1CC(C)CN(C1)c1cc(Nc2ccccc2C(O)=O)c2C(=O)c3ccccc3-c3onc1c23,0.0781267,resistant,interm
CVCL_0186,CC1CC(C2C(CC(C(O2)(C(=O)C(=O)N3CCCCC3C(=O)OC(C(C(CC(=O)C(C=C(C1)C)CC=C)O)C)C(=CC4CCC(C(C4)OC)O)C)O)C)OC)OC,0.0598298,resistant,interm
CVCL_1119,CC1CC(C2C(CC(C(O2)(C(=O)C(=O)N3CCCCC3C(=O)OC(C(C(CC(=O)C(C=C(C1)C)CC=C)O)C)C(=CC4CCC(C(C4)OC)O)C)O)C)OC)OC,0.0200523,resistant,interm
CVCL_0313,CC1CC(C2C(CC(C(O2)(C(=O)C(=O)N3CCCCC3C(=O)OC(C(C(CC(=O)C(C=C(C1)C)CC=C)O)C)C(=CC4CCC(C(C4)OC)O)C)O)C)OC)OC,0.0138399,resistant,resistant
CVCL_1639,CC1CC(C2C(CC(C(O2)(C(=O)C(=O)N3CCCCC3C(=O)OC(C(C(CC(=O)C(C=C(C1)C)CC=C)O)C)C(=CC4CCC(C(C4)OC)O)C)O)C)OC)OC,0.0429746,resistant,interm
CVCL_1723,CC1CC(C2C(CC(C(O2)(C(=O)C(=O)N3CCCCC3C(=O)OC(C(C(CC(=O)C(C=C(C1)C)CC=C)O)C)C(=CC4CCC(C(C4)OC)O)C)O)C)OC)OC,0.0435252,resistant,interm
CVCL_0042,CC1CC(C2C(CC(C(O2)(C(=O)C(=O)N3CCCCC3C(=O)OC(C(C(CC(=O)C(C=C(C1)C)CC=C)O)C)C(=CC4CCC(C(C4)OC)O)C)O)C)OC)OC,0.00375625,resistant,resistant
CVCL_0186,CC1CC(OC1=O)C(C(C2=C(C3=C(C=C2)C4CC(C56C(OCC(O5)CC6(C4C3=O)C)O)Br)C)C(Cl)Cl)O,0.367801,sensitive,sensitive
CVCL_0026,CC1CC(OC1=O)C(C(C2=C(C3=C(C=C2)C4CC(C56C(OCC(O5)CC6(C4C3=O)C)O)Br)C)C(Cl)Cl)O,0.126395,resistant,interm
CVCL_1119,CC1CC(OC1=O)C(C(C2=C(C3=C(C=C2)C4CC(C56C(OCC(O5)CC6(C4C3=O)C)O)Br)C)C(Cl)Cl)O,0.110237,resistant,interm
CVCL_0313,CC1CC(OC1=O)C(C(C2=C(C3=C(C=C2)C4CC(C56C(OCC(O5)CC6(C4C3=O)C)O)Br)C)C(Cl)Cl)O,0.164246,interm,sensitive
CVCL_1639,CC1CC(OC1=O)C(C(C2=C(C3=C(C=C2)C4CC(C56C(OCC(O5)CC6(C4C3=O)C)O)Br)C)C(Cl)Cl)O,0.204429,interm,sensitive
CVCL_1723,CC1CC(OC1=O)C(C(C2=C(C3=C(C=C2)C4CC(C56C(OCC(O5)CC6(C4C3=O)C)O)Br)C)C(Cl)Cl)O,0.150628,interm,interm
CVCL_0042,CC1CC(OC1=O)C(C(C2=C(C3=C(C=C2)C4CC(C56C(OCC(O5)CC6(C4C3=O)C)O)Br)C)C(Cl)Cl)O,0.37306,interm,sensitive
CVCL_0186,CC1CC2C3CCC4=CC(=O)C=CC4(C3(C(CC2(C1(C(=O)CO)O)C)O)F)C,0.0,resistant,resistant
CVCL_0026,CC1CC2C3CCC4=CC(=O)C=CC4(C3(C(CC2(C1(C(=O)CO)O)C)O)F)C,0.0302438,resistant,interm
CVCL_1119,CC1CC2C3CCC4=CC(=O)C=CC4(C3(C(CC2(C1(C(=O)CO)O)C)O)F)C,0.00855,resistant,resistant
CVCL_0313,CC1CC2C3CCC4=CC(=O)C=CC4(C3(C(CC2(C1(C(=O)CO)O)C)O)F)C,0.0157805,resistant,resistant
CVCL_1639,CC1CC2C3CCC4=CC(=O)C=CC4(C3(C(CC2(C1(C(=O)CO)O)C)O)F)C,0.0141125,resistant,resistant
CVCL_1723,CC1CC2C3CCC4=CC(=O)C=CC4(C3(C(CC2(C1(C(=O)CO)O)C)O)F)C,0.057475,resistant,interm
CVCL_0042,CC1CC2C3CCC4=CC(=O)C=CC4(C3(C(CC2(C1(C(=O)CO)O)C)O)F)C,0.147675,resistant,interm
CVCL_0186,CC1CCC2CC(C(=CC=CC=CC(CC(C(=O)C(C(C(=CC(C(=O)CC(OC(=O)C3CCCCN3C(=O)C(=O)C1(O2)O)C(C)CC4CCC(C(C4)OC)O)C)C)O)OC)C)C)C)OC,0.495927,sensitive,sensitive
CVCL_0026,CC1CCC2CC(C(=CC=CC=CC(CC(C(=O)C(C(C(=CC(C(=O)CC(OC(=O)C3CCCCN3C(=O)C(=O)C1(O2)O)C(C)CC4CCC(C(C4)OC)O)C)C)O)OC)C)C)C)OC,0.288618,interm,sensitive
CVCL_1119,CC1CCC2CC(C(=CC=CC=CC(CC(C(=O)C(C(C(=CC(C(=O)CC(OC(=O)C3CCCCN3C(=O)C(=O)C1(O2)O)C(C)CC4CCC(C(C4)OC)O)C)C)O)OC)C)C)C)OC,0.126188,resistant,sensitive
CVCL_0313,CC1CCC2CC(C(=CC=CC=CC(CC(C(=O)C(C(C(=CC(C(=O)CC(OC(=O)C3CCCCN3C(=O)C(=O)C1(O2)O)C(C)CC4CCC(C(C4)OC)O)C)C)O)OC)C)C)C)OC,0.188706,interm,sensitive
CVCL_1639,CC1CCC2CC(C(=CC=CC=CC(CC(C(=O)C(C(C(=CC(C(=O)CC(OC(=O)C3CCCCN3C(=O)C(=O)C1(O2)O)C(C)CC4CCC(C(C4)OC)O)C)C)O)OC)C)C)C)OC,0.220196,interm,sensitive
CVCL_1723,CC1CCC2CC(C(=CC=CC=CC(CC(C(=O)C(C(C(=CC(C(=O)CC(OC(=O)C3CCCCN3C(=O)C(=O)C1(O2)O)C(C)CC4CCC(C(C4)OC)O)C)C)O)OC)C)C)C)OC,0.313429,sensitive,sensitive
CVCL_0042,CC1CCC2CC(C(=CC=CC=CC(CC(C(=O)C(C(C(=CC(C(=O)CC(OC(=O)C3CCCCN3C(=O)C(=O)C1(O2)O)C(C)CC4CCC(C(C4)OC)O)C)C)O)OC)C)C)C)OC,0.318117,interm,sensitive
CVCL_0186,CC1CCC2CC(C(=CC=CC=CC(CC(C(=O)C(C(C(=CC(C(=O)CC(OC(=O)C3CCCCN3C(=O)C(=O)C1(O2)O)C(C)CC4CCC(C(C4)OC)OC(=O)C(C)(CO)CO)C)C)O)OC)C)C)C)OC,0.34299,sensitive,sensitive
CVCL_1119,CC1CCC2CC(C(=CC=CC=CC(CC(C(=O)C(C(C(=CC(C(=O)CC(OC(=O)C3CCCCN3C(=O)C(=O)C1(O2)O)C(C)CC4CCC(C(C4)OC)OC(=O)C(C)(CO)CO)C)C)O)OC)C)C)C)OC,0.132075,resistant,sensitive
CVCL_0313,CC1CCC2CC(C(=CC=CC=CC(CC(C(=O)C(C(C(=CC(C(=O)CC(OC(=O)C3CCCCN3C(=O)C(=O)C1(O2)O)C(C)CC4CCC(C(C4)OC)OC(=O)C(C)(CO)CO)C)C)O)OC)C)C)C)OC,0.198508,interm,sensitive
CVCL_0042,CC1CCC2CC(C(=CC=CC=CC(CC(C(=O)C(C(C(=CC(C(=O)CC(OC(=O)C3CCCCN3C(=O)C(=O)C1(O2)O)C(C)CC4CCC(C(C4)OC)OC(=O)C(C)(CO)CO)C)C)O)OC)C)C)C)OC,0.377931,interm,sensitive
CVCL_0186,CC1CCCC(C=CC(=O)OC23C(C=CC1)C(C(=C)C(C2C(NC3=O)CC4=CC=CC=C4)C)O)O,0.158523,interm,interm
CVCL_0026,CC1CCCC(C=CC(=O)OC23C(C=CC1)C(C(=C)C(C2C(NC3=O)CC4=CC=CC=C4)C)O)O,0.0272363,resistant,resistant
CVCL_1119,CC1CCCC(C=CC(=O)OC23C(C=CC1)C(C(=C)C(C2C(NC3=O)CC4=CC=CC=C4)C)O)O,0.00305851,resistant,resistant
CVCL_0313,CC1CCCC(C=CC(=O)OC23C(C=CC1)C(C(=C)C(C2C(NC3=O)CC4=CC=CC=C4)C)O)O,0.0623896,resistant,interm
CVCL_1639,CC1CCCC(C=CC(=O)OC23C(C=CC1)C(C(=C)C(C2C(NC3=O)CC4=CC=CC=C4)C)O)O,0.238516,interm,sensitive
CVCL_1723,CC1CCCC(C=CC(=O)OC23C(C=CC1)C(C(=C)C(C2C(NC3=O)CC4=CC=CC=C4)C)O)O,0.135566,interm,interm
CVCL_0042,CC1CCCC(C=CC(=O)OC23C(C=CC1)C(C(=C)C(C2C(NC3=O)CC4=CC=CC=C4)C)O)O,0.158826,resistant,interm
CVCL_0186,CC1CCCC=CC2CC(CC2C(C=CC(=O)O1)O)O,0.500928,sensitive,sensitive
CVCL_0026,CC1CCCC=CC2CC(CC2C(C=CC(=O)O1)O)O,0.354486,sensitive,sensitive
CVCL_1119,CC1CCCC=CC2CC(CC2C(C=CC(=O)O1)O)O,0.287059,interm,sensitive
CVCL_0313,CC1CCCC=CC2CC(CC2C(C=CC(=O)O1)O)O,0.272338,interm,sensitive
CVCL_1639,CC1CCCC=CC2CC(CC2C(C=CC(=O)O1)O)O,0.497818,sensitive,sensitive
CVCL_1723,CC1CCCC=CC2CC(CC2C(C=CC(=O)O1)O)O,0.365142,sensitive,sensitive
CVCL_0042,CC1CCCC=CC2CC(CC2C(C=CC(=O)O1)O)O,0.521293,sensitive,sensitive
CVCL_0186,CC1CN(CC(=O)Nc2ccc3Sc4c(Cc3c2)cccc4-c2cc(=O)cc(o2)N2CCOCC2)CC(C)O1,0.140617,interm,interm
CVCL_0026,CC1CN(CC(=O)Nc2ccc3Sc4c(Cc3c2)cccc4-c2cc(=O)cc(o2)N2CCOCC2)CC(C)O1,0.0590582,resistant,interm
CVCL_1119,CC1CN(CC(=O)Nc2ccc3Sc4c(Cc3c2)cccc4-c2cc(=O)cc(o2)N2CCOCC2)CC(C)O1,0.0969599,resistant,interm
CVCL_0313,CC1CN(CC(=O)Nc2ccc3Sc4c(Cc3c2)cccc4-c2cc(=O)cc(o2)N2CCOCC2)CC(C)O1,0.0514357,resistant,interm
CVCL_1639,CC1CN(CC(=O)Nc2ccc3Sc4c(Cc3c2)cccc4-c2cc(=O)cc(o2)N2CCOCC2)CC(C)O1,0.0680433,resistant,interm
CVCL_1723,CC1CN(CC(=O)Nc2ccc3Sc4c(Cc3c2)cccc4-c2cc(=O)cc(o2)N2CCOCC2)CC(C)O1,0.144043,interm,interm
CVCL_0042,CC1CN(CC(=O)Nc2ccc3Sc4c(Cc3c2)cccc4-c2cc(=O)cc(o2)N2CCOCC2)CC(C)O1,0.178606,resistant,interm
CVCL_0186,CC1COCCN1C2=NC(=NC3=C2C=CC(=N3)C4=CC(=C(C=C4)OC)CO)N5CCOCC5C,0.413292,sensitive,sensitive
CVCL_0026,CC1COCCN1C2=NC(=NC3=C2C=CC(=N3)C4=CC(=C(C=C4)OC)CO)N5CCOCC5C,0.140553,resistant,interm
CVCL_1119,CC1COCCN1C2=NC(=NC3=C2C=CC(=N3)C4=CC(=C(C=C4)OC)CO)N5CCOCC5C,0.423039,sensitive,sensitive
CVCL_0313,CC1COCCN1C2=NC(=NC3=C2C=CC(=N3)C4=CC(=C(C=C4)OC)CO)N5CCOCC5C,0.42467,sensitive,sensitive
CVCL_1723,CC1COCCN1C2=NC(=NC3=C2C=CC(=N3)C4=CC(=C(C=C4)OC)CO)N5CCOCC5C,0.457449,sensitive,sensitive
CVCL_0042,CC1COCCN1C2=NC(=NC3=C2C=CC(=N3)C4=CC(=C(C=C4)OC)CO)N5CCOCC5C,0.489606,sensitive,sensitive
CVCL_0026,CC1O[C@@H](OCC2O[C@@H](O[C@H]3CC[C@@]4(C)C(CC[C@]5(C)C4CC=C4C6CC(C)(C)[C@H](C[C@@]6([C@H](O)C[C@@]54C)C(=O)O[C@@H]4OC(CO)[C@@H](O)[C@@H](O)[C@@H]4O[C@@H]4OC(C)[C@H](O[C@@H]5O[C@@H](CO)[C@H](O)[C@@H]5O)[C@@H](O[C@@H]5OC(CO)[C@@H](O)[C@@H](O)[C@@H]5O)[C@@H]4O)OC(=O)C(CO)=CCC[C@](C)(O[C@@H]4OC(C)[C@@H](OC(=O)C(CO)=CCCC(C)(O)C=C)[C@@H](O)[C@@H]4O)C=C)C3(C)C)[C@@H](NC(C)=O)[C@H](O)[C@@H]2O)[C@@H](O[C@@H]2OC[C@@H](O)[C@@H](O)[C@@H]2O)[C@H](O)[C@H]1O,0.190512,interm,sensitive
CVCL_1639,CC1O[C@@H](OCC2O[C@@H](O[C@H]3CC[C@@]4(C)C(CC[C@]5(C)C4CC=C4C6CC(C)(C)[C@H](C[C@@]6([C@H](O)C[C@@]54C)C(=O)O[C@@H]4OC(CO)[C@@H](O)[C@@H](O)[C@@H]4O[C@@H]4OC(C)[C@H](O[C@@H]5O[C@@H](CO)[C@H](O)[C@@H]5O)[C@@H](O[C@@H]5OC(CO)[C@@H](O)[C@@H](O)[C@@H]5O)[C@@H]4O)OC(=O)C(CO)=CCC[C@](C)(O[C@@H]4OC(C)[C@@H](OC(=O)C(CO)=CCCC(C)(O)C=C)[C@@H](O)[C@@H]4O)C=C)C3(C)C)[C@@H](NC(C)=O)[C@H](O)[C@@H]2O)[C@@H](O[C@@H]2OC[C@@H](O)[C@@H](O)[C@@H]2O)[C@H](O)[C@H]1O,0.289433,sensitive,sensitive
CVCL_1723,CC1O[C@@H](OCC2O[C@@H](O[C@H]3CC[C@@]4(C)C(CC[C@]5(C)C4CC=C4C6CC(C)(C)[C@H](C[C@@]6([C@H](O)C[C@@]54C)C(=O)O[C@@H]4OC(CO)[C@@H](O)[C@@H](O)[C@@H]4O[C@@H]4OC(C)[C@H](O[C@@H]5O[C@@H](CO)[C@H](O)[C@@H]5O)[C@@H](O[C@@H]5OC(CO)[C@@H](O)[C@@H](O)[C@@H]5O)[C@@H]4O)OC(=O)C(CO)=CCC[C@](C)(O[C@@H]4OC(C)[C@@H](OC(=O)C(CO)=CCCC(C)(O)C=C)[C@@H](O)[C@@H]4O)C=C)C3(C)C)[C@@H](NC(C)=O)[C@H](O)[C@@H]2O)[C@@H](O[C@@H]2OC[C@@H](O)[C@@H](O)[C@@H]2O)[C@H](O)[C@H]1O,0.418545,sensitive,sensitive
CVCL_0186,CC=CCC=CCCC(=O)C1C(O1)C(=O)N,0.117867,resistant,interm
CVCL_0026,CC=CCC=CCCC(=O)C1C(O1)C(=O)N,0.0915517,resistant,interm
CVCL_1119,CC=CCC=CCCC(=O)C1C(O1)C(=O)N,0.0196083,resistant,interm
CVCL_0313,CC=CCC=CCCC(=O)C1C(O1)C(=O)N,0.0812855,resistant,interm
CVCL_1639,CC=CCC=CCCC(=O)C1C(O1)C(=O)N,0.106724,interm,interm
CVCL_1723,CC=CCC=CCCC(=O)C1C(O1)C(=O)N,0.0794622,resistant,interm
CVCL_0042,CC=CCC=CCCC(=O)C1C(O1)C(=O)N,0.336503,interm,sensitive
CVCL_0026,CCC(=O)OCN1C(=O)C=CC1=O,0.010696,resistant,resistant
CVCL_1639,CCC(=O)OCN1C(=O)C=CC1=O,0.0276085,resistant,resistant
CVCL_1723,CCC(=O)OCN1C(=O)C=CC1=O,0.0,resistant,resistant
CVCL_0186,CCC(C)(C)C(=O)O[C@H]1C[C@@H](C)C=C2C=C[C@H](C)[C@H](CC[C@@H]3C[C@@H](O)CC(=O)O3)[C@@H]12,0.137009,interm,interm
CVCL_0026,CCC(C)(C)C(=O)O[C@H]1C[C@@H](C)C=C2C=C[C@H](C)[C@H](CC[C@@H]3C[C@@H](O)CC(=O)O3)[C@@H]12,0.0569972,resistant,interm
CVCL_1119,CCC(C)(C)C(=O)O[C@H]1C[C@@H](C)C=C2C=C[C@H](C)[C@H](CC[C@@H]3C[C@@H](O)CC(=O)O3)[C@@H]12,0.0303441,resistant,interm
CVCL_0313,CCC(C)(C)C(=O)O[C@H]1C[C@@H](C)C=C2C=C[C@H](C)[C@H](CC[C@@H]3C[C@@H](O)CC(=O)O3)[C@@H]12,0.124994,resistant,sensitive
CVCL_1639,CCC(C)(C)C(=O)O[C@H]1C[C@@H](C)C=C2C=C[C@H](C)[C@H](CC[C@@H]3C[C@@H](O)CC(=O)O3)[C@@H]12,0.00747492,resistant,resistant
CVCL_1723,CCC(C)(C)C(=O)O[C@H]1C[C@@H](C)C=C2C=C[C@H](C)[C@H](CC[C@@H]3C[C@@H](O)CC(=O)O3)[C@@H]12,0.34264,sensitive,sensitive
CVCL_0042,CCC(C)(C)C(=O)O[C@H]1C[C@@H](C)C=C2C=C[C@H](C)[C@H](CC[C@@H]3C[C@@H](O)CC(=O)O3)[C@@H]12,0.306599,interm,interm
CVCL_0186,CCC(C)N1C(=O)N(C=N1)C2=CC=C(C=C2)N3CCN(CC3)C4=CC=C(C=C4)OCC5COC(O5)(CN6C=NC=N6)C7=C(C=C(C=C7)Cl)Cl,0.213477,interm,interm
CVCL_0026,CCC(C)N1C(=O)N(C=N1)C2=CC=C(C=C2)N3CCN(CC3)C4=CC=C(C=C4)OCC5COC(O5)(CN6C=NC=N6)C7=C(C=C(C=C7)Cl)Cl,0.0134167,resistant,resistant
CVCL_1119,CCC(C)N1C(=O)N(C=N1)C2=CC=C(C=C2)N3CCN(CC3)C4=CC=C(C=C4)OCC5COC(O5)(CN6C=NC=N6)C7=C(C=C(C=C7)Cl)Cl,0.132337,resistant,sensitive
CVCL_0313,CCC(C)N1C(=O)N(C=N1)C2=CC=C(C=C2)N3CCN(CC3)C4=CC=C(C=C4)OCC5COC(O5)(CN6C=NC=N6)C7=C(C=C(C=C7)Cl)Cl,0.053097,resistant,interm
CVCL_1639,CCC(C)N1C(=O)N(C=N1)C2=CC=C(C=C2)N3CCN(CC3)C4=CC=C(C=C4)OCC5COC(O5)(CN6C=NC=N6)C7=C(C=C(C=C7)Cl)Cl,0.0391971,resistant,interm
CVCL_1723,CCC(C)N1C(=O)N(C=N1)C2=CC=C(C=C2)N3CCN(CC3)C4=CC=C(C=C4)OCC5COC(O5)(CN6C=NC=N6)C7=C(C=C(C=C7)Cl)Cl,0.0402436,resistant,interm
CVCL_0186,CCC(C)SSC1=NC=CN1,0.0867827,resistant,interm
CVCL_0026,CCC(C)SSC1=NC=CN1,0.0496221,resistant,interm
CVCL_1119,CCC(C)SSC1=NC=CN1,0.0015723,resistant,resistant
CVCL_0313,CCC(C)SSC1=NC=CN1,0.050654,resistant,interm
CVCL_1639,CCC(C)SSC1=NC=CN1,0.10602,interm,interm
CVCL_0186,CCC(CC)(/C=C/C[C@H](C)C1=CC[C@@H]\2[C@@]1(CCC/C2=C\C=C/3\C[C@H](C[C@@H](C3=C)F)O)C)O,0.18814,interm,interm
CVCL_0026,CCC(CC)(/C=C/C[C@H](C)C1=CC[C@@H]\2[C@@]1(CCC/C2=C\C=C/3\C[C@H](C[C@@H](C3=C)F)O)C)O,0.104958,resistant,interm
CVCL_1119,CCC(CC)(/C=C/C[C@H](C)C1=CC[C@@H]\2[C@@]1(CCC/C2=C\C=C/3\C[C@H](C[C@@H](C3=C)F)O)C)O,0.0584388,resistant,interm
CVCL_0313,CCC(CC)(/C=C/C[C@H](C)C1=CC[C@@H]\2[C@@]1(CCC/C2=C\C=C/3\C[C@H](C[C@@H](C3=C)F)O)C)O,0.0569128,resistant,interm
CVCL_1723,CCC(CC)(/C=C/C[C@H](C)C1=CC[C@@H]\2[C@@]1(CCC/C2=C\C=C/3\C[C@H](C[C@@H](C3=C)F)O)C)O,0.0344852,resistant,resistant
CVCL_0042,CCC(CC)(/C=C/C[C@H](C)C1=CC[C@@H]\2[C@@]1(CCC/C2=C\C=C/3\C[C@H](C[C@@H](C3=C)F)O)C)O,0.0402386,resistant,resistant
CVCL_0186,CCC1(C2=C(COC1=O)C(=O)N3CC4=C(C3=C2)[NH+]=C5C=CC(=C(C5=C4)CN(C)C)O)O.[Cl-],0.428931,sensitive,sensitive
CVCL_0026,CCC1(C2=C(COC1=O)C(=O)N3CC4=C(C3=C2)[NH+]=C5C=CC(=C(C5=C4)CN(C)C)O)O.[Cl-],0.235735,interm,sensitive
CVCL_1119,CCC1(C2=C(COC1=O)C(=O)N3CC4=C(C3=C2)[NH+]=C5C=CC(=C(C5=C4)CN(C)C)O)O.[Cl-],0.335865,sensitive,sensitive
CVCL_0313,CCC1(C2=C(COC1=O)C(=O)N3CC4=C(C3=C2)[NH+]=C5C=CC(=C(C5=C4)CN(C)C)O)O.[Cl-],0.237777,interm,sensitive
CVCL_1639,CCC1(C2=C(COC1=O)C(=O)N3CC4=C(C3=C2)[NH+]=C5C=CC(=C(C5=C4)CN(C)C)O)O.[Cl-],0.355459,sensitive,sensitive
CVCL_1723,CCC1(C2=C(COC1=O)C(=O)N3CC4=C(C3=C2)[NH+]=C5C=CC(=C(C5=C4)CN(C)C)O)O.[Cl-],0.394526,sensitive,sensitive
CVCL_0042,CCC1(C2=C(COC1=O)C(=O)N3CC4=C(C3=C2)[NH+]=C5C=CC(=C(C5=C4)CN(C)C)O)O.[Cl-],0.455608,sensitive,sensitive
CVCL_0186,CCC1(O)CC2CN(C1)CCc3c([nH]c4ccccc34)C(C2)(C(=O)OC)c5cc6c(cc5OC)N(C=O)C7C86CCN9CC=CC(CC)(C98)C(C(=O)OC)C7(O)C(=O)OC,0.61939,sensitive,sensitive
CVCL_0026,CCC1(O)CC2CN(C1)CCc3c([nH]c4ccccc34)C(C2)(C(=O)OC)c5cc6c(cc5OC)N(C=O)C7C86CCN9CC=CC(CC)(C98)C(C(=O)OC)C7(O)C(=O)OC,0.240772,interm,sensitive
CVCL_1119,CCC1(O)CC2CN(C1)CCc3c([nH]c4ccccc34)C(C2)(C(=O)OC)c5cc6c(cc5OC)N(C=O)C7C86CCN9CC=CC(CC)(C98)C(C(=O)OC)C7(O)C(=O)OC,0.0622375,resistant,interm
CVCL_0313,CCC1(O)CC2CN(C1)CCc3c([nH]c4ccccc34)C(C2)(C(=O)OC)c5cc6c(cc5OC)N(C=O)C7C86CCN9CC=CC(CC)(C98)C(C(=O)OC)C7(O)C(=O)OC,0.14156,interm,sensitive
CVCL_1639,CCC1(O)CC2CN(C1)CCc3c([nH]c4ccccc34)C(C2)(C(=O)OC)c5cc6c(cc5OC)N(C=O)C7C86CCN9CC=CC(CC)(C98)C(C(=O)OC)C7(O)C(=O)OC,0.281962,sensitive,sensitive
CVCL_1723,CCC1(O)CC2CN(C1)CCc3c([nH]c4ccccc34)C(C2)(C(=O)OC)c5cc6c(cc5OC)N(C=O)C7C86CCN9CC=CC(CC)(C98)C(C(=O)OC)C7(O)C(=O)OC,0.364495,sensitive,sensitive
CVCL_0042,CCC1(O)CC2CN(C1)CCc3c([nH]c4ccccc34)C(C2)(C(=O)OC)c5cc6c(cc5OC)N(C=O)C7C86CCN9CC=CC(CC)(C98)C(C(=O)OC)C7(O)C(=O)OC,0.622407,sensitive,sensitive
CVCL_0186,CCC1=C2C=C(C=CC2=NC3=C1CN4C3=CC5=C(C4=O)COC(=O)C5(CC)O)O,0.280362,interm,sensitive
CVCL_0026,CCC1=C2C=C(C=CC2=NC3=C1CN4C3=CC5=C(C4=O)COC(=O)C5(CC)O)O,0.132483,resistant,interm
CVCL_1119,CCC1=C2C=C(C=CC2=NC3=C1CN4C3=CC5=C(C4=O)COC(=O)C5(CC)O)O,0.181746,interm,sensitive
CVCL_0313,CCC1=C2C=C(C=CC2=NC3=C1CN4C3=CC5=C(C4=O)COC(=O)C5(CC)O)O,0.109776,resistant,interm
CVCL_1639,CCC1=C2C=C(C=CC2=NC3=C1CN4C3=CC5=C(C4=O)COC(=O)C5(CC)O)O,0.31767,sensitive,sensitive
CVCL_1723,CCC1=C2C=C(C=CC2=NC3=C1CN4C3=CC5=C(C4=O)COC(=O)C5(CC)O)O,0.388808,sensitive,sensitive
CVCL_0042,CCC1=C2C=C(C=CC2=NC3=C1CN4C3=CC5=C(C4=O)COC(=O)C5(CC)O)O,0.412666,sensitive,sensitive
CVCL_0026,CCC1=C2N=C(C=C(N2N=C1)NCC3=C[N+](=CC=C3)[O-])N4CCCC[C@H]4CCO,0.351116,sensitive,sensitive
CVCL_1639,CCC1=C2N=C(C=C(N2N=C1)NCC3=C[N+](=CC=C3)[O-])N4CCCC[C@H]4CCO,0.387274,sensitive,sensitive
CVCL_1723,CCC1=C2N=C(C=C(N2N=C1)NCC3=C[N+](=CC=C3)[O-])N4CCCC[C@H]4CCO,0.489183,sensitive,sensitive
CVCL_0186,CCC1C(=O)N(C2=CN=C(N=C2N1C3CCCC3)NC4=C(C=C(C=C4)C(=O)NC5CCN(CC5)C)OC)C,0.455857,sensitive,sensitive
CVCL_0026,CCC1C(=O)N(C2=CN=C(N=C2N1C3CCCC3)NC4=C(C=C(C=C4)C(=O)NC5CCN(CC5)C)OC)C,0.16881,resistant,sensitive
CVCL_1119,CCC1C(=O)N(C2=CN=C(N=C2N1C3CCCC3)NC4=C(C=C(C=C4)C(=O)NC5CCN(CC5)C)OC)C,0.146607,resistant,sensitive
CVCL_0313,CCC1C(=O)N(C2=CN=C(N=C2N1C3CCCC3)NC4=C(C=C(C=C4)C(=O)NC5CCN(CC5)C)OC)C,0.264173,interm,sensitive
CVCL_1639,CCC1C(=O)N(C2=CN=C(N=C2N1C3CCCC3)NC4=C(C=C(C=C4)C(=O)NC5CCN(CC5)C)OC)C,0.526315,sensitive,sensitive
CVCL_1723,CCC1C(=O)N(C2=CN=C(N=C2N1C3CCCC3)NC4=C(C=C(C=C4)C(=O)NC5CCN(CC5)C)OC)C,0.457436,sensitive,sensitive
CVCL_0042,CCC1C(=O)N(C2=CN=C(N=C2N1C3CCCC3)NC4=C(C=C(C=C4)C(=O)NC5CCN(CC5)C)OC)C,0.62746,sensitive,sensitive
CVCL_0186,CCC1C(=O)N(CC(=O)N(C(C(=O)NC(C(=O)N(C(C(=O)NC(C(=O)NC(C(=O)N(C(C(=O)N(C(C(=O)N(C(C(=O)N(C(C(=O)N1)C(C(C)CC=CC)O)C)C(C)C)C)CC(C)C)C)CC(C)C)C)C)C)CC(C)C)C)C(C)C)CC(C)C)C)C,0.0806687,resistant,interm
CVCL_0026,CCC1C(=O)N(CC(=O)N(C(C(=O)NC(C(=O)N(C(C(=O)NC(C(=O)NC(C(=O)N(C(C(=O)N(C(C(=O)N(C(C(=O)N(C(C(=O)N1)C(C(C)CC=CC)O)C)C(C)C)C)CC(C)C)C)CC(C)C)C)C)C)CC(C)C)C)C(C)C)CC(C)C)C)C,0.068308,resistant,interm
CVCL_1119,CCC1C(=O)N(CC(=O)N(C(C(=O)NC(C(=O)N(C(C(=O)NC(C(=O)NC(C(=O)N(C(C(=O)N(C(C(=O)N(C(C(=O)N(C(C(=O)N1)C(C(C)CC=CC)O)C)C(C)C)C)CC(C)C)C)CC(C)C)C)C)C)CC(C)C)C)C(C)C)CC(C)C)C)C,0.0,resistant,resistant
CVCL_0313,CCC1C(=O)N(CC(=O)N(C(C(=O)NC(C(=O)N(C(C(=O)NC(C(=O)NC(C(=O)N(C(C(=O)N(C(C(=O)N(C(C(=O)N(C(C(=O)N1)C(C(C)CC=CC)O)C)C(C)C)C)CC(C)C)C)CC(C)C)C)C)C)CC(C)C)C)C(C)C)CC(C)C)C)C,0.104421,resistant,interm
CVCL_1639,CCC1C(=O)N(CC(=O)N(C(C(=O)NC(C(=O)N(C(C(=O)NC(C(=O)NC(C(=O)N(C(C(=O)N(C(C(=O)N(C(C(=O)N(C(C(=O)N1)C(C(C)CC=CC)O)C)C(C)C)C)CC(C)C)C)CC(C)C)C)C)C)CC(C)C)C)C(C)C)CC(C)C)C)C,0.0951149,resistant,interm
CVCL_1723,CCC1C(=O)N(CC(=O)N(C(C(=O)NC(C(=O)N(C(C(=O)NC(C(=O)NC(C(=O)N(C(C(=O)N(C(C(=O)N(C(C(=O)N(C(C(=O)N1)C(C(C)CC=CC)O)C)C(C)C)C)CC(C)C)C)CC(C)C)C)C)C)CC(C)C)C)C(C)C)CC(C)C)C)C,0.00410208,resistant,resistant
CVCL_0186,CCC1CCC2C(C(C(C3(O2)CCC(C(O3)CC(C)O)C)C)OC(=O)C=CC(C(C(C(=O)C(C(C(C(=O)C(C(C(CC=CC=C1)C)O)(C)O)C)O)C)C)O)C)C,0.217548,interm,interm
CVCL_0026,CCC1CCC2C(C(C(C3(O2)CCC(C(O3)CC(C)O)C)C)OC(=O)C=CC(C(C(C(=O)C(C(C(C(=O)C(C(C(CC=CC=C1)C)O)(C)O)C)O)C)C)O)C)C,0.264707,interm,sensitive
CVCL_1119,CCC1CCC2C(C(C(C3(O2)CCC(C(O3)CC(C)O)C)C)OC(=O)C=CC(C(C(C(=O)C(C(C(C(=O)C(C(C(CC=CC=C1)C)O)(C)O)C)O)C)C)O)C)C,0.157311,resistant,sensitive
CVCL_0313,CCC1CCC2C(C(C(C3(O2)CCC(C(O3)CC(C)O)C)C)OC(=O)C=CC(C(C(C(=O)C(C(C(C(=O)C(C(C(CC=CC=C1)C)O)(C)O)C)O)C)C)O)C)C,0.320049,sensitive,sensitive
CVCL_1639,CCC1CCC2C(C(C(C3(O2)CCC(C(O3)CC(C)O)C)C)OC(=O)C=CC(C(C(C(=O)C(C(C(C(=O)C(C(C(CC=CC=C1)C)O)(C)O)C)O)C)C)O)C)C,0.149423,interm,interm
CVCL_1723,CCC1CCC2C(C(C(C3(O2)CCC(C(O3)CC(C)O)C)C)OC(=O)C=CC(C(C(C(=O)C(C(C(C(=O)C(C(C(CC=CC=C1)C)O)(C)O)C)O)C)C)O)C)C,0.350007,sensitive,sensitive
CVCL_0042,CCC1CCC2C(C(C(C3(O2)CCC(C(O3)CC(C)O)C)C)OC(=O)C=CC(C(C(C(=O)C(C(C(C(=O)C(C(C(CC=CC=C1)C)O)(C)O)C)O)C)C)O)C)C,0.700649,sensitive,sensitive
CVCL_0026,CCCC1=CC2=C(N=CN=C2S1)N3CCN(CC3)C4=NCC(S4)(C)C,0.10293,resistant,interm
CVCL_1639,CCCC1=CC2=C(N=CN=C2S1)N3CCN(CC3)C4=NCC(S4)(C)C,0.0289717,resistant,resistant
CVCL_1723,CCCC1=CC2=C(N=CN=C2S1)N3CCN(CC3)C4=NCC(S4)(C)C,0.0181902,resistant,resistant
CVCL_0186,CCCC1=NN(C2=C1NC(=NC2=O)C3=C(C=CC(=C3)S(=O)(=O)N4CCN(CC4)C)OCC)C,0.0242648,resistant,resistant
CVCL_0026,CCCC1=NN(C2=C1NC(=NC2=O)C3=C(C=CC(=C3)S(=O)(=O)N4CCN(CC4)C)OCC)C,0.0461547,resistant,interm
CVCL_1119,CCCC1=NN(C2=C1NC(=NC2=O)C3=C(C=CC(=C3)S(=O)(=O)N4CCN(CC4)C)OCC)C,0.0488467,resistant,interm
CVCL_0313,CCCC1=NN(C2=C1NC(=NC2=O)C3=C(C=CC(=C3)S(=O)(=O)N4CCN(CC4)C)OCC)C,0.03782,resistant,interm
CVCL_1639,CCCC1=NN(C2=C1NC(=NC2=O)C3=C(C=CC(=C3)S(=O)(=O)N4CCN(CC4)C)OCC)C,0.0306258,resistant,resistant
CVCL_1723,CCCC1=NN(C2=C1NC(=NC2=O)C3=C(C=CC(=C3)S(=O)(=O)N4CCN(CC4)C)OCC)C,0.012415,resistant,resistant
CVCL_0042,CCCC1=NN(C2=C1NC(=NC2=O)C3=C(C=CC(=C3)S(=O)(=O)N4CCN(CC4)C)OCC)C,0.109858,resistant,interm
CVCL_0186,CCCC1CC(CC(CC2CC(CC(O2)CC(=O)O1)OC(=O)C=CCCC3=COC(=N3)C=CCNC(=O)OC)C)OC,0.421649,sensitive,sensitive
CVCL_1119,CCCC1CC(CC(CC2CC(CC(O2)CC(=O)O1)OC(=O)C=CCCC3=COC(=N3)C=CCNC(=O)OC)C)OC,0.154898,resistant,sensitive
CVCL_0313,CCCC1CC(CC(CC2CC(CC(O2)CC(=O)O1)OC(=O)C=CCCC3=COC(=N3)C=CCNC(=O)OC)C)OC,0.462114,sensitive,sensitive
CVCL_0042,CCCC1CC(CC(CC2CC(CC(O2)CC(=O)O1)OC(=O)C=CCCC3=COC(=N3)C=CCNC(=O)OC)C)OC,0.659241,sensitive,sensitive
CVCL_0186,CCCCC(C)C(C(CC(C)CC(CCCCC(CC(C(C)N)O)O)O)OC(=O)CC(CC(=O)O)C(=O)O)OC(=O)CC(CC(=O)O)C(=O)O,0.140747,interm,interm
CVCL_0026,CCCCC(C)C(C(CC(C)CC(CCCCC(CC(C(C)N)O)O)O)OC(=O)CC(CC(=O)O)C(=O)O)OC(=O)CC(CC(=O)O)C(=O)O,0.0230938,resistant,resistant
CVCL_1119,CCCCC(C)C(C(CC(C)CC(CCCCC(CC(C(C)N)O)O)O)OC(=O)CC(CC(=O)O)C(=O)O)OC(=O)CC(CC(=O)O)C(=O)O,0.0213426,resistant,interm
CVCL_0313,CCCCC(C)C(C(CC(C)CC(CCCCC(CC(C(C)N)O)O)O)OC(=O)CC(CC(=O)O)C(=O)O)OC(=O)CC(CC(=O)O)C(=O)O,0.0314312,resistant,interm
CVCL_1639,CCCCC(C)C(C(CC(C)CC(CCCCC(CC(C(C)N)O)O)O)OC(=O)CC(CC(=O)O)C(=O)O)OC(=O)CC(CC(=O)O)C(=O)O,0.0155562,resistant,resistant
CVCL_1723,CCCCC(C)C(C(CC(C)CC(CCCCC(CC(C(C)N)O)O)O)OC(=O)CC(CC(=O)O)C(=O)O)OC(=O)CC(CC(=O)O)C(=O)O,0.223201,interm,sensitive
CVCL_0042,CCCCC(C)C(C(CC(C)CC(CCCCC(CC(C(C)N)O)O)O)OC(=O)CC(CC(=O)O)C(=O)O)OC(=O)CC(CC(=O)O)C(=O)O,0.426012,sensitive,sensitive
CVCL_0186,CCCCC1=CC2=C(C=C1)N=C(N2)NC(=O)OC,0.429728,sensitive,sensitive
CVCL_0026,CCCCC1=CC2=C(C=C1)N=C(N2)NC(=O)OC,0.172461,resistant,sensitive
CVCL_1119,CCCCC1=CC2=C(C=C1)N=C(N2)NC(=O)OC,0.1528,resistant,sensitive
CVCL_0313,CCCCC1=CC2=C(C=C1)N=C(N2)NC(=O)OC,0.131684,resistant,sensitive
CVCL_1639,CCCCC1=CC2=C(C=C1)N=C(N2)NC(=O)OC,0.195602,interm,interm
CVCL_1723,CCCCC1=CC2=C(C=C1)N=C(N2)NC(=O)OC,0.246742,sensitive,sensitive
CVCL_0042,CCCCC1=CC2=C(C=C1)N=C(N2)NC(=O)OC,0.349627,interm,sensitive
CVCL_0186,CCCCCC=CCC=CCC=CCC=CCCCC(=O)C(F)(F)F,0.198482,interm,interm
CVCL_0026,CCCCCC=CCC=CCC=CCC=CCCCC(=O)C(F)(F)F,0.0951545,resistant,interm
CVCL_1119,CCCCCC=CCC=CCC=CCC=CCCCC(=O)C(F)(F)F,0.0544981,resistant,interm
CVCL_0313,CCCCCC=CCC=CCC=CCC=CCCCC(=O)C(F)(F)F,0.114839,resistant,interm
CVCL_1639,CCCCCC=CCC=CCC=CCC=CCCCC(=O)C(F)(F)F,0.103689,interm,interm
CVCL_1723,CCCCCC=CCC=CCC=CCC=CCCCC(=O)C(F)(F)F,0.0359585,resistant,resistant
CVCL_0186,CCCCCCC(=O)CCCCCCC=CCC(C(C(CO)(C(=O)[O-])[NH3+])O)O,0.204542,interm,interm
CVCL_1119,CCCCCCC(=O)CCCCCCC=CCC(C(C(CO)(C(=O)[O-])[NH3+])O)O,0.0136312,resistant,interm
CVCL_0313,CCCCCCC(=O)CCCCCCC=CCC(C(C(CO)(C(=O)[O-])[NH3+])O)O,0.0721,resistant,interm
CVCL_0186,CCCCCCCCC1=CC=C(C=C1)C2=CC=C(C=C2)C(=O)O,0.0300711,resistant,resistant
CVCL_0026,CCCCCCCCC1=CC=C(C=C1)C2=CC=C(C=C2)C(=O)O,0.0074,resistant,resistant
CVCL_1119,CCCCCCCCC1=CC=C(C=C1)C2=CC=C(C=C2)C(=O)O,0.0253437,resistant,interm
CVCL_0313,CCCCCCCCC1=CC=C(C=C1)C2=CC=C(C=C2)C(=O)O,0.0248812,resistant,resistant
CVCL_1639,CCCCCCCCC1=CC=C(C=C1)C2=CC=C(C=C2)C(=O)O,0.00254391,resistant,resistant
CVCL_1723,CCCCCCCCC1=CC=C(C=C1)C2=CC=C(C=C2)C(=O)O,0.0368312,resistant,interm
CVCL_0042,CCCCCCCCC1=CC=C(C=C1)C2=CC=C(C=C2)C(=O)O,0.101163,resistant,interm
CVCL_0186,CCCCCCCCC1=CC=C(C=C1)CCC(CO)(CO)N,0.186286,interm,interm
CVCL_0026,CCCCCCCCC1=CC=C(C=C1)CCC(CO)(CO)N,0.144838,resistant,interm
CVCL_1119,CCCCCCCCC1=CC=C(C=C1)CCC(CO)(CO)N,0.128375,resistant,sensitive
CVCL_0313,CCCCCCCCC1=CC=C(C=C1)CCC(CO)(CO)N,0.148346,interm,sensitive
CVCL_1639,CCCCCCCCC1=CC=C(C=C1)CCC(CO)(CO)N,0.182856,interm,interm
CVCL_1723,CCCCCCCCC1=CC=C(C=C1)CCC(CO)(CO)N,0.162956,interm,interm
CVCL_0042,CCCCCCCCC1=CC=C(C=C1)CCC(CO)(CO)N,0.171493,resistant,interm
CVCL_0186,CCCCCCCCCC(=O)NC(CN1CCOCC1)C(C)C2=CC=CC=C2.Cl,0.107694,resistant,interm
CVCL_0026,CCCCCCCCCC(=O)NC(CN1CCOCC1)C(C)C2=CC=CC=C2.Cl,0.115082,resistant,interm
CVCL_1119,CCCCCCCCCC(=O)NC(CN1CCOCC1)C(C)C2=CC=CC=C2.Cl,0.087551,resistant,interm
CVCL_0313,CCCCCCCCCC(=O)NC(CN1CCOCC1)C(C)C2=CC=CC=C2.Cl,0.0898672,resistant,interm
CVCL_1639,CCCCCCCCCC(=O)NC(CN1CCOCC1)C(C)C2=CC=CC=C2.Cl,0.107729,interm,interm
CVCL_1723,CCCCCCCCCC(=O)NC(CN1CCOCC1)C(C)C2=CC=CC=C2.Cl,0.0856307,resistant,interm
CVCL_0186,CCCCCCCCCCC(C)(C)C(=O)NC1=C(C=C(C=C1OC)OC)OC,0.00475625,resistant,resistant
CVCL_0026,CCCCCCCCCCC(C)(C)C(=O)NC1=C(C=C(C=C1OC)OC)OC,0.0530115,resistant,interm
CVCL_1119,CCCCCCCCCCC(C)(C)C(=O)NC1=C(C=C(C=C1OC)OC)OC,0.0084625,resistant,resistant
CVCL_0313,CCCCCCCCCCC(C)(C)C(=O)NC1=C(C=C(C=C1OC)OC)OC,0.0,resistant,resistant
CVCL_1639,CCCCCCCCCCC(C)(C)C(=O)NC1=C(C=C(C=C1OC)OC)OC,0.0154313,resistant,resistant
CVCL_1723,CCCCCCCCCCC(C)(C)C(=O)NC1=C(C=C(C=C1OC)OC)OC,0.154087,interm,interm
CVCL_0042,CCCCCCCCCCC(C)(C)C(=O)NC1=C(C=C(C=C1OC)OC)OC,0.0,resistant,resistant
CVCL_0186,CCCCCCCCCCCCC/C=C/[C@H]([C@H](CO)NC(=O)CCCCC)O,0.0978375,resistant,interm
CVCL_0026,CCCCCCCCCCCCC/C=C/[C@H]([C@H](CO)NC(=O)CCCCC)O,0.0220375,resistant,resistant
CVCL_1119,CCCCCCCCCCCCC/C=C/[C@H]([C@H](CO)NC(=O)CCCCC)O,0.0,resistant,resistant
CVCL_0313,CCCCCCCCCCCCC/C=C/[C@H]([C@H](CO)NC(=O)CCCCC)O,0.0728813,resistant,interm
CVCL_1639,CCCCCCCCCCCCC/C=C/[C@H]([C@H](CO)NC(=O)CCCCC)O,0.227139,interm,sensitive
CVCL_1723,CCCCCCCCCCCCC/C=C/[C@H]([C@H](CO)NC(=O)CCCCC)O,0.215084,interm,sensitive
CVCL_0042,CCCCCCCCCCCCC/C=C/[C@H]([C@H](CO)NC(=O)CCCCC)O,0.184109,resistant,interm
CVCL_0186,CCCCCCCCCCCCCC(=O)OCC(COP(=O)([O-])OCC[N+](C)(C)C)OC(=O)CCCCCCCCCCCNC1=C(C=C(C=C1)[N+](=O)[O-])N=[N+]=[N-],0.298367,sensitive,sensitive
CVCL_0026,CCCCCCCCCCCCCC(=O)OCC(COP(=O)([O-])OCC[N+](C)(C)C)OC(=O)CCCCCCCCCCCNC1=C(C=C(C=C1)[N+](=O)[O-])N=[N+]=[N-],0.171275,resistant,sensitive
CVCL_1119,CCCCCCCCCCCCCC(=O)OCC(COP(=O)([O-])OCC[N+](C)(C)C)OC(=O)CCCCCCCCCCCNC1=C(C=C(C=C1)[N+](=O)[O-])N=[N+]=[N-],0.145638,resistant,sensitive
CVCL_0313,CCCCCCCCCCCCCC(=O)OCC(COP(=O)([O-])OCC[N+](C)(C)C)OC(=O)CCCCCCCCCCCNC1=C(C=C(C=C1)[N+](=O)[O-])N=[N+]=[N-],0.185069,interm,sensitive
CVCL_1639,CCCCCCCCCCCCCC(=O)OCC(COP(=O)([O-])OCC[N+](C)(C)C)OC(=O)CCCCCCCCCCCNC1=C(C=C(C=C1)[N+](=O)[O-])N=[N+]=[N-],0.308723,sensitive,sensitive
CVCL_1723,CCCCCCCCCCCCCC(=O)OCC(COP(=O)([O-])OCC[N+](C)(C)C)OC(=O)CCCCCCCCCCCNC1=C(C=C(C=C1)[N+](=O)[O-])N=[N+]=[N-],0.215017,interm,sensitive
CVCL_0042,CCCCCCCCCCCCCC(=O)OCC(COP(=O)([O-])OCC[N+](C)(C)C)OC(=O)CCCCCCCCCCCNC1=C(C=C(C=C1)[N+](=O)[O-])N=[N+]=[N-],0.369373,interm,sensitive
CVCL_0026,CCCCCCCCCC[C@H]1[C@@H](OC1=O)CCC2=CC(=C(C=C2)OC)OC,0.0597219,resistant,interm
CVCL_1639,CCCCCCCCCC[C@H]1[C@@H](OC1=O)CCC2=CC(=C(C=C2)OC)OC,0.0644125,resistant,interm
CVCL_1723,CCCCCCCCCC[C@H]1[C@@H](OC1=O)CCC2=CC(=C(C=C2)OC)OC,0.00158914,resistant,resistant
CVCL_0186,CCCCCCN(CCCCCC)C(=O)CC1=C(NC2=CC=CC=C21)C3=CC=C(C=C3)F,0.0800168,resistant,interm
CVCL_1119,CCCCCCN(CCCCCC)C(=O)CC1=C(NC2=CC=CC=C21)C3=CC=C(C=C3)F,0.0,resistant,resistant
CVCL_0313,CCCCCCN(CCCCCC)C(=O)CC1=C(NC2=CC=CC=C21)C3=CC=C(C=C3)F,0.0832767,resistant,interm
CVCL_0186,CCCC[C@@H](C)/C=C(C)/C=C(C)/C(=O)NC1=C[C@@](O)(C=CC=CC=CC(=O)NC2C(=O)CCC2=O)[C@@H]3O[C@@H]3C1=O,0.154482,interm,interm
CVCL_0026,CCCC[C@@H](C)/C=C(C)/C=C(C)/C(=O)NC1=C[C@@](O)(C=CC=CC=CC(=O)NC2C(=O)CCC2=O)[C@@H]3O[C@@H]3C1=O,0.0262509,resistant,resistant
CVCL_1119,CCCC[C@@H](C)/C=C(C)/C=C(C)/C(=O)NC1=C[C@@](O)(C=CC=CC=CC(=O)NC2C(=O)CCC2=O)[C@@H]3O[C@@H]3C1=O,0.0003402,resistant,resistant
CVCL_0313,CCCC[C@@H](C)/C=C(C)/C=C(C)/C(=O)NC1=C[C@@](O)(C=CC=CC=CC(=O)NC2C(=O)CCC2=O)[C@@H]3O[C@@H]3C1=O,0.111222,resistant,interm
CVCL_1639,CCCC[C@@H](C)/C=C(C)/C=C(C)/C(=O)NC1=C[C@@](O)(C=CC=CC=CC(=O)NC2C(=O)CCC2=O)[C@@H]3O[C@@H]3C1=O,0.0756761,resistant,interm
CVCL_1723,CCCC[C@@H](C)/C=C(C)/C=C(C)/C(=O)NC1=C[C@@](O)(C=CC=CC=CC(=O)NC2C(=O)CCC2=O)[C@@H]3O[C@@H]3C1=O,0.0965704,resistant,interm
CVCL_0042,CCCC[C@@H](C)/C=C(C)/C=C(C)/C(=O)NC1=C[C@@](O)(C=CC=CC=CC(=O)NC2C(=O)CCC2=O)[C@@H]3O[C@@H]3C1=O,0.113114,resistant,interm
CVCL_0186,CCCS(=O)(=O)NC1=C(C(=C(C=C1)F)C(=O)C2=CNC3=NC=C(C=C23)C4=CC=C(C=C4)Cl)F,0.0656016,resistant,interm
CVCL_0026,CCCS(=O)(=O)NC1=C(C(=C(C=C1)F)C(=O)C2=CNC3=NC=C(C=C23)C4=CC=C(C=C4)Cl)F,0.0303283,resistant,interm
CVCL_1119,CCCS(=O)(=O)NC1=C(C(=C(C=C1)F)C(=O)C2=CNC3=NC=C(C=C23)C4=CC=C(C=C4)Cl)F,0.00982447,resistant,resistant
CVCL_0313,CCCS(=O)(=O)NC1=C(C(=C(C=C1)F)C(=O)C2=CNC3=NC=C(C=C23)C4=CC=C(C=C4)Cl)F,0.094269,resistant,interm
CVCL_1639,CCCS(=O)(=O)NC1=C(C(=C(C=C1)F)C(=O)C2=CNC3=NC=C(C=C23)C4=CC=C(C=C4)Cl)F,0.0175938,resistant,resistant
CVCL_1723,CCCS(=O)(=O)NC1=C(C(=C(C=C1)F)C(=O)C2=CNC3=NC=C(C=C23)C4=CC=C(C=C4)Cl)F,0.108597,interm,interm
CVCL_0042,CCCS(=O)(=O)NC1=C(C(=C(C=C1)F)C(=O)C2=CNC3=NC=C(C=C23)C4=CC=C(C=C4)Cl)F,0.179526,resistant,interm
CVCL_0186,CCCS(=O)(=O)NC1=C(C(=C(C=C1)F)C(=O)C2=CNC3=NC=C(C=C23)Cl)F,0.11182,resistant,interm
CVCL_0026,CCCS(=O)(=O)NC1=C(C(=C(C=C1)F)C(=O)C2=CNC3=NC=C(C=C23)Cl)F,0.0300482,resistant,interm
CVCL_1119,CCCS(=O)(=O)NC1=C(C(=C(C=C1)F)C(=O)C2=CNC3=NC=C(C=C23)Cl)F,0.0437717,resistant,interm
CVCL_0313,CCCS(=O)(=O)NC1=C(C(=C(C=C1)F)C(=O)C2=CNC3=NC=C(C=C23)Cl)F,0.0238673,resistant,resistant
CVCL_1639,CCCS(=O)(=O)NC1=C(C(=C(C=C1)F)C(=O)C2=CNC3=NC=C(C=C23)Cl)F,0.00928474,resistant,resistant
CVCL_1723,CCCS(=O)(=O)NC1=C(C(=C(C=C1)F)C(=O)C2=CNC3=NC=C(C=C23)Cl)F,0.083921,resistant,interm
CVCL_0186,CCC[C@@H](C1=CC=CC=C1)NC(=O)/C(=C/C2=NC(=CC=C2)Br)/C#N,0.235536,interm,interm
CVCL_0026,CCC[C@@H](C1=CC=CC=C1)NC(=O)/C(=C/C2=NC(=CC=C2)Br)/C#N,0.189961,interm,sensitive
CVCL_1119,CCC[C@@H](C1=CC=CC=C1)NC(=O)/C(=C/C2=NC(=CC=C2)Br)/C#N,0.288881,interm,sensitive
CVCL_0313,CCC[C@@H](C1=CC=CC=C1)NC(=O)/C(=C/C2=NC(=CC=C2)Br)/C#N,0.214983,interm,sensitive
CVCL_1639,CCC[C@@H](C1=CC=CC=C1)NC(=O)/C(=C/C2=NC(=CC=C2)Br)/C#N,0.204406,interm,sensitive
CVCL_1723,CCC[C@@H](C1=CC=CC=C1)NC(=O)/C(=C/C2=NC(=CC=C2)Br)/C#N,0.159742,interm,interm
CVCL_0042,CCC[C@@H](C1=CC=CC=C1)NC(=O)/C(=C/C2=NC(=CC=C2)Br)/C#N,0.348612,interm,sensitive
CVCL_0186,CCN(CC)CCCC(C)NC1=NC(=CC(=N1)NC2=CC3=C(C=C2)N=C(C=C3N)C)C,0.151986,interm,interm
CVCL_0026,CCN(CC)CCCC(C)NC1=NC(=CC(=N1)NC2=CC3=C(C=C2)N=C(C=C3N)C)C,0.0636006,resistant,interm
CVCL_1119,CCN(CC)CCCC(C)NC1=NC(=CC(=N1)NC2=CC3=C(C=C2)N=C(C=C3N)C)C,0.0408884,resistant,interm
CVCL_0313,CCN(CC)CCCC(C)NC1=NC(=CC(=N1)NC2=CC3=C(C=C2)N=C(C=C3N)C)C,0.0851988,resistant,interm
CVCL_1639,CCN(CC)CCCC(C)NC1=NC(=CC(=N1)NC2=CC3=C(C=C2)N=C(C=C3N)C)C,0.166245,interm,interm
CVCL_1723,CCN(CC)CCCC(C)NC1=NC(=CC(=N1)NC2=CC3=C(C=C2)N=C(C=C3N)C)C,0.154872,interm,interm
CVCL_0186,CCN(CC)CCNC(=O)C1=C(NC(=C1C)C=C2C3=C(C=CC(=C3)F)NC2=O)C,0.21636,interm,interm
CVCL_0026,CCN(CC)CCNC(=O)C1=C(NC(=C1C)C=C2C3=C(C=CC(=C3)F)NC2=O)C,0.100775,resistant,interm
CVCL_1119,CCN(CC)CCNC(=O)C1=C(NC(=C1C)C=C2C3=C(C=CC(=C3)F)NC2=O)C,0.127587,resistant,sensitive
CVCL_0313,CCN(CC)CCNC(=O)C1=C(NC(=C1C)C=C2C3=C(C=CC(=C3)F)NC2=O)C,0.14609,interm,sensitive
CVCL_1639,CCN(CC)CCNC(=O)C1=C(NC(=C1C)C=C2C3=C(C=CC(=C3)F)NC2=O)C,0.1764,interm,interm
CVCL_1723,CCN(CC)CCNC(=O)C1=C(NC(=C1C)C=C2C3=C(C=CC(=C3)F)NC2=O)C,0.214995,interm,sensitive
CVCL_0042,CCN(CC)CCNC(=O)C1=C(NC(=C1C)C=C2C3=C(C=CC(=C3)F)NC2=O)C,0.28888,interm,interm
CVCL_0026,CCN(CC)c1ccc(cc1)C1=NNC(=O)C[C@H]1C,0.0490605,resistant,interm
CVCL_1639,CCN(CC)c1ccc(cc1)C1=NNC(=O)C[C@H]1C,0.0620927,resistant,interm
CVCL_1723,CCN(CC)c1ccc(cc1)C1=NNC(=O)C[C@H]1C,0.0180686,resistant,resistant
CVCL_0186,CCN(CC)c1ccc(cc1[N+]([O-])=O)C1=NNC(=O)CC1C,0.0597748,resistant,interm
CVCL_0026,CCN(CC)c1ccc(cc1[N+]([O-])=O)C1=NNC(=O)CC1C,0.000246691,resistant,resistant
CVCL_1119,CCN(CC)c1ccc(cc1[N+]([O-])=O)C1=NNC(=O)CC1C,0.0137408,resistant,interm
CVCL_0313,CCN(CC)c1ccc(cc1[N+]([O-])=O)C1=NNC(=O)CC1C,0.027045,resistant,interm
CVCL_1723,CCN(CC)c1ccc(cc1[N+]([O-])=O)C1=NNC(=O)CC1C,0.037276,resistant,interm
CVCL_0042,CCN(CC)c1ccc(cc1[N+]([O-])=O)C1=NNC(=O)CC1C,0.116325,resistant,interm
CVCL_0186,CCN(CCO)CCCOc1ccc2c(Nc3cc(CC(=O)Nc4cccc(F)c4)[nH]n3)ncnc2c1,0.213527,interm,interm
CVCL_0026,CCN(CCO)CCCOc1ccc2c(Nc3cc(CC(=O)Nc4cccc(F)c4)[nH]n3)ncnc2c1,0.0323795,resistant,interm
CVCL_1119,CCN(CCO)CCCOc1ccc2c(Nc3cc(CC(=O)Nc4cccc(F)c4)[nH]n3)ncnc2c1,0.0138954,resistant,interm
CVCL_0313,CCN(CCO)CCCOc1ccc2c(Nc3cc(CC(=O)Nc4cccc(F)c4)[nH]n3)ncnc2c1,0.0941333,resistant,interm
CVCL_1639,CCN(CCO)CCCOc1ccc2c(Nc3cc(CC(=O)Nc4cccc(F)c4)[nH]n3)ncnc2c1,0.102122,interm,interm
CVCL_1723,CCN(CCO)CCCOc1ccc2c(Nc3cc(CC(=O)Nc4cccc(F)c4)[nH]n3)ncnc2c1,0.0217999,resistant,resistant
CVCL_0042,CCN(CCO)CCCOc1ccc2c(Nc3cc(CC(=O)Nc4cccc(F)c4)[nH]n3)ncnc2c1,0.146112,resistant,interm
CVCL_0026,CCN1C2=C(C(=O)N(C1=O)CC)N(C(=N2)/C=C/C3=CC(=C(C=C3)OC)OC)C,0.0240325,resistant,resistant
CVCL_1639,CCN1C2=C(C(=O)N(C1=O)CC)N(C(=N2)/C=C/C3=CC(=C(C=C3)OC)OC)C,0.00307558,resistant,resistant
CVCL_1723,CCN1C2=C(C(=O)N(C1=O)CC)N(C(=N2)/C=C/C3=CC(=C(C=C3)OC)OC)C,0.00948397,resistant,resistant
CVCL_0186,CCN1CCN(CC(=O)Nc2ccc(-c3cccc4c3oc(cc4=O)N3CCOCC3)c3sc4ccccc4c23)CC1,0.274443,interm,sensitive
CVCL_0026,CCN1CCN(CC(=O)Nc2ccc(-c3cccc4c3oc(cc4=O)N3CCOCC3)c3sc4ccccc4c23)CC1,0.1706,resistant,sensitive
CVCL_1119,CCN1CCN(CC(=O)Nc2ccc(-c3cccc4c3oc(cc4=O)N3CCOCC3)c3sc4ccccc4c23)CC1,0.186255,interm,sensitive
CVCL_0313,CCN1CCN(CC(=O)Nc2ccc(-c3cccc4c3oc(cc4=O)N3CCOCC3)c3sc4ccccc4c23)CC1,0.177362,interm,sensitive
CVCL_1639,CCN1CCN(CC(=O)Nc2ccc(-c3cccc4c3oc(cc4=O)N3CCOCC3)c3sc4ccccc4c23)CC1,0.172289,interm,interm
CVCL_1723,CCN1CCN(CC(=O)Nc2ccc(-c3cccc4c3oc(cc4=O)N3CCOCC3)c3sc4ccccc4c23)CC1,0.17373,interm,interm
CVCL_0042,CCN1CCN(CC(=O)Nc2ccc(-c3cccc4c3oc(cc4=O)N3CCOCC3)c3sc4ccccc4c23)CC1,0.268107,interm,interm
CVCL_0186,CCN1CCN(CC1)C(C2=CC=C(C=C2)C(F)(F)F)C3=C(C4=C(C=CC=N4)C=C3)O,0.255252,interm,sensitive
CVCL_0026,CCN1CCN(CC1)C(C2=CC=C(C=C2)C(F)(F)F)C3=C(C4=C(C=CC=N4)C=C3)O,0.125223,resistant,interm
CVCL_1119,CCN1CCN(CC1)C(C2=CC=C(C=C2)C(F)(F)F)C3=C(C4=C(C=CC=N4)C=C3)O,0.0981313,resistant,interm
CVCL_0313,CCN1CCN(CC1)C(C2=CC=C(C=C2)C(F)(F)F)C3=C(C4=C(C=CC=N4)C=C3)O,0.120735,resistant,sensitive
CVCL_1723,CCN1CCN(CC1)C(C2=CC=C(C=C2)C(F)(F)F)C3=C(C4=C(C=CC=N4)C=C3)O,0.0832537,resistant,interm
CVCL_0042,CCN1CCN(CC1)C(C2=CC=C(C=C2)C(F)(F)F)C3=C(C4=C(C=CC=N4)C=C3)O,0.2402,resistant,interm
CVCL_0186,CCNC(=O)C[C@H]1C2=NN=C(N2C3=C(C=C(C=C3)OC)C(=N1)C4=CC=C(C=C4)Cl)C,0.188784,interm,interm
CVCL_0026,CCNC(=O)C[C@H]1C2=NN=C(N2C3=C(C=C(C=C3)OC)C(=N1)C4=CC=C(C=C4)Cl)C,0.0367611,resistant,interm
CVCL_1119,CCNC(=O)C[C@H]1C2=NN=C(N2C3=C(C=C(C=C3)OC)C(=N1)C4=CC=C(C=C4)Cl)C,0.124137,resistant,interm
CVCL_0313,CCNC(=O)C[C@H]1C2=NN=C(N2C3=C(C=C(C=C3)OC)C(=N1)C4=CC=C(C=C4)Cl)C,0.0341563,resistant,interm
CVCL_1639,CCNC(=O)C[C@H]1C2=NN=C(N2C3=C(C=C(C=C3)OC)C(=N1)C4=CC=C(C=C4)Cl)C,0.0928705,resistant,interm
CVCL_1723,CCNC(=O)C[C@H]1C2=NN=C(N2C3=C(C=C(C=C3)OC)C(=N1)C4=CC=C(C=C4)Cl)C,0.0450381,resistant,interm
CVCL_0186,CCOC(=O)C1(CO1)CCCCCCOC2=CC=C(C=C2)Cl,0.0571334,resistant,interm
CVCL_0026,CCOC(=O)C1(CO1)CCCCCCOC2=CC=C(C=C2)Cl,0.0711446,resistant,interm
CVCL_1119,CCOC(=O)C1(CO1)CCCCCCOC2=CC=C(C=C2)Cl,0.0198095,resistant,interm
CVCL_0313,CCOC(=O)C1(CO1)CCCCCCOC2=CC=C(C=C2)Cl,0.0347177,resistant,interm
CVCL_1639,CCOC(=O)C1(CO1)CCCCCCOC2=CC=C(C=C2)Cl,0.0161143,resistant,resistant
CVCL_1723,CCOC(=O)C1(CO1)CCCCCCOC2=CC=C(C=C2)Cl,0.0101674,resistant,resistant
CVCL_0042,CCOC(=O)C1(CO1)CCCCCCOC2=CC=C(C=C2)Cl,0.0107593,resistant,resistant
CVCL_0026,CCOC(=O)C1=C(C2=C(N1C)C(=C(C=C2)Cl)Cl)/C(=C\N)/C#N,0.0,resistant,resistant
CVCL_1723,CCOC(=O)C1=C(C2=C(N1C)C(=C(C=C2)Cl)Cl)/C(=C\N)/C#N,0.0208062,resistant,resistant
CVCL_0186,CCOC(=O)C1=CC=C(C=C1)N2C(=O)C(=CC3=CC=C(O3)[N+](=O)[O-])C(=O)N2,0.0180492,resistant,resistant
CVCL_0026,CCOC(=O)C1=CC=C(C=C1)N2C(=O)C(=CC3=CC=C(O3)[N+](=O)[O-])C(=O)N2,0.0502487,resistant,interm
CVCL_1119,CCOC(=O)C1=CC=C(C=C1)N2C(=O)C(=CC3=CC=C(O3)[N+](=O)[O-])C(=O)N2,0.00836259,resistant,resistant
CVCL_0313,CCOC(=O)C1=CC=C(C=C1)N2C(=O)C(=CC3=CC=C(O3)[N+](=O)[O-])C(=O)N2,0.0410062,resistant,interm
CVCL_1639,CCOC(=O)C1=CC=C(C=C1)N2C(=O)C(=CC3=CC=C(O3)[N+](=O)[O-])C(=O)N2,0.0240719,resistant,resistant
CVCL_1723,CCOC(=O)C1=CC=C(C=C1)N2C(=O)C(=CC3=CC=C(O3)[N+](=O)[O-])C(=O)N2,0.0536498,resistant,interm
CVCL_0042,CCOC(=O)C1=CC=C(C=C1)N2C(=O)C(=CC3=CC=C(O3)[N+](=O)[O-])C(=O)N2,0.0718556,resistant,resistant
CVCL_0026,CCOC(=O)C1CC2=CC=CC=C2CN1C(=O)C3=CC=C(S3)SC,0.0743832,resistant,interm
CVCL_1639,CCOC(=O)C1CC2=CC=CC=C2CN1C(=O)C3=CC=C(S3)SC,0.0759562,resistant,interm
CVCL_0026,CCOC(=O)CCNC1=CC(=NC(=N1)C2=CC=CC=N2)N3CCC4=CC=CC=C4CC3,0.214565,interm,sensitive
CVCL_1639,CCOC(=O)CCNC1=CC(=NC(=N1)C2=CC=CC=N2)N3CCC4=CC=CC=C4CC3,0.153038,interm,interm
CVCL_0186,CCOC(=O)NC(=O)C(=C\c1ccc(Cl)c(Cl)c1)\C#N,0.00454992,resistant,resistant
CVCL_1119,CCOC(=O)NC(=O)C(=C\c1ccc(Cl)c(Cl)c1)\C#N,0.0,resistant,resistant
CVCL_0313,CCOC(=O)NC(=O)C(=C\c1ccc(Cl)c(Cl)c1)\C#N,0.00650193,resistant,resistant
CVCL_0186,CCOC(=O)N[C@@H]1CC[C@@H]2[C@@H](C1)C[C@@H]3[C@H]([C@H]2/C=C/C4=NC=C(C=C4)C5=CC(=CC=C5)F)[C@H](OC3=O)C,0.2103,interm,interm
CVCL_0026,CCOC(=O)N[C@@H]1CC[C@@H]2[C@@H](C1)C[C@@H]3[C@H]([C@H]2/C=C/C4=NC=C(C=C4)C5=CC(=CC=C5)F)[C@H](OC3=O)C,0.0675054,resistant,interm
CVCL_1119,CCOC(=O)N[C@@H]1CC[C@@H]2[C@@H](C1)C[C@@H]3[C@H]([C@H]2/C=C/C4=NC=C(C=C4)C5=CC(=CC=C5)F)[C@H](OC3=O)C,0.0189686,resistant,interm
CVCL_0313,CCOC(=O)N[C@@H]1CC[C@@H]2[C@@H](C1)C[C@@H]3[C@H]([C@H]2/C=C/C4=NC=C(C=C4)C5=CC(=CC=C5)F)[C@H](OC3=O)C,0.0840388,resistant,interm
CVCL_1639,CCOC(=O)N[C@@H]1CC[C@@H]2[C@@H](C1)C[C@@H]3[C@H]([C@H]2/C=C/C4=NC=C(C=C4)C5=CC(=CC=C5)F)[C@H](OC3=O)C,0.0711572,resistant,interm
CVCL_1723,CCOC(=O)N[C@@H]1CC[C@@H]2[C@@H](C1)C[C@@H]3[C@H]([C@H]2/C=C/C4=NC=C(C=C4)C5=CC(=CC=C5)F)[C@H](OC3=O)C,0.0502794,resistant,interm
CVCL_0042,CCOC(=O)N[C@@H]1CC[C@@H]2[C@@H](C1)C[C@@H]3[C@H]([C@H]2/C=C/C4=NC=C(C=C4)C5=CC(=CC=C5)F)[C@H](OC3=O)C,0.0511875,resistant,resistant
CVCL_0186,CCOC(=O)\C=C/n1nnc(n1)-c1cccc(Cl)c1,0.242437,interm,sensitive
CVCL_0026,CCOC(=O)\C=C/n1nnc(n1)-c1cccc(Cl)c1,0.0220027,resistant,resistant
CVCL_1119,CCOC(=O)\C=C/n1nnc(n1)-c1cccc(Cl)c1,0.0120703,resistant,interm
CVCL_0313,CCOC(=O)\C=C/n1nnc(n1)-c1cccc(Cl)c1,0.0150838,resistant,resistant
CVCL_1639,CCOC(=O)\C=C/n1nnc(n1)-c1cccc(Cl)c1,0.208261,interm,sensitive
CVCL_1723,CCOC(=O)\C=C/n1nnc(n1)-c1cccc(Cl)c1,0.228337,interm,sensitive
CVCL_0186,CCOC(=O)c1c(NC(=O)c2ccc(s2)[N+]([O-])=O)sc2c1CC(C)(C)NC2(C)C,0.0141312,resistant,resistant
CVCL_0026,CCOC(=O)c1c(NC(=O)c2ccc(s2)[N+]([O-])=O)sc2c1CC(C)(C)NC2(C)C,0.0262129,resistant,resistant
CVCL_1119,CCOC(=O)c1c(NC(=O)c2ccc(s2)[N+]([O-])=O)sc2c1CC(C)(C)NC2(C)C,0.0,resistant,resistant
CVCL_1639,CCOC(=O)c1c(NC(=O)c2ccc(s2)[N+]([O-])=O)sc2c1CC(C)(C)NC2(C)C,0.100931,interm,interm
CVCL_1723,CCOC(=O)c1c(NC(=O)c2ccc(s2)[N+]([O-])=O)sc2c1CC(C)(C)NC2(C)C,0.0146986,resistant,resistant
CVCL_0186,CCOC1=C(C(=CC(=C1)C=C2C(=NN(C2=O)C3=CC=CC=C3)C)Cl)OCC(=O)OC,0.0290177,resistant,resistant
CVCL_0026,CCOC1=C(C(=CC(=C1)C=C2C(=NN(C2=O)C3=CC=CC=C3)C)Cl)OCC(=O)OC,0.0,resistant,resistant
CVCL_1119,CCOC1=C(C(=CC(=C1)C=C2C(=NN(C2=O)C3=CC=CC=C3)C)Cl)OCC(=O)OC,0.0218062,resistant,interm
CVCL_0313,CCOC1=C(C(=CC(=C1)C=C2C(=NN(C2=O)C3=CC=CC=C3)C)Cl)OCC(=O)OC,0.0257929,resistant,resistant
CVCL_1639,CCOC1=C(C(=CC(=C1)C=C2C(=NN(C2=O)C3=CC=CC=C3)C)Cl)OCC(=O)OC,0.0052875,resistant,resistant
CVCL_1723,CCOC1=C(C(=CC(=C1)C=C2C(=NN(C2=O)C3=CC=CC=C3)C)Cl)OCC(=O)OC,0.00388685,resistant,resistant
CVCL_0042,CCOC1=C(C(=CC(=C1)C=C2C(=NN(C2=O)C3=CC=CC=C3)C)Cl)OCC(=O)OC,0.0,resistant,resistant
CVCL_0186,CCOC1=C(C=C2C(=C1)N=CC(=C2NC3=CC(=C(C=C3)OCC4=CC=CC=N4)Cl)C#N)NC(=O)C=CCN(C)C,0.373835,sensitive,sensitive
CVCL_0026,CCOC1=C(C=C2C(=C1)N=CC(=C2NC3=CC(=C(C=C3)OCC4=CC=CC=N4)Cl)C#N)NC(=O)C=CCN(C)C,0.11791,resistant,interm
CVCL_1119,CCOC1=C(C=C2C(=C1)N=CC(=C2NC3=CC(=C(C=C3)OCC4=CC=CC=N4)Cl)C#N)NC(=O)C=CCN(C)C,0.161141,resistant,sensitive
CVCL_0313,CCOC1=C(C=C2C(=C1)N=CC(=C2NC3=CC(=C(C=C3)OCC4=CC=CC=N4)Cl)C#N)NC(=O)C=CCN(C)C,0.261956,interm,sensitive
CVCL_1723,CCOC1=C(C=C2C(=C1)N=CC(=C2NC3=CC(=C(C=C3)OCC4=CC=CC=N4)Cl)C#N)NC(=O)C=CCN(C)C,0.324035,sensitive,sensitive
CVCL_0042,CCOC1=C(C=C2C(=C1)N=CC(=C2NC3=CC(=C(C=C3)OCC4=CC=CC=N4)Cl)C#N)NC(=O)C=CCN(C)C,0.37529,interm,sensitive
CVCL_0186,CCOC1=CC=CC=C1C2CC(=O)NC3=CC4=C(C=C23)OCO4,0.262247,interm,sensitive
CVCL_1119,CCOC1=CC=CC=C1C2CC(=O)NC3=CC4=C(C=C23)OCO4,0.0197766,resistant,interm
CVCL_0313,CCOC1=CC=CC=C1C2CC(=O)NC3=CC4=C(C=C23)OCO4,0.111381,resistant,interm
CVCL_0042,CCOC1=CC=CC=C1C2CC(=O)NC3=CC4=C(C=C23)OCO4,0.356599,interm,sensitive
CVCL_0186,CCOC1=CC=CC=C1N2C(=O)C3=CC=CC=C3N=C2C(C)N4CCN(CC4)C(=O)COC5=CC=C(C=C5)Cl,0.264237,interm,sensitive
CVCL_0026,CCOC1=CC=CC=C1N2C(=O)C3=CC=CC=C3N=C2C(C)N4CCN(CC4)C(=O)COC5=CC=C(C=C5)Cl,0.273948,interm,sensitive
CVCL_1119,CCOC1=CC=CC=C1N2C(=O)C3=CC=CC=C3N=C2C(C)N4CCN(CC4)C(=O)COC5=CC=C(C=C5)Cl,0.180196,interm,sensitive
CVCL_0313,CCOC1=CC=CC=C1N2C(=O)C3=CC=CC=C3N=C2C(C)N4CCN(CC4)C(=O)COC5=CC=C(C=C5)Cl,0.0561924,resistant,interm
CVCL_1639,CCOC1=CC=CC=C1N2C(=O)C3=CC=CC=C3N=C2C(C)N4CCN(CC4)C(=O)COC5=CC=C(C=C5)Cl,0.338655,sensitive,sensitive
CVCL_1723,CCOC1=CC=CC=C1N2C(=O)C3=CC=CC=C3N=C2C(C)N4CCN(CC4)C(=O)COC5=CC=C(C=C5)Cl,0.100107,interm,interm
CVCL_0042,CCOC1=CC=CC=C1N2C(=O)C3=CC=CC=C3N=C2C(C)N4CCN(CC4)C(=O)COC5=CC=C(C=C5)Cl,0.153619,resistant,interm
CVCL_0186,CCOc1ccccc1-c1cc(=O)[nH]c2cc3OCOc3cc12,0.301123,sensitive,sensitive
CVCL_0026,CCOc1ccccc1-c1cc(=O)[nH]c2cc3OCOc3cc12,0.130718,resistant,interm
CVCL_1119,CCOc1ccccc1-c1cc(=O)[nH]c2cc3OCOc3cc12,0.031484,resistant,interm
CVCL_0313,CCOc1ccccc1-c1cc(=O)[nH]c2cc3OCOc3cc12,0.108667,resistant,interm
CVCL_1639,CCOc1ccccc1-c1cc(=O)[nH]c2cc3OCOc3cc12,0.134941,interm,interm
CVCL_1723,CCOc1ccccc1-c1cc(=O)[nH]c2cc3OCOc3cc12,0.0798173,resistant,interm
CVCL_0042,CCOc1ccccc1-c1cc(=O)[nH]c2cc3OCOc3cc12,0.343907,interm,sensitive
CVCL_0186,CC[C@@H](C(=O)N1C[C@H](C[C@H]1CC2=C(NC3=C2C=CC(=C3)F)C4=C(C5=C(N4)C=C(C=C5)F)C[C@@H]6C[C@@H](CN6C(=O)[C@H](CC)NC(=O)[C@H](C)NC)O)O)NC(=O)[C@H](C)NC,0.575774,sensitive,sensitive
CVCL_0026,CC[C@@H](C(=O)N1C[C@H](C[C@H]1CC2=C(NC3=C2C=CC(=C3)F)C4=C(C5=C(N4)C=C(C=C5)F)C[C@@H]6C[C@@H](CN6C(=O)[C@H](CC)NC(=O)[C@H](C)NC)O)O)NC(=O)[C@H](C)NC,0.0168982,resistant,resistant
CVCL_1119,CC[C@@H](C(=O)N1C[C@H](C[C@H]1CC2=C(NC3=C2C=CC(=C3)F)C4=C(C5=C(N4)C=C(C=C5)F)C[C@@H]6C[C@@H](CN6C(=O)[C@H](CC)NC(=O)[C@H](C)NC)O)O)NC(=O)[C@H](C)NC,0.0316687,resistant,interm
CVCL_0313,CC[C@@H](C(=O)N1C[C@H](C[C@H]1CC2=C(NC3=C2C=CC(=C3)F)C4=C(C5=C(N4)C=C(C=C5)F)C[C@@H]6C[C@@H](CN6C(=O)[C@H](CC)NC(=O)[C@H](C)NC)O)O)NC(=O)[C@H](C)NC,0.0433543,resistant,interm
CVCL_1639,CC[C@@H](C(=O)N1C[C@H](C[C@H]1CC2=C(NC3=C2C=CC(=C3)F)C4=C(C5=C(N4)C=C(C=C5)F)C[C@@H]6C[C@@H](CN6C(=O)[C@H](CC)NC(=O)[C@H](C)NC)O)O)NC(=O)[C@H](C)NC,0.0118336,resistant,resistant
CVCL_1723,CC[C@@H](C(=O)N1C[C@H](C[C@H]1CC2=C(NC3=C2C=CC(=C3)F)C4=C(C5=C(N4)C=C(C=C5)F)C[C@@H]6C[C@@H](CN6C(=O)[C@H](CC)NC(=O)[C@H](C)NC)O)O)NC(=O)[C@H](C)NC,0.0,resistant,resistant
CVCL_0042,CC[C@@H](C(=O)N1C[C@H](C[C@H]1CC2=C(NC3=C2C=CC(=C3)F)C4=C(C5=C(N4)C=C(C=C5)F)C[C@@H]6C[C@@H](CN6C(=O)[C@H](CC)NC(=O)[C@H](C)NC)O)O)NC(=O)[C@H](C)NC,0.0139154,resistant,resistant
CVCL_0186,CC[C@@H](C1=NC2=C(C(=CC=C2)F)C(=O)N1C3=CC=CC=C3)NC4=NC=NC5=C4NC=N5,0.166904,interm,interm
CVCL_0026,CC[C@@H](C1=NC2=C(C(=CC=C2)F)C(=O)N1C3=CC=CC=C3)NC4=NC=NC5=C4NC=N5,0.0933186,resistant,interm
CVCL_1119,CC[C@@H](C1=NC2=C(C(=CC=C2)F)C(=O)N1C3=CC=CC=C3)NC4=NC=NC5=C4NC=N5,0.0390379,resistant,interm
CVCL_0313,CC[C@@H](C1=NC2=C(C(=CC=C2)F)C(=O)N1C3=CC=CC=C3)NC4=NC=NC5=C4NC=N5,0.121479,resistant,sensitive
CVCL_1639,CC[C@@H](C1=NC2=C(C(=CC=C2)F)C(=O)N1C3=CC=CC=C3)NC4=NC=NC5=C4NC=N5,0.0771006,resistant,interm
CVCL_1723,CC[C@@H](C1=NC2=C(C(=CC=C2)F)C(=O)N1C3=CC=CC=C3)NC4=NC=NC5=C4NC=N5,0.0537104,resistant,interm
CVCL_0042,CC[C@@H](C1=NC2=C(C(=CC=C2)F)C(=O)N1C3=CC=CC=C3)NC4=NC=NC5=C4NC=N5,0.138657,resistant,interm
CVCL_0186,CC[C@H](C)C(=O)O[C@H]1C[C@@H](C)C=C2C=C[C@H](C)[C@H](CC[C@@H]3C[C@@H](O)CC(=O)O3)[C@@H]12,0.193866,interm,interm
CVCL_0026,CC[C@H](C)C(=O)O[C@H]1C[C@@H](C)C=C2C=C[C@H](C)[C@H](CC[C@@H]3C[C@@H](O)CC(=O)O3)[C@@H]12,0.0548864,resistant,interm
CVCL_1119,CC[C@H](C)C(=O)O[C@H]1C[C@@H](C)C=C2C=C[C@H](C)[C@H](CC[C@@H]3C[C@@H](O)CC(=O)O3)[C@@H]12,0.0460899,resistant,interm
CVCL_0313,CC[C@H](C)C(=O)O[C@H]1C[C@@H](C)C=C2C=C[C@H](C)[C@H](CC[C@@H]3C[C@@H](O)CC(=O)O3)[C@@H]12,0.12245,resistant,sensitive
CVCL_1639,CC[C@H](C)C(=O)O[C@H]1C[C@@H](C)C=C2C=C[C@H](C)[C@H](CC[C@@H]3C[C@@H](O)CC(=O)O3)[C@@H]12,0.0561862,resistant,interm
CVCL_1723,CC[C@H](C)C(=O)O[C@H]1C[C@@H](C)C=C2C=C[C@H](C)[C@H](CC[C@@H]3C[C@@H](O)CC(=O)O3)[C@@H]12,0.391411,sensitive,sensitive
CVCL_0042,CC[C@H](C)C(=O)O[C@H]1C[C@@H](C)C=C2C=C[C@H](C)[C@H](CC[C@@H]3C[C@@H](O)CC(=O)O3)[C@@H]12,0.214844,resistant,interm
CVCL_0026,CC[C@H](C)[C@@H](C(=O)N[C@@]1(CCCC=CCCC[C@](NC(=O)[C@@H](NC(=O)[C@@H](NC(=O)[C@@H](NC1=O)CC(C)C)CS)CCCNC(=N)N)(C)C(=O)N[C@@H](CC2=CNC=N2)C(=O)N[C@@H](CC3=CNC=N3)C(=O)N[C@@H](CO)C(=O)N[C@@H]([C@@H](C)O )C(=O)N)C)NC(=O)[C@H](CCCNC(=N)N)NC(=O)[C@H](CCCNC(=N)N)NC(=O)[C@H](CCCNC(=N)N)NC(=O)[C@H](CC(C)C)NC(=O)[C@H](CCCNC(=N)N)NC(=O)[C@H](CCC(=O)O)NC(=O)CCNC(=O)C CC[C@H](C)[C@@H](C(=O)N[C@@]1(CCC/C=C/CCC[C@](NC(=O)[C@@H](NC(=O)[C@@H](NC(=O)[C@@H](NC1=O)CC(C)C)CS)CCCNC(=N)N)(C)C(=O)N[C@@H](Cc2c[nH]cn2)C(=O)N[C@@H](Cc3c[nH]cn3)C(=O)N[C@@H](CO)C(=O)N[C@@H]([C@@H](C)O)C(=O)N)C)NC(=O)[C@H](CCCNC(=N)N)NC(=O)[C@H](CCCNC(=N)N)NC(=O)[C@H](CCCNC(=N)N)NC(=O)[C@H](CC(C)C)NC(=O)[C@H](CCCNC(=N)N)NC(=O)[C@H](CCC(=O)O)NC(=O)CCNC(=O)C,0.0271882,resistant,resistant
CVCL_1639,CC[C@H](C)[C@@H](C(=O)N[C@@]1(CCCC=CCCC[C@](NC(=O)[C@@H](NC(=O)[C@@H](NC(=O)[C@@H](NC1=O)CC(C)C)CS)CCCNC(=N)N)(C)C(=O)N[C@@H](CC2=CNC=N2)C(=O)N[C@@H](CC3=CNC=N3)C(=O)N[C@@H](CO)C(=O)N[C@@H]([C@@H](C)O )C(=O)N)C)NC(=O)[C@H](CCCNC(=N)N)NC(=O)[C@H](CCCNC(=N)N)NC(=O)[C@H](CCCNC(=N)N)NC(=O)[C@H](CC(C)C)NC(=O)[C@H](CCCNC(=N)N)NC(=O)[C@H](CCC(=O)O)NC(=O)CCNC(=O)C CC[C@H](C)[C@@H](C(=O)N[C@@]1(CCC/C=C/CCC[C@](NC(=O)[C@@H](NC(=O)[C@@H](NC(=O)[C@@H](NC1=O)CC(C)C)CS)CCCNC(=N)N)(C)C(=O)N[C@@H](Cc2c[nH]cn2)C(=O)N[C@@H](Cc3c[nH]cn3)C(=O)N[C@@H](CO)C(=O)N[C@@H]([C@@H](C)O)C(=O)N)C)NC(=O)[C@H](CCCNC(=N)N)NC(=O)[C@H](CCCNC(=N)N)NC(=O)[C@H](CCCNC(=N)N)NC(=O)[C@H](CC(C)C)NC(=O)[C@H](CCCNC(=N)N)NC(=O)[C@H](CCC(=O)O)NC(=O)CCNC(=O)C,0.0455602,resistant,interm
CVCL_1723,CC[C@H](C)[C@@H](C(=O)N[C@@]1(CCCC=CCCC[C@](NC(=O)[C@@H](NC(=O)[C@@H](NC(=O)[C@@H](NC1=O)CC(C)C)CS)CCCNC(=N)N)(C)C(=O)N[C@@H](CC2=CNC=N2)C(=O)N[C@@H](CC3=CNC=N3)C(=O)N[C@@H](CO)C(=O)N[C@@H]([C@@H](C)O )C(=O)N)C)NC(=O)[C@H](CCCNC(=N)N)NC(=O)[C@H](CCCNC(=N)N)NC(=O)[C@H](CCCNC(=N)N)NC(=O)[C@H](CC(C)C)NC(=O)[C@H](CCCNC(=N)N)NC(=O)[C@H](CCC(=O)O)NC(=O)CCNC(=O)C CC[C@H](C)[C@@H](C(=O)N[C@@]1(CCC/C=C/CCC[C@](NC(=O)[C@@H](NC(=O)[C@@H](NC(=O)[C@@H](NC1=O)CC(C)C)CS)CCCNC(=N)N)(C)C(=O)N[C@@H](Cc2c[nH]cn2)C(=O)N[C@@H](Cc3c[nH]cn3)C(=O)N[C@@H](CO)C(=O)N[C@@H]([C@@H](C)O)C(=O)N)C)NC(=O)[C@H](CCCNC(=N)N)NC(=O)[C@H](CCCNC(=N)N)NC(=O)[C@H](CCCNC(=N)N)NC(=O)[C@H](CC(C)C)NC(=O)[C@H](CCCNC(=N)N)NC(=O)[C@H](CCC(=O)O)NC(=O)CCNC(=O)C,0.0554496,resistant,interm
CVCL_0186,CC[C@H](C)[C@H](NC(=O)[C@H](CCCNC(N)=N)NC(=O)[C@H](CCCNC(N)=N)NC(=O)CCNC(C)=O)C(=O)N[C@]1(C)CCCC=C/CCC[C@@](C)(NC(=O)[C@H](CC(C)C)NC(=O)[C@H](CC(C)C)NC(=O)[C@H](CCSC)NC1=O)C(=O)N[C@@H](C)C(=O)N[C@@H](C)C(=O)N[C@@H](CC(N)=O)C(=O)N[C@@H](CCCNC(N)=N)C(=O)N[C@@H](CC(C)C)C(=O)N[C@@H](CCC(O)=O)C(=O)N[C@@H](CCCNC(N)=N)C(O)=O,0.0267313,resistant,resistant
CVCL_0026,CC[C@H](C)[C@H](NC(=O)[C@H](CCCNC(N)=N)NC(=O)[C@H](CCCNC(N)=N)NC(=O)CCNC(C)=O)C(=O)N[C@]1(C)CCCC=C/CCC[C@@](C)(NC(=O)[C@H](CC(C)C)NC(=O)[C@H](CC(C)C)NC(=O)[C@H](CCSC)NC1=O)C(=O)N[C@@H](C)C(=O)N[C@@H](C)C(=O)N[C@@H](CC(N)=O)C(=O)N[C@@H](CCCNC(N)=N)C(=O)N[C@@H](CC(C)C)C(=O)N[C@@H](CCC(O)=O)C(=O)N[C@@H](CCCNC(N)=N)C(O)=O,0.00964455,resistant,resistant
CVCL_1119,CC[C@H](C)[C@H](NC(=O)[C@H](CCCNC(N)=N)NC(=O)[C@H](CCCNC(N)=N)NC(=O)CCNC(C)=O)C(=O)N[C@]1(C)CCCC=C/CCC[C@@](C)(NC(=O)[C@H](CC(C)C)NC(=O)[C@H](CC(C)C)NC(=O)[C@H](CCSC)NC1=O)C(=O)N[C@@H](C)C(=O)N[C@@H](C)C(=O)N[C@@H](CC(N)=O)C(=O)N[C@@H](CCCNC(N)=N)C(=O)N[C@@H](CC(C)C)C(=O)N[C@@H](CCC(O)=O)C(=O)N[C@@H](CCCNC(N)=N)C(O)=O,0.00366255,resistant,resistant
CVCL_0313,CC[C@H](C)[C@H](NC(=O)[C@H](CCCNC(N)=N)NC(=O)[C@H](CCCNC(N)=N)NC(=O)CCNC(C)=O)C(=O)N[C@]1(C)CCCC=C/CCC[C@@](C)(NC(=O)[C@H](CC(C)C)NC(=O)[C@H](CC(C)C)NC(=O)[C@H](CCSC)NC1=O)C(=O)N[C@@H](C)C(=O)N[C@@H](C)C(=O)N[C@@H](CC(N)=O)C(=O)N[C@@H](CCCNC(N)=N)C(=O)N[C@@H](CC(C)C)C(=O)N[C@@H](CCC(O)=O)C(=O)N[C@@H](CCCNC(N)=N)C(O)=O,0.0540562,resistant,interm
CVCL_1639,CC[C@H](C)[C@H](NC(=O)[C@H](CCCNC(N)=N)NC(=O)[C@H](CCCNC(N)=N)NC(=O)CCNC(C)=O)C(=O)N[C@]1(C)CCCC=C/CCC[C@@](C)(NC(=O)[C@H](CC(C)C)NC(=O)[C@H](CC(C)C)NC(=O)[C@H](CCSC)NC1=O)C(=O)N[C@@H](C)C(=O)N[C@@H](C)C(=O)N[C@@H](CC(N)=O)C(=O)N[C@@H](CCCNC(N)=N)C(=O)N[C@@H](CC(C)C)C(=O)N[C@@H](CCC(O)=O)C(=O)N[C@@H](CCCNC(N)=N)C(O)=O,0.230529,interm,sensitive
CVCL_1723,CC[C@H](C)[C@H](NC(=O)[C@H](CCCNC(N)=N)NC(=O)[C@H](CCCNC(N)=N)NC(=O)CCNC(C)=O)C(=O)N[C@]1(C)CCCC=C/CCC[C@@](C)(NC(=O)[C@H](CC(C)C)NC(=O)[C@H](CC(C)C)NC(=O)[C@H](CCSC)NC1=O)C(=O)N[C@@H](C)C(=O)N[C@@H](C)C(=O)N[C@@H](CC(N)=O)C(=O)N[C@@H](CCCNC(N)=N)C(=O)N[C@@H](CC(C)C)C(=O)N[C@@H](CCC(O)=O)C(=O)N[C@@H](CCCNC(N)=N)C(O)=O,0.0740114,resistant,interm
CVCL_0042,CC[C@H](C)[C@H](NC(=O)[C@H](CCCNC(N)=N)NC(=O)[C@H](CCCNC(N)=N)NC(=O)CCNC(C)=O)C(=O)N[C@]1(C)CCCC=C/CCC[C@@](C)(NC(=O)[C@H](CC(C)C)NC(=O)[C@H](CC(C)C)NC(=O)[C@H](CCSC)NC1=O)C(=O)N[C@@H](C)C(=O)N[C@@H](C)C(=O)N[C@@H](CC(N)=O)C(=O)N[C@@H](CCCNC(N)=N)C(=O)N[C@@H](CC(C)C)C(=O)N[C@@H](CCC(O)=O)C(=O)N[C@@H](CCCNC(N)=N)C(O)=O,0.0434144,resistant,resistant
CVCL_0186,CC[C@H](C)[C@H]1C(=O)N2CCCC[C@@H]2C(=O)N[C@H](C(=O)N[C@H](C(=O)N1)CC3=CN(C4=CC=CC=C43)OC)CCCCCC(=O)CC,0.351844,sensitive,sensitive
CVCL_0026,CC[C@H](C)[C@H]1C(=O)N2CCCC[C@@H]2C(=O)N[C@H](C(=O)N[C@H](C(=O)N1)CC3=CN(C4=CC=CC=C43)OC)CCCCCC(=O)CC,0.255981,interm,sensitive
CVCL_1119,CC[C@H](C)[C@H]1C(=O)N2CCCC[C@@H]2C(=O)N[C@H](C(=O)N[C@H](C(=O)N1)CC3=CN(C4=CC=CC=C43)OC)CCCCCC(=O)CC,0.175112,interm,sensitive
CVCL_0313,CC[C@H](C)[C@H]1C(=O)N2CCCC[C@@H]2C(=O)N[C@H](C(=O)N[C@H](C(=O)N1)CC3=CN(C4=CC=CC=C43)OC)CCCCCC(=O)CC,0.141303,interm,sensitive
CVCL_1639,CC[C@H](C)[C@H]1C(=O)N2CCCC[C@@H]2C(=O)N[C@H](C(=O)N[C@H](C(=O)N1)CC3=CN(C4=CC=CC=C43)OC)CCCCCC(=O)CC,0.306016,sensitive,sensitive
CVCL_1723,CC[C@H](C)[C@H]1C(=O)N2CCCC[C@@H]2C(=O)N[C@H](C(=O)N[C@H](C(=O)N1)CC3=CN(C4=CC=CC=C43)OC)CCCCCC(=O)CC,0.267895,sensitive,sensitive
CVCL_0042,CC[C@H](C)[C@H]1C(=O)N2CCCC[C@@H]2C(=O)N[C@H](C(=O)N[C@H](C(=O)N1)CC3=CN(C4=CC=CC=C43)OC)CCCCCC(=O)CC,0.341181,interm,sensitive
CVCL_0186,CC\C(c1ccccc1)=C(/c1ccccc1)c1ccc(OCCN(C)C)cc1,0.0,resistant,resistant
CVCL_0026,CC\C(c1ccccc1)=C(/c1ccccc1)c1ccc(OCCN(C)C)cc1,0.112031,resistant,interm
CVCL_1119,CC\C(c1ccccc1)=C(/c1ccccc1)c1ccc(OCCN(C)C)cc1,0.204107,interm,sensitive
CVCL_0313,CC\C(c1ccccc1)=C(/c1ccccc1)c1ccc(OCCN(C)C)cc1,0.023333,resistant,resistant
CVCL_1639,CC\C(c1ccccc1)=C(/c1ccccc1)c1ccc(OCCN(C)C)cc1,0.0871046,resistant,interm
CVCL_1723,CC\C(c1ccccc1)=C(/c1ccccc1)c1ccc(OCCN(C)C)cc1,0.0595812,resistant,interm
CVCL_0042,CC\C(c1ccccc1)=C(/c1ccccc1)c1ccc(OCCN(C)C)cc1,0.0900008,resistant,interm
CVCL_0186,CCc1ccccc1NC(=O)CSC(=O)NNC(=O)[C@@H](Cc2c[nH]c3ccccc23)NC(=O)OC(C)(C)C,0.154957,interm,interm
CVCL_0026,CCc1ccccc1NC(=O)CSC(=O)NNC(=O)[C@@H](Cc2c[nH]c3ccccc23)NC(=O)OC(C)(C)C,0.0607004,resistant,interm
CVCL_1119,CCc1ccccc1NC(=O)CSC(=O)NNC(=O)[C@@H](Cc2c[nH]c3ccccc23)NC(=O)OC(C)(C)C,0.0164196,resistant,interm
CVCL_0313,CCc1ccccc1NC(=O)CSC(=O)NNC(=O)[C@@H](Cc2c[nH]c3ccccc23)NC(=O)OC(C)(C)C,0.0924884,resistant,interm
CVCL_1639,CCc1ccccc1NC(=O)CSC(=O)NNC(=O)[C@@H](Cc2c[nH]c3ccccc23)NC(=O)OC(C)(C)C,0.120286,interm,interm
CVCL_1723,CCc1ccccc1NC(=O)CSC(=O)NNC(=O)[C@@H](Cc2c[nH]c3ccccc23)NC(=O)OC(C)(C)C,0.069284,resistant,interm
CVCL_0042,CCc1ccccc1NC(=O)CSC(=O)NNC(=O)[C@@H](Cc2c[nH]c3ccccc23)NC(=O)OC(C)(C)C,0.151693,resistant,interm
CVCL_0186,CN(C)C(=O)N1C(=NN=N1)CC2=CC=C(C=C2)C3=CC=CC=C3,0.203548,interm,interm
CVCL_0026,CN(C)C(=O)N1C(=NN=N1)CC2=CC=C(C=C2)C3=CC=CC=C3,0.131023,resistant,interm
CVCL_1119,CN(C)C(=O)N1C(=NN=N1)CC2=CC=C(C=C2)C3=CC=CC=C3,0.0048125,resistant,resistant
CVCL_0313,CN(C)C(=O)N1C(=NN=N1)CC2=CC=C(C=C2)C3=CC=CC=C3,0.0219393,resistant,resistant
CVCL_1639,CN(C)C(=O)N1C(=NN=N1)CC2=CC=C(C=C2)C3=CC=CC=C3,0.143035,interm,interm
CVCL_1723,CN(C)C(=O)N1C(=NN=N1)CC2=CC=C(C=C2)C3=CC=CC=C3,0.110341,interm,interm
CVCL_0042,CN(C)C(=O)N1C(=NN=N1)CC2=CC=C(C=C2)C3=CC=CC=C3,0.122785,resistant,interm
CVCL_0186,CN(C)C1=CC=CC=C1CN2CCCN(C2C3=CC=NC=C3)CC4=CC=CC=C4N(C)C,0.0591528,resistant,interm
CVCL_0026,CN(C)C1=CC=CC=C1CN2CCCN(C2C3=CC=NC=C3)CC4=CC=CC=C4N(C)C,0.0981829,resistant,interm
CVCL_1119,CN(C)C1=CC=CC=C1CN2CCCN(C2C3=CC=NC=C3)CC4=CC=CC=C4N(C)C,0.0345,resistant,interm
CVCL_0313,CN(C)C1=CC=CC=C1CN2CCCN(C2C3=CC=NC=C3)CC4=CC=CC=C4N(C)C,0.0585843,resistant,interm
CVCL_1639,CN(C)C1=CC=CC=C1CN2CCCN(C2C3=CC=NC=C3)CC4=CC=CC=C4N(C)C,0.0918542,resistant,interm
CVCL_1723,CN(C)C1=CC=CC=C1CN2CCCN(C2C3=CC=NC=C3)CC4=CC=CC=C4N(C)C,0.101311,interm,interm
CVCL_0042,CN(C)C1=CC=CC=C1CN2CCCN(C2C3=CC=NC=C3)CC4=CC=CC=C4N(C)C,0.00327359,resistant,resistant
CVCL_0186,CN(C)CC(=O)N[C@@H]1CC[C@@H](CCNC(=O)Nc2ccc(F)cc2)O[C@H]1CO,0.0676875,resistant,interm
CVCL_0026,CN(C)CC(=O)N[C@@H]1CC[C@@H](CCNC(=O)Nc2ccc(F)cc2)O[C@H]1CO,0.004375,resistant,resistant
CVCL_1119,CN(C)CC(=O)N[C@@H]1CC[C@@H](CCNC(=O)Nc2ccc(F)cc2)O[C@H]1CO,0.00104433,resistant,resistant
CVCL_0313,CN(C)CC(=O)N[C@@H]1CC[C@@H](CCNC(=O)Nc2ccc(F)cc2)O[C@H]1CO,0.0366188,resistant,interm
CVCL_1639,CN(C)CC(=O)N[C@@H]1CC[C@@H](CCNC(=O)Nc2ccc(F)cc2)O[C@H]1CO,0.000118555,resistant,resistant
CVCL_1723,CN(C)CC(=O)N[C@@H]1CC[C@@H](CCNC(=O)Nc2ccc(F)cc2)O[C@H]1CO,0.032425,resistant,resistant
CVCL_0042,CN(C)CC(=O)N[C@@H]1CC[C@@H](CCNC(=O)Nc2ccc(F)cc2)O[C@H]1CO,0.0977426,resistant,interm
CVCL_0186,CN(C)CC1CN(C1)C(=O)Nc1cc(ccc1N)-c1ccc(F)cc1,0.00736547,resistant,resistant
CVCL_0026,CN(C)CC1CN(C1)C(=O)Nc1cc(ccc1N)-c1ccc(F)cc1,0.0431846,resistant,interm
CVCL_1119,CN(C)CC1CN(C1)C(=O)Nc1cc(ccc1N)-c1ccc(F)cc1,0.161339,resistant,sensitive
CVCL_0313,CN(C)CC1CN(C1)C(=O)Nc1cc(ccc1N)-c1ccc(F)cc1,0.00198026,resistant,resistant
CVCL_1639,CN(C)CC1CN(C1)C(=O)Nc1cc(ccc1N)-c1ccc(F)cc1,0.0359023,resistant,resistant
CVCL_1723,CN(C)CC1CN(C1)C(=O)Nc1cc(ccc1N)-c1ccc(F)cc1,0.034375,resistant,resistant
CVCL_0042,CN(C)CC1CN(C1)C(=O)Nc1cc(ccc1N)-c1ccc(F)cc1,0.140693,resistant,interm
CVCL_0186,CN(C)CC=CC(=O)NC1=C(C=C2C(=C1)C(=NC=N2)NC3=CC(=C(C=C3)F)Cl)OC4CCOC4,0.470764,sensitive,sensitive
CVCL_0026,CN(C)CC=CC(=O)NC1=C(C=C2C(=C1)C(=NC=N2)NC3=CC(=C(C=C3)F)Cl)OC4CCOC4,0.30209,interm,sensitive
CVCL_1119,CN(C)CC=CC(=O)NC1=C(C=C2C(=C1)C(=NC=N2)NC3=CC(=C(C=C3)F)Cl)OC4CCOC4,0.153625,resistant,sensitive
CVCL_0313,CN(C)CC=CC(=O)NC1=C(C=C2C(=C1)C(=NC=N2)NC3=CC(=C(C=C3)F)Cl)OC4CCOC4,0.266375,interm,sensitive
CVCL_1639,CN(C)CC=CC(=O)NC1=C(C=C2C(=C1)C(=NC=N2)NC3=CC(=C(C=C3)F)Cl)OC4CCOC4,0.240631,interm,sensitive
CVCL_1723,CN(C)CC=CC(=O)NC1=C(C=C2C(=C1)C(=NC=N2)NC3=CC(=C(C=C3)F)Cl)OC4CCOC4,0.279631,sensitive,sensitive
CVCL_0042,CN(C)CC=CC(=O)NC1=C(C=C2C(=C1)C(=NC=N2)NC3=CC(=C(C=C3)F)Cl)OC4CCOC4,0.477359,sensitive,sensitive
CVCL_0186,CN(C)CCC(CSC1=CC=CC=C1)NC2=C(C=C(C=C2)S(=O)(=O)NC(=O)C3=CC=C(C=C3)N4CCN(CC4)CC5=CC=CC=C5C6=CC=C(C=C6)Cl)[N+](=O)[O-],0.192261,interm,interm
CVCL_0026,CN(C)CCC(CSC1=CC=CC=C1)NC2=C(C=C(C=C2)S(=O)(=O)NC(=O)C3=CC=C(C=C3)N4CCN(CC4)CC5=CC=CC=C5C6=CC=C(C=C6)Cl)[N+](=O)[O-],0.107646,resistant,interm
CVCL_1119,CN(C)CCC(CSC1=CC=CC=C1)NC2=C(C=C(C=C2)S(=O)(=O)NC(=O)C3=CC=C(C=C3)N4CCN(CC4)CC5=CC=CC=C5C6=CC=C(C=C6)Cl)[N+](=O)[O-],0.000258124,resistant,resistant
CVCL_0313,CN(C)CCC(CSC1=CC=CC=C1)NC2=C(C=C(C=C2)S(=O)(=O)NC(=O)C3=CC=C(C=C3)N4CCN(CC4)CC5=CC=CC=C5C6=CC=C(C=C6)Cl)[N+](=O)[O-],0.188349,interm,sensitive
CVCL_1639,CN(C)CCC(CSC1=CC=CC=C1)NC2=C(C=C(C=C2)S(=O)(=O)NC(=O)C3=CC=C(C=C3)N4CCN(CC4)CC5=CC=CC=C5C6=CC=C(C=C6)Cl)[N+](=O)[O-],0.0897178,resistant,interm
CVCL_1723,CN(C)CCC(CSC1=CC=CC=C1)NC2=C(C=C(C=C2)S(=O)(=O)NC(=O)C3=CC=C(C=C3)N4CCN(CC4)CC5=CC=CC=C5C6=CC=C(C=C6)Cl)[N+](=O)[O-],0.100665,interm,interm
CVCL_0042,CN(C)CCC(CSC1=CC=CC=C1)NC2=C(C=C(C=C2)S(=O)(=O)NC(=O)C3=CC=C(C=C3)N4CCN(CC4)CC5=CC=CC=C5C6=CC=C(C=C6)Cl)[N+](=O)[O-],0.346116,interm,sensitive
CVCL_0186,CN(C)CCCNC1=NC(=NC2=CC=CC=C21)CN3CCN(CC3)C(C4=CC=C(C=C4)Cl)C5=CC=C(C=C5)Cl,0.140865,interm,interm
CVCL_0026,CN(C)CCCNC1=NC(=NC2=CC=CC=C21)CN3CCN(CC3)C(C4=CC=C(C=C4)Cl)C5=CC=C(C=C5)Cl,0.106525,resistant,interm
CVCL_1119,CN(C)CCCNC1=NC(=NC2=CC=CC=C21)CN3CCN(CC3)C(C4=CC=C(C=C4)Cl)C5=CC=C(C=C5)Cl,0.156438,resistant,sensitive
CVCL_0313,CN(C)CCCNC1=NC(=NC2=CC=CC=C21)CN3CCN(CC3)C(C4=CC=C(C=C4)Cl)C5=CC=C(C=C5)Cl,0.0962728,resistant,interm
CVCL_1639,CN(C)CCCNC1=NC(=NC2=CC=CC=C21)CN3CCN(CC3)C(C4=CC=C(C=C4)Cl)C5=CC=C(C=C5)Cl,0.174826,interm,interm
CVCL_1723,CN(C)CCCNC1=NC(=NC2=CC=CC=C21)CN3CCN(CC3)C(C4=CC=C(C=C4)Cl)C5=CC=C(C=C5)Cl,0.113169,interm,interm
CVCL_0186,CN(C)CCCNc1c2ccccc2n(C)c2nc(=O)n(C)c(=O)c12,0.115749,resistant,interm
CVCL_0026,CN(C)CCCNc1c2ccccc2n(C)c2nc(=O)n(C)c(=O)c12,0.0405081,resistant,interm
CVCL_1119,CN(C)CCCNc1c2ccccc2n(C)c2nc(=O)n(C)c(=O)c12,0.0313616,resistant,interm
CVCL_0313,CN(C)CCCNc1c2ccccc2n(C)c2nc(=O)n(C)c(=O)c12,0.0536673,resistant,interm
CVCL_1639,CN(C)CCCNc1c2ccccc2n(C)c2nc(=O)n(C)c(=O)c12,0.132162,interm,interm
CVCL_1723,CN(C)CCCNc1c2ccccc2n(C)c2nc(=O)n(C)c(=O)c12,0.0840881,resistant,interm
CVCL_0042,CN(C)CCCNc1c2ccccc2n(C)c2nc(=O)n(C)c(=O)c12,0.130798,resistant,interm
CVCL_0186,CN(C)CCNC(=O)c1cc2CSc3ccc(Cl)cc3-c2s1,0.185149,interm,interm
CVCL_1119,CN(C)CCNC(=O)c1cc2CSc3ccc(Cl)cc3-c2s1,0.100605,resistant,interm
CVCL_0313,CN(C)CCNC(=O)c1cc2CSc3ccc(Cl)cc3-c2s1,0.0517574,resistant,interm
CVCL_0042,CN(C)CCNC(=O)c1cc2CSc3ccc(Cl)cc3-c2s1,0.229699,resistant,interm
CVCL_0186,CN(C)N=Nc1[nH]cnc1C(=O)N,0.22119,interm,interm
CVCL_0026,CN(C)N=Nc1[nH]cnc1C(=O)N,0.125491,resistant,interm
CVCL_1119,CN(C)N=Nc1[nH]cnc1C(=O)N,0.0121656,resistant,interm
CVCL_0313,CN(C)N=Nc1[nH]cnc1C(=O)N,0.0238258,resistant,resistant
CVCL_1639,CN(C)N=Nc1[nH]cnc1C(=O)N,0.0172219,resistant,resistant
CVCL_1723,CN(C)N=Nc1[nH]cnc1C(=O)N,0.147563,interm,interm
CVCL_0042,CN(C)N=Nc1[nH]cnc1C(=O)N,0.219053,resistant,interm
CVCL_0186,CN(C)[C@H]1CC[C@H]2[C@@H](CC[C@H]3[C@@H]4CC=C(c5ccc6cnccc6c5)[C@@]4(C)CC[C@H]23)C1,0.198901,interm,interm
CVCL_0026,CN(C)[C@H]1CC[C@H]2[C@@H](CC[C@H]3[C@@H]4CC=C(c5ccc6cnccc6c5)[C@@]4(C)CC[C@H]23)C1,0.0730506,resistant,interm
CVCL_1119,CN(C)[C@H]1CC[C@H]2[C@@H](CC[C@H]3[C@@H]4CC=C(c5ccc6cnccc6c5)[C@@]4(C)CC[C@H]23)C1,0.0834969,resistant,interm
CVCL_0313,CN(C)[C@H]1CC[C@H]2[C@@H](CC[C@H]3[C@@H]4CC=C(c5ccc6cnccc6c5)[C@@]4(C)CC[C@H]23)C1,0.100588,resistant,interm
CVCL_1723,CN(C)[C@H]1CC[C@H]2[C@@H](CC[C@H]3[C@@H]4CC=C(c5ccc6cnccc6c5)[C@@]4(C)CC[C@H]23)C1,0.0510981,resistant,interm
CVCL_0042,CN(C)[C@H]1CC[C@H]2[C@@H](CC[C@H]3[C@@H]4CC=C(c5ccc6cnccc6c5)[C@@]4(C)CC[C@H]23)C1,0.0812049,resistant,interm
CVCL_0186,CN(C)[C@H]1[C@@H]2C[C@@H]3Cc4c(cc(NC(=O)CNC(C)(C)C)c(O)c4C(=O)C3C(=O)[C@]2(O)C(=O)C(C(N)=O)C1=O)N(C)C,0.0315625,resistant,resistant
CVCL_1119,CN(C)[C@H]1[C@@H]2C[C@@H]3Cc4c(cc(NC(=O)CNC(C)(C)C)c(O)c4C(=O)C3C(=O)[C@]2(O)C(=O)C(C(N)=O)C1=O)N(C)C,0.00154595,resistant,resistant
CVCL_0313,CN(C)[C@H]1[C@@H]2C[C@@H]3Cc4c(cc(NC(=O)CNC(C)(C)C)c(O)c4C(=O)C3C(=O)[C@]2(O)C(=O)C(C(N)=O)C1=O)N(C)C,0.0,resistant,resistant
CVCL_0186,CN(C)c1ccc(cc1Br)C1Nc2ccc3ccccc3c2C2=C1C(=O)CC(C)(C)C2,0.0511058,resistant,resistant
CVCL_1119,CN(C)c1ccc(cc1Br)C1Nc2ccc3ccccc3c2C2=C1C(=O)CC(C)(C)C2,0.0,resistant,resistant
CVCL_0313,CN(C)c1ccc(cc1Br)C1Nc2ccc3ccccc3c2C2=C1C(=O)CC(C)(C)C2,0.0162625,resistant,resistant
CVCL_0042,CN(C)c1ccc(cc1Br)C1Nc2ccc3ccccc3c2C2=C1C(=O)CC(C)(C)C2,0.273244,interm,interm
CVCL_0186,CN(C1CCS(=O)(=O)C1)C(=O)COC(=O)/C=C/C2=CC(=CC=C2)[N+](=O)[O-],0.000125924,resistant,resistant
CVCL_0026,CN(C1CCS(=O)(=O)C1)C(=O)COC(=O)/C=C/C2=CC(=CC=C2)[N+](=O)[O-],0.00800954,resistant,resistant
CVCL_1119,CN(C1CCS(=O)(=O)C1)C(=O)COC(=O)/C=C/C2=CC(=CC=C2)[N+](=O)[O-],0.00405,resistant,resistant
CVCL_1639,CN(C1CCS(=O)(=O)C1)C(=O)COC(=O)/C=C/C2=CC(=CC=C2)[N+](=O)[O-],0.00333809,resistant,resistant
CVCL_1723,CN(C1CCS(=O)(=O)C1)C(=O)COC(=O)/C=C/C2=CC(=CC=C2)[N+](=O)[O-],0.0337375,resistant,resistant
CVCL_0186,CN(CC1=CN=C2C(=N1)C(=NC(=N2)N)N)C3=CC=C(C=C3)C(=O)NC(CCC(=O)O)C(=O)O,0.507616,sensitive,sensitive
CVCL_0026,CN(CC1=CN=C2C(=N1)C(=NC(=N2)N)N)C3=CC=C(C=C3)C(=O)NC(CCC(=O)O)C(=O)O,0.258447,interm,sensitive
CVCL_1119,CN(CC1=CN=C2C(=N1)C(=NC(=N2)N)N)C3=CC=C(C=C3)C(=O)NC(CCC(=O)O)C(=O)O,0.231174,interm,sensitive
CVCL_0313,CN(CC1=CN=C2C(=N1)C(=NC(=N2)N)N)C3=CC=C(C=C3)C(=O)NC(CCC(=O)O)C(=O)O,0.176155,interm,sensitive
CVCL_1723,CN(CC1=CN=C2C(=N1)C(=NC(=N2)N)N)C3=CC=C(C=C3)C(=O)NC(CCC(=O)O)C(=O)O,0.551205,sensitive,sensitive
CVCL_0042,CN(CC1=CN=C2C(=N1)C(=NC(=N2)N)N)C3=CC=C(C=C3)C(=O)NC(CCC(=O)O)C(=O)O,0.424128,sensitive,sensitive
CVCL_0186,CN(CCc1cc(Br)c(OCCCNc2ncnc3n(C)cnc23)c(Br)c1)C(=O)c1ccc(C)cc1,0.19117,interm,interm
CVCL_0026,CN(CCc1cc(Br)c(OCCCNc2ncnc3n(C)cnc23)c(Br)c1)C(=O)c1ccc(C)cc1,0.207678,interm,sensitive
CVCL_1119,CN(CCc1cc(Br)c(OCCCNc2ncnc3n(C)cnc23)c(Br)c1)C(=O)c1ccc(C)cc1,0.22771,interm,sensitive
CVCL_0313,CN(CCc1cc(Br)c(OCCCNc2ncnc3n(C)cnc23)c(Br)c1)C(=O)c1ccc(C)cc1,0.350045,sensitive,sensitive
CVCL_1639,CN(CCc1cc(Br)c(OCCCNc2ncnc3n(C)cnc23)c(Br)c1)C(=O)c1ccc(C)cc1,0.17629,interm,interm
CVCL_1723,CN(CCc1cc(Br)c(OCCCNc2ncnc3n(C)cnc23)c(Br)c1)C(=O)c1ccc(C)cc1,0.201234,interm,interm
CVCL_0042,CN(CCc1cc(Br)c(OCCCNc2ncnc3n(C)cnc23)c(Br)c1)C(=O)c1ccc(C)cc1,0.357866,interm,sensitive
CVCL_0186,CN(c1cccc(Cl)c1)S(=O)(=O)c1ccc2NC(=O)C(=C/c3[nH]c(C)c(C(=O)N4CCN(C)CC4)c3C)c2c1,0.0469889,resistant,resistant
CVCL_0026,CN(c1cccc(Cl)c1)S(=O)(=O)c1ccc2NC(=O)C(=C/c3[nH]c(C)c(C(=O)N4CCN(C)CC4)c3C)c2c1,0.0329077,resistant,interm
CVCL_1119,CN(c1cccc(Cl)c1)S(=O)(=O)c1ccc2NC(=O)C(=C/c3[nH]c(C)c(C(=O)N4CCN(C)CC4)c3C)c2c1,0.019932,resistant,interm
CVCL_0313,CN(c1cccc(Cl)c1)S(=O)(=O)c1ccc2NC(=O)C(=C/c3[nH]c(C)c(C(=O)N4CCN(C)CC4)c3C)c2c1,0.0163231,resistant,resistant
CVCL_1639,CN(c1cccc(Cl)c1)S(=O)(=O)c1ccc2NC(=O)C(=C/c3[nH]c(C)c(C(=O)N4CCN(C)CC4)c3C)c2c1,0.071876,resistant,interm
CVCL_1723,CN(c1cccc(Cl)c1)S(=O)(=O)c1ccc2NC(=O)C(=C/c3[nH]c(C)c(C(=O)N4CCN(C)CC4)c3C)c2c1,0.0335485,resistant,resistant
CVCL_0042,CN(c1cccc(Cl)c1)S(=O)(=O)c1ccc2NC(=O)C(=C/c3[nH]c(C)c(C(=O)N4CCN(C)CC4)c3C)c2c1,0.135246,resistant,interm
CVCL_0186,CN1C(=O)C(NC1=S)CC2=CNC3=CC=CC=C32,0.0422219,resistant,resistant
CVCL_0026,CN1C(=O)C(NC1=S)CC2=CNC3=CC=CC=C32,0.0457995,resistant,interm
CVCL_1119,CN1C(=O)C(NC1=S)CC2=CNC3=CC=CC=C32,0.0342919,resistant,interm
CVCL_0313,CN1C(=O)C(NC1=S)CC2=CNC3=CC=CC=C32,0.0396203,resistant,interm
CVCL_1639,CN1C(=O)C(NC1=S)CC2=CNC3=CC=CC=C32,0.0321026,resistant,resistant
CVCL_1723,CN1C(=O)C(NC1=S)CC2=CNC3=CC=CC=C32,0.0182904,resistant,resistant
CVCL_0042,CN1C(=O)C(NC1=S)CC2=CNC3=CC=CC=C32,0.0421316,resistant,resistant
CVCL_0186,CN1C(=O)N2C=NC(=C2N=N1)C(=O)N,0.0054789,resistant,resistant
CVCL_0026,CN1C(=O)N2C=NC(=C2N=N1)C(=O)N,0.0155125,resistant,resistant
CVCL_1119,CN1C(=O)N2C=NC(=C2N=N1)C(=O)N,0.000178313,resistant,resistant
CVCL_0313,CN1C(=O)N2C=NC(=C2N=N1)C(=O)N,0.0249143,resistant,resistant
CVCL_1639,CN1C(=O)N2C=NC(=C2N=N1)C(=O)N,0.0199437,resistant,resistant
CVCL_1723,CN1C(=O)N2C=NC(=C2N=N1)C(=O)N,0.0409072,resistant,interm
CVCL_0042,CN1C(=O)N2C=NC(=C2N=N1)C(=O)N,0.0166212,resistant,resistant
CVCL_0186,CN1C2=C(C=C(C=C2)N(CCCl)CCCl)N=C1CCCC(=O)O,0.0397323,resistant,resistant
CVCL_0026,CN1C2=C(C=C(C=C2)N(CCCl)CCCl)N=C1CCCC(=O)O,0.0293281,resistant,resistant
CVCL_1119,CN1C2=C(C=C(C=C2)N(CCCl)CCCl)N=C1CCCC(=O)O,0.00134957,resistant,resistant
CVCL_0313,CN1C2=C(C=C(C=C2)N(CCCl)CCCl)N=C1CCCC(=O)O,0.0101938,resistant,resistant
CVCL_1639,CN1C2=C(C=C(C=C2)N(CCCl)CCCl)N=C1CCCC(=O)O,0.00491537,resistant,resistant
CVCL_1723,CN1C2=C(C=C(C=C2)N(CCCl)CCCl)N=C1CCCC(=O)O,0.10755,interm,interm
CVCL_0042,CN1C2=C(C=C(C=C2)N(CCCl)CCCl)N=C1CCCC(=O)O,0.154091,resistant,interm
CVCL_0186,CN1C2=C(C=C(C=C2)OC3=CC(=NC=C3)C4=NC=C(N4)C(F)(F)F)N=C1NC5=CC=C(C=C5)C(F)(F)F,0.293503,sensitive,sensitive
CVCL_0026,CN1C2=C(C=C(C=C2)OC3=CC(=NC=C3)C4=NC=C(N4)C(F)(F)F)N=C1NC5=CC=C(C=C5)C(F)(F)F,0.196143,interm,sensitive
CVCL_1119,CN1C2=C(C=C(C=C2)OC3=CC(=NC=C3)C4=NC=C(N4)C(F)(F)F)N=C1NC5=CC=C(C=C5)C(F)(F)F,0.0174083,resistant,interm
CVCL_0313,CN1C2=C(C=C(C=C2)OC3=CC(=NC=C3)C4=NC=C(N4)C(F)(F)F)N=C1NC5=CC=C(C=C5)C(F)(F)F,0.198795,interm,sensitive
CVCL_1723,CN1C2=C(C=C(C=C2)OC3=CC(=NC=C3)C4=NC=C(N4)C(F)(F)F)N=C1NC5=CC=C(C=C5)C(F)(F)F,0.251703,sensitive,sensitive
CVCL_0042,CN1C2=C(C=C(C=C2)OC3=CC(=NC=C3)C4=NC=C(N4)C(F)(F)F)N=C1NC5=CC=C(C=C5)C(F)(F)F,0.182823,resistant,interm
CVCL_0186,CN1C2C3=C(CCN2C(=O)C4=CC=CC=C41)C5=CC=CC=C5N3,0.235555,interm,interm
CVCL_0026,CN1C2C3=C(CCN2C(=O)C4=CC=CC=C41)C5=CC=CC=C5N3,0.0884907,resistant,interm
CVCL_1119,CN1C2C3=C(CCN2C(=O)C4=CC=CC=C41)C5=CC=CC=C5N3,0.0999959,resistant,interm
CVCL_0313,CN1C2C3=C(CCN2C(=O)C4=CC=CC=C41)C5=CC=CC=C5N3,0.0938153,resistant,interm
CVCL_1639,CN1C2C3=C(CCN2C(=O)C4=CC=CC=C41)C5=CC=CC=C5N3,0.0951743,resistant,interm
CVCL_1723,CN1C2C3=C(CCN2C(=O)C4=CC=CC=C41)C5=CC=CC=C5N3,0.110017,interm,interm
CVCL_0042,CN1C2C3=C(CCN2C(=O)C4=CC=CC=C41)C5=CC=CC=C5N3,0.158262,resistant,interm
CVCL_0186,CN1C=NC2=C1C=C(C(=C2F)NC3=C(C=C(C=C3)Br)Cl)C(=O)NOCCO,0.519294,sensitive,sensitive
CVCL_0026,CN1C=NC2=C1C=C(C(=C2F)NC3=C(C=C(C=C3)Br)Cl)C(=O)NOCCO,0.348155,sensitive,sensitive
CVCL_1119,CN1C=NC2=C1C=C(C(=C2F)NC3=C(C=C(C=C3)Br)Cl)C(=O)NOCCO,0.0396254,resistant,interm
CVCL_0313,CN1C=NC2=C1C=C(C(=C2F)NC3=C(C=C(C=C3)Br)Cl)C(=O)NOCCO,0.313106,sensitive,sensitive
CVCL_1639,CN1C=NC2=C1C=C(C(=C2F)NC3=C(C=C(C=C3)Br)Cl)C(=O)NOCCO,0.282161,sensitive,sensitive
CVCL_1723,CN1C=NC2=C1C=C(C(=C2F)NC3=C(C=C(C=C3)Br)Cl)C(=O)NOCCO,0.335588,sensitive,sensitive
CVCL_0042,CN1C=NC2=C1C=C(C(=C2F)NC3=C(C=C(C=C3)Br)Cl)C(=O)NOCCO,0.337502,interm,sensitive
CVCL_0186,CN1C=NC=C1C(C2=CC=C(C=C2)Cl)(C3=CC4=C(C=C3)N(C(=O)C=C4C5=CC(=CC=C5)Cl)C)N,0.1720717,interm,interm
CVCL_0026,CN1C=NC=C1C(C2=CC=C(C=C2)Cl)(C3=CC4=C(C=C3)N(C(=O)C=C4C5=CC(=CC=C5)Cl)C)N,0.14172,resistant,interm
CVCL_1119,CN1C=NC=C1C(C2=CC=C(C=C2)Cl)(C3=CC4=C(C=C3)N(C(=O)C=C4C5=CC(=CC=C5)Cl)C)N,0.01464925,resistant,interm
CVCL_0313,CN1C=NC=C1C(C2=CC=C(C=C2)Cl)(C3=CC4=C(C=C3)N(C(=O)C=C4C5=CC(=CC=C5)Cl)C)N,0.055640095,resistant,interm
CVCL_1639,CN1C=NC=C1C(C2=CC=C(C=C2)Cl)(C3=CC4=C(C=C3)N(C(=O)C=C4C5=CC(=CC=C5)Cl)C)N,0.174154,interm,interm
CVCL_1723,CN1C=NC=C1C(C2=CC=C(C=C2)Cl)(C3=CC4=C(C=C3)N(C(=O)C=C4C5=CC(=CC=C5)Cl)C)N,0.0481288,resistant,interm
CVCL_0042,CN1C=NC=C1C(C2=CC=C(C=C2)Cl)(C3=CC4=C(C=C3)N(C(=O)C=C4C5=CC(=CC=C5)Cl)C)N,0.250738,resistant,interm
CVCL_0186,CN1CCC(CC1)COC2=C(C=C3C(=C2)N=CN=C3NC4=C(C=C(C=C4)Br)F)OC,0.244856,interm,sensitive
CVCL_0026,CN1CCC(CC1)COC2=C(C=C3C(=C2)N=CN=C3NC4=C(C=C(C=C4)Br)F)OC,0.168111,resistant,sensitive
CVCL_1119,CN1CCC(CC1)COC2=C(C=C3C(=C2)N=CN=C3NC4=C(C=C(C=C4)Br)F)OC,0.117605,resistant,interm
CVCL_0313,CN1CCC(CC1)COC2=C(C=C3C(=C2)N=CN=C3NC4=C(C=C(C=C4)Br)F)OC,0.153222,interm,sensitive
CVCL_1639,CN1CCC(CC1)COC2=C(C=C3C(=C2)N=CN=C3NC4=C(C=C(C=C4)Br)F)OC,0.263974,sensitive,sensitive
CVCL_1723,CN1CCC(CC1)COC2=C(C=C3C(=C2)N=CN=C3NC4=C(C=C(C=C4)Br)F)OC,0.107645,interm,interm
CVCL_0186,CN1CCC(CC1)OC2=CC(=C(C=C2)NC3=NC=C4C(=N3)N(C(=O)N4C)C5CCCC5)OC,0.11006,resistant,interm
CVCL_0026,CN1CCC(CC1)OC2=CC(=C(C=C2)NC3=NC=C4C(=N3)N(C(=O)N4C)C5CCCC5)OC,0.0894814,resistant,interm
CVCL_1119,CN1CCC(CC1)OC2=CC(=C(C=C2)NC3=NC=C4C(=N3)N(C(=O)N4C)C5CCCC5)OC,0.0403329,resistant,interm
CVCL_0313,CN1CCC(CC1)OC2=CC(=C(C=C2)NC3=NC=C4C(=N3)N(C(=O)N4C)C5CCCC5)OC,0.00294667,resistant,resistant
CVCL_1639,CN1CCC(CC1)OC2=CC(=C(C=C2)NC3=NC=C4C(=N3)N(C(=O)N4C)C5CCCC5)OC,0.106884,interm,interm
CVCL_1723,CN1CCC(CC1)OC2=CC(=C(C=C2)NC3=NC=C4C(=N3)N(C(=O)N4C)C5CCCC5)OC,0.0346163,resistant,resistant
CVCL_0042,CN1CCC(CC1)OC2=CC(=C(C=C2)NC3=NC=C4C(=N3)N(C(=O)N4C)C5CCCC5)OC,0.31972,interm,sensitive
CVCL_0186,CN1CCCCC1NC(=O)[C@H](CCCCCC(C)=O)C(=O)Nc1nc(cs1)-c1ccccc1,0.146905,interm,interm
CVCL_1119,CN1CCCCC1NC(=O)[C@H](CCCCCC(C)=O)C(=O)Nc1nc(cs1)-c1ccccc1,0.0292423,resistant,interm
CVCL_0313,CN1CCCCC1NC(=O)[C@H](CCCCCC(C)=O)C(=O)Nc1nc(cs1)-c1ccccc1,0.0185575,resistant,resistant
CVCL_0042,CN1CCCCC1NC(=O)[C@H](CCCCCC(C)=O)C(=O)Nc1nc(cs1)-c1ccccc1,0.29767,interm,interm
CVCL_0186,CN1CCCN(CC1)C2=NC3=CC(=C(C=C3C(=N2)NC4CCN(CC4)C)OC)OCCOCCN(C)C,0.0212472,resistant,resistant
CVCL_0026,CN1CCCN(CC1)C2=NC3=CC(=C(C=C3C(=N2)NC4CCN(CC4)C)OC)OCCOCCN(C)C,0.0167771,resistant,resistant
CVCL_1119,CN1CCCN(CC1)C2=NC3=CC(=C(C=C3C(=N2)NC4CCN(CC4)C)OC)OCCOCCN(C)C,0.000770261,resistant,resistant
CVCL_0313,CN1CCCN(CC1)C2=NC3=CC(=C(C=C3C(=N2)NC4CCN(CC4)C)OC)OCCOCCN(C)C,0.0127533,resistant,resistant
CVCL_1639,CN1CCCN(CC1)C2=NC3=CC(=C(C=C3C(=N2)NC4CCN(CC4)C)OC)OCCOCCN(C)C,0.0403131,resistant,interm
CVCL_1723,CN1CCCN(CC1)C2=NC3=CC(=C(C=C3C(=N2)NC4CCN(CC4)C)OC)OCCOCCN(C)C,0.0297187,resistant,resistant
CVCL_0042,CN1CCCN(CC1)C2=NC3=CC(=C(C=C3C(=N2)NC4CCN(CC4)C)OC)OCCOCCN(C)C,0.0989133,resistant,interm
CVCL_0186,CN1CCCN(CC1)C2=NC3=CC(=C(C=C3C(=N2)NC4CCN(CC4)CC5=CC=CC=C5)OC)OC,0.15038,interm,interm
CVCL_0026,CN1CCCN(CC1)C2=NC3=CC(=C(C=C3C(=N2)NC4CCN(CC4)CC5=CC=CC=C5)OC)OC,0.0299399,resistant,interm
CVCL_1119,CN1CCCN(CC1)C2=NC3=CC(=C(C=C3C(=N2)NC4CCN(CC4)CC5=CC=CC=C5)OC)OC,0.19736,interm,sensitive
CVCL_0313,CN1CCCN(CC1)C2=NC3=CC(=C(C=C3C(=N2)NC4CCN(CC4)CC5=CC=CC=C5)OC)OC,0.0220999,resistant,resistant
CVCL_1723,CN1CCCN(CC1)C2=NC3=CC(=C(C=C3C(=N2)NC4CCN(CC4)CC5=CC=CC=C5)OC)OC,0.0488151,resistant,interm
CVCL_0186,CN1CCN(CC1)C(=O)C[C@@H]1O[C@H](CO)[C@@H](NS(=O)(=O)c2cccc(F)c2)C=C1,0.0712276,resistant,interm
CVCL_1119,CN1CCN(CC1)C(=O)C[C@@H]1O[C@H](CO)[C@@H](NS(=O)(=O)c2cccc(F)c2)C=C1,0.00111052,resistant,resistant
CVCL_0313,CN1CCN(CC1)C(=O)C[C@@H]1O[C@H](CO)[C@@H](NS(=O)(=O)c2cccc(F)c2)C=C1,0.0572313,resistant,interm
CVCL_1723,CN1CCN(CC1)C(=O)C[C@@H]1O[C@H](CO)[C@@H](NS(=O)(=O)c2cccc(F)c2)C=C1,0.0313102,resistant,resistant
CVCL_0042,CN1CCN(CC1)C(=O)C[C@@H]1O[C@H](CO)[C@@H](NS(=O)(=O)c2cccc(F)c2)C=C1,0.0173785,resistant,resistant
CVCL_0186,CN1CCN(CC1)C(=O)C[C@H]1CC[C@H](NC(=O)c2ccc3OCOc3c2)[C@@H](CO)O1,0.0869749,resistant,interm
CVCL_1119,CN1CCN(CC1)C(=O)C[C@H]1CC[C@H](NC(=O)c2ccc3OCOc3c2)[C@@H](CO)O1,0.000998119,resistant,resistant
CVCL_0313,CN1CCN(CC1)C(=O)C[C@H]1CC[C@H](NC(=O)c2ccc3OCOc3c2)[C@@H](CO)O1,0.027975,resistant,interm
CVCL_0042,CN1CCN(CC1)C(=O)C[C@H]1CC[C@H](NC(=O)c2ccc3OCOc3c2)[C@@H](CO)O1,0.125976,resistant,interm
CVCL_0186,CN1CCN(CC1)C2=CC=C(C=C2)NC3=NC=C(C(=N3)SC4=CC=CC(=C4)NC(=O)C=C)Cl,0.274798,interm,sensitive
CVCL_0026,CN1CCN(CC1)C2=CC=C(C=C2)NC3=NC=C(C(=N3)SC4=CC=CC(=C4)NC(=O)C=C)Cl,0.239608,interm,sensitive
CVCL_1119,CN1CCN(CC1)C2=CC=C(C=C2)NC3=NC=C(C(=N3)SC4=CC=CC(=C4)NC(=O)C=C)Cl,0.161859,resistant,sensitive
CVCL_0313,CN1CCN(CC1)C2=CC=C(C=C2)NC3=NC=C(C(=N3)SC4=CC=CC(=C4)NC(=O)C=C)Cl,0.230444,interm,sensitive
CVCL_1639,CN1CCN(CC1)C2=CC=C(C=C2)NC3=NC=C(C(=N3)SC4=CC=CC(=C4)NC(=O)C=C)Cl,0.241181,interm,sensitive
CVCL_1723,CN1CCN(CC1)C2=CC=C(C=C2)NC3=NC=C(C(=N3)SC4=CC=CC(=C4)NC(=O)C=C)Cl,0.241091,sensitive,sensitive
CVCL_0026,CN1CCN(CC1)C2=NC3=CC=CC=C3C(=N2)C4=C(C(=O)NC4=O)C5=CNC6=CC=CC=C65,0.0137776,resistant,resistant
CVCL_1639,CN1CCN(CC1)C2=NC3=CC=CC=C3C(=N2)C4=C(C(=O)NC4=O)C5=CNC6=CC=CC=C65,0.0498268,resistant,interm
CVCL_1723,CN1CCN(CC1)C2=NC3=CC=CC=C3C(=N2)C4=C(C(=O)NC4=O)C5=CNC6=CC=CC=C65,0.0185866,resistant,resistant
CVCL_0026,CN1CCN(CC1)C2CCN(CC2)C(=O)C3=CC(=C(C=C3)NC4=NC=C5C(=N4)N(C6=CC=CC=C6C(=O)N5C)C)OC,0.0810482,resistant,interm
CVCL_1639,CN1CCN(CC1)C2CCN(CC2)C(=O)C3=CC(=C(C=C3)NC4=NC=C5C(=N4)N(C6=CC=CC=C6C(=O)N5C)C)OC,0.132032,interm,interm
CVCL_1723,CN1CCN(CC1)C2CCN(CC2)C(=O)C3=CC(=C(C=C3)NC4=NC=C5C(=N4)N(C6=CC=CC=C6C(=O)N5C)C)OC,0.0497521,resistant,interm
CVCL_0186,CN1CCN(CC1)CCCN2C3=CC=CC=C3SC4=C2C=C(C=C4)C(F)(F)F,0.0788008,resistant,interm
CVCL_0026,CN1CCN(CC1)CCCN2C3=CC=CC=C3SC4=C2C=C(C=C4)C(F)(F)F,0.0486104,resistant,interm
CVCL_1119,CN1CCN(CC1)CCCN2C3=CC=CC=C3SC4=C2C=C(C=C4)C(F)(F)F,0.042518,resistant,interm
CVCL_0313,CN1CCN(CC1)CCCN2C3=CC=CC=C3SC4=C2C=C(C=C4)C(F)(F)F,0.0467503,resistant,interm
CVCL_1639,CN1CCN(CC1)CCCN2C3=CC=CC=C3SC4=C2C=C(C=C4)C(F)(F)F,0.0850061,resistant,interm
CVCL_1723,CN1CCN(CC1)CCCN2C3=CC=CC=C3SC4=C2C=C(C=C4)C(F)(F)F,0.0350364,resistant,resistant
CVCL_0042,CN1CCN(CC1)CCCN2C3=CC=CC=C3SC4=C2C=C(C=C4)C(F)(F)F,0.0481127,resistant,resistant
CVCL_0186,CN1CCN(CC1)CCCOC2=C(C=C3C(=C2)N=CC(=C3NC4=CC(=C(C=C4Cl)Cl)OC)C#N)OC,0.317511,sensitive,sensitive
CVCL_0026,CN1CCN(CC1)CCCOC2=C(C=C3C(=C2)N=CC(=C3NC4=CC(=C(C=C4Cl)Cl)OC)C#N)OC,0.185156,interm,sensitive
CVCL_1119,CN1CCN(CC1)CCCOC2=C(C=C3C(=C2)N=CC(=C3NC4=CC(=C(C=C4Cl)Cl)OC)C#N)OC,0.177603,interm,sensitive
CVCL_0313,CN1CCN(CC1)CCCOC2=C(C=C3C(=C2)N=CC(=C3NC4=CC(=C(C=C4Cl)Cl)OC)C#N)OC,0.192543,interm,sensitive
CVCL_1639,CN1CCN(CC1)CCCOC2=C(C=C3C(=C2)N=CC(=C3NC4=CC(=C(C=C4Cl)Cl)OC)C#N)OC,0.230135,interm,sensitive
CVCL_1723,CN1CCN(CC1)CCCOC2=C(C=C3C(=C2)N=CC(=C3NC4=CC(=C(C=C4Cl)Cl)OC)C#N)OC,0.268431,sensitive,sensitive
CVCL_0042,CN1CCN(CC1)CCCOC2=C(C=C3C(=C2)N=CC(=C3NC4=CC(=C(C=C4Cl)Cl)OC)C#N)OC,0.300548,interm,interm
CVCL_0186,CN1CCN(CC1)CCOC2=CC(=C3C(=C2)N=CN=C3NC4=C(C=CC5=C4OCO5)Cl)OC6CCOCC6,0.232942,interm,interm
CVCL_0026,CN1CCN(CC1)CCOC2=CC(=C3C(=C2)N=CN=C3NC4=C(C=CC5=C4OCO5)Cl)OC6CCOCC6,0.149365,resistant,interm
CVCL_1119,CN1CCN(CC1)CCOC2=CC(=C3C(=C2)N=CN=C3NC4=C(C=CC5=C4OCO5)Cl)OC6CCOCC6,0.187234,interm,sensitive
CVCL_0313,CN1CCN(CC1)CCOC2=CC(=C3C(=C2)N=CN=C3NC4=C(C=CC5=C4OCO5)Cl)OC6CCOCC6,0.215817,interm,sensitive
CVCL_1723,CN1CCN(CC1)CCOC2=CC(=C3C(=C2)N=CN=C3NC4=C(C=CC5=C4OCO5)Cl)OC6CCOCC6,0.216091,interm,sensitive
CVCL_0042,CN1CCN(CC1)CCOC2=CC(=C3C(=C2)N=CN=C3NC4=C(C=CC5=C4OCO5)Cl)OC6CCOCC6,0.0829582,resistant,interm
CVCL_0186,CN1CCN(CC1)c1ccc(Nc2ncc3c(n2)n(-c2cccc(n2)C(C)(C)O)n(CC=C)c3=O)cc1,0.412601,sensitive,sensitive
CVCL_0026,CN1CCN(CC1)c1ccc(Nc2ncc3c(n2)n(-c2cccc(n2)C(C)(C)O)n(CC=C)c3=O)cc1,0.222351,interm,sensitive
CVCL_1119,CN1CCN(CC1)c1ccc(Nc2ncc3c(n2)n(-c2cccc(n2)C(C)(C)O)n(CC=C)c3=O)cc1,0.140464,resistant,sensitive
CVCL_0313,CN1CCN(CC1)c1ccc(Nc2ncc3c(n2)n(-c2cccc(n2)C(C)(C)O)n(CC=C)c3=O)cc1,0.245486,interm,sensitive
CVCL_1639,CN1CCN(CC1)c1ccc(Nc2ncc3c(n2)n(-c2cccc(n2)C(C)(C)O)n(CC=C)c3=O)cc1,0.250595,sensitive,sensitive
CVCL_1723,CN1CCN(CC1)c1ccc(Nc2ncc3c(n2)n(-c2cccc(n2)C(C)(C)O)n(CC=C)c3=O)cc1,0.295404,sensitive,sensitive
CVCL_0042,CN1CCN(CC1)c1ccc(Nc2ncc3c(n2)n(-c2cccc(n2)C(C)(C)O)n(CC=C)c3=O)cc1,0.418882,sensitive,sensitive
CVCL_0186,CN1CCN(CCCN2c3ccccc3Sc4ccc(Cl)cc24)CC1,0.116614,resistant,interm
CVCL_0026,CN1CCN(CCCN2c3ccccc3Sc4ccc(Cl)cc24)CC1,0.117141,resistant,interm
CVCL_1119,CN1CCN(CCCN2c3ccccc3Sc4ccc(Cl)cc24)CC1,0.100322,resistant,interm
CVCL_0313,CN1CCN(CCCN2c3ccccc3Sc4ccc(Cl)cc24)CC1,0.0504441,resistant,interm
CVCL_1639,CN1CCN(CCCN2c3ccccc3Sc4ccc(Cl)cc24)CC1,0.158173,interm,interm
CVCL_1723,CN1CCN(CCCN2c3ccccc3Sc4ccc(Cl)cc24)CC1,0.0456878,resistant,interm
CVCL_0042,CN1CCN(CCCN2c3ccccc3Sc4ccc(Cl)cc24)CC1,0.0448574,resistant,resistant
CVCL_0186,CN1CCN(Cc2ccc(cc2)C(=O)Nc2ccc(C)c(Nc3nc(cs3)-c3cccnc3)c2)CC1,0.159399,interm,interm
CVCL_0026,CN1CCN(Cc2ccc(cc2)C(=O)Nc2ccc(C)c(Nc3nc(cs3)-c3cccnc3)c2)CC1,0.0962898,resistant,interm
CVCL_1119,CN1CCN(Cc2ccc(cc2)C(=O)Nc2ccc(C)c(Nc3nc(cs3)-c3cccnc3)c2)CC1,0.121041,resistant,interm
CVCL_0313,CN1CCN(Cc2ccc(cc2)C(=O)Nc2ccc(C)c(Nc3nc(cs3)-c3cccnc3)c2)CC1,0.0795113,resistant,interm
CVCL_1639,CN1CCN(Cc2ccc(cc2)C(=O)Nc2ccc(C)c(Nc3nc(cs3)-c3cccnc3)c2)CC1,0.1457,interm,interm
CVCL_1723,CN1CCN(Cc2ccc(cc2)C(=O)Nc2ccc(C)c(Nc3nc(cs3)-c3cccnc3)c2)CC1,0.100398,interm,interm
CVCL_0042,CN1CCN(Cc2ccc(cc2)C(=O)Nc2ccc(C)c(Nc3nc(cs3)-c3cccnc3)c2)CC1,0.0712724,resistant,resistant
CVCL_0026,CN1CC[C@@H]([C@H](O)C1)c1c(O)cc(O)c2c1oc(cc2=O)-c1ccccc1Cl,0.275495,interm,sensitive
CVCL_1639,CN1CC[C@@H]([C@H](O)C1)c1c(O)cc(O)c2c1oc(cc2=O)-c1ccccc1Cl,0.27541,sensitive,sensitive
CVCL_1723,CN1CC[C@@H]([C@H](O)C1)c1c(O)cc(O)c2c1oc(cc2=O)-c1ccccc1Cl,0.360878,sensitive,sensitive
CVCL_0186,CN1CCc2c(C1)c1ccccc1n2Cc1ccc(cc1)C(=O)NO,0.120697,resistant,interm
CVCL_1119,CN1CCc2c(C1)c1ccccc1n2Cc1ccc(cc1)C(=O)NO,0.0190927,resistant,interm
CVCL_0313,CN1CCc2c(C1)c1ccccc1n2Cc1ccc(cc1)C(=O)NO,0.0182452,resistant,resistant
CVCL_0042,CN1CCc2c(C1)c1ccccc1n2Cc1ccc(cc1)C(=O)NO,0.0434399,resistant,resistant
CVCL_0186,CNC(=NC#N)NCCSCc1nc[nH]c1C,0.0357468,resistant,resistant
CVCL_1119,CNC(=NC#N)NCCSCc1nc[nH]c1C,0.000316089,resistant,resistant
CVCL_0313,CNC(=NC#N)NCCSCc1nc[nH]c1C,0.00548584,resistant,resistant
CVCL_0042,CNC(=NC#N)NCCSCc1nc[nH]c1C,0.113042,resistant,interm
CVCL_0186,CNC(=O)C1=CC=CC=C1SC2=CC3=C(C=C2)C(=NN3)C=CC4=CC=CC=N4,0.0958341,resistant,interm
CVCL_0026,CNC(=O)C1=CC=CC=C1SC2=CC3=C(C=C2)C(=NN3)C=CC4=CC=CC=N4,0.0488726,resistant,interm
CVCL_1119,CNC(=O)C1=CC=CC=C1SC2=CC3=C(C=C2)C(=NN3)C=CC4=CC=CC=N4,0.0408412,resistant,interm
CVCL_1723,CNC(=O)C1=CC=CC=C1SC2=CC3=C(C=C2)C(=NN3)C=CC4=CC=CC=N4,0.114971,interm,interm
CVCL_0186,CNC(=O)C1=NC=CC(=C1)OC2=CC(=C(C=C2)NC(=O)NC3=CC(=C(C=C3)Cl)C(F)(F)F)F,0.132744,resistant,interm
CVCL_1119,CNC(=O)C1=NC=CC(=C1)OC2=CC(=C(C=C2)NC(=O)NC3=CC(=C(C=C3)Cl)C(F)(F)F)F,0.0136341,resistant,interm
CVCL_0313,CNC(=O)C1=NC=CC(=C1)OC2=CC(=C(C=C2)NC(=O)NC3=CC(=C(C=C3)Cl)C(F)(F)F)F,0.0143307,resistant,resistant
CVCL_1723,CNC(=O)C1=NC=CC(=C1)OC2=CC(=C(C=C2)NC(=O)NC3=CC(=C(C=C3)Cl)C(F)(F)F)F,0.184593,interm,interm
CVCL_0042,CNC(=O)C1=NC=CC(=C1)OC2=CC(=C(C=C2)NC(=O)NC3=CC(=C(C=C3)Cl)C(F)(F)F)F,0.0,resistant,resistant
CVCL_0186,CNC(=O)C1=NC=CC(=C1)OC2=CC=C(C=C2)NC(=O)NC3=CC(=C(C=C3)Cl)C(F)(F)F,0.164264,interm,interm
CVCL_0026,CNC(=O)C1=NC=CC(=C1)OC2=CC=C(C=C2)NC(=O)NC3=CC(=C(C=C3)Cl)C(F)(F)F,0.150511,resistant,interm
CVCL_1119,CNC(=O)C1=NC=CC(=C1)OC2=CC=C(C=C2)NC(=O)NC3=CC(=C(C=C3)Cl)C(F)(F)F,0.0208052,resistant,interm
CVCL_0313,CNC(=O)C1=NC=CC(=C1)OC2=CC=C(C=C2)NC(=O)NC3=CC(=C(C=C3)Cl)C(F)(F)F,0.0196358,resistant,resistant
CVCL_1639,CNC(=O)C1=NC=CC(=C1)OC2=CC=C(C=C2)NC(=O)NC3=CC(=C(C=C3)Cl)C(F)(F)F,0.125165,interm,interm
CVCL_1723,CNC(=O)C1=NC=CC(=C1)OC2=CC=C(C=C2)NC(=O)NC3=CC(=C(C=C3)Cl)C(F)(F)F,0.1214,interm,interm
CVCL_0042,CNC(=O)C1=NC=CC(=C1)OC2=CC=C(C=C2)NC(=O)NC3=CC(=C(C=C3)Cl)C(F)(F)F,0.0445143,resistant,resistant
CVCL_0186,CNC[C@@H]1Oc2ccc(NC(=O)C3CCCCC3)cc2C(=O)N(C[C@@H]1C)[C@@H](C)CO,0.000479576,resistant,resistant
CVCL_1119,CNC[C@@H]1Oc2ccc(NC(=O)C3CCCCC3)cc2C(=O)N(C[C@@H]1C)[C@@H](C)CO,0.0,resistant,resistant
CVCL_0313,CNC[C@@H]1Oc2ccc(NC(=O)C3CCCCC3)cc2C(=O)N(C[C@@H]1C)[C@@H](C)CO,0.00191584,resistant,resistant
CVCL_0042,CNC[C@@H]1Oc2ccc(NC(=O)C3CCCCC3)cc2C(=O)N(C[C@@H]1C)[C@@H](C)CO,0.116049,resistant,interm
CVCL_0186,CNC[C@@H]1Oc2ccc(NC(=O)CCN3CCOCC3)cc2CC(=O)N(C[C@@H]1C)[C@H](C)CO,0.00035824,resistant,resistant
CVCL_1119,CNC[C@@H]1Oc2ccc(NC(=O)CCN3CCOCC3)cc2CC(=O)N(C[C@@H]1C)[C@H](C)CO,0.0136625,resistant,interm
CVCL_0313,CNC[C@@H]1Oc2ccc(NC(=O)CCN3CCOCC3)cc2CC(=O)N(C[C@@H]1C)[C@H](C)CO,0.0287579,resistant,interm
CVCL_0042,CNC[C@@H]1Oc2ccc(NC(=O)CCN3CCOCC3)cc2CC(=O)N(C[C@@H]1C)[C@H](C)CO,0.0195305,resistant,resistant
CVCL_0186,CNC[C@@H]1Oc2ccc(NS(C)(=O)=O)cc2CC(=O)N(C[C@@H]1C)[C@H](C)CO,0.0909472,resistant,interm
CVCL_1119,CNC[C@@H]1Oc2ccc(NS(C)(=O)=O)cc2CC(=O)N(C[C@@H]1C)[C@H](C)CO,0.0,resistant,resistant
CVCL_0313,CNC[C@@H]1Oc2ccc(NS(C)(=O)=O)cc2CC(=O)N(C[C@@H]1C)[C@H](C)CO,0.0138375,resistant,resistant
CVCL_0042,CNC[C@@H]1Oc2ccc(NS(C)(=O)=O)cc2CC(=O)N(C[C@@H]1C)[C@H](C)CO,0.0490625,resistant,resistant
CVCL_0186,CNC[C@@H]1Oc2ccc(cc2CC(=O)N(C[C@@H]1C)[C@@H](C)CO)N(C)C,0.198106,interm,interm
CVCL_0026,CNC[C@@H]1Oc2ccc(cc2CC(=O)N(C[C@@H]1C)[C@@H](C)CO)N(C)C,0.0420782,resistant,interm
CVCL_1119,CNC[C@@H]1Oc2ccc(cc2CC(=O)N(C[C@@H]1C)[C@@H](C)CO)N(C)C,0.018721,resistant,interm
CVCL_0313,CNC[C@@H]1Oc2ccc(cc2CC(=O)N(C[C@@H]1C)[C@@H](C)CO)N(C)C,0.0875324,resistant,interm
CVCL_1639,CNC[C@@H]1Oc2ccc(cc2CC(=O)N(C[C@@H]1C)[C@@H](C)CO)N(C)C,0.0488044,resistant,interm
CVCL_1723,CNC[C@@H]1Oc2ccc(cc2CC(=O)N(C[C@@H]1C)[C@@H](C)CO)N(C)C,0.0289273,resistant,resistant
CVCL_0186,CNNCc1ccc(cc1)C(=O)NC(C)C,0.0,resistant,resistant
CVCL_0026,CNNCc1ccc(cc1)C(=O)NC(C)C,0.0,resistant,resistant
CVCL_1119,CNNCc1ccc(cc1)C(=O)NC(C)C,0.15835,resistant,sensitive
CVCL_0313,CNNCc1ccc(cc1)C(=O)NC(C)C,0.000544391,resistant,resistant
CVCL_1723,CNNCc1ccc(cc1)C(=O)NC(C)C,0.0,resistant,resistant
CVCL_0042,CNNCc1ccc(cc1)C(=O)NC(C)C,0.0833375,resistant,interm
CVCL_0186,CN[C@@H]1C[C@H]2O[C@@](C)([C@@H]1OC)n3c4ccccc4c5c6CNC(=O)c6c7c8ccccc8n2c7c35,0.103835,resistant,interm
CVCL_1119,CN[C@@H]1C[C@H]2O[C@@](C)([C@@H]1OC)n3c4ccccc4c5c6CNC(=O)c6c7c8ccccc8n2c7c35,0.0216131,resistant,interm
CVCL_0313,CN[C@@H]1C[C@H]2O[C@@](C)([C@@H]1OC)n3c4ccccc4c5c6CNC(=O)c6c7c8ccccc8n2c7c35,0.0152679,resistant,resistant
CVCL_0042,CN[C@@H]1C[C@H]2O[C@@](C)([C@@H]1OC)n3c4ccccc4c5c6CNC(=O)c6c7c8ccccc8n2c7c35,0.190748,resistant,interm
CVCL_0186,COC(=O)C(CC#Cc1ccc2NC(=O)[C@@]3([C@H]([C@H]4N([C@H]3c5ccccc5OCCO)[C@@H]([C@@H](OC4=O)c6ccccc6)c7ccccc7)C(=O)N8CCN(CC8)c9ncccn9)c2c1)C(=O)OC,0.155449,interm,interm
CVCL_0026,COC(=O)C(CC#Cc1ccc2NC(=O)[C@@]3([C@H]([C@H]4N([C@H]3c5ccccc5OCCO)[C@@H]([C@@H](OC4=O)c6ccccc6)c7ccccc7)C(=O)N8CCN(CC8)c9ncccn9)c2c1)C(=O)OC,0.000434195,resistant,resistant
CVCL_1119,COC(=O)C(CC#Cc1ccc2NC(=O)[C@@]3([C@H]([C@H]4N([C@H]3c5ccccc5OCCO)[C@@H]([C@@H](OC4=O)c6ccccc6)c7ccccc7)C(=O)N8CCN(CC8)c9ncccn9)c2c1)C(=O)OC,0.00635625,resistant,resistant
CVCL_0313,COC(=O)C(CC#Cc1ccc2NC(=O)[C@@]3([C@H]([C@H]4N([C@H]3c5ccccc5OCCO)[C@@H]([C@@H](OC4=O)c6ccccc6)c7ccccc7)C(=O)N8CCN(CC8)c9ncccn9)c2c1)C(=O)OC,0.0614096,resistant,interm
CVCL_1639,COC(=O)C(CC#Cc1ccc2NC(=O)[C@@]3([C@H]([C@H]4N([C@H]3c5ccccc5OCCO)[C@@H]([C@@H](OC4=O)c6ccccc6)c7ccccc7)C(=O)N8CCN(CC8)c9ncccn9)c2c1)C(=O)OC,0.12643,interm,interm
CVCL_1723,COC(=O)C(CC#Cc1ccc2NC(=O)[C@@]3([C@H]([C@H]4N([C@H]3c5ccccc5OCCO)[C@@H]([C@@H](OC4=O)c6ccccc6)c7ccccc7)C(=O)N8CCN(CC8)c9ncccn9)c2c1)C(=O)OC,0.0245121,resistant,resistant
CVCL_0042,COC(=O)C(CC#Cc1ccc2NC(=O)[C@@]3([C@H]([C@H]4N([C@H]3c5ccccc5OCCO)[C@@H]([C@@H](OC4=O)c6ccccc6)c7ccccc7)C(=O)N8CCN(CC8)c9ncccn9)c2c1)C(=O)OC,0.202641,resistant,interm
CVCL_0186,COC(=O)[C@H]1Cc2c([nH]c3ccccc23)[C@@H](N1C(=O)CCl)c1ccc(cc1)C(=O)OC,0.439527,sensitive,sensitive
CVCL_0026,COC(=O)[C@H]1Cc2c([nH]c3ccccc23)[C@@H](N1C(=O)CCl)c1ccc(cc1)C(=O)OC,0.144752,resistant,interm
CVCL_1119,COC(=O)[C@H]1Cc2c([nH]c3ccccc23)[C@@H](N1C(=O)CCl)c1ccc(cc1)C(=O)OC,0.139071,resistant,sensitive
CVCL_0313,COC(=O)[C@H]1Cc2c([nH]c3ccccc23)[C@@H](N1C(=O)CCl)c1ccc(cc1)C(=O)OC,0.445534,sensitive,sensitive
CVCL_1639,COC(=O)[C@H]1Cc2c([nH]c3ccccc23)[C@@H](N1C(=O)CCl)c1ccc(cc1)C(=O)OC,0.361484,sensitive,sensitive
CVCL_1723,COC(=O)[C@H]1Cc2c([nH]c3ccccc23)[C@@H](N1C(=O)CCl)c1ccc(cc1)C(=O)OC,0.476536,sensitive,sensitive
CVCL_0026,COC(=O)\C=C\C(=O)N(O)CCCCNCc1ccc(COC(=O)Nc2cccc3ccccc23)cc1,0.111607,resistant,interm
CVCL_1639,COC(=O)\C=C\C(=O)N(O)CCCCNCc1ccc(COC(=O)Nc2cccc3ccccc23)cc1,0.191995,interm,interm
CVCL_1723,COC(=O)\C=C\C(=O)N(O)CCCCNCc1ccc(COC(=O)Nc2cccc3ccccc23)cc1,0.144857,interm,interm
CVCL_0026,COC(=O)c1cc(CN2CCN(CC2)C(N)=N)cc(c1)C(=O)N1CCN(CC1)C(=O)c1ccc(cc1)C(N)=N,0.0163706,resistant,resistant
CVCL_1639,COC(=O)c1cc(CN2CCN(CC2)C(N)=N)cc(c1)C(=O)N1CCN(CC1)C(=O)c1ccc(cc1)C(N)=N,0.043215,resistant,interm
CVCL_1723,COC(=O)c1cc(CN2CCN(CC2)C(N)=N)cc(c1)C(=O)N1CCN(CC1)C(=O)c1ccc(cc1)C(N)=N,0.012325,resistant,resistant
CVCL_0186,COC(=O)c1ccc2c(NC(=O)C2=C(/Nc2ccc(cc2)N(C)C(=O)CN2CCN(C)CC2)c2ccccc2)c1,0.0248375,resistant,resistant
CVCL_0026,COC(=O)c1ccc2c(NC(=O)C2=C(/Nc2ccc(cc2)N(C)C(=O)CN2CCN(C)CC2)c2ccccc2)c1,0.104924,resistant,interm
CVCL_1119,COC(=O)c1ccc2c(NC(=O)C2=C(/Nc2ccc(cc2)N(C)C(=O)CN2CCN(C)CC2)c2ccccc2)c1,0.000677668,resistant,resistant
CVCL_0313,COC(=O)c1ccc2c(NC(=O)C2=C(/Nc2ccc(cc2)N(C)C(=O)CN2CCN(C)CC2)c2ccccc2)c1,0.0406862,resistant,interm
CVCL_1639,COC(=O)c1ccc2c(NC(=O)C2=C(/Nc2ccc(cc2)N(C)C(=O)CN2CCN(C)CC2)c2ccccc2)c1,0.0139855,resistant,resistant
CVCL_1723,COC(=O)c1ccc2c(NC(=O)C2=C(/Nc2ccc(cc2)N(C)C(=O)CN2CCN(C)CC2)c2ccccc2)c1,0.0728147,resistant,interm
CVCL_0042,COC(=O)c1ccc2c(NC(=O)C2=C(/Nc2ccc(cc2)N(C)C(=O)CN2CCN(C)CC2)c2ccccc2)c1,0.123513,resistant,interm
CVCL_0186,COC(=O)c1ccc2n(CCCc3ccccc3)c(NC(=O)c4ccccc4)nc2c1,0.0210625,resistant,resistant
CVCL_1119,COC(=O)c1ccc2n(CCCc3ccccc3)c(NC(=O)c4ccccc4)nc2c1,0.0,resistant,resistant
CVCL_0313,COC(=O)c1ccc2n(CCCc3ccccc3)c(NC(=O)c4ccccc4)nc2c1,0.000818,resistant,resistant
CVCL_0042,COC(=O)c1ccc2n(CCCc3ccccc3)c(NC(=O)c4ccccc4)nc2c1,0.0460353,resistant,resistant
CVCL_0186,COC1=C(C=C(C(=C1)N2C(=O)C3=CC=CC=C3NC2=S)Cl)Cl,0.0858662,resistant,interm
CVCL_0026,COC1=C(C=C(C(=C1)N2C(=O)C3=CC=CC=C3NC2=S)Cl)Cl,0.0264363,resistant,resistant
CVCL_1119,COC1=C(C=C(C(=C1)N2C(=O)C3=CC=CC=C3NC2=S)Cl)Cl,0.0292257,resistant,interm
CVCL_0313,COC1=C(C=C(C(=C1)N2C(=O)C3=CC=CC=C3NC2=S)Cl)Cl,0.0456321,resistant,interm
CVCL_1639,COC1=C(C=C(C(=C1)N2C(=O)C3=CC=CC=C3NC2=S)Cl)Cl,0.0176912,resistant,resistant
CVCL_1723,COC1=C(C=C(C(=C1)N2C(=O)C3=CC=CC=C3NC2=S)Cl)Cl,0.0216541,resistant,resistant
CVCL_0042,COC1=C(C=C(C(=C1)N2C(=O)C3=CC=CC=C3NC2=S)Cl)Cl,0.0723704,resistant,resistant
CVCL_0186,COC1=C(C=C(C=C1)CS(=O)(=O)/C=C/C2=C(C=C(C=C2OC)OC)OC)NCC(=O)O,0.466941,sensitive,sensitive
CVCL_0026,COC1=C(C=C(C=C1)CS(=O)(=O)/C=C/C2=C(C=C(C=C2OC)OC)OC)NCC(=O)O,0.174001,resistant,sensitive
CVCL_1119,COC1=C(C=C(C=C1)CS(=O)(=O)/C=C/C2=C(C=C(C=C2OC)OC)OC)NCC(=O)O,0.11486,resistant,interm
CVCL_0313,COC1=C(C=C(C=C1)CS(=O)(=O)/C=C/C2=C(C=C(C=C2OC)OC)OC)NCC(=O)O,0.103589,resistant,interm
CVCL_1639,COC1=C(C=C(C=C1)CS(=O)(=O)/C=C/C2=C(C=C(C=C2OC)OC)OC)NCC(=O)O,0.242359,interm,sensitive
CVCL_1723,COC1=C(C=C(C=C1)CS(=O)(=O)/C=C/C2=C(C=C(C=C2OC)OC)OC)NCC(=O)O,0.235121,interm,sensitive
CVCL_0042,COC1=C(C=C(C=C1)CS(=O)(=O)/C=C/C2=C(C=C(C=C2OC)OC)OC)NCC(=O)O,0.5472,sensitive,sensitive
CVCL_0186,COC1=C(C=C(C=C1)N(C(C2=CC=CS2)C(=O)NCCC3=CC=CC=C3)C(=O)CCl)Cl,0.334216,sensitive,sensitive
CVCL_0026,COC1=C(C=C(C=C1)N(C(C2=CC=CS2)C(=O)NCCC3=CC=CC=C3)C(=O)CCl)Cl,0.109427,resistant,interm
CVCL_1119,COC1=C(C=C(C=C1)N(C(C2=CC=CS2)C(=O)NCCC3=CC=CC=C3)C(=O)CCl)Cl,0.0173916,resistant,interm
CVCL_0313,COC1=C(C=C(C=C1)N(C(C2=CC=CS2)C(=O)NCCC3=CC=CC=C3)C(=O)CCl)Cl,0.230939,interm,sensitive
CVCL_1639,COC1=C(C=C(C=C1)N(C(C2=CC=CS2)C(=O)NCCC3=CC=CC=C3)C(=O)CCl)Cl,0.252879,sensitive,sensitive
CVCL_1723,COC1=C(C=C(C=C1)N(C(C2=CC=CS2)C(=O)NCCC3=CC=CC=C3)C(=O)CCl)Cl,0.459803,sensitive,sensitive
CVCL_0042,COC1=C(C=C(C=C1)N(C(C2=CC=CS2)C(=O)NCCC3=CC=CC=C3)C(=O)CCl)Cl,0.353907,interm,sensitive
CVCL_0026,COC1=C(C=C2C(=C1)C(=NC=N2)NC3=CC(=CC=C3)Br)OC,0.0373143,resistant,interm
CVCL_1639,COC1=C(C=C2C(=C1)C(=NC=N2)NC3=CC(=CC=C3)Br)OC,0.0260396,resistant,resistant
CVCL_1723,COC1=C(C=C2C(=C1)C(=NC=N2)NC3=CC(=CC=C3)Br)OC,0.0621979,resistant,interm
CVCL_0186,COC1=C(C=C2C(=C1)N=CN2C3=CC(=C(S3)C#N)OCC4=CC=CC=C4S(=O)(=O)C)OC,0.103459,resistant,interm
CVCL_0026,COC1=C(C=C2C(=C1)N=CN2C3=CC(=C(S3)C#N)OCC4=CC=CC=C4S(=O)(=O)C)OC,0.0570187,resistant,interm
CVCL_1119,COC1=C(C=C2C(=C1)N=CN2C3=CC(=C(S3)C#N)OCC4=CC=CC=C4S(=O)(=O)C)OC,0.00948325,resistant,resistant
CVCL_0313,COC1=C(C=C2C(=C1)N=CN2C3=CC(=C(S3)C#N)OCC4=CC=CC=C4S(=O)(=O)C)OC,0.0406188,resistant,interm
CVCL_1639,COC1=C(C=C2C(=C1)N=CN2C3=CC(=C(S3)C#N)OCC4=CC=CC=C4S(=O)(=O)C)OC,0.0312063,resistant,resistant
CVCL_1723,COC1=C(C=C2C(=C1)N=CN2C3=CC(=C(S3)C#N)OCC4=CC=CC=C4S(=O)(=O)C)OC,0.0928437,resistant,interm
CVCL_0042,COC1=C(C=C2C(=C1)N=CN2C3=CC(=C(S3)C#N)OCC4=CC=CC=C4S(=O)(=O)C)OC,0.0723687,resistant,resistant
CVCL_0186,COC1=C(C=C2C(=C1)N=CN2C3=CC(=C(S3)C(=O)N)OCC4=CC=CC=C4C(F)(F)F)OC,0.241572,interm,sensitive
CVCL_0026,COC1=C(C=C2C(=C1)N=CN2C3=CC(=C(S3)C(=O)N)OCC4=CC=CC=C4C(F)(F)F)OC,0.039018,resistant,interm
CVCL_1119,COC1=C(C=C2C(=C1)N=CN2C3=CC(=C(S3)C(=O)N)OCC4=CC=CC=C4C(F)(F)F)OC,0.0398804,resistant,interm
CVCL_0313,COC1=C(C=C2C(=C1)N=CN2C3=CC(=C(S3)C(=O)N)OCC4=CC=CC=C4C(F)(F)F)OC,0.107467,resistant,interm
CVCL_1639,COC1=C(C=C2C(=C1)N=CN2C3=CC(=C(S3)C(=O)N)OCC4=CC=CC=C4C(F)(F)F)OC,0.113964,interm,interm
CVCL_1723,COC1=C(C=C2C(=C1)N=CN2C3=CC(=C(S3)C(=O)N)OCC4=CC=CC=C4C(F)(F)F)OC,0.0649417,resistant,interm
CVCL_0042,COC1=C(C=C2C(=C1)N=CN2C3=CC(=C(S3)C(=O)N)OCC4=CC=CC=C4C(F)(F)F)OC,0.340515,interm,sensitive
CVCL_0186,COC1=C(C=C2C(=C1)N=CN=C2NC3=CC(=C(C=C3)F)Cl)OCCCN4CCOCC4,0.268866,interm,sensitive
CVCL_0026,COC1=C(C=C2C(=C1)N=CN=C2NC3=CC(=C(C=C3)F)Cl)OCCCN4CCOCC4,0.140703,resistant,interm
CVCL_1119,COC1=C(C=C2C(=C1)N=CN=C2NC3=CC(=C(C=C3)F)Cl)OCCCN4CCOCC4,0.156183,resistant,sensitive
CVCL_0313,COC1=C(C=C2C(=C1)N=CN=C2NC3=CC(=C(C=C3)F)Cl)OCCCN4CCOCC4,0.0640173,resistant,interm
CVCL_1639,COC1=C(C=C2C(=C1)N=CN=C2NC3=CC(=C(C=C3)F)Cl)OCCCN4CCOCC4,0.196173,interm,interm
CVCL_1723,COC1=C(C=C2C(=C1)N=CN=C2NC3=CC(=C(C=C3)F)Cl)OCCCN4CCOCC4,0.135665,interm,interm
CVCL_0042,COC1=C(C=C2C(=C1)N=CN=C2NC3=CC(=C(C=C3)F)Cl)OCCCN4CCOCC4,0.175038,resistant,interm
CVCL_0186,COC1=C(C=CC(=C1)C=CC(=O)CC(=O)C=CC2=CC(=C(C=C2)O)OC)O,0.321362,sensitive,sensitive
CVCL_0026,COC1=C(C=CC(=C1)C=CC(=O)CC(=O)C=CC2=CC(=C(C=C2)O)OC)O,0.119227,resistant,interm
CVCL_1119,COC1=C(C=CC(=C1)C=CC(=O)CC(=O)C=CC2=CC(=C(C=C2)O)OC)O,0.0896719,resistant,interm
CVCL_0313,COC1=C(C=CC(=C1)C=CC(=O)CC(=O)C=CC2=CC(=C(C=C2)O)OC)O,0.0183786,resistant,resistant
CVCL_1639,COC1=C(C=CC(=C1)C=CC(=O)CC(=O)C=CC2=CC(=C(C=C2)O)OC)O,0.215849,interm,sensitive
CVCL_1723,COC1=C(C=CC(=C1)C=CC(=O)CC(=O)C=CC2=CC(=C(C=C2)O)OC)O,0.184165,interm,interm
CVCL_0042,COC1=C(C=CC(=C1)C=CC(=O)CC(=O)C=CC2=CC(=C(C=C2)O)OC)O,0.27712,interm,interm
CVCL_0186,COC1=CC(=CC(=C1O)OC)C2C3C(COC3=O)C(C4=CC5=C(C=C24)OCO5)OC6C(C(C7C(O6)COC(O7)C8=CC=CS8)O)O,0.215322,interm,interm
CVCL_1119,COC1=CC(=CC(=C1O)OC)C2C3C(COC3=O)C(C4=CC5=C(C=C24)OCO5)OC6C(C(C7C(O6)COC(O7)C8=CC=CS8)O)O,0.164956,interm,sensitive
CVCL_0313,COC1=CC(=CC(=C1O)OC)C2C3C(COC3=O)C(C4=CC5=C(C=C24)OCO5)OC6C(C(C7C(O6)COC(O7)C8=CC=CS8)O)O,0.0989412,resistant,interm
CVCL_0042,COC1=CC(=CC(=C1O)OC)C2C3C(COC3=O)C(C4=CC5=C(C=C24)OCO5)OC6C(C(C7C(O6)COC(O7)C8=CC=CS8)O)O,0.43305,sensitive,sensitive
CVCL_0186,COC1=CC(=CC(=C1OC)OC)C=CC(=O)N2CCC=CC2=O,0.122082,resistant,interm
CVCL_0026,COC1=CC(=CC(=C1OC)OC)C=CC(=O)N2CCC=CC2=O,0.110658,resistant,interm
CVCL_1119,COC1=CC(=CC(=C1OC)OC)C=CC(=O)N2CCC=CC2=O,0.0263528,resistant,interm
CVCL_0313,COC1=CC(=CC(=C1OC)OC)C=CC(=O)N2CCC=CC2=O,0.0496636,resistant,interm
CVCL_1639,COC1=CC(=CC(=C1OC)OC)C=CC(=O)N2CCC=CC2=O,0.158019,interm,interm
CVCL_1723,COC1=CC(=CC(=C1OC)OC)C=CC(=O)N2CCC=CC2=O,0.142742,interm,interm
CVCL_0042,COC1=CC(=CC(=C1OC)OC)C=CC(=O)N2CCC=CC2=O,0.351067,interm,sensitive
CVCL_0186,COC1=CC2=C(C=CN=C2C=C1OC)OC3=CC=C(C=C3)NC(=O)C4(CC4)C(=O)NC5=CC=C(C=C5)F,0.158811,interm,interm
CVCL_0026,COC1=CC2=C(C=CN=C2C=C1OC)OC3=CC=C(C=C3)NC(=O)C4(CC4)C(=O)NC5=CC=C(C=C5)F,0.128102,resistant,interm
CVCL_1119,COC1=CC2=C(C=CN=C2C=C1OC)OC3=CC=C(C=C3)NC(=O)C4(CC4)C(=O)NC5=CC=C(C=C5)F,0.0974983,resistant,interm
CVCL_0313,COC1=CC2=C(C=CN=C2C=C1OC)OC3=CC=C(C=C3)NC(=O)C4(CC4)C(=O)NC5=CC=C(C=C5)F,0.0375893,resistant,interm
CVCL_1639,COC1=CC2=C(C=CN=C2C=C1OC)OC3=CC=C(C=C3)NC(=O)C4(CC4)C(=O)NC5=CC=C(C=C5)F,0.109163,interm,interm
CVCL_1723,COC1=CC2=C(C=CN=C2C=C1OC)OC3=CC=C(C=C3)NC(=O)C4(CC4)C(=O)NC5=CC=C(C=C5)F,0.213985,interm,sensitive
CVCL_0042,COC1=CC2=C(C=CN=C2C=C1OC)OC3=CC=C(C=C3)NC(=O)C4(CC4)C(=O)NC5=CC=C(C=C5)F,0.293118,interm,interm
CVCL_0186,COC1=CC2=C(C=CN=C2C=C1OCCCN3CCOCC3)OC4=C(C=C(C=C4)NC(=O)C5(CC5)C(=O)NC6=CC=C(C=C6)F)F,0.333211,sensitive,sensitive
CVCL_0026,COC1=CC2=C(C=CN=C2C=C1OCCCN3CCOCC3)OC4=C(C=C(C=C4)NC(=O)C5(CC5)C(=O)NC6=CC=C(C=C6)F)F,0.292215,interm,sensitive
CVCL_1119,COC1=CC2=C(C=CN=C2C=C1OCCCN3CCOCC3)OC4=C(C=C(C=C4)NC(=O)C5(CC5)C(=O)NC6=CC=C(C=C6)F)F,0.156285,resistant,sensitive
CVCL_0313,COC1=CC2=C(C=CN=C2C=C1OCCCN3CCOCC3)OC4=C(C=C(C=C4)NC(=O)C5(CC5)C(=O)NC6=CC=C(C=C6)F)F,0.285089,interm,sensitive
CVCL_1639,COC1=CC2=C(C=CN=C2C=C1OCCCN3CCOCC3)OC4=C(C=C(C=C4)NC(=O)C5(CC5)C(=O)NC6=CC=C(C=C6)F)F,0.289016,sensitive,sensitive
CVCL_1723,COC1=CC2=C(C=CN=C2C=C1OCCCN3CCOCC3)OC4=C(C=C(C=C4)NC(=O)C5(CC5)C(=O)NC6=CC=C(C=C6)F)F,0.33667,sensitive,sensitive
CVCL_0042,COC1=CC2=C(C=CN=C2C=C1OCCCN3CCOCC3)OC4=C(C=C(C=C4)NC(=O)C5(CC5)C(=O)NC6=CC=C(C=C6)F)F,0.583539,sensitive,sensitive
CVCL_0186,COC1=CC2=NC=CC(=C2C=C1C(=O)N)OC3=CC(=C(C=C3)NC(=O)NC4CC4)Cl,0.0490308,resistant,resistant
CVCL_0026,COC1=CC2=NC=CC(=C2C=C1C(=O)N)OC3=CC(=C(C=C3)NC(=O)NC4CC4)Cl,0.00183025,resistant,resistant
CVCL_1119,COC1=CC2=NC=CC(=C2C=C1C(=O)N)OC3=CC(=C(C=C3)NC(=O)NC4CC4)Cl,0.0,resistant,resistant
CVCL_0313,COC1=CC2=NC=CC(=C2C=C1C(=O)N)OC3=CC(=C(C=C3)NC(=O)NC4CC4)Cl,0.0102262,resistant,resistant
CVCL_1723,COC1=CC2=NC=CC(=C2C=C1C(=O)N)OC3=CC(=C(C=C3)NC(=O)NC4CC4)Cl,0.0408159,resistant,interm
CVCL_0042,COC1=CC2=NC=CC(=C2C=C1C(=O)N)OC3=CC(=C(C=C3)NC(=O)NC4CC4)Cl,0.16896,resistant,interm
CVCL_0186,COC1=CC=C(C=C1)CN2C(=O)C3=C(C4=CC=CC=C4CC35CCCC5)N6C2=NN=N6,0.0194438,resistant,resistant
CVCL_0026,COC1=CC=C(C=C1)CN2C(=O)C3=C(C4=CC=CC=C4CC35CCCC5)N6C2=NN=N6,0.0136112,resistant,resistant
CVCL_1119,COC1=CC=C(C=C1)CN2C(=O)C3=C(C4=CC=CC=C4CC35CCCC5)N6C2=NN=N6,0.000968432,resistant,resistant
CVCL_0313,COC1=CC=C(C=C1)CN2C(=O)C3=C(C4=CC=CC=C4CC35CCCC5)N6C2=NN=N6,0.008892,resistant,resistant
CVCL_1639,COC1=CC=C(C=C1)CN2C(=O)C3=C(C4=CC=CC=C4CC35CCCC5)N6C2=NN=N6,0.0442186,resistant,interm
CVCL_1723,COC1=CC=C(C=C1)CN2C(=O)C3=C(C4=CC=CC=C4CC35CCCC5)N6C2=NN=N6,0.0,resistant,resistant
CVCL_0042,COC1=CC=C(C=C1)CN2C(=O)C3=C(C4=CC=CC=C4CC35CCCC5)N6C2=NN=N6,0.324275,interm,sensitive
CVCL_0186,COC1=CC=C(C=C1)N(C(=O)C2=CC=CC=C2)S(=O)(=O)C3=C(C=CC(=C3)OC)OC,0.307802,sensitive,sensitive
CVCL_0026,COC1=CC=C(C=C1)N(C(=O)C2=CC=CC=C2)S(=O)(=O)C3=C(C=CC(=C3)OC)OC,0.0127398,resistant,resistant
CVCL_1119,COC1=CC=C(C=C1)N(C(=O)C2=CC=CC=C2)S(=O)(=O)C3=C(C=CC(=C3)OC)OC,0.000821616,resistant,resistant
CVCL_0313,COC1=CC=C(C=C1)N(C(=O)C2=CC=CC=C2)S(=O)(=O)C3=C(C=CC(=C3)OC)OC,0.107421,resistant,interm
CVCL_1639,COC1=CC=C(C=C1)N(C(=O)C2=CC=CC=C2)S(=O)(=O)C3=C(C=CC(=C3)OC)OC,0.00297033,resistant,resistant
CVCL_1723,COC1=CC=C(C=C1)N(C(=O)C2=CC=CC=C2)S(=O)(=O)C3=C(C=CC(=C3)OC)OC,0.0855312,resistant,interm
CVCL_0042,COC1=CC=C(C=C1)N(C(=O)C2=CC=CC=C2)S(=O)(=O)C3=C(C=CC(=C3)OC)OC,0.0217863,resistant,resistant
CVCL_0186,COC1=CC=C(C=C1)S(=O)(=O)N2CCN(CC2)S(=O)(=O)C3=CC4=C(C=C3)OCCO4,0.00309887,resistant,resistant
CVCL_0026,COC1=CC=C(C=C1)S(=O)(=O)N2CCN(CC2)S(=O)(=O)C3=CC4=C(C=C3)OCCO4,0.0775488,resistant,interm
CVCL_1119,COC1=CC=C(C=C1)S(=O)(=O)N2CCN(CC2)S(=O)(=O)C3=CC4=C(C=C3)OCCO4,0.0423812,resistant,interm
CVCL_0313,COC1=CC=C(C=C1)S(=O)(=O)N2CCN(CC2)S(=O)(=O)C3=CC4=C(C=C3)OCCO4,0.0153204,resistant,resistant
CVCL_1639,COC1=CC=C(C=C1)S(=O)(=O)N2CCN(CC2)S(=O)(=O)C3=CC4=C(C=C3)OCCO4,0.0212451,resistant,resistant
CVCL_1723,COC1=CC=C(C=C1)S(=O)(=O)N2CCN(CC2)S(=O)(=O)C3=CC4=C(C=C3)OCCO4,0.0360057,resistant,resistant
CVCL_0042,COC1=CC=C(C=C1)S(=O)(=O)N2CCN(CC2)S(=O)(=O)C3=CC4=C(C=C3)OCCO4,0.000437149,resistant,resistant
CVCL_0186,COC1=NC(=NC2=C1N=CN2C3C(C(C(O3)CO)O)O)N,0.0,resistant,resistant
CVCL_0026,COC1=NC(=NC2=C1N=CN2C3C(C(C(O3)CO)O)O)N,0.0125295,resistant,resistant
CVCL_1119,COC1=NC(=NC2=C1N=CN2C3C(C(C(O3)CO)O)O)N,0.162644,interm,sensitive
CVCL_0313,COC1=NC(=NC2=C1N=CN2C3C(C(C(O3)CO)O)O)N,0.00576875,resistant,resistant
CVCL_1639,COC1=NC(=NC2=C1N=CN2C3C(C(C(O3)CO)O)O)N,0.073825,resistant,interm
CVCL_1723,COC1=NC(=NC2=C1N=CN2C3C(C(C(O3)CO)O)O)N,0.00819364,resistant,resistant
CVCL_0042,COC1=NC(=NC2=C1N=CN2C3C(C(C(O3)CO)O)O)N,0.128749,resistant,interm
CVCL_0026,COC1=NC=CN=C1NS(=O)(=O)C2=CC=C(C=C2)NC(=O)/C=C/C3=CC=C(S3)[N+](=O)[O-],0.131293,resistant,interm
CVCL_1639,COC1=NC=CN=C1NS(=O)(=O)C2=CC=C(C=C2)NC(=O)/C=C/C3=CC=C(S3)[N+](=O)[O-],0.193173,interm,interm
CVCL_1723,COC1=NC=CN=C1NS(=O)(=O)C2=CC=C(C=C2)NC(=O)/C=C/C3=CC=C(S3)[N+](=O)[O-],0.179496,interm,interm
CVCL_0186,COCC1(C(=O)C2CCN1CC2)CO,0.00872874,resistant,resistant
CVCL_1119,COCC1(C(=O)C2CCN1CC2)CO,0.0,resistant,resistant
CVCL_0313,COCC1(C(=O)C2CCN1CC2)CO,0.0873813,resistant,interm
CVCL_0042,COCC1(C(=O)C2CCN1CC2)CO,0.285589,interm,interm
CVCL_0186,COCCOC(=O)N1C(=O)[C@]2([C@@H]([C@@H]3N([C@@H]2c4ccccc4OCCO)[C@H]([C@H](OC3=O)c5ccccc5)c6ccccc6)C(=O)NCC=C)c7cc(C#CCC(C(=O)OC)C(=O)OC)ccc17,0.165511,interm,interm
CVCL_0026,COCCOC(=O)N1C(=O)[C@]2([C@@H]([C@@H]3N([C@@H]2c4ccccc4OCCO)[C@H]([C@H](OC3=O)c5ccccc5)c6ccccc6)C(=O)NCC=C)c7cc(C#CCC(C(=O)OC)C(=O)OC)ccc17,0.0181901,resistant,resistant
CVCL_1119,COCCOC(=O)N1C(=O)[C@]2([C@@H]([C@@H]3N([C@@H]2c4ccccc4OCCO)[C@H]([C@H](OC3=O)c5ccccc5)c6ccccc6)C(=O)NCC=C)c7cc(C#CCC(C(=O)OC)C(=O)OC)ccc17,0.000131098,resistant,resistant
CVCL_0313,COCCOC(=O)N1C(=O)[C@]2([C@@H]([C@@H]3N([C@@H]2c4ccccc4OCCO)[C@H]([C@H](OC3=O)c5ccccc5)c6ccccc6)C(=O)NCC=C)c7cc(C#CCC(C(=O)OC)C(=O)OC)ccc17,0.156739,interm,sensitive
CVCL_1639,COCCOC(=O)N1C(=O)[C@]2([C@@H]([C@@H]3N([C@@H]2c4ccccc4OCCO)[C@H]([C@H](OC3=O)c5ccccc5)c6ccccc6)C(=O)NCC=C)c7cc(C#CCC(C(=O)OC)C(=O)OC)ccc17,0.101258,interm,interm
CVCL_1723,COCCOC(=O)N1C(=O)[C@]2([C@@H]([C@@H]3N([C@@H]2c4ccccc4OCCO)[C@H]([C@H](OC3=O)c5ccccc5)c6ccccc6)C(=O)NCC=C)c7cc(C#CCC(C(=O)OC)C(=O)OC)ccc17,0.0479495,resistant,interm
CVCL_0186,COCCOC1=C(C=C2C(=C1)C(=NC=N2)NC3=CC=CC(=C3)C#C)OCCOC.Cl,0.173864,interm,interm
CVCL_0026,COCCOC1=C(C=C2C(=C1)C(=NC=N2)NC3=CC=CC(=C3)C#C)OCCOC.Cl,0.13247,resistant,interm
CVCL_1119,COCCOC1=C(C=C2C(=C1)C(=NC=N2)NC3=CC=CC(=C3)C#C)OCCOC.Cl,0.188631,interm,sensitive
CVCL_0313,COCCOC1=C(C=C2C(=C1)C(=NC=N2)NC3=CC=CC(=C3)C#C)OCCOC.Cl,0.148219,interm,sensitive
CVCL_1639,COCCOC1=C(C=C2C(=C1)C(=NC=N2)NC3=CC=CC(=C3)C#C)OCCOC.Cl,0.0878586,resistant,interm
CVCL_1723,COCCOC1=C(C=C2C(=C1)C(=NC=N2)NC3=CC=CC(=C3)C#C)OCCOC.Cl,0.132019,interm,interm
CVCL_0042,COCCOC1=C(C=C2C(=C1)C(=NC=N2)NC3=CC=CC(=C3)C#C)OCCOC.Cl,0.0880474,resistant,interm
CVCL_0186,CON(C)C(=O)[C@H]1[C@@H](O)[C@@]2(O)c3c(O[C@]2([C@@H]1c1ccccc1)c1ccc(OC)cc1)cc(OC)cc3OC,0.580321,sensitive,sensitive
CVCL_0026,CON(C)C(=O)[C@H]1[C@@H](O)[C@@]2(O)c3c(O[C@]2([C@@H]1c1ccccc1)c1ccc(OC)cc1)cc(OC)cc3OC,0.402802,sensitive,sensitive
CVCL_1119,CON(C)C(=O)[C@H]1[C@@H](O)[C@@]2(O)c3c(O[C@]2([C@@H]1c1ccccc1)c1ccc(OC)cc1)cc(OC)cc3OC,0.356014,sensitive,sensitive
CVCL_0313,CON(C)C(=O)[C@H]1[C@@H](O)[C@@]2(O)c3c(O[C@]2([C@@H]1c1ccccc1)c1ccc(OC)cc1)cc(OC)cc3OC,0.325654,sensitive,sensitive
CVCL_1639,CON(C)C(=O)[C@H]1[C@@H](O)[C@@]2(O)c3c(O[C@]2([C@@H]1c1ccccc1)c1ccc(OC)cc1)cc(OC)cc3OC,0.412377,sensitive,sensitive
CVCL_1723,CON(C)C(=O)[C@H]1[C@@H](O)[C@@]2(O)c3c(O[C@]2([C@@H]1c1ccccc1)c1ccc(OC)cc1)cc(OC)cc3OC,0.552572,sensitive,sensitive
CVCL_0042,CON(C)C(=O)[C@H]1[C@@H](O)[C@@]2(O)c3c(O[C@]2([C@@H]1c1ccccc1)c1ccc(OC)cc1)cc(OC)cc3OC,0.61654,sensitive,sensitive
CVCL_0186,CONC(=O)[C@H]1[C@@H](O)[C@@]2(O)c3c(O[C@]2([C@@H]1c1ccccc1)c1ccc(OC)cc1)cc(OC)cc3OC,0.624675,sensitive,sensitive
CVCL_0026,CONC(=O)[C@H]1[C@@H](O)[C@@]2(O)c3c(O[C@]2([C@@H]1c1ccccc1)c1ccc(OC)cc1)cc(OC)cc3OC,0.472532,sensitive,sensitive
CVCL_1119,CONC(=O)[C@H]1[C@@H](O)[C@@]2(O)c3c(O[C@]2([C@@H]1c1ccccc1)c1ccc(OC)cc1)cc(OC)cc3OC,0.295878,interm,sensitive
CVCL_0313,CONC(=O)[C@H]1[C@@H](O)[C@@]2(O)c3c(O[C@]2([C@@H]1c1ccccc1)c1ccc(OC)cc1)cc(OC)cc3OC,0.4151,sensitive,sensitive
CVCL_1639,CONC(=O)[C@H]1[C@@H](O)[C@@]2(O)c3c(O[C@]2([C@@H]1c1ccccc1)c1ccc(OC)cc1)cc(OC)cc3OC,0.533494,sensitive,sensitive
CVCL_1723,CONC(=O)[C@H]1[C@@H](O)[C@@]2(O)c3c(O[C@]2([C@@H]1c1ccccc1)c1ccc(OC)cc1)cc(OC)cc3OC,0.63725,sensitive,sensitive
CVCL_0042,CONC(=O)[C@H]1[C@@H](O)[C@@]2(O)c3c(O[C@]2([C@@H]1c1ccccc1)c1ccc(OC)cc1)cc(OC)cc3OC,0.751929,sensitive,sensitive
CVCL_0186,CO[C@@H]1CC[C@H]2CCN(C)C(=O)[C@@H](C)[C@H](CN(C)C(=O)c3cccc(C#N)c3OC[C@H]1O2)OC,0.04635,resistant,resistant
CVCL_1119,CO[C@@H]1CC[C@H]2CCN(C)C(=O)[C@@H](C)[C@H](CN(C)C(=O)c3cccc(C#N)c3OC[C@H]1O2)OC,0.0,resistant,resistant
CVCL_0313,CO[C@@H]1CC[C@H]2CCN(C)C(=O)[C@@H](C)[C@H](CN(C)C(=O)c3cccc(C#N)c3OC[C@H]1O2)OC,0.0386937,resistant,interm
CVCL_0042,CO[C@@H]1CC[C@H]2CCN(C)C(=O)[C@@H](C)[C@H](CN(C)C(=O)c3cccc(C#N)c3OC[C@H]1O2)OC,0.0371759,resistant,resistant
CVCL_0186,COc1cc(CCC(=O)N2CCC=CC2=O)cc(OC)c1OC,0.225227,interm,interm
CVCL_0026,COc1cc(CCC(=O)N2CCC=CC2=O)cc(OC)c1OC,0.234596,interm,sensitive
CVCL_1119,COc1cc(CCC(=O)N2CCC=CC2=O)cc(OC)c1OC,0.0951775,resistant,interm
CVCL_0313,COc1cc(CCC(=O)N2CCC=CC2=O)cc(OC)c1OC,0.208942,interm,sensitive
CVCL_1639,COc1cc(CCC(=O)N2CCC=CC2=O)cc(OC)c1OC,0.230846,interm,sensitive
CVCL_1723,COc1cc(CCC(=O)N2CCC=CC2=O)cc(OC)c1OC,0.137333,interm,interm
CVCL_0042,COc1cc(CCC(=O)N2CCC=CC2=O)cc(OC)c1OC,0.479466,sensitive,sensitive
CVCL_0186,COc1cc(Nc2ncc3CN=C(c4cc(Cl)ccc4-c3n2)c2c(F)cccc2OC)ccc1C(O)=O,0.267385,interm,sensitive
CVCL_0026,COc1cc(Nc2ncc3CN=C(c4cc(Cl)ccc4-c3n2)c2c(F)cccc2OC)ccc1C(O)=O,0.180102,resistant,sensitive
CVCL_1119,COc1cc(Nc2ncc3CN=C(c4cc(Cl)ccc4-c3n2)c2c(F)cccc2OC)ccc1C(O)=O,0.0275546,resistant,interm
CVCL_0313,COc1cc(Nc2ncc3CN=C(c4cc(Cl)ccc4-c3n2)c2c(F)cccc2OC)ccc1C(O)=O,0.092544,resistant,interm
CVCL_1639,COc1cc(Nc2ncc3CN=C(c4cc(Cl)ccc4-c3n2)c2c(F)cccc2OC)ccc1C(O)=O,0.123487,interm,interm
CVCL_1723,COc1cc(Nc2ncc3CN=C(c4cc(Cl)ccc4-c3n2)c2c(F)cccc2OC)ccc1C(O)=O,0.174797,interm,interm
CVCL_0186,COc1cc(cc(OC)c1O)[C@H]2[C@@H]3C(COC3=O)C(OC4OC5COC(C)OC5C(O)C4O)c6cc7OCOc7cc26,0.0656325,resistant,interm
CVCL_0026,COc1cc(cc(OC)c1O)[C@H]2[C@@H]3C(COC3=O)C(OC4OC5COC(C)OC5C(O)C4O)c6cc7OCOc7cc26,0.0523295,resistant,interm
CVCL_1119,COc1cc(cc(OC)c1O)[C@H]2[C@@H]3C(COC3=O)C(OC4OC5COC(C)OC5C(O)C4O)c6cc7OCOc7cc26,0.0446761,resistant,interm
CVCL_0313,COc1cc(cc(OC)c1O)[C@H]2[C@@H]3C(COC3=O)C(OC4OC5COC(C)OC5C(O)C4O)c6cc7OCOc7cc26,0.120178,resistant,sensitive
CVCL_1639,COc1cc(cc(OC)c1O)[C@H]2[C@@H]3C(COC3=O)C(OC4OC5COC(C)OC5C(O)C4O)c6cc7OCOc7cc26,0.0988462,resistant,interm
CVCL_1723,COc1cc(cc(OC)c1O)[C@H]2[C@@H]3C(COC3=O)C(OC4OC5COC(C)OC5C(O)C4O)c6cc7OCOc7cc26,0.150438,interm,interm
CVCL_0042,COc1cc(cc(OC)c1O)[C@H]2[C@@H]3C(COC3=O)C(OC4OC5COC(C)OC5C(O)C4O)c6cc7OCOc7cc26,0.367199,interm,sensitive
CVCL_0026,COc1cc(ccc1Nc1ncc(Cl)c(Oc2cccc(NC(=O)C=C)c2)n1)N1CCN(C)CC1,0.143968,resistant,interm
CVCL_1639,COc1cc(ccc1Nc1ncc(Cl)c(Oc2cccc(NC(=O)C=C)c2)n1)N1CCN(C)CC1,0.102799,interm,interm
CVCL_1723,COc1cc(ccc1Nc1ncc(Cl)c(Oc2cccc(NC(=O)C=C)c2)n1)N1CCN(C)CC1,0.06837,resistant,interm
CVCL_0026,COc1cc2c(Oc3ccc4[nH]c(C)cc4c3F)ncnc2cc1OCCCN1CCCC1,0.18927,interm,sensitive
CVCL_1639,COc1cc2c(Oc3ccc4[nH]c(C)cc4c3F)ncnc2cc1OCCCN1CCCC1,0.235832,interm,sensitive
CVCL_1723,COc1cc2c(Oc3ccc4[nH]c(C)cc4c3F)ncnc2cc1OCCCN1CCCC1,0.193023,interm,interm
CVCL_0186,COc1cc2c(ncnc2cc1OCCCN3CCCCC3)N4CCN(CC4)C(=O)Nc5ccc(OC(C)C)cc5,0.0738973,resistant,interm
CVCL_0026,COc1cc2c(ncnc2cc1OCCCN3CCCCC3)N4CCN(CC4)C(=O)Nc5ccc(OC(C)C)cc5,0.110664,resistant,interm
CVCL_1119,COc1cc2c(ncnc2cc1OCCCN3CCCCC3)N4CCN(CC4)C(=O)Nc5ccc(OC(C)C)cc5,0.00441121,resistant,resistant
CVCL_0313,COc1cc2c(ncnc2cc1OCCCN3CCCCC3)N4CCN(CC4)C(=O)Nc5ccc(OC(C)C)cc5,0.0502077,resistant,interm
CVCL_1639,COc1cc2c(ncnc2cc1OCCCN3CCCCC3)N4CCN(CC4)C(=O)Nc5ccc(OC(C)C)cc5,0.176339,interm,interm
CVCL_1723,COc1cc2c(ncnc2cc1OCCCN3CCCCC3)N4CCN(CC4)C(=O)Nc5ccc(OC(C)C)cc5,0.152057,interm,interm
CVCL_0042,COc1cc2c(ncnc2cc1OCCCN3CCCCC3)N4CCN(CC4)C(=O)Nc5ccc(OC(C)C)cc5,0.0269394,resistant,resistant
CVCL_0186,COc1cc2nccc(Oc3ccc(NC(=O)Nc4ccc(F)cc4F)c(F)c3)c2cc1OC,0.0412241,resistant,resistant
CVCL_0026,COc1cc2nccc(Oc3ccc(NC(=O)Nc4ccc(F)cc4F)c(F)c3)c2cc1OC,0.0117004,resistant,resistant
CVCL_1119,COc1cc2nccc(Oc3ccc(NC(=O)Nc4ccc(F)cc4F)c(F)c3)c2cc1OC,0.0294284,resistant,interm
CVCL_0313,COc1cc2nccc(Oc3ccc(NC(=O)Nc4ccc(F)cc4F)c(F)c3)c2cc1OC,0.0293267,resistant,interm
CVCL_1639,COc1cc2nccc(Oc3ccc(NC(=O)Nc4ccc(F)cc4F)c(F)c3)c2cc1OC,0.450747,sensitive,sensitive
CVCL_1723,COc1cc2nccc(Oc3ccc(NC(=O)Nc4ccc(F)cc4F)c(F)c3)c2cc1OC,0.0730634,resistant,interm
CVCL_0042,COc1cc2nccc(Oc3ccc(NC(=O)Nc4ccc(F)cc4F)c(F)c3)c2cc1OC,0.0389971,resistant,resistant
CVCL_0186,COc1ccc(Cn2ccc3ccc(cc23)C(=O)NO)cc1,0.161672,interm,interm
CVCL_0026,COc1ccc(Cn2ccc3ccc(cc23)C(=O)NO)cc1,0.0279777,resistant,resistant
CVCL_1119,COc1ccc(Cn2ccc3ccc(cc23)C(=O)NO)cc1,0.0999174,resistant,interm
CVCL_0313,COc1ccc(Cn2ccc3ccc(cc23)C(=O)NO)cc1,0.0347971,resistant,interm
CVCL_1639,COc1ccc(Cn2ccc3ccc(cc23)C(=O)NO)cc1,0.0173491,resistant,resistant
CVCL_1723,COc1ccc(Cn2ccc3ccc(cc23)C(=O)NO)cc1,0.012869,resistant,resistant
CVCL_0042,COc1ccc(Cn2ccc3ccc(cc23)C(=O)NO)cc1,0.161765,resistant,interm
CVCL_0026,COc1ccc(NC(=O)Nc2ccc3O[C@@H](CN(C)Cc4ccc5OCOc5c4)[C@@H](C)CN([C@@H](C)CO)C(=O)c3c2)cc1,0.00470808,resistant,resistant
CVCL_1639,COc1ccc(NC(=O)Nc2ccc3O[C@@H](CN(C)Cc4ccc5OCOc5c4)[C@@H](C)CN([C@@H](C)CO)C(=O)c3c2)cc1,0.215073,interm,sensitive
CVCL_0186,COc1ccc(OC)c(c1)-c1nnc2SCC(=Nn12)c1ccc(OC)c(OC)c1,0.426542,sensitive,sensitive
CVCL_0026,COc1ccc(OC)c(c1)-c1nnc2SCC(=Nn12)c1ccc(OC)c(OC)c1,0.0764044,resistant,interm
CVCL_1119,COc1ccc(OC)c(c1)-c1nnc2SCC(=Nn12)c1ccc(OC)c(OC)c1,0.0489873,resistant,interm
CVCL_0313,COc1ccc(OC)c(c1)-c1nnc2SCC(=Nn12)c1ccc(OC)c(OC)c1,0.0448312,resistant,interm
CVCL_1639,COc1ccc(OC)c(c1)-c1nnc2SCC(=Nn12)c1ccc(OC)c(OC)c1,0.247507,sensitive,sensitive
CVCL_1723,COc1ccc(OC)c(c1)-c1nnc2SCC(=Nn12)c1ccc(OC)c(OC)c1,0.282009,sensitive,sensitive
CVCL_0042,COc1ccc(OC)c(c1)-c1nnc2SCC(=Nn12)c1ccc(OC)c(OC)c1,0.403316,sensitive,sensitive
CVCL_0026,COc1ccc(cc1)-n1c(SCc2nc(no2)-c2ccc(C)cc2)nnc1-c1ccncc1,0.064816,resistant,interm
CVCL_1639,COc1ccc(cc1)-n1c(SCc2nc(no2)-c2ccc(C)cc2)nnc1-c1ccncc1,0.0662839,resistant,interm
CVCL_1723,COc1ccc(cc1)-n1c(SCc2nc(no2)-c2ccc(C)cc2)nnc1-c1ccncc1,0.0866665,resistant,interm
CVCL_0186,COc1ccc(cc1)C#CC1=CCCN(C(=O)\C=C\c2cc(OC)c(OC)c(OC)c2)C1=O,0.260122,interm,sensitive
CVCL_0026,COc1ccc(cc1)C#CC1=CCCN(C(=O)\C=C\c2cc(OC)c(OC)c(OC)c2)C1=O,0.129439,resistant,interm
CVCL_1119,COc1ccc(cc1)C#CC1=CCCN(C(=O)\C=C\c2cc(OC)c(OC)c(OC)c2)C1=O,0.290675,interm,sensitive
CVCL_0313,COc1ccc(cc1)C#CC1=CCCN(C(=O)\C=C\c2cc(OC)c(OC)c(OC)c2)C1=O,0.179575,interm,sensitive
CVCL_1639,COc1ccc(cc1)C#CC1=CCCN(C(=O)\C=C\c2cc(OC)c(OC)c(OC)c2)C1=O,0.206619,interm,sensitive
CVCL_1723,COc1ccc(cc1)C#CC1=CCCN(C(=O)\C=C\c2cc(OC)c(OC)c(OC)c2)C1=O,0.143166,interm,interm
CVCL_0042,COc1ccc(cc1)C#CC1=CCCN(C(=O)\C=C\c2cc(OC)c(OC)c(OC)c2)C1=O,0.546538,sensitive,sensitive
CVCL_0186,COc1ccc(cc1)C(=O)CC1(O)C(=O)Nc2c1c(Cl)ccc2Cl,0.277867,interm,sensitive
CVCL_0026,COc1ccc(cc1)C(=O)CC1(O)C(=O)Nc2c1c(Cl)ccc2Cl,0.0483015,resistant,interm
CVCL_1119,COc1ccc(cc1)C(=O)CC1(O)C(=O)Nc2c1c(Cl)ccc2Cl,0.0740592,resistant,interm
CVCL_0313,COc1ccc(cc1)C(=O)CC1(O)C(=O)Nc2c1c(Cl)ccc2Cl,0.0921522,resistant,interm
CVCL_1639,COc1ccc(cc1)C(=O)CC1(O)C(=O)Nc2c1c(Cl)ccc2Cl,0.108707,interm,interm
CVCL_1723,COc1ccc(cc1)C(=O)CC1(O)C(=O)Nc2c1c(Cl)ccc2Cl,0.100039,interm,interm
CVCL_0042,COc1ccc(cc1)C(=O)CC1(O)C(=O)Nc2c1c(Cl)ccc2Cl,0.215274,resistant,interm
CVCL_0026,COc1ccc(cc1)C1C(C(=O)Nc2ccccc2)=C(C)N=c2s\c(=C/c3cn(Cc4ccccc4)c4ccccc34)c(=O)n12,0.0302125,resistant,interm
CVCL_1639,COc1ccc(cc1)C1C(C(=O)Nc2ccccc2)=C(C)N=c2s\c(=C/c3cn(Cc4ccccc4)c4ccccc34)c(=O)n12,0.0479751,resistant,interm
CVCL_1723,COc1ccc(cc1)C1C(C(=O)Nc2ccccc2)=C(C)N=c2s\c(=C/c3cn(Cc4ccccc4)c4ccccc34)c(=O)n12,0.0248149,resistant,resistant
CVCL_0186,COc1ccc(cc1)S(=O)(=O)N(C(=O)C)c2ccccc2C=Cc3cc[n+]([O-])cc3,0.378088,sensitive,sensitive
CVCL_0026,COc1ccc(cc1)S(=O)(=O)N(C(=O)C)c2ccccc2C=Cc3cc[n+]([O-])cc3,0.229353,interm,sensitive
CVCL_1119,COc1ccc(cc1)S(=O)(=O)N(C(=O)C)c2ccccc2C=Cc3cc[n+]([O-])cc3,0.0657098,resistant,interm
CVCL_0313,COc1ccc(cc1)S(=O)(=O)N(C(=O)C)c2ccccc2C=Cc3cc[n+]([O-])cc3,0.108204,resistant,interm
CVCL_1639,COc1ccc(cc1)S(=O)(=O)N(C(=O)C)c2ccccc2C=Cc3cc[n+]([O-])cc3,0.19989,interm,sensitive
CVCL_1723,COc1ccc(cc1)S(=O)(=O)N(C(=O)C)c2ccccc2C=Cc3cc[n+]([O-])cc3,0.139146,interm,interm
CVCL_0042,COc1ccc(cc1)S(=O)(=O)N(C(=O)C)c2ccccc2C=Cc3cc[n+]([O-])cc3,0.249627,resistant,interm
CVCL_0186,COc1ccc(cc1)S(=O)(=O)N(C)C[C@@H]1Oc2c(NC(=O)Nc3cccc4ccccc34)cccc2C(=O)N(C[C@H]1C)[C@@H](C)CO,0.0,resistant,resistant
CVCL_0026,COc1ccc(cc1)S(=O)(=O)N(C)C[C@@H]1Oc2c(NC(=O)Nc3cccc4ccccc34)cccc2C(=O)N(C[C@H]1C)[C@@H](C)CO,0.00547497,resistant,resistant
CVCL_1119,COc1ccc(cc1)S(=O)(=O)N(C)C[C@@H]1Oc2c(NC(=O)Nc3cccc4ccccc34)cccc2C(=O)N(C[C@H]1C)[C@@H](C)CO,0.0913063,resistant,interm
CVCL_0313,COc1ccc(cc1)S(=O)(=O)N(C)C[C@@H]1Oc2c(NC(=O)Nc3cccc4ccccc34)cccc2C(=O)N(C[C@H]1C)[C@@H](C)CO,0.000534107,resistant,resistant
CVCL_1639,COc1ccc(cc1)S(=O)(=O)N(C)C[C@@H]1Oc2c(NC(=O)Nc3cccc4ccccc34)cccc2C(=O)N(C[C@H]1C)[C@@H](C)CO,0.0177738,resistant,resistant
CVCL_1723,COc1ccc(cc1)S(=O)(=O)N(C)C[C@@H]1Oc2c(NC(=O)Nc3cccc4ccccc34)cccc2C(=O)N(C[C@H]1C)[C@@H](C)CO,0.0363806,resistant,resistant
CVCL_0042,COc1ccc(cc1)S(=O)(=O)N(C)C[C@@H]1Oc2c(NC(=O)Nc3cccc4ccccc34)cccc2C(=O)N(C[C@H]1C)[C@@H](C)CO,0.219834,resistant,interm
CVCL_0186,COc1ccc(cc1CO)-c1ccc2c(nc(nc2n1)N1C[C@H](C)O[C@H](C)C1)N1CCOCC1,0.225533,interm,interm
CVCL_0026,COc1ccc(cc1CO)-c1ccc2c(nc(nc2n1)N1C[C@H](C)O[C@H](C)C1)N1CCOCC1,0.0619514,resistant,interm
CVCL_1119,COc1ccc(cc1CO)-c1ccc2c(nc(nc2n1)N1C[C@H](C)O[C@H](C)C1)N1CCOCC1,0.242896,interm,sensitive
CVCL_0313,COc1ccc(cc1CO)-c1ccc2c(nc(nc2n1)N1C[C@H](C)O[C@H](C)C1)N1CCOCC1,0.250841,interm,sensitive
CVCL_1723,COc1ccc(cc1CO)-c1ccc2c(nc(nc2n1)N1C[C@H](C)O[C@H](C)C1)N1CCOCC1,0.270104,sensitive,sensitive
CVCL_0042,COc1ccc(cc1CO)-c1ccc2c(nc(nc2n1)N1C[C@H](C)O[C@H](C)C1)N1CCOCC1,0.306219,interm,interm
CVCL_0186,COc1ccc(cc1[N+]([O-])=O)S(=O)(=O)N(C(C)=O)c1ccc(OC(C)=O)c2ccccc12,0.0931287,resistant,interm
CVCL_0026,COc1ccc(cc1[N+]([O-])=O)S(=O)(=O)N(C(C)=O)c1ccc(OC(C)=O)c2ccccc12,0.0450256,resistant,interm
CVCL_1119,COc1ccc(cc1[N+]([O-])=O)S(=O)(=O)N(C(C)=O)c1ccc(OC(C)=O)c2ccccc12,0.0255129,resistant,interm
CVCL_0313,COc1ccc(cc1[N+]([O-])=O)S(=O)(=O)N(C(C)=O)c1ccc(OC(C)=O)c2ccccc12,0.00211875,resistant,resistant
CVCL_1639,COc1ccc(cc1[N+]([O-])=O)S(=O)(=O)N(C(C)=O)c1ccc(OC(C)=O)c2ccccc12,0.0420403,resistant,interm
CVCL_1723,COc1ccc(cc1[N+]([O-])=O)S(=O)(=O)N(C(C)=O)c1ccc(OC(C)=O)c2ccccc12,0.0502736,resistant,interm
CVCL_0186,COc1cccc2cc([nH]c12)-c1nc([C@@H]2CC[C@@H](CC2)C(O)=O)n2ncnc(N)c12,0.255528,interm,sensitive
CVCL_0026,COc1cccc2cc([nH]c12)-c1nc([C@@H]2CC[C@@H](CC2)C(O)=O)n2ncnc(N)c12,0.135929,resistant,interm
CVCL_1119,COc1cccc2cc([nH]c12)-c1nc([C@@H]2CC[C@@H](CC2)C(O)=O)n2ncnc(N)c12,0.268501,interm,sensitive
CVCL_0313,COc1cccc2cc([nH]c12)-c1nc([C@@H]2CC[C@@H](CC2)C(O)=O)n2ncnc(N)c12,0.215953,interm,sensitive
CVCL_1639,COc1cccc2cc([nH]c12)-c1nc([C@@H]2CC[C@@H](CC2)C(O)=O)n2ncnc(N)c12,0.12557,interm,interm
CVCL_1723,COc1cccc2cc([nH]c12)-c1nc([C@@H]2CC[C@@H](CC2)C(O)=O)n2ncnc(N)c12,0.244252,sensitive,sensitive
CVCL_0042,COc1cccc2cc([nH]c12)-c1nc([C@@H]2CC[C@@H](CC2)C(O)=O)n2ncnc(N)c12,0.248975,resistant,interm
CVCL_0186,COc1ccccc1-c1cccc(c1)-c1nc(cc2CN([C@@H](CCO)c12)[S@@](=O)C(C)(C)C)C(=O)NCc1ccncc1,0.0882497,resistant,interm
CVCL_0026,COc1ccccc1-c1cccc(c1)-c1nc(cc2CN([C@@H](CCO)c12)[S@@](=O)C(C)(C)C)C(=O)NCc1ccncc1,0.0255193,resistant,resistant
CVCL_1119,COc1ccccc1-c1cccc(c1)-c1nc(cc2CN([C@@H](CCO)c12)[S@@](=O)C(C)(C)C)C(=O)NCc1ccncc1,0.0341647,resistant,interm
CVCL_0313,COc1ccccc1-c1cccc(c1)-c1nc(cc2CN([C@@H](CCO)c12)[S@@](=O)C(C)(C)C)C(=O)NCc1ccncc1,0.0256903,resistant,resistant
CVCL_1639,COc1ccccc1-c1cccc(c1)-c1nc(cc2CN([C@@H](CCO)c12)[S@@](=O)C(C)(C)C)C(=O)NCc1ccncc1,0.0928985,resistant,interm
CVCL_1723,COc1ccccc1-c1cccc(c1)-c1nc(cc2CN([C@@H](CCO)c12)[S@@](=O)C(C)(C)C)C(=O)NCc1ccncc1,0.0243201,resistant,resistant
CVCL_0042,COc1ccccc1-c1cccc(c1)-c1nc(cc2CN([C@@H](CCO)c12)[S@@](=O)C(C)(C)C)C(=O)NCc1ccncc1,0.257142,interm,interm
CVCL_0186,COc1ccccc1[C@H]1c2c(NC3=C1C(=O)CC(C)(C)C3)n[nH]c2C(F)(F)F,0.239902,interm,interm
CVCL_0026,COc1ccccc1[C@H]1c2c(NC3=C1C(=O)CC(C)(C)C3)n[nH]c2C(F)(F)F,0.0,resistant,resistant
CVCL_1119,COc1ccccc1[C@H]1c2c(NC3=C1C(=O)CC(C)(C)C3)n[nH]c2C(F)(F)F,0.125,resistant,sensitive
CVCL_0313,COc1ccccc1[C@H]1c2c(NC3=C1C(=O)CC(C)(C)C3)n[nH]c2C(F)(F)F,0.062375,resistant,interm
CVCL_1723,COc1ccccc1[C@H]1c2c(NC3=C1C(=O)CC(C)(C)C3)n[nH]c2C(F)(F)F,0.025567,resistant,resistant
CVCL_0186,CS(=O)(=O)C1=CC=CC(=C1)CNC2=NC(=NC=C2C(F)(F)F)NC3=CC4=C(C=C3)NC(=O)CC4,0.186133,interm,interm
CVCL_0026,CS(=O)(=O)C1=CC=CC(=C1)CNC2=NC(=NC=C2C(F)(F)F)NC3=CC4=C(C=C3)NC(=O)CC4,0.114197,resistant,interm
CVCL_1119,CS(=O)(=O)C1=CC=CC(=C1)CNC2=NC(=NC=C2C(F)(F)F)NC3=CC4=C(C=C3)NC(=O)CC4,0.0339836,resistant,interm
CVCL_0313,CS(=O)(=O)C1=CC=CC(=C1)CNC2=NC(=NC=C2C(F)(F)F)NC3=CC4=C(C=C3)NC(=O)CC4,0.0450389,resistant,interm
CVCL_1639,CS(=O)(=O)C1=CC=CC(=C1)CNC2=NC(=NC=C2C(F)(F)F)NC3=CC4=C(C=C3)NC(=O)CC4,0.106238,interm,interm
CVCL_1723,CS(=O)(=O)C1=CC=CC(=C1)CNC2=NC(=NC=C2C(F)(F)F)NC3=CC4=C(C=C3)NC(=O)CC4,0.117098,interm,interm
CVCL_0186,CS(=O)(=O)CCNCC1=CC=C(O1)C2=CC3=C(C=C2)N=CN=C3NC4=CC(=C(C=C4)OCC5=CC(=CC=C5)F)Cl,0.161276,interm,interm
CVCL_0026,CS(=O)(=O)CCNCC1=CC=C(O1)C2=CC3=C(C=C2)N=CN=C3NC4=CC(=C(C=C4)OCC5=CC(=CC=C5)F)Cl,0.104518,resistant,interm
CVCL_1119,CS(=O)(=O)CCNCC1=CC=C(O1)C2=CC3=C(C=C2)N=CN=C3NC4=CC(=C(C=C4)OCC5=CC(=CC=C5)F)Cl,0.0301305,resistant,interm
CVCL_0313,CS(=O)(=O)CCNCC1=CC=C(O1)C2=CC3=C(C=C2)N=CN=C3NC4=CC(=C(C=C4)OCC5=CC(=CC=C5)F)Cl,0.0492103,resistant,interm
CVCL_1639,CS(=O)(=O)CCNCC1=CC=C(O1)C2=CC3=C(C=C2)N=CN=C3NC4=CC(=C(C=C4)OCC5=CC(=CC=C5)F)Cl,0.310418,sensitive,sensitive
CVCL_1723,CS(=O)(=O)CCNCC1=CC=C(O1)C2=CC3=C(C=C2)N=CN=C3NC4=CC(=C(C=C4)OCC5=CC(=CC=C5)F)Cl,0.205401,interm,sensitive
CVCL_0186,CS(=O)(=O)N1CCN(CC1)CC2=CC3=C(S2)C(=NC(=N3)C4=C5C=NNC5=CC=C4)N6CCOCC6,0.343671,sensitive,sensitive
CVCL_0026,CS(=O)(=O)N1CCN(CC1)CC2=CC3=C(S2)C(=NC(=N3)C4=C5C=NNC5=CC=C4)N6CCOCC6,0.2949,interm,sensitive
CVCL_1119,CS(=O)(=O)N1CCN(CC1)CC2=CC3=C(S2)C(=NC(=N3)C4=C5C=NNC5=CC=C4)N6CCOCC6,0.140628,resistant,sensitive
CVCL_0313,CS(=O)(=O)N1CCN(CC1)CC2=CC3=C(S2)C(=NC(=N3)C4=C5C=NNC5=CC=C4)N6CCOCC6,0.272322,interm,sensitive
CVCL_1639,CS(=O)(=O)N1CCN(CC1)CC2=CC3=C(S2)C(=NC(=N3)C4=C5C=NNC5=CC=C4)N6CCOCC6,0.308198,sensitive,sensitive
CVCL_1723,CS(=O)(=O)N1CCN(CC1)CC2=CC3=C(S2)C(=NC(=N3)C4=C5C=NNC5=CC=C4)N6CCOCC6,0.199359,interm,interm
CVCL_0042,CS(=O)(=O)N1CCN(CC1)CC2=CC3=C(S2)C(=NC(=N3)C4=C5C=NNC5=CC=C4)N6CCOCC6,0.201282,resistant,interm
CVCL_0186,C[As](C)SC[C@H](NC(=O)CC[C@H](N)C(O)=O)C(=O)NCC(O)=O,0.0323933,resistant,resistant
CVCL_1119,C[As](C)SC[C@H](NC(=O)CC[C@H](N)C(O)=O)C(=O)NCC(O)=O,0.0,resistant,resistant
CVCL_0313,C[As](C)SC[C@H](NC(=O)CC[C@H](N)C(O)=O)C(=O)NCC(O)=O,0.0,resistant,resistant
CVCL_0042,C[As](C)SC[C@H](NC(=O)CC[C@H](N)C(O)=O)C(=O)NCC(O)=O,0.0353511,resistant,resistant
CVCL_0186,C[C@@H](C(=O)N[C@H]1C2=CC=CC=C2CCN(C1=O)C)NC(=O)[C@H](C(C)C)O,0.249466,interm,sensitive
CVCL_0026,C[C@@H](C(=O)N[C@H]1C2=CC=CC=C2CCN(C1=O)C)NC(=O)[C@H](C(C)C)O,0.0,resistant,resistant
CVCL_1119,C[C@@H](C(=O)N[C@H]1C2=CC=CC=C2CCN(C1=O)C)NC(=O)[C@H](C(C)C)O,0.108882,resistant,interm
CVCL_0313,C[C@@H](C(=O)N[C@H]1C2=CC=CC=C2CCN(C1=O)C)NC(=O)[C@H](C(C)C)O,0.112987,resistant,interm
CVCL_1639,C[C@@H](C(=O)N[C@H]1C2=CC=CC=C2CCN(C1=O)C)NC(=O)[C@H](C(C)C)O,0.0476746,resistant,interm
CVCL_1723,C[C@@H](C(=O)N[C@H]1C2=CC=CC=C2CCN(C1=O)C)NC(=O)[C@H](C(C)C)O,0.0471445,resistant,interm
CVCL_0026,C[C@@H](C(=O)N[C@H]1CN(CC[C@H]2CC[C@H](N2C1=O)C(=O)NC(C3=CC=CC=C3)C4=CC=CC=C4)C(=O)CC(C)C)NC,0.0301277,resistant,interm
CVCL_1639,C[C@@H](C(=O)N[C@H]1CN(CC[C@H]2CC[C@H](N2C1=O)C(=O)NC(C3=CC=CC=C3)C4=CC=CC=C4)C(=O)CC(C)C)NC,0.0204362,resistant,resistant
CVCL_1723,C[C@@H](C(=O)N[C@H]1CN(CC[C@H]2CC[C@H](N2C1=O)C(=O)NC(C3=CC=CC=C3)C4=CC=CC=C4)C(=O)CC(C)C)NC,0.0190847,resistant,resistant
CVCL_0026,C[C@@H](C1=CC=CC=C1)N=C(NC#N)NC2=CC=CC3=C2C=CC=N3,0.0967875,resistant,interm
CVCL_1639,C[C@@H](C1=CC=CC=C1)N=C(NC#N)NC2=CC=CC3=C2C=CC=N3,0.0134948,resistant,resistant
CVCL_1723,C[C@@H](C1=CC=CC=C1)N=C(NC#N)NC2=CC=CC3=C2C=CC=N3,0.0506669,resistant,interm
CVCL_0186,C[C@@H](CO)N1C[C@@H](C)[C@@H](CN(C)CC2CCCCC2)Oc2ccc(NC(=O)Nc3c(C)noc3C)cc2C1=O,0.0347129,resistant,resistant
CVCL_0026,C[C@@H](CO)N1C[C@@H](C)[C@@H](CN(C)CC2CCCCC2)Oc2ccc(NC(=O)Nc3c(C)noc3C)cc2C1=O,0.0671875,resistant,interm
CVCL_1119,C[C@@H](CO)N1C[C@@H](C)[C@@H](CN(C)CC2CCCCC2)Oc2ccc(NC(=O)Nc3c(C)noc3C)cc2C1=O,0.00195,resistant,resistant
CVCL_0313,C[C@@H](CO)N1C[C@@H](C)[C@@H](CN(C)CC2CCCCC2)Oc2ccc(NC(=O)Nc3c(C)noc3C)cc2C1=O,0.00196392,resistant,resistant
CVCL_1639,C[C@@H](CO)N1C[C@@H](C)[C@@H](CN(C)CC2CCCCC2)Oc2ccc(NC(=O)Nc3c(C)noc3C)cc2C1=O,0.0463905,resistant,interm
CVCL_1723,C[C@@H](CO)N1C[C@@H](C)[C@@H](CN(C)CC2CCCCC2)Oc2ccc(NC(=O)Nc3c(C)noc3C)cc2C1=O,0.0191443,resistant,resistant
CVCL_0186,C[C@@H](CO)N1C[C@@H](C)[C@@H](CN(C)Cc2ccc(cc2)C(=O)Nc3ccccc3N)Oc4c(NC(=O)Nc5ccccc5)cccc4C1=O,0.212699,interm,interm
CVCL_0026,C[C@@H](CO)N1C[C@@H](C)[C@@H](CN(C)Cc2ccc(cc2)C(=O)Nc3ccccc3N)Oc4c(NC(=O)Nc5ccccc5)cccc4C1=O,0.0487963,resistant,interm
CVCL_1119,C[C@@H](CO)N1C[C@@H](C)[C@@H](CN(C)Cc2ccc(cc2)C(=O)Nc3ccccc3N)Oc4c(NC(=O)Nc5ccccc5)cccc4C1=O,0.0134893,resistant,interm
CVCL_0313,C[C@@H](CO)N1C[C@@H](C)[C@@H](CN(C)Cc2ccc(cc2)C(=O)Nc3ccccc3N)Oc4c(NC(=O)Nc5ccccc5)cccc4C1=O,0.0607413,resistant,interm
CVCL_1639,C[C@@H](CO)N1C[C@@H](C)[C@@H](CN(C)Cc2ccc(cc2)C(=O)Nc3ccccc3N)Oc4c(NC(=O)Nc5ccccc5)cccc4C1=O,0.107835,interm,interm
CVCL_1723,C[C@@H](CO)N1C[C@@H](C)[C@@H](CN(C)Cc2ccc(cc2)C(=O)Nc3ccccc3N)Oc4c(NC(=O)Nc5ccccc5)cccc4C1=O,0.0078126,resistant,resistant
CVCL_0042,C[C@@H](CO)N1C[C@@H](C)[C@@H](CN(C)Cc2ccc(cc2)C(=O)Nc3ccccc3N)Oc4c(NC(=O)Nc5ccccc5)cccc4C1=O,0.200578,resistant,interm
CVCL_0186,C[C@@H](CO)N1C[C@@H](C)[C@H](CN(C)C(=O)Nc2cccc3ccccc23)Oc2c(NC(=O)c3ccncc3)cccc2C1=O,0.0457313,resistant,resistant
CVCL_1119,C[C@@H](CO)N1C[C@@H](C)[C@H](CN(C)C(=O)Nc2cccc3ccccc23)Oc2c(NC(=O)c3ccncc3)cccc2C1=O,0.0,resistant,resistant
CVCL_0313,C[C@@H](CO)N1C[C@@H](C)[C@H](CN(C)C(=O)Nc2cccc3ccccc23)Oc2c(NC(=O)c3ccncc3)cccc2C1=O,0.0394063,resistant,interm
CVCL_0042,C[C@@H](CO)N1C[C@@H](C)[C@H](CN(C)C(=O)Nc2cccc3ccccc23)Oc2c(NC(=O)c3ccncc3)cccc2C1=O,0.00391284,resistant,resistant
CVCL_0186,C[C@@H](CO)N1C[C@H](C)[C@@H](CN(C)C(=O)C2CCOCC2)Oc3ncc(C#CC4(O)CCCC4)cc3C1=O,0.109137,resistant,interm
CVCL_1119,C[C@@H](CO)N1C[C@H](C)[C@@H](CN(C)C(=O)C2CCOCC2)Oc3ncc(C#CC4(O)CCCC4)cc3C1=O,0.0,resistant,resistant
CVCL_0313,C[C@@H](CO)N1C[C@H](C)[C@@H](CN(C)C(=O)C2CCOCC2)Oc3ncc(C#CC4(O)CCCC4)cc3C1=O,0.0180313,resistant,resistant
CVCL_0042,C[C@@H](CO)N1C[C@H](C)[C@@H](CN(C)C(=O)C2CCOCC2)Oc3ncc(C#CC4(O)CCCC4)cc3C1=O,0.103744,resistant,interm
CVCL_0186,C[C@@H](CO)N1C[C@H](C)[C@@H](CN(C)C(=O)Nc2ccc3OCOc3c2)Oc4cc(C#Cc5ccncc5)ccc4S1(=O)=O,0.401165,sensitive,sensitive
CVCL_0026,C[C@@H](CO)N1C[C@H](C)[C@@H](CN(C)C(=O)Nc2ccc3OCOc3c2)Oc4cc(C#Cc5ccncc5)ccc4S1(=O)=O,0.296105,interm,sensitive
CVCL_1119,C[C@@H](CO)N1C[C@H](C)[C@@H](CN(C)C(=O)Nc2ccc3OCOc3c2)Oc4cc(C#Cc5ccncc5)ccc4S1(=O)=O,0.285412,interm,sensitive
CVCL_0313,C[C@@H](CO)N1C[C@H](C)[C@@H](CN(C)C(=O)Nc2ccc3OCOc3c2)Oc4cc(C#Cc5ccncc5)ccc4S1(=O)=O,0.227322,interm,sensitive
CVCL_1639,C[C@@H](CO)N1C[C@H](C)[C@@H](CN(C)C(=O)Nc2ccc3OCOc3c2)Oc4cc(C#Cc5ccncc5)ccc4S1(=O)=O,0.236876,interm,sensitive
CVCL_1723,C[C@@H](CO)N1C[C@H](C)[C@@H](CN(C)C(=O)Nc2ccc3OCOc3c2)Oc4cc(C#Cc5ccncc5)ccc4S1(=O)=O,0.226593,interm,sensitive
CVCL_0042,C[C@@H](CO)N1C[C@H](C)[C@@H](CN(C)C(=O)Nc2ccc3OCOc3c2)Oc4cc(C#Cc5ccncc5)ccc4S1(=O)=O,0.162804,resistant,interm
CVCL_0186,C[C@@H](CO)N1C[C@H](C)[C@@H](CN(C)Cc2ccc(cc2)C(O)=O)Oc2cc(ccc2S1(=O)=O)C#CCC1CCCC1,0.066956,resistant,interm
CVCL_0026,C[C@@H](CO)N1C[C@H](C)[C@@H](CN(C)Cc2ccc(cc2)C(O)=O)Oc2cc(ccc2S1(=O)=O)C#CCC1CCCC1,0.0629829,resistant,interm
CVCL_1119,C[C@@H](CO)N1C[C@H](C)[C@@H](CN(C)Cc2ccc(cc2)C(O)=O)Oc2cc(ccc2S1(=O)=O)C#CCC1CCCC1,0.00210193,resistant,resistant
CVCL_0313,C[C@@H](CO)N1C[C@H](C)[C@@H](CN(C)Cc2ccc(cc2)C(O)=O)Oc2cc(ccc2S1(=O)=O)C#CCC1CCCC1,0.0305286,resistant,interm
CVCL_1639,C[C@@H](CO)N1C[C@H](C)[C@@H](CN(C)Cc2ccc(cc2)C(O)=O)Oc2cc(ccc2S1(=O)=O)C#CCC1CCCC1,0.0184761,resistant,resistant
CVCL_1723,C[C@@H](CO)N1C[C@H](C)[C@@H](CN(C)Cc2ccc(cc2)C(O)=O)Oc2cc(ccc2S1(=O)=O)C#CCC1CCCC1,0.0401274,resistant,interm
CVCL_0042,C[C@@H](CO)N1C[C@H](C)[C@@H](CN(C)Cc2ccc(cc2)C(O)=O)Oc2cc(ccc2S1(=O)=O)C#CCC1CCCC1,0.310867,interm,sensitive
CVCL_0186,C[C@@H](CO)N1C[C@H](C)[C@H](CN(C)C(=O)Cc2ccncc2)Oc3cc(C#Cc4ccccc4F)ccc3S1(=O)=O,0.125839,resistant,interm
CVCL_0026,C[C@@H](CO)N1C[C@H](C)[C@H](CN(C)C(=O)Cc2ccncc2)Oc3cc(C#Cc4ccccc4F)ccc3S1(=O)=O,0.00755124,resistant,resistant
CVCL_1119,C[C@@H](CO)N1C[C@H](C)[C@H](CN(C)C(=O)Cc2ccncc2)Oc3cc(C#Cc4ccccc4F)ccc3S1(=O)=O,0.0183382,resistant,interm
CVCL_0313,C[C@@H](CO)N1C[C@H](C)[C@H](CN(C)C(=O)Cc2ccncc2)Oc3cc(C#Cc4ccccc4F)ccc3S1(=O)=O,0.0140134,resistant,resistant
CVCL_1639,C[C@@H](CO)N1C[C@H](C)[C@H](CN(C)C(=O)Cc2ccncc2)Oc3cc(C#Cc4ccccc4F)ccc3S1(=O)=O,0.0149476,resistant,resistant
CVCL_1723,C[C@@H](CO)N1C[C@H](C)[C@H](CN(C)C(=O)Cc2ccncc2)Oc3cc(C#Cc4ccccc4F)ccc3S1(=O)=O,0.0718556,resistant,interm
CVCL_0042,C[C@@H](CO)N1C[C@H](C)[C@H](CN(C)C(=O)Cc2ccncc2)Oc3cc(C#Cc4ccccc4F)ccc3S1(=O)=O,0.207849,resistant,interm
CVCL_0186,C[C@@H](CO)N1C[C@H](C)[C@H](CN(C)C(=O)Nc2cccc3ccccc23)Oc2ccc(NC(=O)NC3CCCCC3)cc2CC1=O,0.0301955,resistant,resistant
CVCL_1119,C[C@@H](CO)N1C[C@H](C)[C@H](CN(C)C(=O)Nc2cccc3ccccc23)Oc2ccc(NC(=O)NC3CCCCC3)cc2CC1=O,0.0,resistant,resistant
CVCL_0313,C[C@@H](CO)N1C[C@H](C)[C@H](CN(C)C(=O)Nc2cccc3ccccc23)Oc2ccc(NC(=O)NC3CCCCC3)cc2CC1=O,0.0584854,resistant,interm
CVCL_1723,C[C@@H](CO)N1C[C@H](C)[C@H](CN(C)C(=O)Nc2cccc3ccccc23)Oc2ccc(NC(=O)NC3CCCCC3)cc2CC1=O,0.0708563,resistant,interm
CVCL_0042,C[C@@H](CO)N1C[C@H](C)[C@H](CN(C)C(=O)Nc2cccc3ccccc23)Oc2ccc(NC(=O)NC3CCCCC3)cc2CC1=O,0.0553688,resistant,resistant
CVCL_0186,C[C@@H](CO)N1C[C@H](C)[C@H](CN(C)S(=O)(=O)c2ccc(Cl)cc2)Oc2ccc(NC(=O)CCC(F)(F)F)cc2CC1=O,0.250271,interm,sensitive
CVCL_0026,C[C@@H](CO)N1C[C@H](C)[C@H](CN(C)S(=O)(=O)c2ccc(Cl)cc2)Oc2ccc(NC(=O)CCC(F)(F)F)cc2CC1=O,0.0577785,resistant,interm
CVCL_1119,C[C@@H](CO)N1C[C@H](C)[C@H](CN(C)S(=O)(=O)c2ccc(Cl)cc2)Oc2ccc(NC(=O)CCC(F)(F)F)cc2CC1=O,0.0348917,resistant,interm
CVCL_0313,C[C@@H](CO)N1C[C@H](C)[C@H](CN(C)S(=O)(=O)c2ccc(Cl)cc2)Oc2ccc(NC(=O)CCC(F)(F)F)cc2CC1=O,0.0985516,resistant,interm
CVCL_1639,C[C@@H](CO)N1C[C@H](C)[C@H](CN(C)S(=O)(=O)c2ccc(Cl)cc2)Oc2ccc(NC(=O)CCC(F)(F)F)cc2CC1=O,0.234975,interm,sensitive
CVCL_1723,C[C@@H](CO)N1C[C@H](C)[C@H](CN(C)S(=O)(=O)c2ccc(Cl)cc2)Oc2ccc(NC(=O)CCC(F)(F)F)cc2CC1=O,0.103313,interm,interm
CVCL_0042,C[C@@H](CO)N1C[C@H](C)[C@H](CN(C)S(=O)(=O)c2ccc(Cl)cc2)Oc2ccc(NC(=O)CCC(F)(F)F)cc2CC1=O,0.152136,resistant,interm
CVCL_0186,C[C@@H](NC(=O)C[C@@H]1CC[C@@H](NC(=O)CN2CCOCC2)[C@H](CO)O1)c1ccccc1,0.0597562,resistant,interm
CVCL_1119,C[C@@H](NC(=O)C[C@@H]1CC[C@@H](NC(=O)CN2CCOCC2)[C@H](CO)O1)c1ccccc1,3.63993e-05,resistant,resistant
CVCL_0313,C[C@@H](NC(=O)C[C@@H]1CC[C@@H](NC(=O)CN2CCOCC2)[C@H](CO)O1)c1ccccc1,0.041875,resistant,interm
CVCL_1723,C[C@@H](NC(=O)C[C@@H]1CC[C@@H](NC(=O)CN2CCOCC2)[C@H](CO)O1)c1ccccc1,0.0248875,resistant,resistant
CVCL_0042,C[C@@H](NC(=O)C[C@@H]1CC[C@@H](NC(=O)CN2CCOCC2)[C@H](CO)O1)c1ccccc1,0.054875,resistant,resistant
CVCL_0186,C[C@@H](O)COc1cn2ncnc(Oc3ccc4[nH]c(C)cc4c3F)c2c1C,0.0221126,resistant,resistant
CVCL_0026,C[C@@H](O)COc1cn2ncnc(Oc3ccc4[nH]c(C)cc4c3F)c2c1C,0.0173458,resistant,resistant
CVCL_1119,C[C@@H](O)COc1cn2ncnc(Oc3ccc4[nH]c(C)cc4c3F)c2c1C,0.17667,interm,sensitive
CVCL_0313,C[C@@H](O)COc1cn2ncnc(Oc3ccc4[nH]c(C)cc4c3F)c2c1C,0.0307667,resistant,interm
CVCL_1639,C[C@@H](O)COc1cn2ncnc(Oc3ccc4[nH]c(C)cc4c3F)c2c1C,0.0332441,resistant,resistant
CVCL_1723,C[C@@H](O)COc1cn2ncnc(Oc3ccc4[nH]c(C)cc4c3F)c2c1C,0.0189687,resistant,resistant
CVCL_0042,C[C@@H](O)COc1cn2ncnc(Oc3ccc4[nH]c(C)cc4c3F)c2c1C,0.191137,resistant,interm
CVCL_0186,C[C@@H]1CN(C[C@@H](N1)C)C2=CC=C(C=C2)C(=O)NC3=NNC(=C3)CCC4=CC(=CC(=C4)OC)OC,0.140822,interm,interm
CVCL_0026,C[C@@H]1CN(C[C@@H](N1)C)C2=CC=C(C=C2)C(=O)NC3=NNC(=C3)CCC4=CC(=CC(=C4)OC)OC,0.099903,resistant,interm
CVCL_1119,C[C@@H]1CN(C[C@@H](N1)C)C2=CC=C(C=C2)C(=O)NC3=NNC(=C3)CCC4=CC(=CC(=C4)OC)OC,0.0718507,resistant,interm
CVCL_0313,C[C@@H]1CN(C[C@@H](N1)C)C2=CC=C(C=C2)C(=O)NC3=NNC(=C3)CCC4=CC(=CC(=C4)OC)OC,0.0610384,resistant,interm
CVCL_1639,C[C@@H]1CN(C[C@@H](N1)C)C2=CC=C(C=C2)C(=O)NC3=NNC(=C3)CCC4=CC(=CC(=C4)OC)OC,0.132922,interm,interm
CVCL_0042,C[C@@H]1CN(C[C@@H](N1)C)C2=CC=C(C=C2)C(=O)NC3=NNC(=C3)CCC4=CC(=CC(=C4)OC)OC,0.181638,resistant,interm
CVCL_0186,C[C@@H]1O[C@@H](O[C@H]2C[C@@H](O)[C@]3(CO)C4[C@H](O)C[C@]5(C)[C@H](CC[C@]5(O)C4CC[C@]3(O)C2)C6=CC(=O)OC6)[C@H](O)[C@H](O)[C@H]1O,0.518135,sensitive,sensitive
CVCL_0026,C[C@@H]1O[C@@H](O[C@H]2C[C@@H](O)[C@]3(CO)C4[C@H](O)C[C@]5(C)[C@H](CC[C@]5(O)C4CC[C@]3(O)C2)C6=CC(=O)OC6)[C@H](O)[C@H](O)[C@H]1O,0.294753,interm,sensitive
CVCL_1119,C[C@@H]1O[C@@H](O[C@H]2C[C@@H](O)[C@]3(CO)C4[C@H](O)C[C@]5(C)[C@H](CC[C@]5(O)C4CC[C@]3(O)C2)C6=CC(=O)OC6)[C@H](O)[C@H](O)[C@H]1O,0.646776,sensitive,sensitive
CVCL_0313,C[C@@H]1O[C@@H](O[C@H]2C[C@@H](O)[C@]3(CO)C4[C@H](O)C[C@]5(C)[C@H](CC[C@]5(O)C4CC[C@]3(O)C2)C6=CC(=O)OC6)[C@H](O)[C@H](O)[C@H]1O,0.469703,sensitive,sensitive
CVCL_1639,C[C@@H]1O[C@@H](O[C@H]2C[C@@H](O)[C@]3(CO)C4[C@H](O)C[C@]5(C)[C@H](CC[C@]5(O)C4CC[C@]3(O)C2)C6=CC(=O)OC6)[C@H](O)[C@H](O)[C@H]1O,0.324858,sensitive,sensitive
CVCL_1723,C[C@@H]1O[C@@H](O[C@H]2C[C@@H](O)[C@]3(CO)C4[C@H](O)C[C@]5(C)[C@H](CC[C@]5(O)C4CC[C@]3(O)C2)C6=CC(=O)OC6)[C@H](O)[C@H](O)[C@H]1O,0.31894,sensitive,sensitive
CVCL_0042,C[C@@H]1O[C@@H](O[C@H]2C[C@@H](O)[C@]3(CO)C4[C@H](O)C[C@]5(C)[C@H](CC[C@]5(O)C4CC[C@]3(O)C2)C6=CC(=O)OC6)[C@H](O)[C@H](O)[C@H]1O,0.745101,sensitive,sensitive
CVCL_0186,C[C@@]1(CO)CN(C[C@]1(C)CO)c1cc(C(=O)Nc2ccc3CCc4c(nn(c4-c3c2)-c2ccc(F)cc2)C(N)=O)c(Cl)cn1,0.168112,interm,interm
CVCL_0026,C[C@@]1(CO)CN(C[C@]1(C)CO)c1cc(C(=O)Nc2ccc3CCc4c(nn(c4-c3c2)-c2ccc(F)cc2)C(N)=O)c(Cl)cn1,0.0800344,resistant,interm
CVCL_1119,C[C@@]1(CO)CN(C[C@]1(C)CO)c1cc(C(=O)Nc2ccc3CCc4c(nn(c4-c3c2)-c2ccc(F)cc2)C(N)=O)c(Cl)cn1,0.120195,resistant,interm
CVCL_0313,C[C@@]1(CO)CN(C[C@]1(C)CO)c1cc(C(=O)Nc2ccc3CCc4c(nn(c4-c3c2)-c2ccc(F)cc2)C(N)=O)c(Cl)cn1,0.0420113,resistant,interm
CVCL_1639,C[C@@]1(CO)CN(C[C@]1(C)CO)c1cc(C(=O)Nc2ccc3CCc4c(nn(c4-c3c2)-c2ccc(F)cc2)C(N)=O)c(Cl)cn1,0.152004,interm,interm
CVCL_1723,C[C@@]1(CO)CN(C[C@]1(C)CO)c1cc(C(=O)Nc2ccc3CCc4c(nn(c4-c3c2)-c2ccc(F)cc2)C(N)=O)c(Cl)cn1,0.201898,interm,sensitive
CVCL_0042,C[C@@]1(CO)CN(C[C@]1(C)CO)c1cc(C(=O)Nc2ccc3CCc4c(nn(c4-c3c2)-c2ccc(F)cc2)C(N)=O)c(Cl)cn1,0.210627,resistant,interm
CVCL_0186,C[C@@]12CC[C@H]3C([C@@H]2CC[C@@H]1O)[C@H](CCCCCCCCCS(=O)CCCC(F)(F)C(F)(F)F)Cc4cc(O)ccc34,0.185332,interm,interm
CVCL_1119,C[C@@]12CC[C@H]3C([C@@H]2CC[C@@H]1O)[C@H](CCCCCCCCCS(=O)CCCC(F)(F)C(F)(F)F)Cc4cc(O)ccc34,0.0571157,resistant,interm
CVCL_0313,C[C@@]12CC[C@H]3C([C@@H]2CC[C@@H]1O)[C@H](CCCCCCCCCS(=O)CCCC(F)(F)C(F)(F)F)Cc4cc(O)ccc34,0.0828436,resistant,interm
CVCL_0042,C[C@@]12CC[C@H]3C([C@@H]2CC[C@@H]1O)[C@H](CCCCCCCCCS(=O)CCCC(F)(F)C(F)(F)F)Cc4cc(O)ccc34,0.155219,resistant,interm
CVCL_0026,C[C@H](C1=NC=C(S1)C(=O)NC2=NC=C(C(=C2)C(F)(F)F)Cl)NC(=O)C3=C(C(=NC=N3)N)Cl,0.0371296,resistant,interm
CVCL_1639,C[C@H](C1=NC=C(S1)C(=O)NC2=NC=C(C(=C2)C(F)(F)F)Cl)NC(=O)C3=C(C(=NC=N3)N)Cl,0.0168558,resistant,resistant
CVCL_1723,C[C@H](C1=NC=C(S1)C(=O)NC2=NC=C(C(=C2)C(F)(F)F)Cl)NC(=O)C3=C(C(=NC=N3)N)Cl,0.0182164,resistant,resistant
CVCL_0186,C[C@H](CO)N1C[C@@H](C)[C@@H](CN(C)Cc2ccc(cc2)C(O)=O)Oc2ccc(NC(=O)Nc3ccc(F)cc3)cc2CC1=O,0.207325,interm,interm
CVCL_1119,C[C@H](CO)N1C[C@@H](C)[C@@H](CN(C)Cc2ccc(cc2)C(O)=O)Oc2ccc(NC(=O)Nc3ccc(F)cc3)cc2CC1=O,0.0107108,resistant,interm
CVCL_0313,C[C@H](CO)N1C[C@@H](C)[C@@H](CN(C)Cc2ccc(cc2)C(O)=O)Oc2ccc(NC(=O)Nc3ccc(F)cc3)cc2CC1=O,0.0652761,resistant,interm
CVCL_0026,C[C@H](CO)N1C[C@@H](C)[C@H](CN(C)C(=O)Nc2ccc3OCOc3c2)Oc4cc(C#Cc5ccncc5)ccc4S1(=O)=O,0.0347845,resistant,interm
CVCL_1639,C[C@H](CO)N1C[C@@H](C)[C@H](CN(C)C(=O)Nc2ccc3OCOc3c2)Oc4cc(C#Cc5ccncc5)ccc4S1(=O)=O,0.0815114,resistant,interm
CVCL_0186,C[C@H](CO)N1C[C@H](C)[C@@H](CN(C)C(=O)NC2CCCCC2)Oc2ccc(NC(=O)Cc3cn(C)c4ccccc34)cc2C1=O,0.0862623,resistant,interm
CVCL_1119,C[C@H](CO)N1C[C@H](C)[C@@H](CN(C)C(=O)NC2CCCCC2)Oc2ccc(NC(=O)Cc3cn(C)c4ccccc34)cc2C1=O,0.000465324,resistant,resistant
CVCL_0313,C[C@H](CO)N1C[C@H](C)[C@@H](CN(C)C(=O)NC2CCCCC2)Oc2ccc(NC(=O)Cc3cn(C)c4ccccc34)cc2C1=O,0.00356617,resistant,resistant
CVCL_0042,C[C@H](CO)N1C[C@H](C)[C@@H](CN(C)C(=O)NC2CCCCC2)Oc2ccc(NC(=O)Cc3cn(C)c4ccccc34)cc2C1=O,0.1243,resistant,interm
CVCL_0186,C[C@H](CO)N1C[C@H](C)[C@@H](CN(C)C(=O)Nc2cccc3ccccc23)Oc2ccc(NC(=O)c3ccncc3)cc2CC1=O,0.0,resistant,resistant
CVCL_0026,C[C@H](CO)N1C[C@H](C)[C@@H](CN(C)C(=O)Nc2cccc3ccccc23)Oc2ccc(NC(=O)c3ccncc3)cc2CC1=O,0.0101408,resistant,resistant
CVCL_1119,C[C@H](CO)N1C[C@H](C)[C@@H](CN(C)C(=O)Nc2cccc3ccccc23)Oc2ccc(NC(=O)c3ccncc3)cc2CC1=O,0.000714586,resistant,resistant
CVCL_0313,C[C@H](CO)N1C[C@H](C)[C@@H](CN(C)C(=O)Nc2cccc3ccccc23)Oc2ccc(NC(=O)c3ccncc3)cc2CC1=O,0.0,resistant,resistant
CVCL_1639,C[C@H](CO)N1C[C@H](C)[C@@H](CN(C)C(=O)Nc2cccc3ccccc23)Oc2ccc(NC(=O)c3ccncc3)cc2CC1=O,0.0214178,resistant,resistant
CVCL_1723,C[C@H](CO)N1C[C@H](C)[C@@H](CN(C)C(=O)Nc2cccc3ccccc23)Oc2ccc(NC(=O)c3ccncc3)cc2CC1=O,0.0462977,resistant,interm
CVCL_0042,C[C@H](CO)N1C[C@H](C)[C@@H](CN(C)C(=O)Nc2cccc3ccccc23)Oc2ccc(NC(=O)c3ccncc3)cc2CC1=O,0.059493,resistant,resistant
CVCL_0186,C[C@H](CO)N1C[C@H](C)[C@@H](CN(C)C)Oc2c(NC(=O)c3cc(C)nn3C)cccc2C1=O,0.116856,resistant,interm
CVCL_1119,C[C@H](CO)N1C[C@H](C)[C@@H](CN(C)C)Oc2c(NC(=O)c3cc(C)nn3C)cccc2C1=O,0.0,resistant,resistant
CVCL_0313,C[C@H](CO)N1C[C@H](C)[C@@H](CN(C)C)Oc2c(NC(=O)c3cc(C)nn3C)cccc2C1=O,0.014963,resistant,resistant
CVCL_0042,C[C@H](CO)N1C[C@H](C)[C@@H](CN(C)C)Oc2c(NC(=O)c3cc(C)nn3C)cccc2C1=O,0.08525,resistant,interm
CVCL_0186,C[C@H](CO)N1C[C@H](C)[C@H](CN(C)C(=O)NC2CCCCC2)Oc2c(NS(=O)(=O)c3ccc(F)cc3)cccc2C1=O,0.0723875,resistant,interm
CVCL_0026,C[C@H](CO)N1C[C@H](C)[C@H](CN(C)C(=O)NC2CCCCC2)Oc2c(NS(=O)(=O)c3ccc(F)cc3)cccc2C1=O,0.031523,resistant,interm
CVCL_1119,C[C@H](CO)N1C[C@H](C)[C@H](CN(C)C(=O)NC2CCCCC2)Oc2c(NS(=O)(=O)c3ccc(F)cc3)cccc2C1=O,0.00406728,resistant,resistant
CVCL_0313,C[C@H](CO)N1C[C@H](C)[C@H](CN(C)C(=O)NC2CCCCC2)Oc2c(NS(=O)(=O)c3ccc(F)cc3)cccc2C1=O,0.0144639,resistant,resistant
CVCL_1639,C[C@H](CO)N1C[C@H](C)[C@H](CN(C)C(=O)NC2CCCCC2)Oc2c(NS(=O)(=O)c3ccc(F)cc3)cccc2C1=O,0.0610891,resistant,interm
CVCL_1723,C[C@H](CO)N1C[C@H](C)[C@H](CN(C)C(=O)NC2CCCCC2)Oc2c(NS(=O)(=O)c3ccc(F)cc3)cccc2C1=O,0.011445,resistant,resistant
CVCL_0042,C[C@H](CO)N1C[C@H](C)[C@H](CN(C)C(=O)NC2CCCCC2)Oc2c(NS(=O)(=O)c3ccc(F)cc3)cccc2C1=O,0.167238,resistant,interm
CVCL_0186,C[C@H](CO)N1C[C@H](C)[C@H](CN(C)C(=O)Nc2cc(F)ccc2F)Oc2cc(ccc2S1(=O)=O)C#CC1CCCC1,0.110398,resistant,interm
CVCL_0026,C[C@H](CO)N1C[C@H](C)[C@H](CN(C)C(=O)Nc2cc(F)ccc2F)Oc2cc(ccc2S1(=O)=O)C#CC1CCCC1,0.0135169,resistant,resistant
CVCL_1119,C[C@H](CO)N1C[C@H](C)[C@H](CN(C)C(=O)Nc2cc(F)ccc2F)Oc2cc(ccc2S1(=O)=O)C#CC1CCCC1,0.0246757,resistant,interm
CVCL_0313,C[C@H](CO)N1C[C@H](C)[C@H](CN(C)C(=O)Nc2cc(F)ccc2F)Oc2cc(ccc2S1(=O)=O)C#CC1CCCC1,0.0540089,resistant,interm
CVCL_1639,C[C@H](CO)N1C[C@H](C)[C@H](CN(C)C(=O)Nc2cc(F)ccc2F)Oc2cc(ccc2S1(=O)=O)C#CC1CCCC1,0.2129,interm,sensitive
CVCL_1723,C[C@H](CO)N1C[C@H](C)[C@H](CN(C)C(=O)Nc2cc(F)ccc2F)Oc2cc(ccc2S1(=O)=O)C#CC1CCCC1,0.0430356,resistant,interm
CVCL_0042,C[C@H](CO)N1C[C@H](C)[C@H](CN(C)C(=O)Nc2cc(F)ccc2F)Oc2cc(ccc2S1(=O)=O)C#CC1CCCC1,0.0906197,resistant,interm
CVCL_0186,C[C@H](CO)N1C[C@H](C)[C@H](CN(C)CC2CC2)Oc2ccc(NS(=O)(=O)c3cn(C)cn3)cc2C1=O,0.0653675,resistant,interm
CVCL_1119,C[C@H](CO)N1C[C@H](C)[C@H](CN(C)CC2CC2)Oc2ccc(NS(=O)(=O)c3cn(C)cn3)cc2C1=O,0.0,resistant,resistant
CVCL_0313,C[C@H](CO)N1C[C@H](C)[C@H](CN(C)CC2CC2)Oc2ccc(NS(=O)(=O)c3cn(C)cn3)cc2C1=O,0.0058375,resistant,resistant
CVCL_0042,C[C@H](CO)N1C[C@H](C)[C@H](CN(C)CC2CC2)Oc2ccc(NS(=O)(=O)c3cn(C)cn3)cc2C1=O,0.0159809,resistant,resistant
CVCL_0186,C[C@H](CO)N1C[C@H](C)[C@H](CN(C)Cc2ccc(Cl)c(Cl)c2)Oc2ccc(cc2C1=O)N(C)C,0.102794,resistant,interm
CVCL_0026,C[C@H](CO)N1C[C@H](C)[C@H](CN(C)Cc2ccc(Cl)c(Cl)c2)Oc2ccc(cc2C1=O)N(C)C,0.0435719,resistant,interm
CVCL_1119,C[C@H](CO)N1C[C@H](C)[C@H](CN(C)Cc2ccc(Cl)c(Cl)c2)Oc2ccc(cc2C1=O)N(C)C,0.0183601,resistant,interm
CVCL_0313,C[C@H](CO)N1C[C@H](C)[C@H](CN(C)Cc2ccc(Cl)c(Cl)c2)Oc2ccc(cc2C1=O)N(C)C,0.100259,resistant,interm
CVCL_1639,C[C@H](CO)N1C[C@H](C)[C@H](CN(C)Cc2ccc(Cl)c(Cl)c2)Oc2ccc(cc2C1=O)N(C)C,0.221243,interm,sensitive
CVCL_1723,C[C@H](CO)N1C[C@H](C)[C@H](CN(C)Cc2ccc(Cl)c(Cl)c2)Oc2ccc(cc2C1=O)N(C)C,0.0299538,resistant,resistant
CVCL_0042,C[C@H](CO)N1C[C@H](C)[C@H](CN(C)Cc2ccc(Cl)c(Cl)c2)Oc2ccc(cc2C1=O)N(C)C,0.0729437,resistant,interm
CVCL_0186,C[C@H](CO)N1C[C@H](C)[C@H](CN(C)Cc2ccc3OCCOc3c2)OCc4cn(CCCC1=O)nn4,0.0706438,resistant,interm
CVCL_1119,C[C@H](CO)N1C[C@H](C)[C@H](CN(C)Cc2ccc3OCCOc3c2)OCc4cn(CCCC1=O)nn4,0.0,resistant,resistant
CVCL_0313,C[C@H](CO)N1C[C@H](C)[C@H](CN(C)Cc2ccc3OCCOc3c2)OCc4cn(CCCC1=O)nn4,0.00861875,resistant,resistant
CVCL_0042,C[C@H](CO)N1C[C@H](C)[C@H](CN(C)Cc2ccc3OCCOc3c2)OCc4cn(CCCC1=O)nn4,0.0835437,resistant,interm
CVCL_0026,C[C@H]1C/C(=C/C=C/[C@@H]([C@H](OC(=O)/C(=C/C(=C/[C@H]([C@H]1O)C)/C)/OC)[C@@H](C)[C@H]([C@H](C)[C@]2(C[C@H]([C@@H]([C@H](O2)C(C)C)C)O)O)O)OC)/C,0.280209,interm,sensitive
CVCL_1639,C[C@H]1C/C(=C/C=C/[C@@H]([C@H](OC(=O)/C(=C/C(=C/[C@H]([C@H]1O)C)/C)/OC)[C@@H](C)[C@H]([C@H](C)[C@]2(C[C@H]([C@@H]([C@H](O2)C(C)C)C)O)O)O)OC)/C,0.288571,sensitive,sensitive
CVCL_0186,C[C@H]1CN(C[C@@H](C)O1)c1ccc(NC(=O)c2cccc(-c3ccc(OC(F)(F)F)cc3)c2C)cn1,0.00209809,resistant,resistant
CVCL_0026,C[C@H]1CN(C[C@@H](C)O1)c1ccc(NC(=O)c2cccc(-c3ccc(OC(F)(F)F)cc3)c2C)cn1,0.013862,resistant,resistant
CVCL_1119,C[C@H]1CN(C[C@@H](C)O1)c1ccc(NC(=O)c2cccc(-c3ccc(OC(F)(F)F)cc3)c2C)cn1,0.116827,resistant,interm
CVCL_0313,C[C@H]1CN(C[C@@H](C)O1)c1ccc(NC(=O)c2cccc(-c3ccc(OC(F)(F)F)cc3)c2C)cn1,0.00927725,resistant,resistant
CVCL_1639,C[C@H]1CN(C[C@@H](C)O1)c1ccc(NC(=O)c2cccc(-c3ccc(OC(F)(F)F)cc3)c2C)cn1,0.00596636,resistant,resistant
CVCL_1723,C[C@H]1CN(C[C@@H](C)O1)c1ccc(NC(=O)c2cccc(-c3ccc(OC(F)(F)F)cc3)c2C)cn1,0.0257206,resistant,resistant
CVCL_0186,C[C@]12CC[C@H]3[C@@H](CC[C@H]4C[C@H](O)CC[C@]34C)[C@@H]1C[C@H](Br)C2=O,0.00575049,resistant,resistant
CVCL_0026,C[C@]12CC[C@H]3[C@@H](CC[C@H]4C[C@H](O)CC[C@]34C)[C@@H]1C[C@H](Br)C2=O,0.0135968,resistant,resistant
CVCL_1119,C[C@]12CC[C@H]3[C@@H](CC[C@H]4C[C@H](O)CC[C@]34C)[C@@H]1C[C@H](Br)C2=O,0.014125,resistant,interm
CVCL_0313,C[C@]12CC[C@H]3[C@@H](CC[C@H]4C[C@H](O)CC[C@]34C)[C@@H]1C[C@H](Br)C2=O,0.0391187,resistant,interm
CVCL_1639,C[C@]12CC[C@H]3[C@@H](CC[C@H]4C[C@H](O)CC[C@]34C)[C@@H]1C[C@H](Br)C2=O,0.0048875,resistant,resistant
CVCL_1723,C[C@]12CC[C@H]3[C@@H](CC[C@H]4C[C@H](O)CC[C@]34C)[C@@H]1C[C@H](Br)C2=O,0.0350894,resistant,resistant
CVCL_0186,C\C=C\c1ccc2c(O[C@@H](CN(C)C(=O)c3ccccc3)[C@@H](C)CN([C@@H](C)CO)S2(=O)=O)c1,0.0874584,resistant,interm
CVCL_1119,C\C=C\c1ccc2c(O[C@@H](CN(C)C(=O)c3ccccc3)[C@@H](C)CN([C@@H](C)CO)S2(=O)=O)c1,0.00359493,resistant,resistant
CVCL_0313,C\C=C\c1ccc2c(O[C@@H](CN(C)C(=O)c3ccccc3)[C@@H](C)CN([C@@H](C)CO)S2(=O)=O)c1,0.039625,resistant,interm
CVCL_0042,C\C=C\c1ccc2c(O[C@@H](CN(C)C(=O)c3ccccc3)[C@@H](C)CN([C@@H](C)CO)S2(=O)=O)c1,0.0772464,resistant,interm
CVCL_0186,Cc1c(oc2ccc3ccccc3c12)[N+]([O-])=O,0.205703,interm,interm
CVCL_0026,Cc1c(oc2ccc3ccccc3c12)[N+]([O-])=O,0.0268382,resistant,resistant
CVCL_1119,Cc1c(oc2ccc3ccccc3c12)[N+]([O-])=O,0.0227937,resistant,interm
CVCL_0313,Cc1c(oc2ccc3ccccc3c12)[N+]([O-])=O,0.0376628,resistant,interm
CVCL_1639,Cc1c(oc2ccc3ccccc3c12)[N+]([O-])=O,0.0309041,resistant,resistant
CVCL_1723,Cc1c(oc2ccc3ccccc3c12)[N+]([O-])=O,0.00442507,resistant,resistant
CVCL_0042,Cc1c(oc2ccc3ccccc3c12)[N+]([O-])=O,0.348751,interm,sensitive
CVCL_0026,Cc1c(sc(=O)n1C)-c1ccnc(Nc2ccc(cc2)N2CCNCC2)n1,0.158555,resistant,sensitive
CVCL_1639,Cc1c(sc(=O)n1C)-c1ccnc(Nc2ccc(cc2)N2CCNCC2)n1,0.206482,interm,sensitive
CVCL_0186,Cc1cc(C2CCCCC2)n(O)c(=O)c1,0.131081,resistant,interm
CVCL_0026,Cc1cc(C2CCCCC2)n(O)c(=O)c1,0.255892,interm,sensitive
CVCL_1119,Cc1cc(C2CCCCC2)n(O)c(=O)c1,0.207369,interm,sensitive
CVCL_0313,Cc1cc(C2CCCCC2)n(O)c(=O)c1,0.159479,interm,sensitive
CVCL_1639,Cc1cc(C2CCCCC2)n(O)c(=O)c1,0.168471,interm,interm
CVCL_1723,Cc1cc(C2CCCCC2)n(O)c(=O)c1,0.236773,interm,sensitive
CVCL_0042,Cc1cc(C2CCCCC2)n(O)c(=O)c1,0.12859,resistant,interm
CVCL_0186,Cc1cc(CS(=O)(=O)c2ccccc2)cc(OCc2ccc(CN3CCC[C@@H]3CO)cc2)c1,0.0928464,resistant,interm
CVCL_0026,Cc1cc(CS(=O)(=O)c2ccccc2)cc(OCc2ccc(CN3CCC[C@@H]3CO)cc2)c1,0.1239,resistant,interm
CVCL_1119,Cc1cc(CS(=O)(=O)c2ccccc2)cc(OCc2ccc(CN3CCC[C@@H]3CO)cc2)c1,0.0492869,resistant,interm
CVCL_0313,Cc1cc(CS(=O)(=O)c2ccccc2)cc(OCc2ccc(CN3CCC[C@@H]3CO)cc2)c1,0.0679024,resistant,interm
CVCL_1639,Cc1cc(CS(=O)(=O)c2ccccc2)cc(OCc2ccc(CN3CCC[C@@H]3CO)cc2)c1,0.143466,interm,interm
CVCL_1723,Cc1cc(CS(=O)(=O)c2ccccc2)cc(OCc2ccc(CN3CCC[C@@H]3CO)cc2)c1,0.0301564,resistant,resistant
CVCL_0042,Cc1cc(CS(=O)(=O)c2ccccc2)cc(OCc2ccc(CN3CCC[C@@H]3CO)cc2)c1,0.0407608,resistant,resistant
CVCL_0186,Cc1ccc(F)c(NC(=O)Nc2ccc(cc2)-c2cccc3[nH]nc(N)c23)c1,0.149746,interm,interm
CVCL_0026,Cc1ccc(F)c(NC(=O)Nc2ccc(cc2)-c2cccc3[nH]nc(N)c23)c1,0.145443,resistant,interm
CVCL_1119,Cc1ccc(F)c(NC(=O)Nc2ccc(cc2)-c2cccc3[nH]nc(N)c23)c1,0.132243,resistant,sensitive
CVCL_0313,Cc1ccc(F)c(NC(=O)Nc2ccc(cc2)-c2cccc3[nH]nc(N)c23)c1,0.117089,resistant,interm
CVCL_1639,Cc1ccc(F)c(NC(=O)Nc2ccc(cc2)-c2cccc3[nH]nc(N)c23)c1,0.15494,interm,interm
CVCL_1723,Cc1ccc(F)c(NC(=O)Nc2ccc(cc2)-c2cccc3[nH]nc(N)c23)c1,0.143034,interm,interm
CVCL_0042,Cc1ccc(F)c(NC(=O)Nc2ccc(cc2)-c2cccc3[nH]nc(N)c23)c1,0.125864,resistant,interm
CVCL_0186,Cc1ccc(cc1)-n1nc(cc1NC(=O)Nc1ccc(OCCN2CCOCC2)c2ccccc12)C(C)(C)C,0.0635929,resistant,interm
CVCL_0026,Cc1ccc(cc1)-n1nc(cc1NC(=O)Nc1ccc(OCCN2CCOCC2)c2ccccc12)C(C)(C)C,0.150293,resistant,interm
CVCL_1119,Cc1ccc(cc1)-n1nc(cc1NC(=O)Nc1ccc(OCCN2CCOCC2)c2ccccc12)C(C)(C)C,0.0,resistant,resistant
CVCL_0313,Cc1ccc(cc1)-n1nc(cc1NC(=O)Nc1ccc(OCCN2CCOCC2)c2ccccc12)C(C)(C)C,0.0491202,resistant,interm
CVCL_1639,Cc1ccc(cc1)-n1nc(cc1NC(=O)Nc1ccc(OCCN2CCOCC2)c2ccccc12)C(C)(C)C,0.0475769,resistant,interm
CVCL_1723,Cc1ccc(cc1)-n1nc(cc1NC(=O)Nc1ccc(OCCN2CCOCC2)c2ccccc12)C(C)(C)C,0.0481625,resistant,interm
CVCL_0042,Cc1ccc(cc1)-n1nc(cc1NC(=O)Nc1ccc(OCCN2CCOCC2)c2ccccc12)C(C)(C)C,0.245115,resistant,interm
CVCL_0186,Cc1ccc(cc1)C(=O)NCCCCCC(=O)Nc1ccc(F)cc1N,0.287574,sensitive,sensitive
CVCL_0026,Cc1ccc(cc1)C(=O)NCCCCCC(=O)Nc1ccc(F)cc1N,0.04349,resistant,interm
CVCL_1119,Cc1ccc(cc1)C(=O)NCCCCCC(=O)Nc1ccc(F)cc1N,0.021793,resistant,interm
CVCL_0313,Cc1ccc(cc1)C(=O)NCCCCCC(=O)Nc1ccc(F)cc1N,0.0735831,resistant,interm
CVCL_1639,Cc1ccc(cc1)C(=O)NCCCCCC(=O)Nc1ccc(F)cc1N,0.00357329,resistant,resistant
CVCL_1723,Cc1ccc(cc1)C(=O)NCCCCCC(=O)Nc1ccc(F)cc1N,0.0526938,resistant,interm
CVCL_0026,Cc1ccc(cc1)C(NC(=O)c1ccccc1)c1ccc2cccnc2c1O,0.362736,sensitive,sensitive
CVCL_1639,Cc1ccc(cc1)C(NC(=O)c1ccccc1)c1ccc2cccnc2c1O,0.242898,interm,sensitive
CVCL_1723,Cc1ccc(cc1)C(NC(=O)c1ccccc1)c1ccc2cccnc2c1O,0.353195,sensitive,sensitive
CVCL_0186,Cc1cccc(n1)-c1[nH]c(nc1-c1ccc2nccnc2c1)C(C)(C)C,0.0338764,resistant,resistant
CVCL_0026,Cc1cccc(n1)-c1[nH]c(nc1-c1ccc2nccnc2c1)C(C)(C)C,0.0426239,resistant,interm
CVCL_1119,Cc1cccc(n1)-c1[nH]c(nc1-c1ccc2nccnc2c1)C(C)(C)C,0.0283796,resistant,interm
CVCL_0313,Cc1cccc(n1)-c1[nH]c(nc1-c1ccc2nccnc2c1)C(C)(C)C,0.100418,resistant,interm
CVCL_1639,Cc1cccc(n1)-c1[nH]c(nc1-c1ccc2nccnc2c1)C(C)(C)C,0.00225334,resistant,resistant
CVCL_1723,Cc1cccc(n1)-c1[nH]c(nc1-c1ccc2nccnc2c1)C(C)(C)C,0.111196,interm,interm
CVCL_0042,Cc1cccc(n1)-c1[nH]c(nc1-c1ccc2nccnc2c1)C(C)(C)C,0.0916856,resistant,interm
CVCL_0026,Cc1ccccc1C(N(C(=O)Cc1ccncc1)c1cccc(F)c1)C(=O)NC1CCCCC1,0.0384498,resistant,interm
CVCL_1639,Cc1ccccc1C(N(C(=O)Cc1ccncc1)c1cccc(F)c1)C(=O)NC1CCCCC1,0.00862223,resistant,resistant
CVCL_1723,Cc1ccccc1C(N(C(=O)Cc1ccncc1)c1cccc(F)c1)C(=O)NC1CCCCC1,0.0268975,resistant,resistant
CVCL_0186,Cc1cnc2c(NCCN)nc3ccc(C)cc3n12,0.279046,interm,sensitive
CVCL_0026,Cc1cnc2c(NCCN)nc3ccc(C)cc3n12,0.180846,resistant,sensitive
CVCL_1119,Cc1cnc2c(NCCN)nc3ccc(C)cc3n12,0.0670962,resistant,interm
CVCL_1639,Cc1cnc2c(NCCN)nc3ccc(C)cc3n12,0.173634,interm,interm
CVCL_1723,Cc1cnc2c(NCCN)nc3ccc(C)cc3n12,0.168435,interm,interm
CVCL_0186,Cc1cs\c(=N/C2CCCCC2)n1\N=C\c1ccc(O)c(O)c1O,0.0254102,resistant,resistant
CVCL_0026,Cc1cs\c(=N/C2CCCCC2)n1\N=C\c1ccc(O)c(O)c1O,0.122946,resistant,interm
CVCL_1119,Cc1cs\c(=N/C2CCCCC2)n1\N=C\c1ccc(O)c(O)c1O,0.181403,interm,sensitive
CVCL_0313,Cc1cs\c(=N/C2CCCCC2)n1\N=C\c1ccc(O)c(O)c1O,0.0269693,resistant,interm
CVCL_1639,Cc1cs\c(=N/C2CCCCC2)n1\N=C\c1ccc(O)c(O)c1O,0.145042,interm,interm
CVCL_1723,Cc1cs\c(=N/C2CCCCC2)n1\N=C\c1ccc(O)c(O)c1O,0.153047,interm,interm
CVCL_0042,Cc1cs\c(=N/C2CCCCC2)n1\N=C\c1ccc(O)c(O)c1O,0.0842368,resistant,interm
CVCL_0026,Cc1n[nH]c2NC3=C([C@@H](c12)c1ccccc1)C(=O)CC(C)(C)C3,0.037375,resistant,interm
CVCL_1639,Cc1n[nH]c2NC3=C([C@@H](c12)c1ccccc1)C(=O)CC(C)(C)C3,0.0233305,resistant,resistant
CVCL_1723,Cc1n[nH]c2NC3=C([C@@H](c12)c1ccccc1)C(=O)CC(C)(C)C3,0.000535832,resistant,resistant
CVCL_0186,Cc1onc(C(=O)N2CCN(CC2)C(c2ccc(Cl)cc2)c2ccc(Cl)cc2)c1[N+]([O-])=O,0.234711,interm,interm
CVCL_0026,Cc1onc(C(=O)N2CCN(CC2)C(c2ccc(Cl)cc2)c2ccc(Cl)cc2)c1[N+]([O-])=O,0.101393,resistant,interm
CVCL_1119,Cc1onc(C(=O)N2CCN(CC2)C(c2ccc(Cl)cc2)c2ccc(Cl)cc2)c1[N+]([O-])=O,0.0539617,resistant,interm
CVCL_0313,Cc1onc(C(=O)N2CCN(CC2)C(c2ccc(Cl)cc2)c2ccc(Cl)cc2)c1[N+]([O-])=O,0.152829,interm,sensitive
CVCL_1639,Cc1onc(C(=O)N2CCN(CC2)C(c2ccc(Cl)cc2)c2ccc(Cl)cc2)c1[N+]([O-])=O,0.14158,interm,interm
CVCL_1723,Cc1onc(C(=O)N2CCN(CC2)C(c2ccc(Cl)cc2)c2ccc(Cl)cc2)c1[N+]([O-])=O,0.326567,sensitive,sensitive
CVCL_0042,Cc1onc(C(=O)N2CCN(CC2)C(c2ccc(Cl)cc2)c2ccc(Cl)cc2)c1[N+]([O-])=O,0.194247,resistant,interm
CVCL_0186,ClC1=C(NCC=C)C(=O)c2ccccc2C1=O,0.0553006,resistant,interm
CVCL_0026,ClC1=C(NCC=C)C(=O)c2ccccc2C1=O,0.184295,resistant,sensitive
CVCL_1119,ClC1=C(NCC=C)C(=O)c2ccccc2C1=O,0.0518613,resistant,interm
CVCL_0313,ClC1=C(NCC=C)C(=O)c2ccccc2C1=O,0.0263489,resistant,interm
CVCL_1639,ClC1=C(NCC=C)C(=O)c2ccccc2C1=O,0.186042,interm,interm
CVCL_1723,ClC1=C(NCC=C)C(=O)c2ccccc2C1=O,0.0516864,resistant,interm
CVCL_0042,ClC1=C(NCC=C)C(=O)c2ccccc2C1=O,0.398801,sensitive,sensitive
CVCL_0186,ClCCN[P@]1(=O)OCCCN1CCCl,0.0311301,resistant,resistant
CVCL_1119,ClCCN[P@]1(=O)OCCCN1CCCl,0.0150813,resistant,interm
CVCL_0313,ClCCN[P@]1(=O)OCCCN1CCCl,0.0444316,resistant,interm
CVCL_0042,ClCCN[P@]1(=O)OCCCN1CCCl,0.0148622,resistant,resistant
CVCL_0186,Clc1ccc(OCCCCCCN=C(NC#N)Nc2ccncc2)cc1,0.260125,interm,sensitive
CVCL_0026,Clc1ccc(OCCCCCCN=C(NC#N)Nc2ccncc2)cc1,0.0807328,resistant,interm
CVCL_1119,Clc1ccc(OCCCCCCN=C(NC#N)Nc2ccncc2)cc1,0.0230731,resistant,interm
CVCL_0313,Clc1ccc(OCCCCCCN=C(NC#N)Nc2ccncc2)cc1,0.048528,resistant,interm
CVCL_1639,Clc1ccc(OCCCCCCN=C(NC#N)Nc2ccncc2)cc1,0.184346,interm,interm
CVCL_1723,Clc1ccc(OCCCCCCN=C(NC#N)Nc2ccncc2)cc1,0.244202,sensitive,sensitive
CVCL_0042,Clc1ccc(OCCCCCCN=C(NC#N)Nc2ccncc2)cc1,0.177523,resistant,interm
CVCL_0186,Clc1ccc(cc1)C1(CCNCC1)c1ccc(cc1)-c1cn[nH]c1,0.12966,resistant,interm
CVCL_0026,Clc1ccc(cc1)C1(CCNCC1)c1ccc(cc1)-c1cn[nH]c1,0.0609698,resistant,interm
CVCL_1119,Clc1ccc(cc1)C1(CCNCC1)c1ccc(cc1)-c1cn[nH]c1,0.0793972,resistant,interm
CVCL_0313,Clc1ccc(cc1)C1(CCNCC1)c1ccc(cc1)-c1cn[nH]c1,0.00252266,resistant,resistant
CVCL_1639,Clc1ccc(cc1)C1(CCNCC1)c1ccc(cc1)-c1cn[nH]c1,0.17956,interm,interm
CVCL_1723,Clc1ccc(cc1)C1(CCNCC1)c1ccc(cc1)-c1cn[nH]c1,0.175751,interm,interm
CVCL_0042,Clc1ccc(cc1)C1(CCNCC1)c1ccc(cc1)-c1cn[nH]c1,0.114329,resistant,interm
CVCL_0026,Clc1ccc-2c(c1)C(=O)c1nc(C#N)c(nc-21)C#N,0.28306,interm,sensitive
CVCL_1639,Clc1ccc-2c(c1)C(=O)c1nc(C#N)c(nc-21)C#N,0.132422,interm,interm
CVCL_1723,Clc1ccc-2c(c1)C(=O)c1nc(C#N)c(nc-21)C#N,0.217671,interm,sensitive
CVCL_0186,Cn1cc(cn1)-c1ccc2nnc(Sc3ccc4ncccc4c3)n2n1,0.0121002,resistant,resistant
CVCL_0026,Cn1cc(cn1)-c1ccc2nnc(Sc3ccc4ncccc4c3)n2n1,0.0117304,resistant,resistant
CVCL_1119,Cn1cc(cn1)-c1ccc2nnc(Sc3ccc4ncccc4c3)n2n1,0.0203556,resistant,interm
CVCL_0313,Cn1cc(cn1)-c1ccc2nnc(Sc3ccc4ncccc4c3)n2n1,0.014875,resistant,resistant
CVCL_1639,Cn1cc(cn1)-c1ccc2nnc(Sc3ccc4ncccc4c3)n2n1,0.143893,interm,interm
CVCL_1723,Cn1cc(cn1)-c1ccc2nnc(Sc3ccc4ncccc4c3)n2n1,0.0266164,resistant,resistant
CVCL_0042,Cn1cc(cn1)-c1ccc2nnc(Sc3ccc4ncccc4c3)n2n1,0.0425431,resistant,resistant
CVCL_0186,Cn1cnc(c1)-c1cc2nccc(Oc3ccc(NC(=S)NC(=O)Cc4ccccc4)cc3F)c2s1,0.118723,resistant,interm
CVCL_0026,Cn1cnc(c1)-c1cc2nccc(Oc3ccc(NC(=S)NC(=O)Cc4ccccc4)cc3F)c2s1,0.0906927,resistant,interm
CVCL_1119,Cn1cnc(c1)-c1cc2nccc(Oc3ccc(NC(=S)NC(=O)Cc4ccccc4)cc3F)c2s1,0.0947879,resistant,interm
CVCL_0313,Cn1cnc(c1)-c1cc2nccc(Oc3ccc(NC(=S)NC(=O)Cc4ccccc4)cc3F)c2s1,0.103857,resistant,interm
CVCL_1639,Cn1cnc(c1)-c1cc2nccc(Oc3ccc(NC(=S)NC(=O)Cc4ccccc4)cc3F)c2s1,0.0927022,resistant,interm
CVCL_1723,Cn1cnc(c1)-c1cc2nccc(Oc3ccc(NC(=S)NC(=O)Cc4ccccc4)cc3F)c2s1,0.064931,resistant,interm
CVCL_0042,Cn1cnc(c1)-c1cc2nccc(Oc3ccc(NC(=S)NC(=O)Cc4ccccc4)cc3F)c2s1,0.293079,interm,interm
CVCL_0186,FC(F)(F)Oc1ccc(NC(=O)c2sccc2NCc2ccnc3ccccc23)cc1,0.170846,interm,interm
CVCL_0026,FC(F)(F)Oc1ccc(NC(=O)c2sccc2NCc2ccnc3ccccc23)cc1,0.0696389,resistant,interm
CVCL_1119,FC(F)(F)Oc1ccc(NC(=O)c2sccc2NCc2ccnc3ccccc23)cc1,0.146421,resistant,sensitive
CVCL_0313,FC(F)(F)Oc1ccc(NC(=O)c2sccc2NCc2ccnc3ccccc23)cc1,0.0382241,resistant,interm
CVCL_1639,FC(F)(F)Oc1ccc(NC(=O)c2sccc2NCc2ccnc3ccccc23)cc1,0.089633,resistant,interm
CVCL_1723,FC(F)(F)Oc1ccc(NC(=O)c2sccc2NCc2ccnc3ccccc23)cc1,0.0537026,resistant,interm
CVCL_0026,FC(F)(F)c1ccc(Nc2nccc(n2)-c2cccc(Cl)c2)cc1,0.01944,resistant,resistant
CVCL_1639,FC(F)(F)c1ccc(Nc2nccc(n2)-c2cccc(Cl)c2)cc1,0.01895,resistant,resistant
CVCL_1723,FC(F)(F)c1ccc(Nc2nccc(n2)-c2cccc(Cl)c2)cc1,0.0372431,resistant,interm
CVCL_0186,FC(F)c1nc2ccccc2n1-c1nc(nc(n1)N1CCOCC1)N1CCOCC1,0.332234,sensitive,sensitive
CVCL_0026,FC(F)c1nc2ccccc2n1-c1nc(nc(n1)N1CCOCC1)N1CCOCC1,0.237927,interm,sensitive
CVCL_1119,FC(F)c1nc2ccccc2n1-c1nc(nc(n1)N1CCOCC1)N1CCOCC1,0.0576051,resistant,interm
CVCL_0313,FC(F)c1nc2ccccc2n1-c1nc(nc(n1)N1CCOCC1)N1CCOCC1,0.298862,interm,sensitive
CVCL_1639,FC(F)c1nc2ccccc2n1-c1nc(nc(n1)N1CCOCC1)N1CCOCC1,0.23799,interm,sensitive
CVCL_1723,FC(F)c1nc2ccccc2n1-c1nc(nc(n1)N1CCOCC1)N1CCOCC1,0.237141,sensitive,sensitive
CVCL_0042,FC(F)c1nc2ccccc2n1-c1nc(nc(n1)N1CCOCC1)N1CCOCC1,0.305707,interm,interm
CVCL_0186,Fc1ccc(Nc2c(cnc3c(Cl)cc(NCc4cnc[nH]4)cc23)C#N)cc1Cl,0.0897171,resistant,interm
CVCL_1119,Fc1ccc(Nc2c(cnc3c(Cl)cc(NCc4cnc[nH]4)cc23)C#N)cc1Cl,0.0151415,resistant,interm
CVCL_0313,Fc1ccc(Nc2c(cnc3c(Cl)cc(NCc4cnc[nH]4)cc23)C#N)cc1Cl,0.0582875,resistant,interm
CVCL_0042,Fc1ccc(Nc2c(cnc3c(Cl)cc(NCc4cnc[nH]4)cc23)C#N)cc1Cl,0.205187,resistant,interm
CVCL_0186,Fc1ccc(Nc2ncnc3cc(OCCCN4CCOCC4)c(NC(=O)C=C)cc23)cc1Cl,0.221843,interm,interm
CVCL_0026,Fc1ccc(Nc2ncnc3cc(OCCCN4CCOCC4)c(NC(=O)C=C)cc23)cc1Cl,0.200555,interm,sensitive
CVCL_1119,Fc1ccc(Nc2ncnc3cc(OCCCN4CCOCC4)c(NC(=O)C=C)cc23)cc1Cl,0.0917319,resistant,interm
CVCL_0313,Fc1ccc(Nc2ncnc3cc(OCCCN4CCOCC4)c(NC(=O)C=C)cc23)cc1Cl,0.154632,interm,sensitive
CVCL_1639,Fc1ccc(Nc2ncnc3cc(OCCCN4CCOCC4)c(NC(=O)C=C)cc23)cc1Cl,0.200484,interm,sensitive
CVCL_1723,Fc1ccc(Nc2ncnc3cc(OCCCN4CCOCC4)c(NC(=O)C=C)cc23)cc1Cl,0.263055,sensitive,sensitive
CVCL_0186,Fc1cccc(c1)N(C(C(=O)NC1CCCCC1)c1ccccc1Cl)C(=O)Cc1cccs1,0.0755055,resistant,interm
CVCL_0026,Fc1cccc(c1)N(C(C(=O)NC1CCCCC1)c1ccccc1Cl)C(=O)Cc1cccs1,0.0106691,resistant,resistant
CVCL_1119,Fc1cccc(c1)N(C(C(=O)NC1CCCCC1)c1ccccc1Cl)C(=O)Cc1cccs1,0.00562657,resistant,resistant
CVCL_0313,Fc1cccc(c1)N(C(C(=O)NC1CCCCC1)c1ccccc1Cl)C(=O)Cc1cccs1,0.0743074,resistant,interm
CVCL_1639,Fc1cccc(c1)N(C(C(=O)NC1CCCCC1)c1ccccc1Cl)C(=O)Cc1cccs1,0.0139649,resistant,resistant
CVCL_1723,Fc1cccc(c1)N(C(C(=O)NC1CCCCC1)c1ccccc1Cl)C(=O)Cc1cccs1,0.0401743,resistant,interm
CVCL_0042,Fc1cccc(c1)N(C(C(=O)NC1CCCCC1)c1ccccc1Cl)C(=O)Cc1cccs1,0.166666,resistant,interm
CVCL_0186,N#CC[C@H](C1CCCC1)n1cc(cn1)-c1ncnc2[nH]ccc12,0.116673,resistant,interm
CVCL_0026,N#CC[C@H](C1CCCC1)n1cc(cn1)-c1ncnc2[nH]ccc12,0.028911,resistant,resistant
CVCL_1119,N#CC[C@H](C1CCCC1)n1cc(cn1)-c1ncnc2[nH]ccc12,0.0244088,resistant,interm
CVCL_0313,N#CC[C@H](C1CCCC1)n1cc(cn1)-c1ncnc2[nH]ccc12,0.0318466,resistant,interm
CVCL_1723,N#CC[C@H](C1CCCC1)n1cc(cn1)-c1ncnc2[nH]ccc12,0.24573,sensitive,sensitive
CVCL_0042,N#CC[C@H](C1CCCC1)n1cc(cn1)-c1ncnc2[nH]ccc12,0.297153,interm,interm
CVCL_0186,N=C(NOC(=O)C12CC3CC(CC(C3)C1)C2)c1ccccc1,0.0670759,resistant,interm
CVCL_1119,N=C(NOC(=O)C12CC3CC(CC(C3)C1)C2)c1ccccc1,0.0225962,resistant,interm
CVCL_0313,N=C(NOC(=O)C12CC3CC(CC(C3)C1)C2)c1ccccc1,0.072175,resistant,interm
CVCL_0042,N=C(NOC(=O)C12CC3CC(CC(C3)C1)C2)c1ccccc1,0.0321386,resistant,resistant
CVCL_0026,NC(=O)C1C(=O)C[C@@H]2C[C@@H]3Cc4cccc(O)c4C(=O)C3C(=O)[C@]2(O)C1=O,0.115747,resistant,interm
CVCL_1639,NC(=O)C1C(=O)C[C@@H]2C[C@@H]3Cc4cccc(O)c4C(=O)C3C(=O)[C@]2(O)C1=O,0.104237,interm,interm
CVCL_1723,NC(=O)C1C(=O)C[C@@H]2C[C@@H]3Cc4cccc(O)c4C(=O)C3C(=O)[C@]2(O)C1=O,0.0678621,resistant,interm
CVCL_0186,NC(=O)Nc1sc(cc1C(=O)N)c2ccc(F)cc2,0.257301,interm,sensitive
CVCL_0026,NC(=O)Nc1sc(cc1C(=O)N)c2ccc(F)cc2,0.0419708,resistant,interm
CVCL_1119,NC(=O)Nc1sc(cc1C(=O)N)c2ccc(F)cc2,0.125764,resistant,sensitive
CVCL_0313,NC(=O)Nc1sc(cc1C(=O)N)c2ccc(F)cc2,0.101515,resistant,interm
CVCL_1723,NC(=O)Nc1sc(cc1C(=O)N)c2ccc(F)cc2,0.132351,interm,interm
CVCL_0042,NC(=O)Nc1sc(cc1C(=O)N)c2ccc(F)cc2,0.179377,resistant,interm
CVCL_0186,NC(=O)c1ccc(cc1)c2nc(c([nH]2)c3ccccn3)c4ccc5OCOc5c4,0.0227753,resistant,resistant
CVCL_0026,NC(=O)c1ccc(cc1)c2nc(c([nH]2)c3ccccn3)c4ccc5OCOc5c4,0.12851,resistant,interm
CVCL_1119,NC(=O)c1ccc(cc1)c2nc(c([nH]2)c3ccccn3)c4ccc5OCOc5c4,0.0168242,resistant,interm
CVCL_0313,NC(=O)c1ccc(cc1)c2nc(c([nH]2)c3ccccn3)c4ccc5OCOc5c4,0.0258846,resistant,resistant
CVCL_1639,NC(=O)c1ccc(cc1)c2nc(c([nH]2)c3ccccn3)c4ccc5OCOc5c4,0.05154,resistant,interm
CVCL_1723,NC(=O)c1ccc(cc1)c2nc(c([nH]2)c3ccccn3)c4ccc5OCOc5c4,0.0722991,resistant,interm
CVCL_0042,NC(=O)c1ccc(cc1)c2nc(c([nH]2)c3ccccn3)c4ccc5OCOc5c4,0.0471501,resistant,resistant
CVCL_0186,N[C@@H](CC(=O)N1CCn2c(nnc2C1)C(F)(F)F)Cc3cc(F)c(F)cc3F,0.0049402,resistant,resistant
CVCL_1119,N[C@@H](CC(=O)N1CCn2c(nnc2C1)C(F)(F)F)Cc3cc(F)c(F)cc3F,0.000430449,resistant,resistant
CVCL_0186,Nc1ccc(cc1NC(=O)C1=CCCC1)-c1cccs1,0.0186927,resistant,resistant
CVCL_0026,Nc1ccc(cc1NC(=O)C1=CCCC1)-c1cccs1,0.0531103,resistant,interm
CVCL_1119,Nc1ccc(cc1NC(=O)C1=CCCC1)-c1cccs1,0.0153743,resistant,interm
CVCL_0313,Nc1ccc(cc1NC(=O)C1=CCCC1)-c1cccs1,0.00130755,resistant,resistant
CVCL_1639,Nc1ccc(cc1NC(=O)C1=CCCC1)-c1cccs1,0.0728736,resistant,interm
CVCL_1723,Nc1ccc(cc1NC(=O)C1=CCCC1)-c1cccs1,0.105418,interm,interm
CVCL_0042,Nc1ccc(cc1NC(=O)C1=CCCC1)-c1cccs1,0.178313,resistant,interm
CVCL_0186,Nc1ccc(cc1NC(=O)c1ccc(cc1)C(=O)NCCc1ccncc1)-c1cccs1,0.180449,interm,interm
CVCL_0026,Nc1ccc(cc1NC(=O)c1ccc(cc1)C(=O)NCCc1ccncc1)-c1cccs1,0.0494646,resistant,interm
CVCL_1119,Nc1ccc(cc1NC(=O)c1ccc(cc1)C(=O)NCCc1ccncc1)-c1cccs1,0.00770204,resistant,resistant
CVCL_0313,Nc1ccc(cc1NC(=O)c1ccc(cc1)C(=O)NCCc1ccncc1)-c1cccs1,0.124895,resistant,sensitive
CVCL_1639,Nc1ccc(cc1NC(=O)c1ccc(cc1)C(=O)NCCc1ccncc1)-c1cccs1,0.0137428,resistant,resistant
CVCL_1723,Nc1ccc(cc1NC(=O)c1ccc(cc1)C(=O)NCCc1ccncc1)-c1cccs1,0.12843,interm,interm
CVCL_0042,Nc1ccc(cc1NC(=O)c1ccc(cc1)C(=O)NCCc1ccncc1)-c1cccs1,0.313264,interm,sensitive
CVCL_0186,Nc1nc(Cl)nc2n(cnc12)C3OC(CO)C(O)C3F,0.33064,sensitive,sensitive
CVCL_0026,Nc1nc(Cl)nc2n(cnc12)C3OC(CO)C(O)C3F,0.0380273,resistant,interm
CVCL_1119,Nc1nc(Cl)nc2n(cnc12)C3OC(CO)C(O)C3F,0.232983,interm,sensitive
CVCL_0313,Nc1nc(Cl)nc2n(cnc12)C3OC(CO)C(O)C3F,0.0554799,resistant,interm
CVCL_1639,Nc1nc(Cl)nc2n(cnc12)C3OC(CO)C(O)C3F,0.20671,interm,sensitive
CVCL_1723,Nc1nc(Cl)nc2n(cnc12)C3OC(CO)C(O)C3F,0.259647,sensitive,sensitive
CVCL_0042,Nc1nc(Cl)nc2n(cnc12)C3OC(CO)C(O)C3F,0.599192,sensitive,sensitive
CVCL_0186,Nc1nc(N)c2nc(-c3cccc(O)c3)c(nc2n1)-c1cccc(O)c1,0.0281315,resistant,resistant
CVCL_0026,Nc1nc(N)c2nc(-c3cccc(O)c3)c(nc2n1)-c1cccc(O)c1,0.0552436,resistant,interm
CVCL_1119,Nc1nc(N)c2nc(-c3cccc(O)c3)c(nc2n1)-c1cccc(O)c1,0.0400687,resistant,interm
CVCL_0313,Nc1nc(N)c2nc(-c3cccc(O)c3)c(nc2n1)-c1cccc(O)c1,0.0570565,resistant,interm
CVCL_1639,Nc1nc(N)c2nc(-c3cccc(O)c3)c(nc2n1)-c1cccc(O)c1,0.108484,interm,interm
CVCL_1723,Nc1nc(N)c2nc(-c3cccc(O)c3)c(nc2n1)-c1cccc(O)c1,0.00958012,resistant,resistant
CVCL_0042,Nc1nc(N)c2nc(-c3cccc(O)c3)c(nc2n1)-c1cccc(O)c1,0.0565102,resistant,resistant
CVCL_0186,Nc1ncn([C@@H]2C[C@H](O)[C@@H](CO)O2)c(=O)n1,0.153079,interm,interm
CVCL_0026,Nc1ncn([C@@H]2C[C@H](O)[C@@H](CO)O2)c(=O)n1,0.0104019,resistant,resistant
CVCL_1119,Nc1ncn([C@@H]2C[C@H](O)[C@@H](CO)O2)c(=O)n1,0.0329056,resistant,interm
CVCL_0313,Nc1ncn([C@@H]2C[C@H](O)[C@@H](CO)O2)c(=O)n1,0.0894873,resistant,interm
CVCL_1639,Nc1ncn([C@@H]2C[C@H](O)[C@@H](CO)O2)c(=O)n1,0.0427703,resistant,interm
CVCL_1723,Nc1ncn([C@@H]2C[C@H](O)[C@@H](CO)O2)c(=O)n1,0.0941134,resistant,interm
CVCL_0042,Nc1ncn([C@@H]2C[C@H](O)[C@@H](CO)O2)c(=O)n1,0.0234184,resistant,resistant
CVCL_0186,Nc1ncn([C@@H]2O[C@H](CO)[C@@H](O)[C@H]2O)c(=O)n1,0.0,resistant,resistant
CVCL_0026,Nc1ncn([C@@H]2O[C@H](CO)[C@@H](O)[C@H]2O)c(=O)n1,0.00162233,resistant,resistant
CVCL_1119,Nc1ncn([C@@H]2O[C@H](CO)[C@@H](O)[C@H]2O)c(=O)n1,0.105832,resistant,interm
CVCL_0313,Nc1ncn([C@@H]2O[C@H](CO)[C@@H](O)[C@H]2O)c(=O)n1,0.000935961,resistant,resistant
CVCL_1639,Nc1ncn([C@@H]2O[C@H](CO)[C@@H](O)[C@H]2O)c(=O)n1,0.0181302,resistant,resistant
CVCL_1723,Nc1ncn([C@@H]2O[C@H](CO)[C@@H](O)[C@H]2O)c(=O)n1,0.00938348,resistant,resistant
CVCL_0042,Nc1ncn([C@@H]2O[C@H](CO)[C@@H](O)[C@H]2O)c(=O)n1,0.243373,resistant,interm
CVCL_0026,Nc1ncnc2n(nc(-c3ccc(Oc4ccccc4)cc3)c12)C1CCCN(C1)C(=O)C=C,0.0382009,resistant,interm
CVCL_1639,Nc1ncnc2n(nc(-c3ccc(Oc4ccccc4)cc3)c12)C1CCCN(C1)C(=O)C=C,0.0450675,resistant,interm
CVCL_1723,Nc1ncnc2n(nc(-c3ccc(Oc4ccccc4)cc3)c12)C1CCCN(C1)C(=O)C=C,0.150385,interm,interm
CVCL_0186,O=C(NCCN1CCC(CC1)n1c2ccccc2[nH]c1=O)c1ccc2ccccc2c1,0.0898725,resistant,interm
CVCL_0026,O=C(NCCN1CCC(CC1)n1c2ccccc2[nH]c1=O)c1ccc2ccccc2c1,0.118927,resistant,interm
CVCL_1119,O=C(NCCN1CCC(CC1)n1c2ccccc2[nH]c1=O)c1ccc2ccccc2c1,0.00731276,resistant,resistant
CVCL_0313,O=C(NCCN1CCC(CC1)n1c2ccccc2[nH]c1=O)c1ccc2ccccc2c1,0.0872312,resistant,interm
CVCL_1639,O=C(NCCN1CCC(CC1)n1c2ccccc2[nH]c1=O)c1ccc2ccccc2c1,0.0790748,resistant,interm
CVCL_1723,O=C(NCCN1CCC(CC1)n1c2ccccc2[nH]c1=O)c1ccc2ccccc2c1,0.0827563,resistant,interm
CVCL_0186,O=C(Nc1cc(CN2CCNCC2)cc(c1)-c1nc2ccccc2[nH]1)c1cnc2ccccc2n1,0.120781,resistant,interm
CVCL_0026,O=C(Nc1cc(CN2CCNCC2)cc(c1)-c1nc2ccccc2[nH]1)c1cnc2ccccc2n1,0.0,resistant,resistant
CVCL_1119,O=C(Nc1cc(CN2CCNCC2)cc(c1)-c1nc2ccccc2[nH]1)c1cnc2ccccc2n1,0.00462536,resistant,resistant
CVCL_0313,O=C(Nc1cc(CN2CCNCC2)cc(c1)-c1nc2ccccc2[nH]1)c1cnc2ccccc2n1,0.0208862,resistant,resistant
CVCL_1639,O=C(Nc1cc(CN2CCNCC2)cc(c1)-c1nc2ccccc2[nH]1)c1cnc2ccccc2n1,0.0901652,resistant,interm
CVCL_1723,O=C(Nc1cc(CN2CCNCC2)cc(c1)-c1nc2ccccc2[nH]1)c1cnc2ccccc2n1,0.0,resistant,resistant
CVCL_0042,O=C(Nc1cc(CN2CCNCC2)cc(c1)-c1nc2ccccc2[nH]1)c1cnc2ccccc2n1,0.0966572,resistant,interm
CVCL_0026,O=C1N(C2CCC(=O)NC2=O)C(=O)c3ccccc13,0.0215125,resistant,resistant
CVCL_1639,O=C1N(C2CCC(=O)NC2=O)C(=O)c3ccccc13,0.0565875,resistant,interm
CVCL_1723,O=C1N(C2CCC(=O)NC2=O)C(=O)c3ccccc13,0.009225,resistant,resistant
CVCL_0026,O=C1NC(=O)[C@H]([C@@H]1c1c[nH]c2ccccc12)c1cn2CCCc3cccc1c23,0.141638,resistant,interm
CVCL_1639,O=C1NC(=O)[C@H]([C@@H]1c1c[nH]c2ccccc12)c1cn2CCCc3cccc1c23,0.148348,interm,interm
CVCL_1723,O=C1NC(=O)[C@H]([C@@H]1c1c[nH]c2ccccc12)c1cn2CCCc3cccc1c23,0.148587,interm,interm
CVCL_0186,O=S(=O)(N1CCCc2ccccc12)c1ccc(cc1)-c1cnc(o1)C1CC1,0.270582,interm,sensitive
CVCL_1119,O=S(=O)(N1CCCc2ccccc12)c1ccc(cc1)-c1cnc(o1)C1CC1,0.0497429,resistant,interm
CVCL_0313,O=S(=O)(N1CCCc2ccccc12)c1ccc(cc1)-c1cnc(o1)C1CC1,0.0640391,resistant,interm
CVCL_0042,O=S(=O)(N1CCCc2ccccc12)c1ccc(cc1)-c1cnc(o1)C1CC1,0.216284,resistant,interm
CVCL_0186,OC(=O)CCCc1ccc(cc1)N(CCCl)CCCl,0.112493,resistant,interm
CVCL_0026,OC(=O)CCCc1ccc(cc1)N(CCCl)CCCl,0.0146735,resistant,resistant
CVCL_1119,OC(=O)CCCc1ccc(cc1)N(CCCl)CCCl,0.0339775,resistant,interm
CVCL_0313,OC(=O)CCCc1ccc(cc1)N(CCCl)CCCl,0.0141887,resistant,resistant
CVCL_1639,OC(=O)CCCc1ccc(cc1)N(CCCl)CCCl,0.0499687,resistant,interm
CVCL_1723,OC(=O)CCCc1ccc(cc1)N(CCCl)CCCl,0.107026,interm,interm
CVCL_0042,OC(=O)CCCc1ccc(cc1)N(CCCl)CCCl,0.0491273,resistant,resistant
CVCL_0026,OC(=O)[C@@H]1CCCC[C@@H]1C(=O)N1CCc2ccccc2[C@H]1CN1C(=O)c2ccccc2C1=O,0.0143522,resistant,resistant
CVCL_1639,OC(=O)[C@@H]1CCCC[C@@H]1C(=O)N1CCc2ccccc2[C@H]1CN1C(=O)c2ccccc2C1=O,0.000681621,resistant,resistant
CVCL_1723,OC(=O)[C@@H]1CCCC[C@@H]1C(=O)N1CCc2ccccc2[C@H]1CN1C(=O)c2ccccc2C1=O,0.008725,resistant,resistant
CVCL_0186,OC(=O)c1ccc(NCc2nc3cc4ccccc4cc3[nH]2)cc1,0.037019,resistant,resistant
CVCL_0026,OC(=O)c1ccc(NCc2nc3cc4ccccc4cc3[nH]2)cc1,0.0194674,resistant,resistant
CVCL_1119,OC(=O)c1ccc(NCc2nc3cc4ccccc4cc3[nH]2)cc1,0.00873825,resistant,resistant
CVCL_0313,OC(=O)c1ccc(NCc2nc3cc4ccccc4cc3[nH]2)cc1,0.00715625,resistant,resistant
CVCL_1639,OC(=O)c1ccc(NCc2nc3cc4ccccc4cc3[nH]2)cc1,0.0382559,resistant,interm
CVCL_1723,OC(=O)c1ccc(NCc2nc3cc4ccccc4cc3[nH]2)cc1,0.0768392,resistant,interm
CVCL_0042,OC(=O)c1ccc(NCc2nc3cc4ccccc4cc3[nH]2)cc1,0.00306684,resistant,resistant
CVCL_0186,OC(CN1CCNCC1)Cn2c3ccc(Br)cc3c4cc(Br)ccc24,0.156354,interm,interm
CVCL_0026,OC(CN1CCNCC1)Cn2c3ccc(Br)cc3c4cc(Br)ccc24,0.0499168,resistant,interm
CVCL_1119,OC(CN1CCNCC1)Cn2c3ccc(Br)cc3c4cc(Br)ccc24,0.0505921,resistant,interm
CVCL_0313,OC(CN1CCNCC1)Cn2c3ccc(Br)cc3c4cc(Br)ccc24,0.038805,resistant,interm
CVCL_1639,OC(CN1CCNCC1)Cn2c3ccc(Br)cc3c4cc(Br)ccc24,0.0560736,resistant,interm
CVCL_1723,OC(CN1CCNCC1)Cn2c3ccc(Br)cc3c4cc(Br)ccc24,0.0443094,resistant,interm
CVCL_0186,OCCn1cc(c(n1)-c1ccncc1)-c1ccc2c(CCC2=N/O)c1,0.0848344,resistant,interm
CVCL_0026,OCCn1cc(c(n1)-c1ccncc1)-c1ccc2c(CCC2=N/O)c1,0.00727246,resistant,resistant
CVCL_1119,OCCn1cc(c(n1)-c1ccncc1)-c1ccc2c(CCC2=N/O)c1,0.000570861,resistant,resistant
CVCL_0313,OCCn1cc(c(n1)-c1ccncc1)-c1ccc2c(CCC2=N/O)c1,0.0278169,resistant,interm
CVCL_1639,OCCn1cc(c(n1)-c1ccncc1)-c1ccc2c(CCC2=N/O)c1,0.0452473,resistant,interm
CVCL_1723,OCCn1cc(c(n1)-c1ccncc1)-c1ccc2c(CCC2=N/O)c1,0.0309989,resistant,resistant
CVCL_0042,OCCn1cc(c(n1)-c1ccncc1)-c1ccc2c(CCC2=N/O)c1,0.0328328,resistant,resistant
CVCL_0186,OC[C@@H]1O[C@@H](CC(=O)NCc2ccncn2)CC[C@H]1NC(=O)c1ccc(F)cc1,0.0516681,resistant,resistant
CVCL_1119,OC[C@@H]1O[C@@H](CC(=O)NCc2ccncn2)CC[C@H]1NC(=O)c1ccc(F)cc1,0.0147312,resistant,interm
CVCL_0313,OC[C@@H]1O[C@@H](CC(=O)NCc2ccncn2)CC[C@H]1NC(=O)c1ccc(F)cc1,0.0639312,resistant,interm
CVCL_0042,OC[C@@H]1O[C@@H](CC(=O)NCc2ccncn2)CC[C@H]1NC(=O)c1ccc(F)cc1,0.0655381,resistant,resistant
CVCL_0186,ONC(=O)c1cccc(c1)C(=O)Nc1ccccc1,0.0,resistant,resistant
CVCL_0026,ONC(=O)c1cccc(c1)C(=O)Nc1ccccc1,0.0270622,resistant,resistant
CVCL_1119,ONC(=O)c1cccc(c1)C(=O)Nc1ccccc1,0.0322625,resistant,interm
CVCL_0313,ONC(=O)c1cccc(c1)C(=O)Nc1ccccc1,0.0514437,resistant,interm
CVCL_1639,ONC(=O)c1cccc(c1)C(=O)Nc1ccccc1,0.00186121,resistant,resistant
CVCL_1723,ONC(=O)c1cccc(c1)C(=O)Nc1ccccc1,0.00734476,resistant,resistant
CVCL_0042,ONC(=O)c1cccc(c1)C(=O)Nc1ccccc1,0.127263,resistant,interm
CVCL_0026,ONC(=O)c1ccncc1,0.0077875,resistant,resistant
CVCL_1639,ONC(=O)c1ccncc1,0.00786875,resistant,resistant
CVCL_1723,ONC(=O)c1ccncc1,0.00433753,resistant,resistant
CVCL_0186,ONC1=c2ccccc2=NC1=C3C(=O)Nc4cc(Br)ccc34,0.21621,interm,interm
CVCL_0026,ONC1=c2ccccc2=NC1=C3C(=O)Nc4cc(Br)ccc34,0.148323,resistant,interm
CVCL_1119,ONC1=c2ccccc2=NC1=C3C(=O)Nc4cc(Br)ccc34,0.0865941,resistant,interm
CVCL_0313,ONC1=c2ccccc2=NC1=C3C(=O)Nc4cc(Br)ccc34,0.131698,resistant,sensitive
CVCL_1723,ONC1=c2ccccc2=NC1=C3C(=O)Nc4cc(Br)ccc34,0.384512,sensitive,sensitive
CVCL_0042,ONC1=c2ccccc2=NC1=C3C(=O)Nc4cc(Br)ccc34,0.190936,resistant,interm
CVCL_0186,O[As](O)(=O)c1ccc(Cc2ccc(cc2)[As](O)(O)=O)cc1,0.0648083,resistant,interm
CVCL_0026,O[As](O)(=O)c1ccc(Cc2ccc(cc2)[As](O)(O)=O)cc1,0.0352388,resistant,interm
CVCL_1119,O[As](O)(=O)c1ccc(Cc2ccc(cc2)[As](O)(O)=O)cc1,0.00521082,resistant,resistant
CVCL_0313,O[As](O)(=O)c1ccc(Cc2ccc(cc2)[As](O)(O)=O)cc1,0.0277528,resistant,interm
CVCL_1639,O[As](O)(=O)c1ccc(Cc2ccc(cc2)[As](O)(O)=O)cc1,0.109359,interm,interm
CVCL_1723,O[As](O)(=O)c1ccc(Cc2ccc(cc2)[As](O)(O)=O)cc1,0.0618505,resistant,interm
CVCL_0042,O[As](O)(=O)c1ccc(Cc2ccc(cc2)[As](O)(O)=O)cc1,0.37958,interm,sensitive
CVCL_0186,Oc1c(CC=C)cccc1C=NNC(=O)CN2CCN(Cc3ccccc3)CC2,0.248313,interm,sensitive
CVCL_0026,Oc1c(CC=C)cccc1C=NNC(=O)CN2CCN(Cc3ccccc3)CC2,0.19656,interm,sensitive
CVCL_1119,Oc1c(CC=C)cccc1C=NNC(=O)CN2CCN(Cc3ccccc3)CC2,0.0303738,resistant,interm
CVCL_0313,Oc1c(CC=C)cccc1C=NNC(=O)CN2CCN(Cc3ccccc3)CC2,0.117372,resistant,interm
CVCL_1639,Oc1c(CC=C)cccc1C=NNC(=O)CN2CCN(Cc3ccccc3)CC2,0.111474,interm,interm
CVCL_1723,Oc1c(CC=C)cccc1C=NNC(=O)CN2CCN(Cc3ccccc3)CC2,0.114677,interm,interm
CVCL_0186,Oc1cc(O)c2c(=O)c(O)c(oc2c1)c3cc(O)c(O)c(O)c3,0.00176422,resistant,resistant
CVCL_0026,Oc1cc(O)c2c(=O)c(O)c(oc2c1)c3cc(O)c(O)c(O)c3,0.115892,resistant,interm
CVCL_1119,Oc1cc(O)c2c(=O)c(O)c(oc2c1)c3cc(O)c(O)c(O)c3,0.115181,resistant,interm
CVCL_0313,Oc1cc(O)c2c(=O)c(O)c(oc2c1)c3cc(O)c(O)c(O)c3,0.00984375,resistant,resistant
CVCL_1639,Oc1cc(O)c2c(=O)c(O)c(oc2c1)c3cc(O)c(O)c(O)c3,0.1108,interm,interm
CVCL_1723,Oc1cc(O)c2c(=O)c(O)c(oc2c1)c3cc(O)c(O)c(O)c3,0.0015819,resistant,resistant
CVCL_0042,Oc1cc(O)c2c(=O)c(O)c(oc2c1)c3cc(O)c(O)c(O)c3,0.174264,resistant,interm
CVCL_0186,Oc1ccc(C[C@@H]2N3[C@H](CN(Cc4cccc5ccccc45)C2=O)N(CCC3=O)C(=O)NCc2ccccc2)cc1,0.25787,interm,sensitive
CVCL_0026,Oc1ccc(C[C@@H]2N3[C@H](CN(Cc4cccc5ccccc45)C2=O)N(CCC3=O)C(=O)NCc2ccccc2)cc1,0.0739738,resistant,interm
CVCL_1119,Oc1ccc(C[C@@H]2N3[C@H](CN(Cc4cccc5ccccc45)C2=O)N(CCC3=O)C(=O)NCc2ccccc2)cc1,0.0502376,resistant,interm
CVCL_0313,Oc1ccc(C[C@@H]2N3[C@H](CN(Cc4cccc5ccccc45)C2=O)N(CCC3=O)C(=O)NCc2ccccc2)cc1,0.113989,resistant,interm
CVCL_1639,Oc1ccc(C[C@@H]2N3[C@H](CN(Cc4cccc5ccccc45)C2=O)N(CCC3=O)C(=O)NCc2ccccc2)cc1,0.0935959,resistant,interm
CVCL_1723,Oc1ccc(C[C@@H]2N3[C@H](CN(Cc4cccc5ccccc45)C2=O)N(CCC3=O)C(=O)NCc2ccccc2)cc1,0.1395,interm,interm
CVCL_0186,Oc1ccc(Cl)cc1C(=O)Nc2ccc(cc2Cl)[N+](=O)[O-],0.0726074,resistant,interm
CVCL_0026,Oc1ccc(Cl)cc1C(=O)Nc2ccc(cc2Cl)[N+](=O)[O-],0.193345,interm,sensitive
CVCL_1119,Oc1ccc(Cl)cc1C(=O)Nc2ccc(cc2Cl)[N+](=O)[O-],0.137278,resistant,sensitive
CVCL_0313,Oc1ccc(Cl)cc1C(=O)Nc2ccc(cc2Cl)[N+](=O)[O-],0.0423684,resistant,interm
CVCL_1639,Oc1ccc(Cl)cc1C(=O)Nc2ccc(cc2Cl)[N+](=O)[O-],0.159412,interm,interm
CVCL_1723,Oc1ccc(Cl)cc1C(=O)Nc2ccc(cc2Cl)[N+](=O)[O-],0.19781,interm,interm
CVCL_0042,Oc1ccc(Cl)cc1C(=O)Nc2ccc(cc2Cl)[N+](=O)[O-],0.22177,resistant,interm
CVCL_0186,Oc1cccc2cc(C(=O)Nc3cccc(c3)-c3cn4ccccc4n3)c(=O)oc12,0.0752959,resistant,interm
CVCL_0026,Oc1cccc2cc(C(=O)Nc3cccc(c3)-c3cn4ccccc4n3)c(=O)oc12,0.0402937,resistant,interm
CVCL_1119,Oc1cccc2cc(C(=O)Nc3cccc(c3)-c3cn4ccccc4n3)c(=O)oc12,0.0120563,resistant,interm
CVCL_0313,Oc1cccc2cc(C(=O)Nc3cccc(c3)-c3cn4ccccc4n3)c(=O)oc12,0.00234677,resistant,resistant
CVCL_1639,Oc1cccc2cc(C(=O)Nc3cccc(c3)-c3cn4ccccc4n3)c(=O)oc12,0.0295091,resistant,resistant
CVCL_1723,Oc1cccc2cc(C(=O)Nc3cccc(c3)-c3cn4ccccc4n3)c(=O)oc12,0.0,resistant,resistant
