ID,Drug Name,Targets,Z score,Count,Cell line name,SMILES,cell ID,CPD
1372,Trametinib,"MEK1, MEK2",-0.4093668055335128,180,AsPC1,CC1=C2C(=C(N(C1=O)C)NC3=C(C=C(C=C3)I)F)C(=O)N(C(=O)N2C4=CC=CC(=C4)NC(=O)C)C5CC5,CVCL_0152,CC(=O)Nc1cccc(-n2c(=O)n(C3CC3)c(=O)c3c(Nc4ccc(I)cc4F)n(C)c(=O)c(C)c32)c1
1060,PD0325901,"MEK1, MEK2",-0.3671142414092246,180,AsPC1,C1=CC(=C(C=C1I)F)NC2=C(C=CC(=C2F)F)C(=O)NOC[C@@H](CO)O,CVCL_0152,O=C(NOC[C@H](O)CO)c1ccc(F)c(F)c1Nc1ccc(I)cc1F
1736,Selumetinib,"MEK1, MEK2",-0.121601714695367,180,AsPC1,CN1C=NC2=C1C=C(C(=C2F)NC3=C(C=C(C=C3)Br)Cl)C(=O)NOCCO,CVCL_0152,Cn1cnc2c(F)c(Nc3ccc(Br)cc3Cl)c(C(=O)NOCCO)cc21
2046,MK-8776,"CHEK1, CHEK2, CDK2",0.0812648215592731,180,AsPC1,CN1C=C(C=N1)C2=C3N=C(C(=C(N3N=C2)N)Br)C4CCCNC4,CVCL_0152,Cn1cc(-c2cnn3c(N)c(Br)c(C4CCCNC4)nc23)cn1
1053,MK-2206,"AKT1, AKT2",0.2145989547896186,180,AsPC1,C1CC(C1)(C2=CC=C(C=C2)C3=C(C=C4C(=N3)C=CN5C4=NNC5=O)C6=CC=CC=C6)N.Cl.Cl,CVCL_0152,NC1(c2ccc(-c3nc4ccn5c(=O)[nH]nc5c4cc3-c3ccccc3)cc2)CCC1
1510,Linsitinib,IGF1R,0.2689402149728116,180,AsPC1,CC1(CC(C1)C2=NC(=C3N2C=CN=C3N)C4=CC5=C(C=C4)C=CC(=N5)C6=CC=CC=C6)O,CVCL_0152,CC1(O)CC(c2nc(-c3ccc4ccc(-c5ccccc5)nc4c3)c3c(N)nccn23)C1
1010,Gefitinib,EGFR,0.2972336513253921,180,AsPC1,COC1=C(C=C2C(=C1)N=CN=C2NC3=CC(=C(C=C3)F)Cl)OCCCN4CCOCC4,CVCL_0152,COc1cc2ncnc(Nc3ccc(F)c(Cl)c3)c2cc1OCCCN1CCOCC1
1564,SCH772984,"ERK1, ERK2",0.3459680185242124,180,AsPC1,C1CN(C[C@@H]1C(=O)NC2=CC3=C(C=C2)NN=C3C4=CC=NC=C4)CC(=O)N5CCN(CC5)C6=CC=C(C=C6)C7=NC=CC=N7,CVCL_0152,O=C(Nc1ccc2[nH]nc(-c3ccncc3)c2c1)[C@@H]1CCN(CC(=O)N2CCN(c3ccc(-c4ncccn4)cc3)CC2)C1
1549,Sapitinib,"EGFR, ERBB2, ERBB3",0.3480008241306824,180,AsPC1,CNC(=O)CN1CCC(CC1)OC2=C(C=C3C(=C2)C(=NC=N3)NC4=C(C(=CC=C4)Cl)F)OC,CVCL_0152,CNC(=O)CN1CCC(Oc2cc3c(Nc4cccc(Cl)c4F)ncnc3cc2OC)CC1
2096,VX-11e,ERK2,0.4173561451247732,180,AsPC1,CC1=CN=C(N=C1C2=CNC(=C2)C(=O)N[C@H](CO)C3=CC(=CC=C3)Cl)NC4=C(C=C(C=C4)F)Cl,CVCL_0152,Cc1cnc(Nc2ccc(F)cc2Cl)nc1-c1c[nH]c(C(=O)N[C@H](CO)c2cccc(Cl)c2)c1
1013,Nilotinib,ABL,0.4573520676430254,180,AsPC1,CC1=C(C=C(C=C1)C(=O)NC2=CC(=CC(=C2)C(F)(F)F)N3C=C(N=C3)C)NC4=NC=CC(=N4)C5=CN=CC=C5,CVCL_0152,Cc1cn(-c2cc(NC(=O)c3ccc(C)c(Nc4nccc(-c5cccnc5)n4)c3)cc(C(F)(F)F)c2)cn1
1057,Dactolisib,"PI3K (class 1), MTORC1, MTORC2",0.5382256659384318,180,AsPC1,CC(C)(C#N)C1=CC=C(C=C1)N2C3=C4C=C(C=CC4=NC=C3N(C2=O)C)C5=CC6=CC=CC=C6N=C5,CVCL_0152,Cn1c(=O)n(-c2ccc(C(C)(C)C#N)cc2)c2c3cc(-c4cnc5ccccc5c4)ccc3ncc21
2106,Uprosertib,"AKT1, AKT2, AKT3",0.5511752390551288,180,AsPC1,CN1C(=C(C=N1)Cl)C2=C(OC(=C2)C(=O)N[C@@H](CC3=CC(=C(C=C3)F)F)CN)Cl,CVCL_0152,Cn1ncc(Cl)c1-c1cc(C(=O)N[C@H](CN)Cc2ccc(F)c(F)c2)oc1Cl
1054,Palbociclib,"CDK4, CDK6",0.6631759705670234,180,AsPC1,CC1=C(C(=O)N(C2=NC(=NC=C12)NC3=NC=C(C=C3)N4CCNCC4)C5CCCC5)C(=O)C,CVCL_0152,CC(=O)c1c(C)c2cnc(Nc3ccc(N4CCNCC4)cn3)nc2n(C2CCCC2)c1=O
1373,Dabrafenib,BRAF,0.7283833307483187,180,AsPC1,CC(C)(C)C1=NC(=C(S1)C2=NC(=NC=C2)N)C3=C(C(=CC=C3)NS(=O)(=O)C4=C(C=CC=C4F)F)F,CVCL_0152,CC(C)(C)c1nc(-c2cccc(NS(=O)(=O)c3c(F)cccc3F)c2F)c(-c2ccnc(N)n2)s1
1011,Navitoclax,"BCL2, BCL-XL, BCL-W",0.7606696629612446,180,AsPC1,CC1(CCC(=C(C1)CN2CCN(CC2)C3=CC=C(C=C3)C(=O)NS(=O)(=O)C4=CC(=C(C=C4)N[C@H](CCN5CCOCC5)CSC6=CC=CC=C6)S(=O)(=O)C(F)(F)F)C7=CC=C(C=C7)Cl)C,CVCL_0152,CC1(C)CCC(c2ccc(Cl)cc2)=C(CN2CCN(c3ccc(C(=O)NS(=O)(=O)c4ccc(N[C@H](CCN5CCOCC5)CSc5ccccc5)c(S(=O)(=O)C(F)(F)F)c4)cc3)CC2)C1
1058,Pictilisib,PI3K (class 1),0.7876363540819293,180,AsPC1,CS(=O)(=O)N1CCN(CC1)CC2=CC3=C(S2)C(=NC(=N3)C4=C5C=NNC5=CC=C4)N6CCOCC6,CVCL_0152,CS(=O)(=O)N1CCN(Cc2cc3nc(-c4cccc5[nH]ncc45)nc(N4CCOCC4)c3s2)CC1
1941,Sepantronium bromide,BIRC5,0.838602799184694,180,AsPC1,CC1=[N+](C2=C(N1CCOC)C(=O)C3=CC=CC=C3C2=O)CC4=NC=CN=C4.[Br-],CVCL_0152,COCCn1c2c([n+](Cc3cnccn3)c1C)C(=O)c1ccccc1C2=O
1853,OF-1,"BRPF1B, BRPF2",0.8593969091893326,180,AsPC1,CC1=C(C=CC(=C1)Br)S(=O)(=O)NC2=CC3=C(C=C2OC)N(C(=O)N3C)C,CVCL_0152,COc1cc2c(cc1NS(=O)(=O)c1ccc(Br)cc1C)n(C)c(=O)n2C
1190,Gemcitabine,Pyrimidine antimetabolite,0.9467977810490364,180,AsPC1,C1=CN(C(=O)N=C1N)[C@H]2C([C@@H]([C@H](O2)CO)O)(F)F,CVCL_0152,Nc1ccn([C@@H]2O[C@H](CO)[C@@H](O)C2(F)F)c(=O)n1
1908,Ulixertinib,"ERK1, ERK2",0.9631085151037916,180,AsPC1,CC(C)NC1=NC=C(C(=C1)C2=CNC(=C2)C(=O)N[C@H](CO)C3=CC(=CC=C3)Cl)Cl,CVCL_0152,CC(C)Nc1cc(-c2c[nH]c(C(=O)N[C@H](CO)c3cccc(Cl)c3)c2)c(Cl)cn1
1576,IWP-2,PORCN,0.9702256402811344,180,AsPC1,CC1=CC2=C(C=C1)N=C(S2)NC(=O)CSC3=NC4=C(C(=O)N3C5=CC=CC=C5)SCC4,CVCL_0152,Cc1ccc2nc(NC(=O)CSc3nc4c(c(=O)n3-c3ccccc3)SCC4)sc2c1
1006,Cytarabine,Antimetabolite,0.976105825180738,180,AsPC1,C1=CN(C(=O)N=C1N)[C@H]2[C@H]([C@@H]([C@H](O2)CO)O)O,CVCL_0152,Nc1ccn([C@@H]2O[C@H](CO)[C@@H](O)[C@@H]2O)c(=O)n1
1926,GNE-317,PI3Kalpha,1.0991539551267062,180,AsPC1,CC1=C(SC2=C1N=C(N=C2N3CCOCC3)C4=CN=C(N=C4)N)C5(COC5)OC,CVCL_0152,COC1(c2sc3c(N4CCOCC4)nc(-c4cnc(N)nc4)nc3c2C)COC1
2111,VE821,ATR,1.1180481304301335,180,AsPC1,CS(=O)(=O)C1=CC=C(C=C1)C2=CN=C(C(=N2)C(=O)NC3=CC=CC=C3)N,CVCL_0152,CS(=O)(=O)c1ccc(-c2cnc(N)c(C(=O)Nc3ccccc3)n2)cc1
1635,Picolinici-acid,Inflammatory related,1.1582795644898167,180,AsPC1,C1=CC=NC(=C1)C(=O)O,CVCL_0152,O=C(O)c1ccccn1
2043,BIBR-1532,TERT,1.1599415743992243,180,AsPC1,C/C(=C\C(=O)NC1=CC=CC=C1C(=O)O)/C2=CC3=CC=CC=C3C=C2,CVCL_0152,C/C(=C\C(=O)Nc1ccccc1C(=O)O)c1ccc2ccccc2c1
2047,Ulixertinib,"ERK1, ERK2",1.1655761497407942,180,AsPC1,CC(C)NC1=NC=C(C(=C1)C2=CNC(=C2)C(=O)N[C@H](CO)C3=CC(=CC=C3)Cl)Cl,CVCL_0152,CC(C)Nc1cc(-c2c[nH]c(C(=O)N[C@H](CO)c3cccc(Cl)c3)c2)c(Cl)cn1
1598,LGK974,PORCN,1.192615419223954,180,AsPC1,CC1=CC(=CN=C1C2=CC(=NC=C2)C)CC(=O)NC3=NC=C(C=C3)C4=NC=CN=C4,CVCL_0152,Cc1cc(-c2ncc(CC(=O)Nc3ccc(-c4cnccn4)cn3)cc2C)ccn1
1593,Entinostat,"HDAC1, HDAC3",1.1960603104153145,180,AsPC1,C1=CC=C(C(=C1)N)NC(=O)C2=CC=C(C=C2)CNC(=O)OCC3=CN=CC=C3,CVCL_0152,Nc1ccccc1NC(=O)c1ccc(CNC(=O)OCc2cccnc2)cc1
1073,5-Fluorouracil,Antimetabolite (DNA & RNA),1.2145932328027065,180,AsPC1,C1=C(C(=O)NC(=O)N1)F,CVCL_0152,O=c1[nH]cc(F)c(=O)[nH]1
1512,Cyclophosphamide,Alkylating agent,1.2282874466389289,180,AsPC1,C1CNP(=O)(OC1)N(CCCl)CCCl,CVCL_0152,O=P1(N(CCCl)CCCl)NCCCO1
1924,Ipatasertib,"AKT1, AKT, AKT3",1.2511228654328517,180,AsPC1,C[C@@H]1C[C@H](C2=C1C(=NC=N2)N3CCN(CC3)C(=O)[C@H](CNC(C)C)C4=CC=C(C=C4)Cl)O,CVCL_0152,CC(C)NC[C@@H](C(=O)N1CCN(c2ncnc3c2[C@H](C)C[C@H]3O)CC1)c1ccc(Cl)cc1
1085,Sorafenib,"PDGFR, KIT, VEGFR, RAF",1.2567758768155584,180,AsPC1,CNC(=O)C1=NC=CC(=C1)OC2=CC=C(C=C2)NC(=O)NC3=CC(=C(C=C3)Cl)C(F)(F)F,CVCL_0152,CNC(=O)c1cc(Oc2ccc(NC(=O)Nc3ccc(Cl)c(C(F)(F)F)c3)cc2)ccn1
1049,PD173074,"FGFR1, FGFR2, FGFR3",1.2778892589585795,180,AsPC1,CCN(CC)CCCCNC1=NC2=NC(=C(C=C2C=N1)C3=CC(=CC(=C3)OC)OC)NC(=O)NC(C)(C)C,CVCL_0152,CCN(CC)CCCCNc1ncc2cc(-c3cc(OC)cc(OC)c3)c(NC(=O)NC(C)(C)C)nc2n1
1561,Taselisib,PI3K (beta sparing),1.2942891725981491,180,AsPC1,CC1=NN(C(=N1)C2=CN3CCOC4=C(C3=N2)C=CC(=C4)C5=CN(N=C5)C(C)(C)C(=O)N)C(C)C,CVCL_0152,Cc1nc(-c2cn3c(n2)-c2ccc(-c4cnn(C(C)(C)C(N)=O)c4)cc2OCC3)n(C(C)C)n1
1558,Lapatinib,"EGFR, ERBB2",1.3051425332560391,180,AsPC1,CS(=O)(=O)CCNCC1=CC=C(O1)C2=CC3=C(C=C2)N=CN=C3NC4=CC(=C(C=C4)OCC5=CC(=CC=C5)F)Cl,CVCL_0152,CS(=O)(=O)CCNCc1ccc(-c2ccc3ncnc(Nc4ccc(OCc5cccc(F)c5)c(Cl)c4)c3c2)o1
1915,AZD3759,EGFR,1.3354438604205396,180,AsPC1,C[C@@H]1CN(CCN1C(=O)OC2=C(C=C3C(=C2)C(=NC=N3)NC4=C(C(=CC=C4)Cl)F)OC)C,CVCL_0152,COc1cc2ncnc(Nc3cccc(Cl)c3F)c2cc1OC(=O)N1CCN(C)C[C@H]1C
1091,BMS-536924,"IGF1R, IR",1.3711923977761646,180,AsPC1,CC1=CC(=CC2=C1N=C(N2)C3=C(C=CNC3=O)NC[C@H](C4=CC(=CC=C4)Cl)O)N5CCOCC5,CVCL_0152,Cc1cc(N2CCOCC2)cc2[nH]c(-c3c(NC[C@@H](O)c4cccc(Cl)c4)cc[nH]c3=O)nc12
1032,Afatinib,"ERBB2, EGFR",1.3716857537211655,180,AsPC1,CN(C)C/C=C/C(=O)NC1=C(C=C2C(=C1)C(=NC=N2)NC3=CC(=C(C=C3)F)Cl)O[C@H]4CCOC4,CVCL_0152,CN(C)C/C=C/C(=O)Nc1cc2c(Nc3ccc(F)c(Cl)c3)ncnc2cc1O[C@H]1CCOC1
1553,Uprosertib,"AKT1, AKT2, AKT3",1.3775326206894507,180,AsPC1,CN1C(=C(C=N1)Cl)C2=C(OC(=C2)C(=O)N[C@@H](CC3=CC(=C(C=C3)F)F)CN)Cl,CVCL_0152,Cn1ncc(Cl)c1-c1cc(C(=O)N[C@H](CN)Cc2ccc(F)c(F)c2)oc1Cl
1631,PRT062607,SYK,1.3789831475554588,180,AsPC1,C1CC[C@H]([C@H](C1)N)NC2=NC=C(C(=N2)NC3=CC(=CC=C3)N4N=CC=N4)C(=O)N,CVCL_0152,NC(=O)c1cnc(N[C@@H]2CCCC[C@@H]2N)nc1Nc1cccc(-n2nccn2)c1
1613,VE-822,ATR,1.380671768793981,180,AsPC1,CC(C)S(=O)(=O)C1=CC=C(C=C1)C2=CN=C(C(=N2)C3=CC(=NO3)C4=CC=C(C=C4)CNC)N,CVCL_0152,CNCc1ccc(-c2cc(-c3nc(-c4ccc(S(=O)(=O)C(C)C)cc4)cnc3N)on2)cc1
1259,Talazoparib,"PARP1, PARP2",1.3913648448530336,180,AsPC1,CC(C)/C=N/NC(=O)C1=CC=C(C=C1)NC(=O)C,CVCL_0152,CC(=O)Nc1ccc(C(=O)N/N=C/C(C)C)cc1
1629,ML323,"USP1, UAF1",1.391741105610084,180,AsPC1,CC1=CN=C(N=C1NCC2=CC=C(C=C2)N3C=CN=N3)C4=CC=CC=C4C(C)C,CVCL_0152,Cc1cnc(-c2ccccc2C(C)C)nc1NCc1ccc(-n2ccnn2)cc1
2110,GSK591,PMRT5,1.3930097140476227,180,AsPC1,C1CC(C1)NC2=NC=CC(=C2)C(=O)NC[C@@H](CN3CCC4=CC=CC=C4C3)O,CVCL_0152,O=C(NC[C@H](O)CN1CCc2ccccc2C1)c1ccnc(NC2CCC2)c1
1852,LY2109761,TGFB1,1.3941380627843607,180,AsPC1,C1CC2=C(C(=NN2C1)C3=CC=CC=N3)C4=C5C=CC(=CC5=NC=C4)OCCN6CCOCC6,CVCL_0152,c1ccc(-c2nn3c(c2-c2ccnc4cc(OCCN5CCOCC5)ccc24)CCC3)nc1
1560,Alpelisib,PI3Kalpha,1.4039492789447332,180,AsPC1,CC1=C(SC(=N1)NC(=O)N2CCC[C@H]2C(=O)N)C3=CC(=NC=C3)C(C)(C)C(F)(F)F,CVCL_0152,Cc1nc(NC(=O)N2CCC[C@H]2C(N)=O)sc1-c1ccnc(C(C)(C)C(F)(F)F)c1
2044,Pyridostatin,G-quadruplex stabiliser,1.4074206729342311,180,AsPC1,C1=CC=C2C(=C1)C(=CC(=N2)NC(=O)C3=CC(=CC(=N3)C(=O)NC4=NC5=CC=CC=C5C(=C4)OCCN)OCCN)OCCN,CVCL_0152,NCCOc1cc(C(=O)Nc2cc(OCCN)c3ccccc3n2)nc(C(=O)Nc2cc(OCCN)c3ccccc3n2)c1
1034,Staurosporine,Broad spectrum kinase inhibitor,1.4688744067455497,180,AsPC1,C[C@@]12[C@@H]([C@@H](C[C@H](O1)N3C4=CC=CC=C4C5=C6C(=C7C8=CC=CC=C8N2C7=C53)CNC6=O)NC)OC,CVCL_0152,CN[C@@H]1C[C@@H]2O[C@@](C)([C@@H]1OC)n1c3ccccc3c3c4c(c5c6ccccc6n2c5c31)C(=O)NC4
1928,I-BRD9,BRD9,1.496204938746014,180,AsPC1,CCN1C=C(C2=C(C1=O)C=C(S2)C(=NC3CCS(=O)(=O)CC3)N)C4=CC(=CC=C4)C(F)(F)F,CVCL_0152,CCn1cc(-c2cccc(C(F)(F)F)c2)c2sc(C(N)=NC3CCS(=O)(=O)CC3)cc2c1=O
1622,Wnt-C59,PORCN,1.5021390204402454,180,AsPC1,CC1=NC=CC(=C1)C2=CC=C(C=C2)CC(=O)NC3=CC=C(C=C3)C4=CN=CC=C4,CVCL_0152,Cc1cc(-c2ccc(CC(=O)Nc3ccc(-c4cccnc4)cc3)cc2)ccn1
1441,AZD2014,"mTORC1, mTORC2",1.5264275920162411,180,AsPC1,C[C@H]1COCCN1C2=NC(=NC3=C2C=CC(=N3)C4=CC(=CC=C4)C(=O)NC)N5CCOC[C@@H]5C,CVCL_0152,CNC(=O)c1cccc(-c2ccc3c(N4CCOC[C@@H]4C)nc(N4CCOC[C@@H]4C)nc3n2)c1
1047,Nutlin-3a (-),MDM2,1.527682658832046,180,AsPC1,CC(C)OC1=C(C=CC(=C1)OC)C2=N[C@H]([C@H](N2C(=O)N3CCNC(=O)C3)C4=CC=C(C=C4)Cl)C5=CC=C(C=C5)Cl,CVCL_0152,COc1ccc(C2=N[C@@H](c3ccc(Cl)cc3)[C@@H](c3ccc(Cl)cc3)N2C(=O)N2CCNC(=O)C2)c(OC(C)C)c1
1799,Ibrutinib,BTK,1.548069291670238,180,AsPC1,C=CC(=O)N1CCC[C@H](C1)N2C3=NC=NC(=C3C(=N2)C4=CC=C(C=C4)OC5=CC=CC=C5)N,CVCL_0152,C=CC(=O)N1CCC[C@@H](n2nc(-c3ccc(Oc4ccccc4)cc3)c3c(N)ncnc32)C1
1910,ABT737,"BCL2, BCL-XL,  BCL-W, BCL-B, BFL1",1.556511627884194,180,AsPC1,CN(C)CC[C@H](CSC1=CC=CC=C1)NC2=C(C=C(C=C2)S(=O)(=O)NC(=O)C3=CC=C(C=C3)N4CCN(CC4)CC5=CC=CC=C5C6=CC=C(C=C6)Cl)[N+](=O)[O-],CVCL_0152,CN(C)CC[C@H](CSc1ccccc1)Nc1ccc(S(=O)(=O)NC(=O)c2ccc(N3CCN(Cc4ccccc4-c4ccc(Cl)cc4)CC3)cc2)cc1[N+](=O)[O-]
2040,Foretinib,"MET, KDR, TIE2, VEGFR3/FLT4, RON, PDGFR, FGFR1, EGFR",1.5574962390836773,180,AsPC1,COC1=CC2=C(C=CN=C2C=C1OCCCN3CCOCC3)OC4=C(C=C(C=C4)NC(=O)C5(CC5)C(=O)NC6=CC=C(C=C6)F)F,CVCL_0152,COc1cc2c(Oc3ccc(NC(=O)C4(C(=O)Nc5ccc(F)cc5)CC4)cc3F)ccnc2cc1OCCCN1CCOCC1
2045,AMG-319,PI3K (beta sparing),1.595547835447582,180,AsPC1,C[C@@H](C1=C(N=C2C=C(C=CC2=C1)F)C3=CC=CC=N3)NC4=NC=NC5=C4NC=N5,CVCL_0152,C[C@H](Nc1ncnc2nc[nH]c12)c1cc2ccc(F)cc2nc1-c1ccccn1
1927,GSK2578215A,LRRK2,1.6017617062373342,180,AsPC1,C1=CC=C(C=C1)COC2=C(C=C(C=C2)C3=CC(=NC=C3)F)C(=O)NC4=CN=CC=C4,CVCL_0152,O=C(Nc1cccnc1)c1cc(-c2ccnc(F)c2)ccc1OCc1ccccc1
1630,Entospletinib,SYK,1.6027411179387008,180,AsPC1,C1COCCN1C2=CC=C(C=C2)NC3=NC(=CN4C3=NC=C4)C5=CC6=C(C=C5)C=NN6,CVCL_0152,c1cn2cc(-c3ccc4cn[nH]c4c3)nc(Nc3ccc(N4CCOCC4)cc3)c2n1
1168,Erlotinib,EGFR,1.6046286646186962,180,AsPC1,COCCOC1=C(C=C2C(=C1)C(=NC=N2)NC3=CC=CC(=C3)C#C)OCCOC,CVCL_0152,C#Cc1cccc(Nc2ncnc3cc(OCCOC)c(OCCOC)cc23)c1
1507,Ruxolitinib,"JAK1, JAK2",1.6602506868368323,180,AsPC1,C1CCC(C1)[C@@H](CC#N)N2C=C(C=N2)C3=C4C=CNC4=NC=N3,CVCL_0152,N#CC[C@H](C1CCCC1)n1cc(-c2ncnc3[nH]ccc23)cn1
1022,AZD7762,"CHEK1, CHEK2",1.6658654226647018,180,AsPC1,C1C[C@@H](CNC1)NC(=O)C2=C(C=C(S2)C3=CC(=CC=C3)F)NC(=O)N,CVCL_0152,NC(=O)Nc1cc(-c2cccc(F)c2)sc1C(=O)N[C@H]1CCCNC1
1720,AZD5991,MCL1,1.670636563055403,180,AsPC1,CC1=C2C(=NN1C)CSCC3=NN(C(=C3)CSC4=CC5=CC=CC=C5C(=C4)OCCCC6=C(N(C7=C6C=CC(=C27)Cl)C)C(=O)O)C,CVCL_0152,Cc1c2c(nn1C)CSCc1cc(n(C)n1)CSc1cc(c3ccccc3c1)OCCCc1c(C(=O)O)n(C)c3c-2c(Cl)ccc13
1594,OSI-027,"MTORC1, MTORC2",1.678044348245272,180,AsPC1,C[C@@]1\2CC[C@H](C1(C)C)C/C2=N\NC(=O)C3=CC=C(C=C3)S(=O)(=O)N4CCCCCC4,CVCL_0152,CC1(C)[C@H]2CC[C@@]1(C)/C(=N/NC(=O)c1ccc(S(=O)(=O)N3CCCCCC3)cc1)C2
1919,Osimertinib,EGFR,1.7176918277869109,180,AsPC1,CN1C=C(C2=CC=CC=C21)C3=NC(=NC=C3)NC4=C(C=C(C(=C4)NC(=O)C=C)N(C)CCN(C)C)OC,CVCL_0152,C=CC(=O)Nc1cc(Nc2nccc(-c3cn(C)c4ccccc34)n2)c(OC)cc1N(C)CCN(C)C
1931,MIRA-1,TP53,1.738702788453493,180,AsPC1,CCC(=O)OCN1C(=O)C=CC1=O,CVCL_0152,CCC(=O)OCN1C(=O)C=CC1=O
1084,Rapamycin,MTORC1,1.761279076444906,180,AsPC1,CC1=NC(=C(N1)[N+](=O)[O-])N(CCN2CCOCC2)CC3=CC=CC=C3F,CVCL_0152,Cc1nc(N(CCN2CCOCC2)Cc2ccccc2F)c([N+](=O)[O-])[nH]1
1375,Temozolomide,DNA alkylating agent,1.7656492851058845,180,AsPC1,CN1C(=O)N2C=NC(=C2N=N1)C(=O)N,CVCL_0152,Cn1nnc2c(C(N)=O)ncn2c1=O
2170,AT13148,AKT1,1.7691426779437576,180,AsPC1,C1=CC(=CC=C1C2=CNN=C2)[C@@](CN)(C3=CC=C(C=C3)Cl)O,CVCL_0152,NC[C@@](O)(c1ccc(Cl)cc1)c1ccc(-c2cn[nH]c2)cc1
1916,AZD5363,"AKT1, AKT2, AKT3, ROCK2",1.813274981307366,180,AsPC1,C1CN(CCC1(C(=O)N[C@@H](CCO)C2=CC=C(C=C2)Cl)N)C3=NC=NC4=C3C=CN4,CVCL_0152,NC1(C(=O)N[C@@H](CCO)c2ccc(Cl)cc2)CCN(c2ncnc3[nH]ccc23)CC1
1849,Sabutoclax,"BCL2,  BCL-XL,  BFL1, MCL1",1.820371773616838,180,AsPC1,CC1=CC2=C(C(=C(C=C2C(=C1C3=C(C4=CC(=C(C(=C4C=C3C)C(=O)NC[C@H](C)C5=CC=CC=C5)O)O)O)O)O)O)C(=O)NC[C@H](C)C6=CC=CC=C6,CVCL_0152,Cc1cc2c(C(=O)NC[C@H](C)c3ccccc3)c(O)c(O)cc2c(O)c1-c1c(C)cc2c(C(=O)NC[C@H](C)c3ccccc3)c(O)c(O)cc2c1O
1079,Dasatinib,"ABL, SRC, Ephrins, PDGFR, KIT",1.8254314999099064,180,AsPC1,CC1=C(C(=CC=C1)Cl)NC(=O)C2=CN=C(S2)NC3=CC(=NC(=N3)C)N4CCN(CC4)CCO,CVCL_0152,Cc1nc(Nc2ncc(C(=O)Nc3c(C)cccc3Cl)s2)cc(N2CCN(CCO)CC2)n1
2109,AZ6102,"TNKS1, TNKS2",1.8512614183683127,180,AsPC1,CCC1=CC2=C(C=C1OC(=O)C(C)(C)C)OC(=C(C2=O)OC3=CC=C(C=C3)I)C(F)(F)F,CVCL_0152,CCc1cc2c(=O)c(Oc3ccc(I)cc3)c(C(F)(F)F)oc2cc1OC(=O)C(C)(C)C
1625,RVX-208,BRD4,1.871318424724712,180,AsPC1,C1=CC(=C(C=C1N=C=O)F)F,CVCL_0152,O=C=Nc1ccc(F)c(F)c1
1997,WEHI-539,BCL-XL,1.8809756797625627,180,AsPC1,C1CC2=C(C=C(C=C2)C3=NC(=C(S3)CCCOC4=CC=C(C=C4)CN)C(=O)O)/C(=N/NC5=NC6=CC=CC=C6S5)/C1,CVCL_0152,NCc1ccc(OCCCc2sc(-c3ccc4c(c3)/C(=N/Nc3nc5ccccc5s3)CCC4)nc2C(=O)O)cc1
1912,Afuresertib,"AKT1, AKT2, AKT3",1.8833824683639484,180,AsPC1,CN1C(=C(C=N1)Cl)C2=C(SC(=C2)C(=O)N[C@@H](CC3=CC(=CC=C3)F)CN)Cl,CVCL_0152,Cn1ncc(Cl)c1-c1cc(C(=O)N[C@H](CN)Cc2cccc(F)c2)sc1Cl
1854,MN-64,"TNKS1, TNKS2",1.9083008351958168,180,AsPC1,CC(C)C1=CC=C(C=C1)C2=CC(=O)C3=CC=CC=C3O2,CVCL_0152,CC(C)c1ccc(-c2cc(=O)c3ccccc3o2)cc1
1089,Oxaliplatin,DNA alkylating agent,1.92740471262436,180,AsPC1,C1CC[C@H]([C@@H](C1)N)N.C(=O)(C(=O)O)O.[Pt],CVCL_0152,N[C@@H]1CCCC[C@H]1N
1511,Epirubicin,Anthracycline,1.970561886443039,180,AsPC1,C[C@H]1[C@@H]([C@H](C[C@@H](O1)O[C@H]2C[C@@](CC3=C2C(=C4C(=C3O)C(=O)C5=C(C4=O)C(=CC=C5)OC)O)(C(=O)CO)O)N)O,CVCL_0152,COc1cccc2c1C(=O)c1c(O)c3c(c(O)c1C2=O)C[C@@](O)(C(=O)CO)C[C@@H]3O[C@H]1C[C@H](N)[C@@H](O)[C@H](C)O1
1917,AZD6738,ATR,1.972042162085781,180,AsPC1,C[C@@H]1COCCN1C2=NC(=NC(=C2)C3(CC3)[S@](=N)(=O)C)C4=C5C=CNC5=NC=C4,CVCL_0152,C[C@@H]1COCCN1c1cc(C2([S@](C)(=N)=O)CC2)nc(-c2ccnc3[nH]ccc23)n1
1237,EPZ004777,DOT1L,1.987413228961536,180,AsPC1,CC(C)N(CCCNC(=O)NC1=CC=C(C=C1)C(C)(C)C)C[C@@H]2[C@H]([C@H]([C@@H](O2)N3C=CC4=C(N=CN=C43)N)O)O,CVCL_0152,CC(C)N(CCCNC(=O)Nc1ccc(C(C)(C)C)cc1)C[C@H]1O[C@@H](n2ccc3c(N)ncnc32)[C@H](O)[C@@H]1O
1179,MK-1775,"WEE1, PLK1",2.000993256183679,180,AsPC1,CC(C)(C1=NC(=CC=C1)N2C3=NC(=NC=C3C(=O)N2CC=C)NC4=CC=C(C=C4)N5CCN(CC5)C)O,CVCL_0152,C=CCn1c(=O)c2cnc(Nc3ccc(N4CCN(C)CC4)cc3)nc2n1-c1cccc(C(C)(C)O)n1
1932,NVP-ADW742,IGF1R,2.020781088864786,180,AsPC1,C1CCN(C1)CC2CC(C2)N3C=C(C4=C(N=CN=C43)N)C5=CC(=CC=C5)OCC6=CC=CC=C6,CVCL_0152,Nc1ncnc2c1c(-c1cccc(OCc3ccccc3)c1)cn2C1CC(CN2CCCC2)C1
1017,Olaparib,"PARP1, PARP2",2.0428651096175887,180,AsPC1,C1CC1C(=O)N2CCN(CC2)C(=O)C3=C(C=CC(=C3)CC4=NNC(=O)C5=CC=CC=C54)F,CVCL_0152,O=C(c1cc(Cc2n[nH]c(=O)c3ccccc23)ccc1F)N1CCN(C(=O)C2CC2)CC1
1621,PCI-34051,"HDAC8, HDAC6, HDAC1",2.05603732030342,180,AsPC1,COC1=CC=C(C=C1)CN2C=CC3=C2C=C(C=C3)C(=O)NO,CVCL_0152,COc1ccc(Cn2ccc3ccc(C(=O)NO)cc32)cc1
1080,Paclitaxel,Microtubule stabiliser,2.0699098746999467,180,AsPC1,CC1=C2[C@H](C(=O)[C@@]3([C@H](C[C@@H]4[C@]([C@H]3[C@@H]([C@@](C2(C)C)(C[C@@H]1OC(=O)[C@@H]([C@H](C5=CC=CC=C5)NC(=O)C6=CC=CC=C6)O)O)OC(=O)C7=CC=CC=C7)(CO4)OC(=O)C)O)C)OC(=O)C,CVCL_0152,CC(=O)O[C@H]1C(=O)[C@]2(C)[C@@H](O)C[C@H]3OC[C@@]3(OC(C)=O)[C@H]2[C@H](OC(=O)c2ccccc2)[C@]2(O)C[C@H](OC(=O)[C@H](O)[C@@H](NC(=O)c3ccccc3)c3ccccc3)C(C)=C1C2(C)C
1012,Vorinostat,"HDAC inhibitor Class I, IIa, IIb, IV",2.0724619803328808,180,AsPC1,C1=CC=C(C=C1)NC(=O)CCCCCCC(=O)NO,CVCL_0152,O=C(CCCCCCC(=O)Nc1ccccc1)NO
1463,AZD1332,"NTRK1, NTRK2, NTRK3",2.0930312636378567,180,AsPC1,CC(C)OC1=NNC(=C1)NC2=NC(=NC=C2Cl)NC(C)C3=NC=C(C=C3)F,CVCL_0152,CC(C)Oc1cc(Nc2nc(NC(C)c3ccc(F)cn3)ncc2Cl)[nH]n1
1088,Irinotecan,TOP1,2.1052351228477666,180,AsPC1,CCC1=C2CN3C(=CC4=C(C3=O)COC(=O)[C@@]4(CC)O)C2=NC5=C1C=C(C=C5)OC(=O)N6CCC(CC6)N7CCCCC7,CVCL_0152,CCc1c2c(nc3ccc(OC(=O)N4CCC(N5CCCCC5)CC4)cc13)-c1cc3c(c(=O)n1C2)COC(=O)[C@]3(O)CC
1563,EPZ5676,DOT1L,2.1112339626905894,180,AsPC1,CC(C)N(C[C@@H]1[C@H]([C@H]([C@@H](O1)N2C=NC3=C(N=CN=C32)N)O)O)C4CC(C4)CCC5=NC6=C(N5)C=C(C=C6)C(C)(C)C,CVCL_0152,CC(C)N(C[C@H]1O[C@@H](n2cnc3c(N)ncnc32)[C@H](O)[C@@H]1O)C1CC(CCc2nc3ccc(C(C)(C)C)cc3[nH]2)C1
1200,Fulvestrant,ESR,2.123609607416801,180,AsPC1,C[C@]12CC[C@H]3[C@H]([C@@H]1CC[C@@H]2O)[C@@H](CC4=C3C=CC(=C4)O)CCCCCCCCCS(=O)CCCC(C(F)(F)F)(F)F,CVCL_0152,C[C@]12CC[C@@H]3c4ccc(O)cc4C[C@@H](CCCCCCCCC[S+]([O-])CCCC(F)(F)C(F)(F)F)[C@H]3[C@@H]1CC[C@@H]2O
1177,Niraparib,"PARP1, PARP2",2.138374322200438,180,AsPC1,C1C[C@H](CNC1)C2=CC=C(C=C2)N3C=C4C=CC=C(C4=N3)C(=O)N,CVCL_0152,NC(=O)c1cccc2cn(-c3ccc([C@@H]4CCCNC4)cc3)nc12
1909,Venetoclax,BCL2,2.140260114035141,180,AsPC1,CC1(CCC(=C(C1)C2=CC=C(C=C2)Cl)CN3CCN(CC3)C4=CC(=C(C=C4)C(=O)NS(=O)(=O)C5=CC(=C(C=C5)NCC6CCOCC6)[N+](=O)[O-])OC7=CN=C8C(=C7)C=CN8)C,CVCL_0152,CC1(C)CCC(CN2CCN(c3ccc(C(=O)NS(=O)(=O)c4ccc(NCC5CCOCC5)c([N+](=O)[O-])c4)c(Oc4cnc5[nH]ccc5c4)c3)CC2)=C(c2ccc(Cl)cc2)C1
1918,AZD8186,"PI3Kalpha, PI3Kbeta",2.1511979794491407,180,AsPC1,C[C@H](C1=CC(=CC2=C1OC(=CC2=O)N3CCOCC3)C(=O)N(C)C)NC4=CC(=CC(=C4)F)F,CVCL_0152,C[C@@H](Nc1cc(F)cc(F)c1)c1cc(C(=O)N(C)C)cc2c(=O)cc(N3CCOCC3)oc12
1933,P22077,"USP7, USP47",2.152444389874468,180,AsPC1,CC(=O)C1=CC(=C(S1)SC2=C(C=C(C=C2)F)F)[N+](=O)[O-],CVCL_0152,CC(=O)c1cc([N+](=O)[O-])c(Sc2ccc(F)cc2F)s1
1578,Leflunomide,Pyrimidine synthesis inhibitor,2.1730503031212702,180,AsPC1,CC1=C(C=NO1)C(=O)NC2=CC=C(C=C2)C(F)(F)F,CVCL_0152,Cc1oncc1C(=O)Nc1ccc(C(F)(F)F)cc1
1786,AZD4547,"FGFR1, FGFR2, FGFR3",2.17955887056552,180,AsPC1,C[C@@H]1CN(C[C@@H](N1)C)C2=CC=C(C=C2)C(=O)NC3=NNC(=C3)CCC4=CC(=CC(=C4)OC)OC,CVCL_0152,COc1cc(CCc2cc(NC(=O)c3ccc(N4C[C@H](C)N[C@H](C)C4)cc3)n[nH]2)cc(OC)c1
1855,KRAS (G12C) Inhibitor-12,KRAS (G12C),2.2129218180140624,180,AsPC1,C=CC(=O)N1CCN(CC1)C(=O)CNC2=CC(=C(C=C2O)Cl)I,CVCL_0152,C=CC(=O)N1CCN(C(=O)CNc2cc(I)c(Cl)cc2O)CC1
1615,CZC24832,PI3Kgamma,2.2235559652785195,180,AsPC1,CC(C)(C)NS(=O)(=O)C1=CN=CC(=C1)C2=CN3C(=NC(=N3)N)C(=C2)F,CVCL_0152,CC(C)(C)NS(=O)(=O)c1cncc(-c2cc(F)c3nc(N)nn3c2)c1
1003,Camptothecin,TOP1,2.226079437893032,180,AsPC1,CC[C@@]1(C2=C(COC1=O)C(=O)N3CC4=CC5=CC=CC=C5N=C4C3=C2)O,CVCL_0152,CC[C@@]1(O)C(=O)OCc2c1cc1n(c2=O)Cc2cc3ccccc3nc2-1
1626,OTX015,"BRD2, BRD3, BRD4",2.2386407883156707,180,AsPC1,CC1=C(SC2=C1C(=N[C@H](C3=NN=C(N32)C)CC(=O)NC4=CC=C(C=C4)O)C5=CC=C(C=C5)Cl)C,CVCL_0152,Cc1sc2c(c1C)C(c1ccc(Cl)cc1)=N[C@@H](CC(=O)Nc1ccc(O)cc1)c1nnc(C)n1-2
2107,LJI308,"RSK2, RSK1, RSK3",2.244487268627681,180,AsPC1,C1COCCN1C2=CC=C(C=C2)C3=C(C=NC=C3)C4=CC(=C(C(=C4)F)O)F,CVCL_0152,Oc1c(F)cc(-c2cnccc2-c2ccc(N3CCOCC3)cc2)cc1F
1624,I-BET-762,"BRD2, BRD3, BRD4",2.250807824613307,180,AsPC1,CCNC(=O)C[C@H]1C2=NN=C(N2C3=C(C=C(C=C3)OC)C(=N1)C4=CC=C(C=C4)Cl)C,CVCL_0152,CCNC(=O)C[C@@H]1N=C(c2ccc(Cl)cc2)c2cc(OC)ccc2-n2c(C)nnc21
1614,WZ4003,"NUAK1, NUAK2",2.280928748397968,180,AsPC1,CCC(=O)NC1=CC(=CC=C1)OC2=NC(=NC=C2Cl)NC3=C(C=C(C=C3)N4CCN(CC4)C)OC,CVCL_0152,CCC(=O)Nc1cccc(Oc2nc(Nc3ccc(N4CCN(C)CC4)cc3OC)ncc2Cl)c1
1051,Alisertib,AURKA,2.293922331778775,180,AsPC1,COC1=C(C(=CC=C1)F)C2=NCC3=CN=C(N=C3C4=C2C=C(C=C4)Cl)NC5=CC(=C(C=C5)C(=O)O)OC,CVCL_0152,COc1cc(Nc2ncc3c(n2)-c2ccc(Cl)cc2C(c2c(F)cccc2OC)=NC3)ccc1C(=O)O
1806,Oxaliplatin,DNA alkylating agent,2.298570488420479,180,AsPC1,C1CC[C@H]([C@@H](C1)[NH-])[NH-].C(=O)(C(=O)O)O.[Pt+2],CVCL_0152,N[C@@H]1CCCC[C@H]1N
1083,Crizotinib,"MET, ALK, ROS1",2.3048865300719448,180,AsPC1,C[C@H](C1=C(C=CC(=C1Cl)F)Cl)OC2=C(N=CC(=C2)C3=CN(N=C3)C4CCNCC4)N,CVCL_0152,C[C@@H](Oc1cc(-c2cnn(C3CCNCC3)c2)cnc1N)c1c(Cl)ccc(F)c1Cl
1007,Docetaxel,Microtubule stabiliser,2.3147610003077226,180,AsPC1,CC1=C2[C@H](C(=O)[C@@]3([C@H](C[C@@H]4[C@]([C@H]3[C@@H]([C@@](C2(C)C)(C[C@@H]1OC(=O)[C@@H]([C@H](C5=CC=CC=C5)NC(=O)OC(C)(C)C)O)O)OC(=O)C6=CC=CC=C6)(CO4)OC(=O)C)O)C)O,CVCL_0152,CC(=O)O[C@@]12CO[C@@H]1C[C@H](O)[C@@]1(C)C(=O)[C@H](O)C3=C(C)[C@@H](OC(=O)[C@H](O)[C@@H](NC(=O)OC(C)(C)C)c4ccccc4)C[C@@](O)([C@@H](OC(=O)c4ccccc4)[C@@H]12)C3(C)C
1996,MIM1,MCL1,2.328646943263228,180,AsPC1,CC(C)[C@H]1CSC(=N1)N2[C@H](CSC2=S)C(C)C,CVCL_0152,CC(C)[C@H]1CSC(N2C(=S)SC[C@@H]2C(C)C)=N1
1706,AZD5153,BRD4,2.3421370455884007,180,AsPC1,C[C@@H]1C(=O)N(CCN1CCOC2=CC=C(C=C2)C3CCN(CC3)C4=NN5C(=NN=C5OC)C=C4)C,CVCL_0152,COc1nnc2ccc(N3CCC(c4ccc(OCCN5CCN(C)C(=O)[C@H]5C)cc4)CC3)nn12
1036,PLX-4720,BRAF,2.381871928562504,180,AsPC1,CCCS(=O)(=O)NC1=C(C(=C(C=C1)F)C(=O)C2=CNC3=C2C=C(C=N3)Cl)F,CVCL_0152,CCCS(=O)(=O)Nc1ccc(F)c(C(=O)c2c[nH]c3ncc(Cl)cc23)c1F
1627,GSK343,EZH2,2.4299313675397087,180,AsPC1,CCCC1=C(C(=O)NC(=C1)C)CNC(=O)C2=C3C=NN(C3=CC(=C2)C4=CC(=NC=C4)N5CCN(CC5)C)C(C)C,CVCL_0152,CCCc1cc(C)[nH]c(=O)c1CNC(=O)c1cc(-c2ccnc(N3CCN(C)CC3)c2)cc2c1cnn2C(C)C
1922,Cediranib,"VEGFR, FLT1, FLT2, FLT3, FLT4, KIT, PDGFRB",2.431425251755899,180,AsPC1,CC1=CC2=C(N1)C=CC(=C2F)OC3=NC=NC4=CC(=C(C=C43)OC)OCCCN5CCCC5,CVCL_0152,COc1cc2c(Oc3ccc4[nH]c(C)cc4c3F)ncnc2cc1OCCCN1CCCC1
1634,AGI-6780,IDH2 R140Q mutant,2.4344281189657533,180,AsPC1,C1CC1NS(=O)(=O)C2=CC(=C(C=C2)C3=CSC=C3)NC(=O)NC4=CC=CC(=C4)C(F)(F)F,CVCL_0152,O=C(Nc1cccc(C(F)(F)F)c1)Nc1cc(S(=O)(=O)NC2CC2)ccc1-c1ccsc1
1131,PRIMA-1MET,TP53 activation,2.447394262508744,180,AsPC1,COCC1(C(=O)C2CCN1CC2)CO,CVCL_0152,COCC1(CO)C(=O)C2CCN1CC2
1925,GDC0810,"ESR1, ESR2",2.4588655924513927,180,AsPC1,CC/C(=C(/C1=CC=C(C=C1)/C=C/C(=O)O)\C2=CC3=C(C=C2)NN=C3)/C4=C(C=C(C=C4)F)Cl,CVCL_0152,CC/C(=C(/c1ccc(/C=C/C(=O)O)cc1)c1ccc2[nH]ncc2c1)c1ccc(F)cc1Cl
1819,Docetaxel,Microtubule stabiliser,2.496073287668632,180,AsPC1,CC1=C2[C@H](C(=O)[C@@]3([C@H](C[C@@H]4[C@]([C@H]3[C@@H]([C@@](C2(C)C)(C[C@@H]1OC(=O)[C@@H]([C@H](C5=CC=CC=C5)NC(=O)OC(C)(C)C)O)O)OC(=O)C6=CC=CC=C6)(CO4)OC(=O)C)O)C)O,CVCL_0152,CC(=O)O[C@@]12CO[C@@H]1C[C@H](O)[C@@]1(C)C(=O)[C@H](O)C3=C(C)[C@@H](OC(=O)[C@H](O)[C@@H](NC(=O)OC(C)(C)C)c4ccccc4)C[C@@](O)([C@@H](OC(=O)c4ccccc4)[C@@H]12)C3(C)C
1936,Savolitinib,MET,2.5062738438508005,180,AsPC1,C[C@@H](C1=CN2C=CN=C2C=C1)N3C4=NC(=CN=C4N=N3)C5=CN(N=C5)C,CVCL_0152,C[C@@H](c1ccc2nccn2c1)n1nnc2ncc(-c3cnn(C)c3)nc21
1249,BMS-345541,"IKK-1, IKK-2",2.5709514441001806,180,AsPC1,CC1=CC2=C(C=C1)N=C(C3=NC=C(N23)C)NCCN.Cl,CVCL_0152,Cc1ccc2nc(NCCN)c3ncc(C)n3c2c1
1620,PFI3,"Polybromo 1, SMARCA4, SMARCA2",2.6287406800173487,180,AsPC1,C1[C@@H]2CN([C@H]1CN2C3=CC=CC=N3)/C=C/C(=O)C4=CC=CC=C4O,CVCL_0152,O=C(/C=C/N1C[C@H]2C[C@@H]1CN2c1ccccn1)c1ccccc1O
1068,Obatoclax Mesylate,"BCL2, BCL-XL, BCL-W, MCL1",2.63929460944188,180,AsPC1,CC1=CC(=C(N1)/C=C\2/C(=C/C(=C/3\C=C4C=CC=CC4=N3)/N2)OC)C,CVCL_0152,COc1c/c(=C2\C=c3ccccc3=N2)[nH]/c1=C\c1[nH]c(C)cc1C
1046,Wee1 Inhibitor,"WEE1, CHEK1",2.7226237498605124,180,AsPC1,C1=CC=C(C(=C1)C2=CC3=C(C4=C(N3)C=CC(=C4)O)C5=C2C(=O)NC5=O)Cl,CVCL_0152,O=C1NC(=O)c2c1c(-c1ccccc1Cl)cc1[nH]c3ccc(O)cc3c21
2048,Vinorelbine,Microtubule destabiliser,2.727575136963172,180,AsPC1,CCC1=C[C@H]2C[C@@](C3=C(CN(C2)C1)C4=CC=CC=C4N3)(C5=C(C=C6C(=C5)[C@]78CCN9[C@H]7[C@@](C=CC9)([C@H]([C@@]([C@@H]8N6C)(C(=O)OC)O)OC(=O)C)CC)OC)C(=O)OC,CVCL_0152,CCC1=C[C@@H]2CN(C1)Cc1c([nH]c3ccccc13)[C@@](C(=O)OC)(c1cc3c(cc1OC)N(C)[C@H]1[C@@](O)(C(=O)OC)[C@H](OC(C)=O)[C@]4(CC)C=CCN5CC[C@]31[C@@H]54)C2
1239,YK-4-279,RNA helicase A,2.832111832813452,180,AsPC1,COC1=CC=C(C=C1)C(=O)CC2(C3=C(C=CC(=C3NC2=O)Cl)Cl)O,CVCL_0152,COc1ccc(C(=O)CC2(O)C(=O)Nc3c(Cl)ccc(Cl)c32)cc1
1557,LCL161,"XIAP, IAP1, IAP2",2.834787388078573,180,AsPC1,C[C@@H](C(=O)N[C@@H](C1CCCCC1)C(=O)N2CCC[C@H]2C3=NC(=CS3)C(=O)C4=CC=C(C=C4)F)NC,CVCL_0152,CN[C@@H](C)C(=O)N[C@H](C(=O)N1CCC[C@H]1c1nc(C(=O)c2ccc(F)cc2)cs1)C1CCCCC1
1004,Vinblastine,Microtubule destabiliser,2.866208084672985,180,AsPC1,CC[C@@]1(CC2C[C@@](C3=C(CCN(C2)C1)C4=CC=CC=C4N3)(C5=C(C=C6C(=C5)[C@]78CCN9[C@H]7[C@@](C=CC9)([C@H]([C@@]([C@@H]8N6C)(C(=O)OC)O)OC(=O)C)CC)OC)C(=O)OC)O,CVCL_0152,CC[C@]1(O)CC2CN(CCc3c([nH]c4ccccc34)[C@@](C(=O)OC)(c3cc4c(cc3OC)N(C)[C@H]3[C@@](O)(C(=O)OC)[C@H](OC(C)=O)[C@]5(CC)C=CCN6CC[C@]43[C@@H]65)C2)C1
1559,Luminespib,HSP90,2.942809373754259,180,AsPC1,CN1C2=CC=CC=C2C(C1=O)(CC(=O)C3=CC=C(C=C3)Cl)O,CVCL_0152,CN1C(=O)C(O)(CC(=O)c2ccc(Cl)cc2)c2ccccc21
1401,AZD5438,CDK2,2.9503368238160204,180,AsPC1,CC1=NC=C(N1C(C)C)C2=NC(=NC=C2)NC3=CC=C(C=C3)S(=O)(=O)C,CVCL_0152,Cc1ncc(-c2ccnc(Nc3ccc(S(C)(=O)=O)cc3)n2)n1C(C)C
1093,GSK1904529A,"IGF1R, IR",3.1510946731338128,180,AsPC1,CCC1=CC(=C(C=C1N2CCC(CC2)N3CCN(CC3)S(=O)(=O)C)OC)NC4=NC=CC(=N4)C5=C(N=C6N5C=CC=C6)C7=CC(=C(C=C7)OC)C(=O)NC8=C(C=CC=C8F)F,CVCL_0152,CCc1cc(Nc2nccc(-c3c(-c4ccc(OC)c(C(=O)Nc5c(F)cccc5F)c4)nc4ccccn34)n2)c(OC)cc1N1CCC(N2CCN(S(C)(=O)=O)CC2)CC1
1250,AZ960,"JAK2, JAK3",3.1742546947695858,180,AsPC1,CC1=CC(=NN1)NC2=C(C=C(C(=N2)N[C@@H](C)C3=CC=C(C=C3)F)C#N)F,CVCL_0152,Cc1cc(Nc2nc(N[C@@H](C)c3ccc(F)cc3)c(C#N)cc2F)n[nH]1
1199,Tamoxifen,ESR1,3.186542534819195,180,AsPC1,CC/C(=C(\C1=CC=CC=C1)/C2=CC=C(C=C2)OCCN(C)C)/C3=CC=CC=C3,CVCL_0152,CC/C(=C(\c1ccccc1)c1ccc(OCCN(C)C)cc1)c1ccccc1
1529,Pevonedistat,NAE,3.2040124319120027,180,AsPC1,C1CC2=CC=CC=C2[C@H]1NC3=C4C=CN(C4=NC=N3)[C@@H]5C[C@H]([C@H](C5)O)COS(=O)(=O)N,CVCL_0152,NS(=O)(=O)OC[C@@H]1C[C@@H](n2ccc3c(N[C@H]4CCc5ccccc54)ncnc32)C[C@@H]1O
1180,Dinaciclib,"CDK1, CDK2, CDK5, CDK9",3.2291280993844267,180,AsPC1,CCC1=C2N=C(C=C(N2N=C1)NCC3=C[N+](=CC=C3)[O-])N4CCCC[C@H]4CCO,CVCL_0152,CCc1cnn2c(NCc3ccc[n+]([O-])c3)cc(N3CCCC[C@H]3CCO)nc12
1618,GSK2606414,PERK,3.313073199490297,180,AsPC1,CN1C=C(C2=C(N=CN=C21)N)C3=CC4=C(C=C3)N(CC4)C(=O)CC5=CC(=CC=C5)C(F)(F)F,CVCL_0152,Cn1cc(-c2ccc3c(c2)CCN3C(=O)Cc2cccc(C(F)(F)F)c2)c2c(N)ncnc21
1268,XAV939,"TNKS1, TNKS2",3.3797065913880746,180,AsPC1,C1CSCC2=C1N=C(NC2=O)C3=CC=C(C=C3)C(F)(F)F,CVCL_0152,O=c1[nH]c(-c2ccc(C(F)(F)F)cc2)nc2c1CSCC2
1873,Buparlisib,"PI3Kalpha, PI3Kdelta, PI3Kbeta, PI3Kgamma",3.4771703512869974,180,AsPC1,C1COCCN1C2=NC(=NC(=C2)C3=CN=C(C=C3C(F)(F)F)N)N4CCOCC4,CVCL_0152,Nc1cc(C(F)(F)F)c(-c2cc(N3CCOCC3)nc(N3CCOCC3)n2)cn1
1940,WIKI4,"TNKS1, TNKS2",3.61142656148358,180,AsPC1,COC1=CC=C(C=C1)N2C(=NN=C2SCCCN3C(=O)C4=CC=CC5=C4C(=CC=C5)C3=O)C6=CC=NC=C6,CVCL_0152,COc1ccc(-n2c(SCCCN3C(=O)c4cccc5cccc(c45)C3=O)nnc2-c2ccncc2)cc1
1913,AGI-5198,IDH1 (R132H),3.672956483556656,180,AsPC1,CC1=CC=CC=C1C(C(=O)NC2CCCCC2)N(C3=CC(=CC=C3)F)C(=O)CN4C=CN=C4C,CVCL_0152,Cc1ccccc1C(C(=O)NC1CCCCC1)N(C(=O)Cn1ccnc1C)c1cccc(F)c1
1930,Telomerase Inhibitor IX,Telomerase,3.846662428465277,180,AsPC1,C1=CC(=CC(=C1)NC(=O)C2=C(C(=CC=C2)O)O)NC(=O)C3=C(C(=CC=C3)O)O,CVCL_0152,O=C(Nc1cccc(NC(=O)c2cccc(O)c2O)c1)c1cccc(O)c1O
1939,UMI-77,MCL1,4.074554405453791,180,AsPC1,C1=CC=C2C(=C1)C(=CC(=C2O)SCC(=O)O)NS(=O)(=O)C3=CC=C(C=C3)Br,CVCL_0152,O=C(O)CSc1cc(NS(=O)(=O)c2ccc(Br)cc2)c2ccccc2c1O
1862,MG-132,"Proteasome, CAPN1",4.487324086370313,180,AsPC1,CC(C)C[C@@H](C=O)NC(=O)[C@H](CC(C)C)NC(=O)[C@H](CC(C)C)NC(=O)OCC1=CC=CC=C1,CVCL_0152,CC(C)C[C@@H](C=O)NC(=O)[C@H](CC(C)C)NC(=O)[C@H](CC(C)C)NC(=O)OCc1ccccc1
1557,LCL161,"XIAP, IAP1, IAP2",-1.3204346763931374,180,BxPC3,C[C@@H](C(=O)N[C@@H](C1CCCCC1)C(=O)N2CCC[C@H]2C3=NC(=CS3)C(=O)C4=CC=C(C=C4)F)NC,CVCL_0186,CN[C@@H](C)C(=O)N[C@H](C(=O)N1CCC[C@H]1c1nc(C(=O)c2ccc(F)cc2)cs1)C1CCCCC1
1268,XAV939,"TNKS1, TNKS2",-1.3083094902927466,180,BxPC3,C1CSCC2=C1N=C(NC2=O)C3=CC=C(C=C3)C(F)(F)F,CVCL_0186,O=c1[nH]c(-c2ccc(C(F)(F)F)cc2)nc2c1CSCC2
1635,Picolinici-acid,Inflammatory related,-1.304108463315384,180,BxPC3,C1=CC=NC(=C1)C(=O)O,CVCL_0186,O=C(O)c1ccccn1
1578,Leflunomide,Pyrimidine synthesis inhibitor,-1.2147114620334871,180,BxPC3,CC1=C(C=NO1)C(=O)NC2=CC=C(C=C2)C(F)(F)F,CVCL_0186,Cc1oncc1C(=O)Nc1ccc(C(F)(F)F)cc1
1576,IWP-2,PORCN,-1.1325010348125033,180,BxPC3,CC1=CC2=C(C=C1)N=C(S2)NC(=O)CSC3=NC4=C(C(=O)N3C5=CC=CC=C5)SCC4,CVCL_0186,Cc1ccc2nc(NC(=O)CSc3nc4c(c(=O)n3-c3ccccc3)SCC4)sc2c1
1853,OF-1,"BRPF1B, BRPF2",-1.1011636818325414,180,BxPC3,CC1=C(C=CC(=C1)Br)S(=O)(=O)NC2=CC3=C(C=C2OC)N(C(=O)N3C)C,CVCL_0186,COc1cc2c(cc1NS(=O)(=O)c1ccc(Br)cc1C)n(C)c(=O)n2C
2047,Ulixertinib,"ERK1, ERK2",-0.986138278910761,180,BxPC3,CC(C)NC1=NC=C(C(=C1)C2=CNC(=C2)C(=O)N[C@H](CO)C3=CC(=CC=C3)Cl)Cl,CVCL_0186,CC(C)Nc1cc(-c2c[nH]c(C(=O)N[C@H](CO)c3cccc(Cl)c3)c2)c(Cl)cn1
1249,BMS-345541,"IKK-1, IKK-2",-0.9836980768874612,180,BxPC3,CC1=CC2=C(C=C1)N=C(C3=NC=C(N23)C)NCCN.Cl,CVCL_0186,Cc1ccc2nc(NCCN)c3ncc(C)n3c2c1
1629,ML323,"USP1, UAF1",-0.9713410086148878,180,BxPC3,CC1=CN=C(N=C1NCC2=CC=C(C=C2)N3C=CN=N3)C4=CC=CC=C4C(C)C,CVCL_0186,Cc1cnc(-c2ccccc2C(C)C)nc1NCc1ccc(-n2ccnn2)cc1
1618,GSK2606414,PERK,-0.9535151963247208,180,BxPC3,CN1C=C(C2=C(N=CN=C21)N)C3=CC4=C(C=C3)N(CC4)C(=O)CC5=CC(=CC=C5)C(F)(F)F,CVCL_0186,Cn1cc(-c2ccc3c(c2)CCN3C(=O)Cc2cccc(C(F)(F)F)c2)c2c(N)ncnc21
1622,Wnt-C59,PORCN,-0.8715147320678215,180,BxPC3,CC1=NC=CC(=C1)C2=CC=C(C=C2)CC(=O)NC3=CC=C(C=C3)C4=CN=CC=C4,CVCL_0186,Cc1cc(-c2ccc(CC(=O)Nc3ccc(-c4cccnc4)cc3)cc2)ccn1
1915,AZD3759,EGFR,-0.8659577073623077,180,BxPC3,C[C@@H]1CN(CCN1C(=O)OC2=C(C=C3C(=C2)C(=NC=N3)NC4=C(C(=CC=C4)Cl)F)OC)C,CVCL_0186,COc1cc2ncnc(Nc3cccc(Cl)c3F)c2cc1OC(=O)N1CCN(C)C[C@H]1C
1854,MN-64,"TNKS1, TNKS2",-0.8489904359506145,180,BxPC3,CC(C)C1=CC=C(C=C1)C2=CC(=O)C3=CC=CC=C3O2,CVCL_0186,CC(C)c1ccc(-c2cc(=O)c3ccccc3o2)cc1
1634,AGI-6780,IDH2 R140Q mutant,-0.8355457495068978,180,BxPC3,C1CC1NS(=O)(=O)C2=CC(=C(C=C2)C3=CSC=C3)NC(=O)NC4=CC=CC(=C4)C(F)(F)F,CVCL_0186,O=C(Nc1cccc(C(F)(F)F)c1)Nc1cc(S(=O)(=O)NC2CC2)ccc1-c1ccsc1
1375,Temozolomide,DNA alkylating agent,-0.8187101110247752,180,BxPC3,CN1C(=O)N2C=NC(=C2N=N1)C(=O)N,CVCL_0186,Cn1nnc2c(C(N)=O)ncn2c1=O
1401,AZD5438,CDK2,-0.7795231700027035,180,BxPC3,CC1=NC=C(N1C(C)C)C2=NC(=NC=C2)NC3=CC=C(C=C3)S(=O)(=O)C,CVCL_0186,Cc1ncc(-c2ccnc(Nc3ccc(S(C)(=O)=O)cc3)n2)n1C(C)C
1180,Dinaciclib,"CDK1, CDK2, CDK5, CDK9",-0.7762628607922086,180,BxPC3,CCC1=C2N=C(C=C(N2N=C1)NCC3=C[N+](=CC=C3)[O-])N4CCCC[C@H]4CCO,CVCL_0186,CCc1cnn2c(NCc3ccc[n+]([O-])c3)cc(N3CCCC[C@H]3CCO)nc12
1598,LGK974,PORCN,-0.7756470561711452,180,BxPC3,CC1=CC(=CN=C1C2=CC(=NC=C2)C)CC(=O)NC3=NC=C(C=C3)C4=NC=CN=C4,CVCL_0186,Cc1cc(-c2ncc(CC(=O)Nc3ccc(-c4cnccn4)cn3)cc2C)ccn1
1093,GSK1904529A,"IGF1R, IR",-0.6984222341040708,180,BxPC3,CCC1=CC(=C(C=C1N2CCC(CC2)N3CCN(CC3)S(=O)(=O)C)OC)NC4=NC=CC(=N4)C5=C(N=C6N5C=CC=C6)C7=CC(=C(C=C7)OC)C(=O)NC8=C(C=CC=C8F)F,CVCL_0186,CCc1cc(Nc2nccc(-c3c(-c4ccc(OC)c(C(=O)Nc5c(F)cccc5F)c4)nc4ccccn34)n2)c(OC)cc1N1CCC(N2CCN(S(C)(=O)=O)CC2)CC1
1079,Dasatinib,"ABL, SRC, Ephrins, PDGFR, KIT",-0.6706005560560327,180,BxPC3,CC1=C(C(=CC=C1)Cl)NC(=O)C2=CN=C(S2)NC3=CC(=NC(=N3)C)N4CCN(CC4)CCO,CVCL_0186,Cc1nc(Nc2ncc(C(=O)Nc3c(C)cccc3Cl)s2)cc(N2CCN(CCO)CC2)n1
1200,Fulvestrant,ESR,-0.664212378868424,180,BxPC3,C[C@]12CC[C@H]3[C@H]([C@@H]1CC[C@@H]2O)[C@@H](CC4=C3C=CC(=C4)O)CCCCCCCCCS(=O)CCCC(C(F)(F)F)(F)F,CVCL_0186,C[C@]12CC[C@@H]3c4ccc(O)cc4C[C@@H](CCCCCCCCC[S+]([O-])CCCC(F)(F)C(F)(F)F)[C@H]3[C@@H]1CC[C@@H]2O
1549,Sapitinib,"EGFR, ERBB2, ERBB3",-0.6316142374287818,180,BxPC3,CNC(=O)CN1CCC(CC1)OC2=C(C=C3C(=C2)C(=NC=N3)NC4=C(C(=CC=C4)Cl)F)OC,CVCL_0186,CNC(=O)CN1CCC(Oc2cc3c(Nc4cccc(Cl)c4F)ncnc3cc2OC)CC1
1022,AZD7762,"CHEK1, CHEK2",-0.5320029081417104,180,BxPC3,C1C[C@@H](CNC1)NC(=O)C2=C(C=C(S2)C3=CC(=CC=C3)F)NC(=O)N,CVCL_0186,NC(=O)Nc1cc(-c2cccc(F)c2)sc1C(=O)N[C@H]1CCCNC1
1084,Rapamycin,MTORC1,-0.5283842444065189,180,BxPC3,CC1=NC(=C(N1)[N+](=O)[O-])N(CCN2CCOCC2)CC3=CC=CC=C3F,CVCL_0186,Cc1nc(N(CCN2CCOCC2)Cc2ccccc2F)c([N+](=O)[O-])[nH]1
2048,Vinorelbine,Microtubule destabiliser,-0.5155415013625779,180,BxPC3,CCC1=C[C@H]2C[C@@](C3=C(CN(C2)C1)C4=CC=CC=C4N3)(C5=C(C=C6C(=C5)[C@]78CCN9[C@H]7[C@@](C=CC9)([C@H]([C@@]([C@@H]8N6C)(C(=O)OC)O)OC(=O)C)CC)OC)C(=O)OC,CVCL_0186,CCC1=C[C@@H]2CN(C1)Cc1c([nH]c3ccccc13)[C@@](C(=O)OC)(c1cc3c(cc1OC)N(C)[C@H]1[C@@](O)(C(=O)OC)[C@H](OC(C)=O)[C@]4(CC)C=CCN5CC[C@]31[C@@H]54)C2
1553,Uprosertib,"AKT1, AKT2, AKT3",-0.5122060630784715,180,BxPC3,CN1C(=C(C=N1)Cl)C2=C(OC(=C2)C(=O)N[C@@H](CC3=CC(=C(C=C3)F)F)CN)Cl,CVCL_0186,Cn1ncc(Cl)c1-c1cc(C(=O)N[C@H](CN)Cc2ccc(F)c(F)c2)oc1Cl
1736,Selumetinib,"MEK1, MEK2",-0.4992467162375475,180,BxPC3,CN1C=NC2=C1C=C(C(=C2F)NC3=C(C=C(C=C3)Br)Cl)C(=O)NOCCO,CVCL_0186,Cn1cnc2c(F)c(Nc3ccc(Br)cc3Cl)c(C(=O)NOCCO)cc21
1034,Staurosporine,Broad spectrum kinase inhibitor,-0.489097130591488,180,BxPC3,C[C@@]12[C@@H]([C@@H](C[C@H](O1)N3C4=CC=CC=C4C5=C6C(=C7C8=CC=CC=C8N2C7=C53)CNC6=O)NC)OC,CVCL_0186,CN[C@@H]1C[C@@H]2O[C@@](C)([C@@H]1OC)n1c3ccccc3c3c4c(c5c6ccccc6n2c5c31)C(=O)NC4
1564,SCH772984,"ERK1, ERK2",-0.479588346936684,180,BxPC3,C1CN(C[C@@H]1C(=O)NC2=CC3=C(C=C2)NN=C3C4=CC=NC=C4)CC(=O)N5CCN(CC5)C6=CC=C(C=C6)C7=NC=CC=N7,CVCL_0186,O=C(Nc1ccc2[nH]nc(-c3ccncc3)c2c1)[C@@H]1CCN(CC(=O)N2CCN(c3ccc(-c4ncccn4)cc3)CC2)C1
1036,PLX-4720,BRAF,-0.4715402815372482,180,BxPC3,CCCS(=O)(=O)NC1=C(C(=C(C=C1)F)C(=O)C2=CNC3=C2C=C(C=N3)Cl)F,CVCL_0186,CCCS(=O)(=O)Nc1ccc(F)c(C(=O)c2c[nH]c3ncc(Cl)cc23)c1F
1560,Alpelisib,PI3Kalpha,-0.4596886693816115,180,BxPC3,CC1=C(SC(=N1)NC(=O)N2CCC[C@H]2C(=O)N)C3=CC(=NC=C3)C(C)(C)C(F)(F)F,CVCL_0186,Cc1nc(NC(=O)N2CCC[C@H]2C(N)=O)sc1-c1ccnc(C(C)(C)C(F)(F)F)c1
1615,CZC24832,PI3Kgamma,-0.4262626566044605,180,BxPC3,CC(C)(C)NS(=O)(=O)C1=CN=CC(=C1)C2=CN3C(=NC(=N3)N)C(=C2)F,CVCL_0186,CC(C)(C)NS(=O)(=O)c1cncc(-c2cc(F)c3nc(N)nn3c2)c1
1068,Obatoclax Mesylate,"BCL2, BCL-XL, BCL-W, MCL1",-0.3838630199483077,180,BxPC3,CC1=CC(=C(N1)/C=C\2/C(=C/C(=C/3\C=C4C=CC=CC4=N3)/N2)OC)C,CVCL_0186,COc1c/c(=C2\C=c3ccccc3=N2)[nH]/c1=C\c1[nH]c(C)cc1C
1510,Linsitinib,IGF1R,-0.3429460684975353,180,BxPC3,CC1(CC(C1)C2=NC(=C3N2C=CN=C3N)C4=CC5=C(C=C4)C=CC(=N5)C6=CC=CC=C6)O,CVCL_0186,CC1(O)CC(c2nc(-c3ccc4ccc(-c5ccccc5)nc4c3)c3c(N)nccn23)C1
2111,VE821,ATR,-0.3221961542939403,180,BxPC3,CS(=O)(=O)C1=CC=C(C=C1)C2=CN=C(C(=N2)C(=O)NC3=CC=CC=C3)N,CVCL_0186,CS(=O)(=O)c1ccc(-c2cnc(N)c(C(=O)Nc3ccccc3)n2)cc1
2110,GSK591,PMRT5,-0.2980945946057451,180,BxPC3,C1CC(C1)NC2=NC=CC(=C2)C(=O)NC[C@@H](CN3CCC4=CC=CC=C4C3)O,CVCL_0186,O=C(NC[C@H](O)CN1CCc2ccccc2C1)c1ccnc(NC2CCC2)c1
1630,Entospletinib,SYK,-0.2838396762162516,180,BxPC3,C1COCCN1C2=CC=C(C=C2)NC3=NC(=CN4C3=NC=C4)C5=CC6=C(C=C5)C=NN6,CVCL_0186,c1cn2cc(-c3ccc4cn[nH]c4c3)nc(Nc3ccc(N4CCOCC4)cc3)c2n1
1168,Erlotinib,EGFR,-0.2818526485020464,180,BxPC3,COCCOC1=C(C=C2C(=C1)C(=NC=N2)NC3=CC=CC(=C3)C#C)OCCOC,CVCL_0186,C#Cc1cccc(Nc2ncnc3cc(OCCOC)c(OCCOC)cc23)c1
2106,Uprosertib,"AKT1, AKT2, AKT3",-0.2620121396396104,180,BxPC3,CN1C(=C(C=N1)Cl)C2=C(OC(=C2)C(=O)N[C@@H](CC3=CC(=C(C=C3)F)F)CN)Cl,CVCL_0186,Cn1ncc(Cl)c1-c1cc(C(=O)N[C@H](CN)Cc2ccc(F)c(F)c2)oc1Cl
1996,MIM1,MCL1,-0.2557652422341434,180,BxPC3,CC(C)[C@H]1CSC(=N1)N2[C@H](CSC2=S)C(C)C,CVCL_0186,CC(C)[C@H]1CSC(N2C(=S)SC[C@@H]2C(C)C)=N1
1940,WIKI4,"TNKS1, TNKS2",-0.2533325410184122,180,BxPC3,COC1=CC=C(C=C1)N2C(=NN=C2SCCCN3C(=O)C4=CC=CC5=C4C(=CC=C5)C3=O)C6=CC=NC=C6,CVCL_0186,COc1ccc(-n2c(SCCCN3C(=O)c4cccc5cccc(c45)C3=O)nnc2-c2ccncc2)cc1
2044,Pyridostatin,G-quadruplex stabiliser,-0.2488587994746398,180,BxPC3,C1=CC=C2C(=C1)C(=CC(=N2)NC(=O)C3=CC(=CC(=N3)C(=O)NC4=NC5=CC=CC=C5C(=C4)OCCN)OCCN)OCCN,CVCL_0186,NCCOc1cc(C(=O)Nc2cc(OCCN)c3ccccc3n2)nc(C(=O)Nc2cc(OCCN)c3ccccc3n2)c1
1239,YK-4-279,RNA helicase A,-0.232138658426413,180,BxPC3,COC1=CC=C(C=C1)C(=O)CC2(C3=C(C=CC(=C3NC2=O)Cl)Cl)O,CVCL_0186,COc1ccc(C(=O)CC2(O)C(=O)Nc3c(Cl)ccc(Cl)c32)cc1
1073,5-Fluorouracil,Antimetabolite (DNA & RNA),-0.2303001599101628,180,BxPC3,C1=C(C(=O)NC(=O)N1)F,CVCL_0186,O=c1[nH]cc(F)c(=O)[nH]1
1852,LY2109761,TGFB1,-0.2032008792583179,180,BxPC3,C1CC2=C(C(=NN2C1)C3=CC=CC=N3)C4=C5C=CC(=CC5=NC=C4)OCCN6CCOCC6,CVCL_0186,c1ccc(-c2nn3c(c2-c2ccnc4cc(OCCN5CCOCC5)ccc24)CCC3)nc1
2170,AT13148,AKT1,-0.1963604641720556,180,BxPC3,C1=CC(=CC=C1C2=CNN=C2)[C@@](CN)(C3=CC=C(C=C3)Cl)O,CVCL_0186,NC[C@@](O)(c1ccc(Cl)cc1)c1ccc(-c2cn[nH]c2)cc1
1091,BMS-536924,"IGF1R, IR",-0.1952969326664501,180,BxPC3,CC1=CC(=CC2=C1N=C(N2)C3=C(C=CNC3=O)NC[C@H](C4=CC(=CC=C4)Cl)O)N5CCOCC5,CVCL_0186,Cc1cc(N2CCOCC2)cc2[nH]c(-c3c(NC[C@@H](O)c4cccc(Cl)c4)cc[nH]c3=O)nc12
1051,Alisertib,AURKA,-0.1934761912432656,180,BxPC3,COC1=C(C(=CC=C1)F)C2=NCC3=CN=C(N=C3C4=C2C=C(C=C4)Cl)NC5=CC(=C(C=C5)C(=O)O)OC,CVCL_0186,COc1cc(Nc2ncc3c(n2)-c2ccc(Cl)cc2C(c2c(F)cccc2OC)=NC3)ccc1C(=O)O
1918,AZD8186,"PI3Kalpha, PI3Kbeta",-0.1852217934223607,180,BxPC3,C[C@H](C1=CC(=CC2=C1OC(=CC2=O)N3CCOCC3)C(=O)N(C)C)NC4=CC(=CC(=C4)F)F,CVCL_0186,C[C@@H](Nc1cc(F)cc(F)c1)c1cc(C(=O)N(C)C)cc2c(=O)cc(N3CCOCC3)oc12
1060,PD0325901,"MEK1, MEK2",-0.172074811337472,180,BxPC3,C1=CC(=C(C=C1I)F)NC2=C(C=CC(=C2F)F)C(=O)NOC[C@@H](CO)O,CVCL_0186,O=C(NOC[C@H](O)CO)c1ccc(F)c(F)c1Nc1ccc(I)cc1F
1558,Lapatinib,"EGFR, ERBB2",-0.170994800485053,180,BxPC3,CS(=O)(=O)CCNCC1=CC=C(O1)C2=CC3=C(C=C2)N=CN=C3NC4=CC(=C(C=C4)OCC5=CC(=CC=C5)F)Cl,CVCL_0186,CS(=O)(=O)CCNCc1ccc(-c2ccc3ncnc(Nc4ccc(OCc5cccc(F)c5)c(Cl)c4)c3c2)o1
1626,OTX015,"BRD2, BRD3, BRD4",-0.1643952281314581,180,BxPC3,CC1=C(SC2=C1C(=N[C@H](C3=NN=C(N32)C)CC(=O)NC4=CC=C(C=C4)O)C5=CC=C(C=C5)Cl)C,CVCL_0186,Cc1sc2c(c1C)C(c1ccc(Cl)cc1)=N[C@@H](CC(=O)Nc1ccc(O)cc1)c1nnc(C)n1-2
1849,Sabutoclax,"BCL2,  BCL-XL,  BFL1, MCL1",-0.1516278063415804,180,BxPC3,CC1=CC2=C(C(=C(C=C2C(=C1C3=C(C4=CC(=C(C(=C4C=C3C)C(=O)NC[C@H](C)C5=CC=CC=C5)O)O)O)O)O)O)C(=O)NC[C@H](C)C6=CC=CC=C6,CVCL_0186,Cc1cc2c(C(=O)NC[C@H](C)c3ccccc3)c(O)c(O)cc2c(O)c1-c1c(C)cc2c(C(=O)NC[C@H](C)c3ccccc3)c(O)c(O)cc2c1O
1563,EPZ5676,DOT1L,-0.1439385072215309,180,BxPC3,CC(C)N(C[C@@H]1[C@H]([C@H]([C@@H](O1)N2C=NC3=C(N=CN=C32)N)O)O)C4CC(C4)CCC5=NC6=C(N5)C=C(C=C6)C(C)(C)C,CVCL_0186,CC(C)N(C[C@H]1O[C@@H](n2cnc3c(N)ncnc32)[C@H](O)[C@@H]1O)C1CC(CCc2nc3ccc(C(C)(C)C)cc3[nH]2)C1
1561,Taselisib,PI3K (beta sparing),-0.142631213632824,180,BxPC3,CC1=NN(C(=N1)C2=CN3CCOC4=C(C3=N2)C=CC(=C4)C5=CN(N=C5)C(C)(C)C(=O)N)C(C)C,CVCL_0186,Cc1nc(-c2cn3c(n2)-c2ccc(-c4cnn(C(C)(C)C(N)=O)c4)cc2OCC3)n(C(C)C)n1
1922,Cediranib,"VEGFR, FLT1, FLT2, FLT3, FLT4, KIT, PDGFRB",-0.1347932552521546,180,BxPC3,CC1=CC2=C(N1)C=CC(=C2F)OC3=NC=NC4=CC(=C(C=C43)OC)OCCCN5CCCC5,CVCL_0186,COc1cc2c(Oc3ccc4[nH]c(C)cc4c3F)ncnc2cc1OCCCN1CCCC1
1179,MK-1775,"WEE1, PLK1",-0.116650610048823,180,BxPC3,CC(C)(C1=NC(=CC=C1)N2C3=NC(=NC=C3C(=O)N2CC=C)NC4=CC=C(C=C4)N5CCN(CC5)C)O,CVCL_0186,C=CCn1c(=O)c2cnc(Nc3ccc(N4CCN(C)CC4)cc3)nc2n1-c1cccc(C(C)(C)O)n1
1862,MG-132,"Proteasome, CAPN1",-0.1163894263250857,180,BxPC3,CC(C)C[C@@H](C=O)NC(=O)[C@H](CC(C)C)NC(=O)[C@H](CC(C)C)NC(=O)OCC1=CC=CC=C1,CVCL_0186,CC(C)C[C@@H](C=O)NC(=O)[C@H](CC(C)C)NC(=O)[C@H](CC(C)C)NC(=O)OCc1ccccc1
2109,AZ6102,"TNKS1, TNKS2",-0.1035774253271188,180,BxPC3,CCC1=CC2=C(C=C1OC(=O)C(C)(C)C)OC(=C(C2=O)OC3=CC=C(C=C3)I)C(F)(F)F,CVCL_0186,CCc1cc2c(=O)c(Oc3ccc(I)cc3)c(C(F)(F)F)oc2cc1OC(=O)C(C)(C)C
1373,Dabrafenib,BRAF,-0.1008642809860723,180,BxPC3,CC(C)(C)C1=NC(=C(S1)C2=NC(=NC=C2)N)C3=C(C(=CC=C3)NS(=O)(=O)C4=C(C=CC=C4F)F)F,CVCL_0186,CC(C)(C)c1nc(-c2cccc(NS(=O)(=O)c3c(F)cccc3F)c2F)c(-c2ccnc(N)n2)s1
1441,AZD2014,"mTORC1, mTORC2",-0.0997206607831182,180,BxPC3,C[C@H]1COCCN1C2=NC(=NC3=C2C=CC(=N3)C4=CC(=CC=C4)C(=O)NC)N5CCOC[C@@H]5C,CVCL_0186,CNC(=O)c1cccc(-c2ccc3c(N4CCOC[C@@H]4C)nc(N4CCOC[C@@H]4C)nc3n2)c1
1054,Palbociclib,"CDK4, CDK6",-0.0759342113760987,180,BxPC3,CC1=C(C(=O)N(C2=NC(=NC=C12)NC3=NC=C(C=C3)N4CCNCC4)C5CCCC5)C(=O)C,CVCL_0186,CC(=O)c1c(C)c2cnc(Nc3ccc(N4CCNCC4)cn3)nc2n(C2CCCC2)c1=O
2107,LJI308,"RSK2, RSK1, RSK3",-0.0724062312767567,180,BxPC3,C1COCCN1C2=CC=C(C=C2)C3=C(C=NC=C3)C4=CC(=C(C(=C4)F)O)F,CVCL_0186,Oc1c(F)cc(-c2cnccc2-c2ccc(N3CCOCC3)cc2)cc1F
1058,Pictilisib,PI3K (class 1),-0.0630438062398189,180,BxPC3,CS(=O)(=O)N1CCN(CC1)CC2=CC3=C(S2)C(=NC(=N3)C4=C5C=NNC5=CC=C4)N6CCOCC6,CVCL_0186,CS(=O)(=O)N1CCN(Cc2cc3nc(-c4cccc5[nH]ncc45)nc(N4CCOCC4)c3s2)CC1
1463,AZD1332,"NTRK1, NTRK2, NTRK3",-0.0621357487404531,180,BxPC3,CC(C)OC1=NNC(=C1)NC2=NC(=NC=C2Cl)NC(C)C3=NC=C(C=C3)F,CVCL_0186,CC(C)Oc1cc(Nc2nc(NC(C)c3ccc(F)cn3)ncc2Cl)[nH]n1
1624,I-BET-762,"BRD2, BRD3, BRD4",-0.0518263434132376,180,BxPC3,CCNC(=O)C[C@H]1C2=NN=C(N2C3=C(C=C(C=C3)OC)C(=N1)C4=CC=C(C=C4)Cl)C,CVCL_0186,CCNC(=O)C[C@@H]1N=C(c2ccc(Cl)cc2)c2cc(OC)ccc2-n2c(C)nnc21
1083,Crizotinib,"MET, ALK, ROS1",-0.0512180516579158,180,BxPC3,C[C@H](C1=C(C=CC(=C1Cl)F)Cl)OC2=C(N=CC(=C2)C3=CN(N=C3)C4CCNCC4)N,CVCL_0186,C[C@@H](Oc1cc(-c2cnn(C3CCNCC3)c2)cnc1N)c1c(Cl)ccc(F)c1Cl
1913,AGI-5198,IDH1 (R132H),-0.0459225689655728,180,BxPC3,CC1=CC=CC=C1C(C(=O)NC2CCCCC2)N(C3=CC(=CC=C3)F)C(=O)CN4C=CN=C4C,CVCL_0186,Cc1ccccc1C(C(=O)NC1CCCCC1)N(C(=O)Cn1ccnc1C)c1cccc(F)c1
1997,WEHI-539,BCL-XL,-0.0432021772140511,180,BxPC3,C1CC2=C(C=C(C=C2)C3=NC(=C(S3)CCCOC4=CC=C(C=C4)CN)C(=O)O)/C(=N/NC5=NC6=CC=CC=C6S5)/C1,CVCL_0186,NCc1ccc(OCCCc2sc(-c3ccc4c(c3)/C(=N/Nc3nc5ccccc5s3)CCC4)nc2C(=O)O)cc1
1620,PFI3,"Polybromo 1, SMARCA4, SMARCA2",-0.0375920710111029,180,BxPC3,C1[C@@H]2CN([C@H]1CN2C3=CC=CC=N3)/C=C/C(=O)C4=CC=CC=C4O,CVCL_0186,O=C(/C=C/N1C[C@H]2C[C@@H]1CN2c1ccccn1)c1ccccc1O
2045,AMG-319,PI3K (beta sparing),-0.0314127727101312,180,BxPC3,C[C@@H](C1=C(N=C2C=C(C=CC2=C1)F)C3=CC=CC=N3)NC4=NC=NC5=C4NC=N5,CVCL_0186,C[C@H](Nc1ncnc2nc[nH]c12)c1cc2ccc(F)cc2nc1-c1ccccn1
1919,Osimertinib,EGFR,-0.0293415723534586,180,BxPC3,CN1C=C(C2=CC=CC=C21)C3=NC(=NC=C3)NC4=C(C=C(C(=C4)NC(=O)C=C)N(C)CCN(C)C)OC,CVCL_0186,C=CC(=O)Nc1cc(Nc2nccc(-c3cn(C)c4ccccc34)n2)c(OC)cc1N(C)CCN(C)C
1614,WZ4003,"NUAK1, NUAK2",-0.0168045057461909,180,BxPC3,CCC(=O)NC1=CC(=CC=C1)OC2=NC(=NC=C2Cl)NC3=C(C=C(C=C3)N4CCN(CC4)C)OC,CVCL_0186,CCC(=O)Nc1cccc(Oc2nc(Nc3ccc(N4CCN(C)CC4)cc3OC)ncc2Cl)c1
1925,GDC0810,"ESR1, ESR2",-0.0159363742824324,180,BxPC3,CC/C(=C(/C1=CC=C(C=C1)/C=C/C(=O)O)\C2=CC3=C(C=C2)NN=C3)/C4=C(C=C(C=C4)F)Cl,CVCL_0186,CC/C(=C(/c1ccc(/C=C/C(=O)O)cc1)c1ccc2[nH]ncc2c1)c1ccc(F)cc1Cl
1799,Ibrutinib,BTK,-0.0132578547184988,180,BxPC3,C=CC(=O)N1CCC[C@H](C1)N2C3=NC=NC(=C3C(=N2)C4=CC=C(C=C4)OC5=CC=CC=C5)N,CVCL_0186,C=CC(=O)N1CCC[C@@H](n2nc(-c3ccc(Oc4ccccc4)cc3)c3c(N)ncnc32)C1
1237,EPZ004777,DOT1L,-0.006383756784445,180,BxPC3,CC(C)N(CCCNC(=O)NC1=CC=C(C=C1)C(C)(C)C)C[C@@H]2[C@H]([C@H]([C@@H](O2)N3C=CC4=C(N=CN=C43)N)O)O,CVCL_0186,CC(C)N(CCCNC(=O)Nc1ccc(C(C)(C)C)cc1)C[C@H]1O[C@@H](n2ccc3c(N)ncnc32)[C@H](O)[C@@H]1O
1908,Ulixertinib,"ERK1, ERK2",-0.004544365246536,180,BxPC3,CC(C)NC1=NC=C(C(=C1)C2=CNC(=C2)C(=O)N[C@H](CO)C3=CC(=CC=C3)Cl)Cl,CVCL_0186,CC(C)Nc1cc(-c2c[nH]c(C(=O)N[C@H](CO)c3cccc(Cl)c3)c2)c(Cl)cn1
1372,Trametinib,"MEK1, MEK2",0.0028646700832988,180,BxPC3,CC1=C2C(=C(N(C1=O)C)NC3=C(C=C(C=C3)I)F)C(=O)N(C(=O)N2C4=CC=CC(=C4)NC(=O)C)C5CC5,CVCL_0186,CC(=O)Nc1cccc(-n2c(=O)n(C3CC3)c(=O)c3c(Nc4ccc(I)cc4F)n(C)c(=O)c(C)c32)c1
1926,GNE-317,PI3Kalpha,0.0043113812588566,180,BxPC3,CC1=C(SC2=C1N=C(N=C2N3CCOCC3)C4=CN=C(N=C4)N)C5(COC5)OC,CVCL_0186,COC1(c2sc3c(N4CCOCC4)nc(-c4cnc(N)nc4)nc3c2C)COC1
1049,PD173074,"FGFR1, FGFR2, FGFR3",0.0085217029061102,180,BxPC3,CCN(CC)CCCCNC1=NC2=NC(=C(C=C2C=N1)C3=CC(=CC(=C3)OC)OC)NC(=O)NC(C)(C)C,CVCL_0186,CCN(CC)CCCCNc1ncc2cc(-c3cc(OC)cc(OC)c3)c(NC(=O)NC(C)(C)C)nc2n1
1529,Pevonedistat,NAE,0.0240431291472219,180,BxPC3,C1CC2=CC=CC=C2[C@H]1NC3=C4C=CN(C4=NC=N3)[C@@H]5C[C@H]([C@H](C5)O)COS(=O)(=O)N,CVCL_0186,NS(=O)(=O)OC[C@@H]1C[C@@H](n2ccc3c(N[C@H]4CCc5ccccc54)ncnc32)C[C@@H]1O
1010,Gefitinib,EGFR,0.0306014613919093,180,BxPC3,COC1=C(C=C2C(=C1)N=CN=C2NC3=CC(=C(C=C3)F)Cl)OCCCN4CCOCC4,CVCL_0186,COc1cc2ncnc(Nc3ccc(F)c(Cl)c3)c2cc1OCCCN1CCOCC1
1931,MIRA-1,TP53,0.0487027662585666,180,BxPC3,CCC(=O)OCN1C(=O)C=CC1=O,CVCL_0186,CCC(=O)OCN1C(=O)C=CC1=O
1190,Gemcitabine,Pyrimidine antimetabolite,0.0492922000240329,180,BxPC3,C1=CN(C(=O)N=C1N)[C@H]2C([C@@H]([C@H](O2)CO)O)(F)F,CVCL_0186,Nc1ccn([C@@H]2O[C@H](CO)[C@@H](O)C2(F)F)c(=O)n1
1177,Niraparib,"PARP1, PARP2",0.0554917781579278,180,BxPC3,C1C[C@H](CNC1)C2=CC=C(C=C2)N3C=C4C=CC=C(C4=N3)C(=O)N,CVCL_0186,NC(=O)c1cccc2cn(-c3ccc([C@@H]4CCCNC4)cc3)nc12
1004,Vinblastine,Microtubule destabiliser,0.0798901982079672,180,BxPC3,CC[C@@]1(CC2C[C@@](C3=C(CCN(C2)C1)C4=CC=CC=C4N3)(C5=C(C=C6C(=C5)[C@]78CCN9[C@H]7[C@@](C=CC9)([C@H]([C@@]([C@@H]8N6C)(C(=O)OC)O)OC(=O)C)CC)OC)C(=O)OC)O,CVCL_0186,CC[C@]1(O)CC2CN(CCc3c([nH]c4ccccc34)[C@@](C(=O)OC)(c3cc4c(cc3OC)N(C)[C@H]3[C@@](O)(C(=O)OC)[C@H](OC(C)=O)[C@]5(CC)C=CCN6CC[C@]43[C@@H]65)C2)C1
1927,GSK2578215A,LRRK2,0.0812116602873241,180,BxPC3,C1=CC=C(C=C1)COC2=C(C=C(C=C2)C3=CC(=NC=C3)F)C(=O)NC4=CN=CC=C4,CVCL_0186,O=C(Nc1cccnc1)c1cc(-c2ccnc(F)c2)ccc1OCc1ccccc1
1017,Olaparib,"PARP1, PARP2",0.1065714562159367,180,BxPC3,C1CC1C(=O)N2CCN(CC2)C(=O)C3=C(C=CC(=C3)CC4=NNC(=O)C5=CC=CC=C54)F,CVCL_0186,O=C(c1cc(Cc2n[nH]c(=O)c3ccccc23)ccc1F)N1CCN(C(=O)C2CC2)CC1
1873,Buparlisib,"PI3Kalpha, PI3Kdelta, PI3Kbeta, PI3Kgamma",0.1073393772138268,180,BxPC3,C1COCCN1C2=NC(=NC(=C2)C3=CN=C(C=C3C(F)(F)F)N)N4CCOCC4,CVCL_0186,Nc1cc(C(F)(F)F)c(-c2cc(N3CCOCC3)nc(N3CCOCC3)n2)cn1
1941,Sepantronium bromide,BIRC5,0.1322696477012802,180,BxPC3,CC1=[N+](C2=C(N1CCOC)C(=O)C3=CC=CC=C3C2=O)CC4=NC=CN=C4.[Br-],CVCL_0186,COCCn1c2c([n+](Cc3cnccn3)c1C)C(=O)c1ccccc1C2=O
1706,AZD5153,BRD4,0.1405739959761846,180,BxPC3,C[C@@H]1C(=O)N(CCN1CCOC2=CC=C(C=C2)C3CCN(CC3)C4=NN5C(=NN=C5OC)C=C4)C,CVCL_0186,COc1nnc2ccc(N3CCC(c4ccc(OCCN5CCN(C)C(=O)[C@H]5C)cc4)CC3)nn12
1720,AZD5991,MCL1,0.1622884146924254,180,BxPC3,CC1=C2C(=NN1C)CSCC3=NN(C(=C3)CSC4=CC5=CC=CC=C5C(=C4)OCCCC6=C(N(C7=C6C=CC(=C27)Cl)C)C(=O)O)C,CVCL_0186,Cc1c2c(nn1C)CSCc1cc(n(C)n1)CSc1cc(c3ccccc3c1)OCCCc1c(C(=O)O)n(C)c3c-2c(Cl)ccc13
1032,Afatinib,"ERBB2, EGFR",0.1667015309995134,180,BxPC3,CN(C)C/C=C/C(=O)NC1=C(C=C2C(=C1)C(=NC=N2)NC3=CC(=C(C=C3)F)Cl)O[C@H]4CCOC4,CVCL_0186,CN(C)C/C=C/C(=O)Nc1cc2c(Nc3ccc(F)c(Cl)c3)ncnc2cc1O[C@H]1CCOC1
1936,Savolitinib,MET,0.1846880254865907,180,BxPC3,C[C@@H](C1=CN2C=CN=C2C=C1)N3C4=NC(=CN=C4N=N3)C5=CN(N=C5)C,CVCL_0186,C[C@@H](c1ccc2nccn2c1)n1nnc2ncc(-c3cnn(C)c3)nc21
1507,Ruxolitinib,"JAK1, JAK2",0.1921659978445546,180,BxPC3,C1CCC(C1)[C@@H](CC#N)N2C=C(C=N2)C3=C4C=CNC4=NC=N3,CVCL_0186,N#CC[C@H](C1CCCC1)n1cc(-c2ncnc3[nH]ccc23)cn1
1593,Entinostat,"HDAC1, HDAC3",0.1956479558201855,180,BxPC3,C1=CC=C(C(=C1)N)NC(=O)C2=CC=C(C=C2)CNC(=O)OCC3=CN=CC=C3,CVCL_0186,Nc1ccccc1NC(=O)c1ccc(CNC(=O)OCc2cccnc2)cc1
1928,I-BRD9,BRD9,0.1966139217686021,180,BxPC3,CCN1C=C(C2=C(C1=O)C=C(S2)C(=NC3CCS(=O)(=O)CC3)N)C4=CC(=CC=C4)C(F)(F)F,CVCL_0186,CCn1cc(-c2cccc(C(F)(F)F)c2)c2sc(C(N)=NC3CCS(=O)(=O)CC3)cc2c1=O
1057,Dactolisib,"PI3K (class 1), MTORC1, MTORC2",0.2388318558599367,180,BxPC3,CC(C)(C#N)C1=CC=C(C=C1)N2C3=C4C=C(C=CC4=NC=C3N(C2=O)C)C5=CC6=CC=CC=C6N=C5,CVCL_0186,Cn1c(=O)n(-c2ccc(C(C)(C)C#N)cc2)c2c3cc(-c4cnc5ccccc5c4)ccc3ncc21
1007,Docetaxel,Microtubule stabiliser,0.2457215251361395,180,BxPC3,CC1=C2[C@H](C(=O)[C@@]3([C@H](C[C@@H]4[C@]([C@H]3[C@@H]([C@@](C2(C)C)(C[C@@H]1OC(=O)[C@@H]([C@H](C5=CC=CC=C5)NC(=O)OC(C)(C)C)O)O)OC(=O)C6=CC=CC=C6)(CO4)OC(=O)C)O)C)O,CVCL_0186,CC(=O)O[C@@]12CO[C@@H]1C[C@H](O)[C@@]1(C)C(=O)[C@H](O)C3=C(C)[C@@H](OC(=O)[C@H](O)[C@@H](NC(=O)OC(C)(C)C)c4ccccc4)C[C@@](O)([C@@H](OC(=O)c4ccccc4)[C@@H]12)C3(C)C
1786,AZD4547,"FGFR1, FGFR2, FGFR3",0.248518464138437,180,BxPC3,C[C@@H]1CN(C[C@@H](N1)C)C2=CC=C(C=C2)C(=O)NC3=NNC(=C3)CCC4=CC(=CC(=C4)OC)OC,CVCL_0186,COc1cc(CCc2cc(NC(=O)c3ccc(N4C[C@H](C)N[C@H](C)C4)cc3)n[nH]2)cc(OC)c1
1631,PRT062607,SYK,0.2541840021479626,180,BxPC3,C1CC[C@H]([C@H](C1)N)NC2=NC=C(C(=N2)NC3=CC(=CC=C3)N4N=CC=N4)C(=O)N,CVCL_0186,NC(=O)c1cnc(N[C@@H]2CCCC[C@@H]2N)nc1Nc1cccc(-n2nccn2)c1
1924,Ipatasertib,"AKT1, AKT, AKT3",0.2649054985955105,180,BxPC3,C[C@@H]1C[C@H](C2=C1C(=NC=N2)N3CCN(CC3)C(=O)[C@H](CNC(C)C)C4=CC=C(C=C4)Cl)O,CVCL_0186,CC(C)NC[C@@H](C(=O)N1CCN(c2ncnc3c2[C@H](C)C[C@H]3O)CC1)c1ccc(Cl)cc1
1013,Nilotinib,ABL,0.2983518681917664,180,BxPC3,CC1=C(C=C(C=C1)C(=O)NC2=CC(=CC(=C2)C(F)(F)F)N3C=C(N=C3)C)NC4=NC=CC(=N4)C5=CN=CC=C5,CVCL_0186,Cc1cn(-c2cc(NC(=O)c3ccc(C)c(Nc4nccc(-c5cccnc5)n4)c3)cc(C(F)(F)F)c2)cn1
1627,GSK343,EZH2,0.3129095745644262,180,BxPC3,CCCC1=C(C(=O)NC(=C1)C)CNC(=O)C2=C3C=NN(C3=CC(=C2)C4=CC(=NC=C4)N5CCN(CC5)C)C(C)C,CVCL_0186,CCCc1cc(C)[nH]c(=O)c1CNC(=O)c1cc(-c2ccnc(N3CCN(C)CC3)c2)cc2c1cnn2C(C)C
2096,VX-11e,ERK2,0.3178786390859122,180,BxPC3,CC1=CN=C(N=C1C2=CNC(=C2)C(=O)N[C@H](CO)C3=CC(=CC=C3)Cl)NC4=C(C=C(C=C4)F)Cl,CVCL_0186,Cc1cnc(Nc2ccc(F)cc2Cl)nc1-c1c[nH]c(C(=O)N[C@H](CO)c2cccc(Cl)c2)c1
1003,Camptothecin,TOP1,0.3209944981288953,180,BxPC3,CC[C@@]1(C2=C(COC1=O)C(=O)N3CC4=CC5=CC=CC=C5N=C4C3=C2)O,CVCL_0186,CC[C@@]1(O)C(=O)OCc2c1cc1n(c2=O)Cc2cc3ccccc3nc2-1
1613,VE-822,ATR,0.3527417911552864,180,BxPC3,CC(C)S(=O)(=O)C1=CC=C(C=C1)C2=CN=C(C(=N2)C3=CC(=NO3)C4=CC=C(C=C4)CNC)N,CVCL_0186,CNCc1ccc(-c2cc(-c3nc(-c4ccc(S(=O)(=O)C(C)C)cc4)cnc3N)on2)cc1
1131,PRIMA-1MET,TP53 activation,0.361043003377627,180,BxPC3,COCC1(C(=O)C2CCN1CC2)CO,CVCL_0186,COCC1(CO)C(=O)C2CCN1CC2
1819,Docetaxel,Microtubule stabiliser,0.372584695512325,180,BxPC3,CC1=C2[C@H](C(=O)[C@@]3([C@H](C[C@@H]4[C@]([C@H]3[C@@H]([C@@](C2(C)C)(C[C@@H]1OC(=O)[C@@H]([C@H](C5=CC=CC=C5)NC(=O)OC(C)(C)C)O)O)OC(=O)C6=CC=CC=C6)(CO4)OC(=O)C)O)C)O,CVCL_0186,CC(=O)O[C@@]12CO[C@@H]1C[C@H](O)[C@@]1(C)C(=O)[C@H](O)C3=C(C)[C@@H](OC(=O)[C@H](O)[C@@H](NC(=O)OC(C)(C)C)c4ccccc4)C[C@@](O)([C@@H](OC(=O)c4ccccc4)[C@@H]12)C3(C)C
1512,Cyclophosphamide,Alkylating agent,0.3785198793676307,180,BxPC3,C1CNP(=O)(OC1)N(CCCl)CCCl,CVCL_0186,O=P1(N(CCCl)CCCl)NCCCO1
1912,Afuresertib,"AKT1, AKT2, AKT3",0.3787761300700629,180,BxPC3,CN1C(=C(C=N1)Cl)C2=C(SC(=C2)C(=O)N[C@@H](CC3=CC(=CC=C3)F)CN)Cl,CVCL_0186,Cn1ncc(Cl)c1-c1cc(C(=O)N[C@H](CN)Cc2cccc(F)c2)sc1Cl
2040,Foretinib,"MET, KDR, TIE2, VEGFR3/FLT4, RON, PDGFR, FGFR1, EGFR",0.3981297519349893,180,BxPC3,COC1=CC2=C(C=CN=C2C=C1OCCCN3CCOCC3)OC4=C(C=C(C=C4)NC(=O)C5(CC5)C(=O)NC6=CC=C(C=C6)F)F,CVCL_0186,COc1cc2c(Oc3ccc(NC(=O)C4(C(=O)Nc5ccc(F)cc5)CC4)cc3F)ccnc2cc1OCCCN1CCOCC1
2043,BIBR-1532,TERT,0.4109704906213003,180,BxPC3,C/C(=C\C(=O)NC1=CC=CC=C1C(=O)O)/C2=CC3=CC=CC=C3C=C2,CVCL_0186,C/C(=C\C(=O)Nc1ccccc1C(=O)O)c1ccc2ccccc2c1
1909,Venetoclax,BCL2,0.4459372079921401,180,BxPC3,CC1(CCC(=C(C1)C2=CC=C(C=C2)Cl)CN3CCN(CC3)C4=CC(=C(C=C4)C(=O)NS(=O)(=O)C5=CC(=C(C=C5)NCC6CCOCC6)[N+](=O)[O-])OC7=CN=C8C(=C7)C=CN8)C,CVCL_0186,CC1(C)CCC(CN2CCN(c3ccc(C(=O)NS(=O)(=O)c4ccc(NCC5CCOCC5)c([N+](=O)[O-])c4)c(Oc4cnc5[nH]ccc5c4)c3)CC2)=C(c2ccc(Cl)cc2)C1
1932,NVP-ADW742,IGF1R,0.4511115738547043,180,BxPC3,C1CCN(C1)CC2CC(C2)N3C=C(C4=C(N=CN=C43)N)C5=CC(=CC=C5)OCC6=CC=CC=C6,CVCL_0186,Nc1ncnc2c1c(-c1cccc(OCc3ccccc3)c1)cn2C1CC(CN2CCCC2)C1
1053,MK-2206,"AKT1, AKT2",0.4652725201329988,180,BxPC3,C1CC(C1)(C2=CC=C(C=C2)C3=C(C=C4C(=N3)C=CN5C4=NNC5=O)C6=CC=CC=C6)N.Cl.Cl,CVCL_0186,NC1(c2ccc(-c3nc4ccn5c(=O)[nH]nc5c4cc3-c3ccccc3)cc2)CCC1
1006,Cytarabine,Antimetabolite,0.4842506161907813,180,BxPC3,C1=CN(C(=O)N=C1N)[C@H]2[C@H]([C@@H]([C@H](O2)CO)O)O,CVCL_0186,Nc1ccn([C@@H]2O[C@H](CO)[C@@H](O)[C@@H]2O)c(=O)n1
1511,Epirubicin,Anthracycline,0.4882184629675419,180,BxPC3,C[C@H]1[C@@H]([C@H](C[C@@H](O1)O[C@H]2C[C@@](CC3=C2C(=C4C(=C3O)C(=O)C5=C(C4=O)C(=CC=C5)OC)O)(C(=O)CO)O)N)O,CVCL_0186,COc1cccc2c1C(=O)c1c(O)c3c(c(O)c1C2=O)C[C@@](O)(C(=O)CO)C[C@@H]3O[C@H]1C[C@H](N)[C@@H](O)[C@H](C)O1
2046,MK-8776,"CHEK1, CHEK2, CDK2",0.4911280606476736,180,BxPC3,CN1C=C(C=N1)C2=C3N=C(C(=C(N3N=C2)N)Br)C4CCCNC4,CVCL_0186,Cn1cc(-c2cnn3c(N)c(Br)c(C4CCCNC4)nc23)cn1
1806,Oxaliplatin,DNA alkylating agent,0.5071922158296924,180,BxPC3,C1CC[C@H]([C@@H](C1)[NH-])[NH-].C(=O)(C(=O)O)O.[Pt+2],CVCL_0186,N[C@@H]1CCCC[C@H]1N
1248,Daporinad,NAMPT,0.5083386021804849,180,BxPC3,C1CN(CCC1CCCCNC(=O)/C=C/C2=CN=CC=C2)C(=O)C3=CC=CC=C3,CVCL_0186,O=C(/C=C/c1cccnc1)NCCCCC1CCN(C(=O)c2ccccc2)CC1
1625,RVX-208,BRD4,0.5679345560965793,180,BxPC3,C1=CC(=C(C=C1N=C=O)F)F,CVCL_0186,O=C=Nc1ccc(F)c(F)c1
1199,Tamoxifen,ESR1,0.6390806342775202,180,BxPC3,CC/C(=C(\C1=CC=CC=C1)/C2=CC=C(C=C2)OCCN(C)C)/C3=CC=CC=C3,CVCL_0186,CC/C(=C(\c1ccccc1)c1ccc(OCCN(C)C)cc1)c1ccccc1
1910,ABT737,"BCL2, BCL-XL,  BCL-W, BCL-B, BFL1",0.6457377973844087,180,BxPC3,CN(C)CC[C@H](CSC1=CC=CC=C1)NC2=C(C=C(C=C2)S(=O)(=O)NC(=O)C3=CC=C(C=C3)N4CCN(CC4)CC5=CC=CC=C5C6=CC=C(C=C6)Cl)[N+](=O)[O-],CVCL_0186,CN(C)CC[C@H](CSc1ccccc1)Nc1ccc(S(=O)(=O)NC(=O)c2ccc(N3CCN(Cc4ccccc4-c4ccc(Cl)cc4)CC3)cc2)cc1[N+](=O)[O-]
1250,AZ960,"JAK2, JAK3",0.6629750319392514,180,BxPC3,CC1=CC(=NN1)NC2=C(C=C(C(=N2)N[C@@H](C)C3=CC=C(C=C3)F)C#N)F,CVCL_0186,Cc1cc(Nc2nc(N[C@@H](C)c3ccc(F)cc3)c(C#N)cc2F)n[nH]1
1855,KRAS (G12C) Inhibitor-12,KRAS (G12C),0.6718734902346569,180,BxPC3,C=CC(=O)N1CCN(CC1)C(=O)CNC2=CC(=C(C=C2O)Cl)I,CVCL_0186,C=CC(=O)N1CCN(C(=O)CNc2cc(I)c(Cl)cc2O)CC1
1933,P22077,"USP7, USP47",0.7081077993292075,180,BxPC3,CC(=O)C1=CC(=C(S1)SC2=C(C=C(C=C2)F)F)[N+](=O)[O-],CVCL_0186,CC(=O)c1cc([N+](=O)[O-])c(Sc2ccc(F)cc2F)s1
1047,Nutlin-3a (-),MDM2,0.7375684324365764,180,BxPC3,CC(C)OC1=C(C=CC(=C1)OC)C2=N[C@H]([C@H](N2C(=O)N3CCNC(=O)C3)C4=CC=C(C=C4)Cl)C5=CC=C(C=C5)Cl,CVCL_0186,COc1ccc(C2=N[C@@H](c3ccc(Cl)cc3)[C@@H](c3ccc(Cl)cc3)N2C(=O)N2CCNC(=O)C2)c(OC(C)C)c1
1088,Irinotecan,TOP1,0.7770976763486172,180,BxPC3,CCC1=C2CN3C(=CC4=C(C3=O)COC(=O)[C@@]4(CC)O)C2=NC5=C1C=C(C=C5)OC(=O)N6CCC(CC6)N7CCCCC7,CVCL_0186,CCc1c2c(nc3ccc(OC(=O)N4CCC(N5CCCCC5)CC4)cc13)-c1cc3c(c(=O)n1C2)COC(=O)[C@]3(O)CC
1012,Vorinostat,"HDAC inhibitor Class I, IIa, IIb, IV",0.7771821672693395,180,BxPC3,C1=CC=C(C=C1)NC(=O)CCCCCCC(=O)NO,CVCL_0186,O=C(CCCCCCC(=O)Nc1ccccc1)NO
1080,Paclitaxel,Microtubule stabiliser,0.793544364587121,180,BxPC3,CC1=C2[C@H](C(=O)[C@@]3([C@H](C[C@@H]4[C@]([C@H]3[C@@H]([C@@](C2(C)C)(C[C@@H]1OC(=O)[C@@H]([C@H](C5=CC=CC=C5)NC(=O)C6=CC=CC=C6)O)O)OC(=O)C7=CC=CC=C7)(CO4)OC(=O)C)O)C)OC(=O)C,CVCL_0186,CC(=O)O[C@H]1C(=O)[C@]2(C)[C@@H](O)C[C@H]3OC[C@@]3(OC(C)=O)[C@H]2[C@H](OC(=O)c2ccccc2)[C@]2(O)C[C@H](OC(=O)[C@H](O)[C@@H](NC(=O)c3ccccc3)c3ccccc3)C(C)=C1C2(C)C
1089,Oxaliplatin,DNA alkylating agent,0.7938904020628013,180,BxPC3,C1CC[C@H]([C@@H](C1)N)N.C(=O)(C(=O)O)O.[Pt],CVCL_0186,N[C@@H]1CCCC[C@H]1N
1011,Navitoclax,"BCL2, BCL-XL, BCL-W",0.836220582685268,180,BxPC3,CC1(CCC(=C(C1)CN2CCN(CC2)C3=CC=C(C=C3)C(=O)NS(=O)(=O)C4=CC(=C(C=C4)N[C@H](CCN5CCOCC5)CSC6=CC=CC=C6)S(=O)(=O)C(F)(F)F)C7=CC=C(C=C7)Cl)C,CVCL_0186,CC1(C)CCC(c2ccc(Cl)cc2)=C(CN2CCN(c3ccc(C(=O)NS(=O)(=O)c4ccc(N[C@H](CCN5CCOCC5)CSc5ccccc5)c(S(=O)(=O)C(F)(F)F)c4)cc3)CC2)C1
1621,PCI-34051,"HDAC8, HDAC6, HDAC1",0.8440910489011997,180,BxPC3,COC1=CC=C(C=C1)CN2C=CC3=C2C=C(C=C3)C(=O)NO,CVCL_0186,COc1ccc(Cn2ccc3ccc(C(=O)NO)cc32)cc1
1046,Wee1 Inhibitor,"WEE1, CHEK1",0.8524902837075907,180,BxPC3,C1=CC=C(C(=C1)C2=CC3=C(C4=C(N3)C=CC(=C4)O)C5=C2C(=O)NC5=O)Cl,CVCL_0186,O=C1NC(=O)c2c1c(-c1ccccc1Cl)cc1[nH]c3ccc(O)cc3c21
1916,AZD5363,"AKT1, AKT2, AKT3, ROCK2",0.9341313324737344,180,BxPC3,C1CN(CCC1(C(=O)N[C@@H](CCO)C2=CC=C(C=C2)Cl)N)C3=NC=NC4=C3C=CN4,CVCL_0186,NC1(C(=O)N[C@@H](CCO)c2ccc(Cl)cc2)CCN(c2ncnc3[nH]ccc23)CC1
1259,Talazoparib,"PARP1, PARP2",0.9805803694042228,180,BxPC3,CC(C)/C=N/NC(=O)C1=CC=C(C=C1)NC(=O)C,CVCL_0186,CC(=O)Nc1ccc(C(=O)N/N=C/C(C)C)cc1
1085,Sorafenib,"PDGFR, KIT, VEGFR, RAF",1.0911702296915868,180,BxPC3,CNC(=O)C1=NC=CC(=C1)OC2=CC=C(C=C2)NC(=O)NC3=CC(=C(C=C3)Cl)C(F)(F)F,CVCL_0186,CNC(=O)c1cc(Oc2ccc(NC(=O)Nc3ccc(Cl)c(C(F)(F)F)c3)cc2)ccn1
1930,Telomerase Inhibitor IX,Telomerase,1.326500561672244,180,BxPC3,C1=CC(=CC(=C1)NC(=O)C2=C(C(=CC=C2)O)O)NC(=O)C3=C(C(=CC=C3)O)O,CVCL_0186,O=C(Nc1cccc(NC(=O)c2cccc(O)c2O)c1)c1cccc(O)c1O
1939,UMI-77,MCL1,1.4150421619951594,180,BxPC3,C1=CC=C2C(=C1)C(=CC(=C2O)SCC(=O)O)NS(=O)(=O)C3=CC=C(C=C3)Br,CVCL_0186,O=C(O)CSc1cc(NS(=O)(=O)c2ccc(Br)cc2)c2ccccc2c1O
1917,AZD6738,ATR,1.794174688236693,180,BxPC3,C[C@@H]1COCCN1C2=NC(=NC(=C2)C3(CC3)[S@](=N)(=O)C)C4=C5C=CNC5=NC=C4,CVCL_0186,C[C@@H]1COCCN1c1cc(C2([S@](C)(=N)=O)CC2)nc(-c2ccnc3[nH]ccc23)n1
1559,Luminespib,HSP90,2.302069266429783,180,BxPC3,CN1C2=CC=CC=C2C(C1=O)(CC(=O)C3=CC=C(C=C3)Cl)O,CVCL_0186,CN1C(=O)C(O)(CC(=O)c2ccc(Cl)cc2)c2ccccc21
2096,VX-11e,ERK2,-0.9301183717088224,180,CAPAN1,CC1=CN=C(N=C1C2=CNC(=C2)C(=O)N[C@H](CO)C3=CC(=CC=C3)Cl)NC4=C(C=C(C=C4)F)Cl,CVCL_0237,Cc1cnc(Nc2ccc(F)cc2Cl)nc1-c1c[nH]c(C(=O)N[C@H](CO)c2cccc(Cl)c2)c1
1017,Olaparib,"PARP1, PARP2",-0.9203691649274462,180,CAPAN1,C1CC1C(=O)N2CCN(CC2)C(=O)C3=C(C=CC(=C3)CC4=NNC(=O)C5=CC=CC=C54)F,CVCL_0237,O=C(c1cc(Cc2n[nH]c(=O)c3ccccc23)ccc1F)N1CCN(C(=O)C2CC2)CC1
1088,Irinotecan,TOP1,-0.7808147749458314,180,CAPAN1,CCC1=C2CN3C(=CC4=C(C3=O)COC(=O)[C@@]4(CC)O)C2=NC5=C1C=C(C=C5)OC(=O)N6CCC(CC6)N7CCCCC7,CVCL_0237,CCc1c2c(nc3ccc(OC(=O)N4CCC(N5CCCCC5)CC4)cc13)-c1cc3c(c(=O)n1C2)COC(=O)[C@]3(O)CC
1003,Camptothecin,TOP1,-0.7548228760528493,180,CAPAN1,CC[C@@]1(C2=C(COC1=O)C(=O)N3CC4=CC5=CC=CC=C5N=C4C3=C2)O,CVCL_0237,CC[C@@]1(O)C(=O)OCc2c1cc1n(c2=O)Cc2cc3ccccc3nc2-1
1853,OF-1,"BRPF1B, BRPF2",-0.7245620046812493,180,CAPAN1,CC1=C(C=CC(=C1)Br)S(=O)(=O)NC2=CC3=C(C=C2OC)N(C(=O)N3C)C,CVCL_0237,COc1cc2c(cc1NS(=O)(=O)c1ccc(Br)cc1C)n(C)c(=O)n2C
1564,SCH772984,"ERK1, ERK2",-0.6752176393404369,180,CAPAN1,C1CN(C[C@@H]1C(=O)NC2=CC3=C(C=C2)NN=C3C4=CC=NC=C4)CC(=O)N5CCN(CC5)C6=CC=C(C=C6)C7=NC=CC=N7,CVCL_0237,O=C(Nc1ccc2[nH]nc(-c3ccncc3)c2c1)[C@@H]1CCN(CC(=O)N2CCN(c3ccc(-c4ncccn4)cc3)CC2)C1
1259,Talazoparib,"PARP1, PARP2",-0.6704359351475382,180,CAPAN1,CC(C)/C=N/NC(=O)C1=CC=C(C=C1)NC(=O)C,CVCL_0237,CC(=O)Nc1ccc(C(=O)N/N=C/C(C)C)cc1
1908,Ulixertinib,"ERK1, ERK2",-0.5925146384295717,180,CAPAN1,CC(C)NC1=NC=C(C(=C1)C2=CNC(=C2)C(=O)N[C@H](CO)C3=CC(=CC=C3)Cl)Cl,CVCL_0237,CC(C)Nc1cc(-c2c[nH]c(C(=O)N[C@H](CO)c3cccc(Cl)c3)c2)c(Cl)cn1
1598,LGK974,PORCN,-0.5678335983237315,180,CAPAN1,CC1=CC(=CN=C1C2=CC(=NC=C2)C)CC(=O)NC3=NC=C(C=C3)C4=NC=CN=C4,CVCL_0237,Cc1cc(-c2ncc(CC(=O)Nc3ccc(-c4cnccn4)cn3)cc2C)ccn1
1168,Erlotinib,EGFR,-0.5665569926188136,180,CAPAN1,COCCOC1=C(C=C2C(=C1)C(=NC=N2)NC3=CC=CC(=C3)C#C)OCCOC,CVCL_0237,C#Cc1cccc(Nc2ncnc3cc(OCCOC)c(OCCOC)cc23)c1
1622,Wnt-C59,PORCN,-0.556421424328512,180,CAPAN1,CC1=NC=CC(=C1)C2=CC=C(C=C2)CC(=O)NC3=CC=C(C=C3)C4=CN=CC=C4,CVCL_0237,Cc1cc(-c2ccc(CC(=O)Nc3ccc(-c4cccnc4)cc3)cc2)ccn1
1131,PRIMA-1MET,TP53 activation,-0.5501317925287411,180,CAPAN1,COCC1(C(=O)C2CCN1CC2)CO,CVCL_0237,COCC1(CO)C(=O)C2CCN1CC2
1190,Gemcitabine,Pyrimidine antimetabolite,-0.5137279622063051,180,CAPAN1,C1=CN(C(=O)N=C1N)[C@H]2C([C@@H]([C@H](O2)CO)O)(F)F,CVCL_0237,Nc1ccn([C@@H]2O[C@H](CO)[C@@H](O)C2(F)F)c(=O)n1
1372,Trametinib,"MEK1, MEK2",-0.4999752986347687,180,CAPAN1,CC1=C2C(=C(N(C1=O)C)NC3=C(C=C(C=C3)I)F)C(=O)N(C(=O)N2C4=CC=CC(=C4)NC(=O)C)C5CC5,CVCL_0237,CC(=O)Nc1cccc(-n2c(=O)n(C3CC3)c(=O)c3c(Nc4ccc(I)cc4F)n(C)c(=O)c(C)c32)c1
1736,Selumetinib,"MEK1, MEK2",-0.3779009901488265,180,CAPAN1,CN1C=NC2=C1C=C(C(=C2F)NC3=C(C=C(C=C3)Br)Cl)C(=O)NOCCO,CVCL_0237,Cn1cnc2c(F)c(Nc3ccc(Br)cc3Cl)c(C(=O)NOCCO)cc21
2047,Ulixertinib,"ERK1, ERK2",-0.3351994442103378,180,CAPAN1,CC(C)NC1=NC=C(C(=C1)C2=CNC(=C2)C(=O)N[C@H](CO)C3=CC(=CC=C3)Cl)Cl,CVCL_0237,CC(C)Nc1cc(-c2c[nH]c(C(=O)N[C@H](CO)c3cccc(Cl)c3)c2)c(Cl)cn1
1004,Vinblastine,Microtubule destabiliser,-0.3096008674716263,180,CAPAN1,CC[C@@]1(CC2C[C@@](C3=C(CCN(C2)C1)C4=CC=CC=C4N3)(C5=C(C=C6C(=C5)[C@]78CCN9[C@H]7[C@@](C=CC9)([C@H]([C@@]([C@@H]8N6C)(C(=O)OC)O)OC(=O)C)CC)OC)C(=O)OC)O,CVCL_0237,CC[C@]1(O)CC2CN(CCc3c([nH]c4ccccc34)[C@@](C(=O)OC)(c3cc4c(cc3OC)N(C)[C@H]3[C@@](O)(C(=O)OC)[C@H](OC(C)=O)[C@]5(CC)C=CCN6CC[C@]43[C@@H]65)C2)C1
1006,Cytarabine,Antimetabolite,-0.2970768517769077,180,CAPAN1,C1=CN(C(=O)N=C1N)[C@H]2[C@H]([C@@H]([C@H](O2)CO)O)O,CVCL_0237,Nc1ccn([C@@H]2O[C@H](CO)[C@@H](O)[C@@H]2O)c(=O)n1
1862,MG-132,"Proteasome, CAPN1",-0.2881104900699202,180,CAPAN1,CC(C)C[C@@H](C=O)NC(=O)[C@H](CC(C)C)NC(=O)[C@H](CC(C)C)NC(=O)OCC1=CC=CC=C1,CVCL_0237,CC(C)C[C@@H](C=O)NC(=O)[C@H](CC(C)C)NC(=O)[C@H](CC(C)C)NC(=O)OCc1ccccc1
1179,MK-1775,"WEE1, PLK1",-0.2851848708604051,180,CAPAN1,CC(C)(C1=NC(=CC=C1)N2C3=NC(=NC=C3C(=O)N2CC=C)NC4=CC=C(C=C4)N5CCN(CC5)C)O,CVCL_0237,C=CCn1c(=O)c2cnc(Nc3ccc(N4CCN(C)CC4)cc3)nc2n1-c1cccc(C(C)(C)O)n1
1634,AGI-6780,IDH2 R140Q mutant,-0.268858683947178,180,CAPAN1,C1CC1NS(=O)(=O)C2=CC(=C(C=C2)C3=CSC=C3)NC(=O)NC4=CC=CC(=C4)C(F)(F)F,CVCL_0237,O=C(Nc1cccc(C(F)(F)F)c1)Nc1cc(S(=O)(=O)NC2CC2)ccc1-c1ccsc1
1007,Docetaxel,Microtubule stabiliser,-0.2333755941921378,180,CAPAN1,CC1=C2[C@H](C(=O)[C@@]3([C@H](C[C@@H]4[C@]([C@H]3[C@@H]([C@@](C2(C)C)(C[C@@H]1OC(=O)[C@@H]([C@H](C5=CC=CC=C5)NC(=O)OC(C)(C)C)O)O)OC(=O)C6=CC=CC=C6)(CO4)OC(=O)C)O)C)O,CVCL_0237,CC(=O)O[C@@]12CO[C@@H]1C[C@H](O)[C@@]1(C)C(=O)[C@H](O)C3=C(C)[C@@H](OC(=O)[C@H](O)[C@@H](NC(=O)OC(C)(C)C)c4ccccc4)C[C@@](O)([C@@H](OC(=O)c4ccccc4)[C@@H]12)C3(C)C
1786,AZD4547,"FGFR1, FGFR2, FGFR3",-0.1645391355112158,180,CAPAN1,C[C@@H]1CN(C[C@@H](N1)C)C2=CC=C(C=C2)C(=O)NC3=NNC(=C3)CCC4=CC(=CC(=C4)OC)OC,CVCL_0237,COc1cc(CCc2cc(NC(=O)c3ccc(N4C[C@H](C)N[C@H](C)C4)cc3)n[nH]2)cc(OC)c1
1549,Sapitinib,"EGFR, ERBB2, ERBB3",-0.1470698420558665,180,CAPAN1,CNC(=O)CN1CCC(CC1)OC2=C(C=C3C(=C2)C(=NC=N3)NC4=C(C(=CC=C4)Cl)F)OC,CVCL_0237,CNC(=O)CN1CCC(Oc2cc3c(Nc4cccc(Cl)c4F)ncnc3cc2OC)CC1
1060,PD0325901,"MEK1, MEK2",-0.1234667443389366,180,CAPAN1,C1=CC(=C(C=C1I)F)NC2=C(C=CC(=C2F)F)C(=O)NOC[C@@H](CO)O,CVCL_0237,O=C(NOC[C@H](O)CO)c1ccc(F)c(F)c1Nc1ccc(I)cc1F
1940,WIKI4,"TNKS1, TNKS2",-0.1107796208166787,180,CAPAN1,COC1=CC=C(C=C1)N2C(=NN=C2SCCCN3C(=O)C4=CC=CC5=C4C(=CC=C5)C3=O)C6=CC=NC=C6,CVCL_0237,COc1ccc(-n2c(SCCCN3C(=O)c4cccc5cccc(c45)C3=O)nnc2-c2ccncc2)cc1
1915,AZD3759,EGFR,-0.0948264883076374,180,CAPAN1,C[C@@H]1CN(CCN1C(=O)OC2=C(C=C3C(=C2)C(=NC=N3)NC4=C(C(=CC=C4)Cl)F)OC)C,CVCL_0237,COc1cc2ncnc(Nc3cccc(Cl)c3F)c2cc1OC(=O)N1CCN(C)C[C@H]1C
2048,Vinorelbine,Microtubule destabiliser,-0.069724618188199,180,CAPAN1,CCC1=C[C@H]2C[C@@](C3=C(CN(C2)C1)C4=CC=CC=C4N3)(C5=C(C=C6C(=C5)[C@]78CCN9[C@H]7[C@@](C=CC9)([C@H]([C@@]([C@@H]8N6C)(C(=O)OC)O)OC(=O)C)CC)OC)C(=O)OC,CVCL_0237,CCC1=C[C@@H]2CN(C1)Cc1c([nH]c3ccccc13)[C@@](C(=O)OC)(c1cc3c(cc1OC)N(C)[C@H]1[C@@](O)(C(=O)OC)[C@H](OC(C)=O)[C@]4(CC)C=CCN5CC[C@]31[C@@H]54)C2
1248,Daporinad,NAMPT,-0.0468128220997163,180,CAPAN1,C1CN(CCC1CCCCNC(=O)/C=C/C2=CN=CC=C2)C(=O)C3=CC=CC=C3,CVCL_0237,O=C(/C=C/c1cccnc1)NCCCCC1CCN(C(=O)c2ccccc2)CC1
1010,Gefitinib,EGFR,0.064514395011144,180,CAPAN1,COC1=C(C=C2C(=C1)N=CN=C2NC3=CC(=C(C=C3)F)Cl)OCCCN4CCOCC4,CVCL_0237,COc1cc2ncnc(Nc3ccc(F)c(Cl)c3)c2cc1OCCCN1CCOCC1
1199,Tamoxifen,ESR1,0.075363467848157,180,CAPAN1,CC/C(=C(\C1=CC=CC=C1)/C2=CC=C(C=C2)OCCN(C)C)/C3=CC=CC=C3,CVCL_0237,CC/C(=C(\c1ccccc1)c1ccc(OCCN(C)C)cc1)c1ccccc1
2109,AZ6102,"TNKS1, TNKS2",0.0841655549605762,180,CAPAN1,CCC1=CC2=C(C=C1OC(=O)C(C)(C)C)OC(=C(C2=O)OC3=CC=C(C=C3)I)C(F)(F)F,CVCL_0237,CCc1cc2c(=O)c(Oc3ccc(I)cc3)c(C(F)(F)F)oc2cc1OC(=O)C(C)(C)C
1909,Venetoclax,BCL2,0.0955364136356975,180,CAPAN1,CC1(CCC(=C(C1)C2=CC=C(C=C2)Cl)CN3CCN(CC3)C4=CC(=C(C=C4)C(=O)NS(=O)(=O)C5=CC(=C(C=C5)NCC6CCOCC6)[N+](=O)[O-])OC7=CN=C8C(=C7)C=CN8)C,CVCL_0237,CC1(C)CCC(CN2CCN(c3ccc(C(=O)NS(=O)(=O)c4ccc(NCC5CCOCC5)c([N+](=O)[O-])c4)c(Oc4cnc5[nH]ccc5c4)c3)CC2)=C(c2ccc(Cl)cc2)C1
1011,Navitoclax,"BCL2, BCL-XL, BCL-W",0.112860556676203,180,CAPAN1,CC1(CCC(=C(C1)CN2CCN(CC2)C3=CC=C(C=C3)C(=O)NS(=O)(=O)C4=CC(=C(C=C4)N[C@H](CCN5CCOCC5)CSC6=CC=CC=C6)S(=O)(=O)C(F)(F)F)C7=CC=C(C=C7)Cl)C,CVCL_0237,CC1(C)CCC(c2ccc(Cl)cc2)=C(CN2CCN(c3ccc(C(=O)NS(=O)(=O)c4ccc(N[C@H](CCN5CCOCC5)CSc5ccccc5)c(S(=O)(=O)C(F)(F)F)c4)cc3)CC2)C1
1997,WEHI-539,BCL-XL,0.1161089094983071,180,CAPAN1,C1CC2=C(C=C(C=C2)C3=NC(=C(S3)CCCOC4=CC=C(C=C4)CN)C(=O)O)/C(=N/NC5=NC6=CC=CC=C6S5)/C1,CVCL_0237,NCc1ccc(OCCCc2sc(-c3ccc4c(c3)/C(=N/Nc3nc5ccccc5s3)CCC4)nc2C(=O)O)cc1
1032,Afatinib,"ERBB2, EGFR",0.1392763449762261,180,CAPAN1,CN(C)C/C=C/C(=O)NC1=C(C=C2C(=C1)C(=NC=N2)NC3=CC(=C(C=C3)F)Cl)O[C@H]4CCOC4,CVCL_0237,CN(C)C/C=C/C(=O)Nc1cc2c(Nc3ccc(F)c(Cl)c3)ncnc2cc1O[C@H]1CCOC1
1799,Ibrutinib,BTK,0.153522617813034,180,CAPAN1,C=CC(=O)N1CCC[C@H](C1)N2C3=NC=NC(=C3C(=N2)C4=CC=C(C=C4)OC5=CC=CC=C5)N,CVCL_0237,C=CC(=O)N1CCC[C@@H](n2nc(-c3ccc(Oc4ccccc4)cc3)c3c(N)ncnc32)C1
1629,ML323,"USP1, UAF1",0.1666421307081712,180,CAPAN1,CC1=CN=C(N=C1NCC2=CC=C(C=C2)N3C=CN=N3)C4=CC=CC=C4C(C)C,CVCL_0237,Cc1cnc(-c2ccccc2C(C)C)nc1NCc1ccc(-n2ccnn2)cc1
1873,Buparlisib,"PI3Kalpha, PI3Kdelta, PI3Kbeta, PI3Kgamma",0.1932602081494853,180,CAPAN1,C1COCCN1C2=NC(=NC(=C2)C3=CN=C(C=C3C(F)(F)F)N)N4CCOCC4,CVCL_0237,Nc1cc(C(F)(F)F)c(-c2cc(N3CCOCC3)nc(N3CCOCC3)n2)cn1
1373,Dabrafenib,BRAF,0.2223889012072389,180,CAPAN1,CC(C)(C)C1=NC(=C(S1)C2=NC(=NC=C2)N)C3=C(C(=CC=C3)NS(=O)(=O)C4=C(C=CC=C4F)F)F,CVCL_0237,CC(C)(C)c1nc(-c2cccc(NS(=O)(=O)c3c(F)cccc3F)c2F)c(-c2ccnc(N)n2)s1
1239,YK-4-279,RNA helicase A,0.2234249426312564,180,CAPAN1,COC1=CC=C(C=C1)C(=O)CC2(C3=C(C=CC(=C3NC2=O)Cl)Cl)O,CVCL_0237,COc1ccc(C(=O)CC2(O)C(=O)Nc3c(Cl)ccc(Cl)c32)cc1
1080,Paclitaxel,Microtubule stabiliser,0.2467258854916494,180,CAPAN1,CC1=C2[C@H](C(=O)[C@@]3([C@H](C[C@@H]4[C@]([C@H]3[C@@H]([C@@](C2(C)C)(C[C@@H]1OC(=O)[C@@H]([C@H](C5=CC=CC=C5)NC(=O)C6=CC=CC=C6)O)O)OC(=O)C7=CC=CC=C7)(CO4)OC(=O)C)O)C)OC(=O)C,CVCL_0237,CC(=O)O[C@H]1C(=O)[C@]2(C)[C@@H](O)C[C@H]3OC[C@@]3(OC(C)=O)[C@H]2[C@H](OC(=O)c2ccccc2)[C@]2(O)C[C@H](OC(=O)[C@H](O)[C@@H](NC(=O)c3ccccc3)c3ccccc3)C(C)=C1C2(C)C
1910,ABT737,"BCL2, BCL-XL,  BCL-W, BCL-B, BFL1",0.2911772808001185,180,CAPAN1,CN(C)CC[C@H](CSC1=CC=CC=C1)NC2=C(C=C(C=C2)S(=O)(=O)NC(=O)C3=CC=C(C=C3)N4CCN(CC4)CC5=CC=CC=C5C6=CC=C(C=C6)Cl)[N+](=O)[O-],CVCL_0237,CN(C)CC[C@H](CSc1ccccc1)Nc1ccc(S(=O)(=O)NC(=O)c2ccc(N3CCN(Cc4ccccc4-c4ccc(Cl)cc4)CC3)cc2)cc1[N+](=O)[O-]
1922,Cediranib,"VEGFR, FLT1, FLT2, FLT3, FLT4, KIT, PDGFRB",0.3115734574905853,180,CAPAN1,CC1=CC2=C(N1)C=CC(=C2F)OC3=NC=NC4=CC(=C(C=C43)OC)OCCCN5CCCC5,CVCL_0237,COc1cc2c(Oc3ccc4[nH]c(C)cc4c3F)ncnc2cc1OCCCN1CCCC1
1511,Epirubicin,Anthracycline,0.317010223617543,180,CAPAN1,C[C@H]1[C@@H]([C@H](C[C@@H](O1)O[C@H]2C[C@@](CC3=C2C(=C4C(=C3O)C(=O)C5=C(C4=O)C(=CC=C5)OC)O)(C(=O)CO)O)N)O,CVCL_0237,COc1cccc2c1C(=O)c1c(O)c3c(c(O)c1C2=O)C[C@@](O)(C(=O)CO)C[C@@H]3O[C@H]1C[C@H](N)[C@@H](O)[C@H](C)O1
1079,Dasatinib,"ABL, SRC, Ephrins, PDGFR, KIT",0.3189092309039538,180,CAPAN1,CC1=C(C(=CC=C1)Cl)NC(=O)C2=CN=C(S2)NC3=CC(=NC(=N3)C)N4CCN(CC4)CCO,CVCL_0237,Cc1nc(Nc2ncc(C(=O)Nc3c(C)cccc3Cl)s2)cc(N2CCN(CCO)CC2)n1
1819,Docetaxel,Microtubule stabiliser,0.3520418754249444,180,CAPAN1,CC1=C2[C@H](C(=O)[C@@]3([C@H](C[C@@H]4[C@]([C@H]3[C@@H]([C@@](C2(C)C)(C[C@@H]1OC(=O)[C@@H]([C@H](C5=CC=CC=C5)NC(=O)OC(C)(C)C)O)O)OC(=O)C6=CC=CC=C6)(CO4)OC(=O)C)O)C)O,CVCL_0237,CC(=O)O[C@@]12CO[C@@H]1C[C@H](O)[C@@]1(C)C(=O)[C@H](O)C3=C(C)[C@@H](OC(=O)[C@H](O)[C@@H](NC(=O)OC(C)(C)C)c4ccccc4)C[C@@](O)([C@@H](OC(=O)c4ccccc4)[C@@H]12)C3(C)C
1806,Oxaliplatin,DNA alkylating agent,0.3610849405728958,180,CAPAN1,C1CC[C@H]([C@@H](C1)[NH-])[NH-].C(=O)(C(=O)O)O.[Pt+2],CVCL_0237,N[C@@H]1CCCC[C@H]1N
1918,AZD8186,"PI3Kalpha, PI3Kbeta",0.367609356870192,180,CAPAN1,C[C@H](C1=CC(=CC2=C1OC(=CC2=O)N3CCOCC3)C(=O)N(C)C)NC4=CC(=CC(=C4)F)F,CVCL_0237,C[C@@H](Nc1cc(F)cc(F)c1)c1cc(C(=O)N(C)C)cc2c(=O)cc(N3CCOCC3)oc12
1091,BMS-536924,"IGF1R, IR",0.3727349711847458,180,CAPAN1,CC1=CC(=CC2=C1N=C(N2)C3=C(C=CNC3=O)NC[C@H](C4=CC(=CC=C4)Cl)O)N5CCOCC5,CVCL_0237,Cc1cc(N2CCOCC2)cc2[nH]c(-c3c(NC[C@@H](O)c4cccc(Cl)c4)cc[nH]c3=O)nc12
1928,I-BRD9,BRD9,0.3741832255085026,180,CAPAN1,CCN1C=C(C2=C(C1=O)C=C(S2)C(=NC3CCS(=O)(=O)CC3)N)C4=CC(=CC=C4)C(F)(F)F,CVCL_0237,CCn1cc(-c2cccc(C(F)(F)F)c2)c2sc(C(N)=NC3CCS(=O)(=O)CC3)cc2c1=O
1578,Leflunomide,Pyrimidine synthesis inhibitor,0.3819402544734125,180,CAPAN1,CC1=C(C=NO1)C(=O)NC2=CC=C(C=C2)C(F)(F)F,CVCL_0237,Cc1oncc1C(=O)Nc1ccc(C(F)(F)F)cc1
1936,Savolitinib,MET,0.3858369476269452,180,CAPAN1,C[C@@H](C1=CN2C=CN=C2C=C1)N3C4=NC(=CN=C4N=N3)C5=CN(N=C5)C,CVCL_0237,C[C@@H](c1ccc2nccn2c1)n1nnc2ncc(-c3cnn(C)c3)nc21
1401,AZD5438,CDK2,0.39066805416735,180,CAPAN1,CC1=NC=C(N1C(C)C)C2=NC(=NC=C2)NC3=CC=C(C=C3)S(=O)(=O)C,CVCL_0237,Cc1ncc(-c2ccnc(Nc3ccc(S(C)(=O)=O)cc3)n2)n1C(C)C
1927,GSK2578215A,LRRK2,0.3909435894158402,180,CAPAN1,C1=CC=C(C=C1)COC2=C(C=C(C=C2)C3=CC(=NC=C3)F)C(=O)NC4=CN=CC=C4,CVCL_0237,O=C(Nc1cccnc1)c1cc(-c2ccnc(F)c2)ccc1OCc1ccccc1
1268,XAV939,"TNKS1, TNKS2",0.392528907192651,180,CAPAN1,C1CSCC2=C1N=C(NC2=O)C3=CC=C(C=C3)C(F)(F)F,CVCL_0237,O=c1[nH]c(-c2ccc(C(F)(F)F)cc2)nc2c1CSCC2
1917,AZD6738,ATR,0.3932133109443912,180,CAPAN1,C[C@@H]1COCCN1C2=NC(=NC(=C2)C3(CC3)[S@](=N)(=O)C)C4=C5C=CNC5=NC=C4,CVCL_0237,C[C@@H]1COCCN1c1cc(C2([S@](C)(=N)=O)CC2)nc(-c2ccnc3[nH]ccc23)n1
1089,Oxaliplatin,DNA alkylating agent,0.4023288133744766,180,CAPAN1,C1CC[C@H]([C@@H](C1)N)N.C(=O)(C(=O)O)O.[Pt],CVCL_0237,N[C@@H]1CCCC[C@H]1N
1931,MIRA-1,TP53,0.4107990145642096,180,CAPAN1,CCC(=O)OCN1C(=O)C=CC1=O,CVCL_0237,CCC(=O)OCN1C(=O)C=CC1=O
1941,Sepantronium bromide,BIRC5,0.4303386791175956,180,CAPAN1,CC1=[N+](C2=C(N1CCOC)C(=O)C3=CC=CC=C3C2=O)CC4=NC=CN=C4.[Br-],CVCL_0237,COCCn1c2c([n+](Cc3cnccn3)c1C)C(=O)c1ccccc1C2=O
1022,AZD7762,"CHEK1, CHEK2",0.4452885103952169,180,CAPAN1,C1C[C@@H](CNC1)NC(=O)C2=C(C=C(S2)C3=CC(=CC=C3)F)NC(=O)N,CVCL_0237,NC(=O)Nc1cc(-c2cccc(F)c2)sc1C(=O)N[C@H]1CCCNC1
2040,Foretinib,"MET, KDR, TIE2, VEGFR3/FLT4, RON, PDGFR, FGFR1, EGFR",0.4615675447166676,180,CAPAN1,COC1=CC2=C(C=CN=C2C=C1OCCCN3CCOCC3)OC4=C(C=C(C=C4)NC(=O)C5(CC5)C(=O)NC6=CC=C(C=C6)F)F,CVCL_0237,COc1cc2c(Oc3ccc(NC(=O)C4(C(=O)Nc5ccc(F)cc5)CC4)cc3F)ccnc2cc1OCCCN1CCOCC1
1576,IWP-2,PORCN,0.4633311880388234,180,CAPAN1,CC1=CC2=C(C=C1)N=C(S2)NC(=O)CSC3=NC4=C(C(=O)N3C5=CC=CC=C5)SCC4,CVCL_0237,Cc1ccc2nc(NC(=O)CSc3nc4c(c(=O)n3-c3ccccc3)SCC4)sc2c1
2045,AMG-319,PI3K (beta sparing),0.4638818774131952,180,CAPAN1,C[C@@H](C1=C(N=C2C=C(C=CC2=C1)F)C3=CC=CC=N3)NC4=NC=NC5=C4NC=N5,CVCL_0237,C[C@H](Nc1ncnc2nc[nH]c12)c1cc2ccc(F)cc2nc1-c1ccccn1
1180,Dinaciclib,"CDK1, CDK2, CDK5, CDK9",0.4671873449020468,180,CAPAN1,CCC1=C2N=C(C=C(N2N=C1)NCC3=C[N+](=CC=C3)[O-])N4CCCC[C@H]4CCO,CVCL_0237,CCc1cnn2c(NCc3ccc[n+]([O-])c3)cc(N3CCCC[C@H]3CCO)nc12
1919,Osimertinib,EGFR,0.4768551595589813,180,CAPAN1,CN1C=C(C2=CC=CC=C21)C3=NC(=NC=C3)NC4=C(C=C(C(=C4)NC(=O)C=C)N(C)CCN(C)C)OC,CVCL_0237,C=CC(=O)Nc1cc(Nc2nccc(-c3cn(C)c4ccccc34)n2)c(OC)cc1N(C)CCN(C)C
1558,Lapatinib,"EGFR, ERBB2",0.4845017597151586,180,CAPAN1,CS(=O)(=O)CCNCC1=CC=C(O1)C2=CC3=C(C=C2)N=CN=C3NC4=CC(=C(C=C4)OCC5=CC(=CC=C5)F)Cl,CVCL_0237,CS(=O)(=O)CCNCc1ccc(-c2ccc3ncnc(Nc4ccc(OCc5cccc(F)c5)c(Cl)c4)c3c2)o1
1463,AZD1332,"NTRK1, NTRK2, NTRK3",0.4910294797690298,180,CAPAN1,CC(C)OC1=NNC(=C1)NC2=NC(=NC=C2Cl)NC(C)C3=NC=C(C=C3)F,CVCL_0237,CC(C)Oc1cc(Nc2nc(NC(C)c3ccc(F)cn3)ncc2Cl)[nH]n1
1560,Alpelisib,PI3Kalpha,0.5025925423710491,180,CAPAN1,CC1=C(SC(=N1)NC(=O)N2CCC[C@H]2C(=O)N)C3=CC(=NC=C3)C(C)(C)C(F)(F)F,CVCL_0237,Cc1nc(NC(=O)N2CCC[C@H]2C(N)=O)sc1-c1ccnc(C(C)(C)C(F)(F)F)c1
1932,NVP-ADW742,IGF1R,0.5042522316104657,180,CAPAN1,C1CCN(C1)CC2CC(C2)N3C=C(C4=C(N=CN=C43)N)C5=CC(=CC=C5)OCC6=CC=CC=C6,CVCL_0237,Nc1ncnc2c1c(-c1cccc(OCc3ccccc3)c1)cn2C1CC(CN2CCCC2)C1
1051,Alisertib,AURKA,0.5069575364937102,180,CAPAN1,COC1=C(C(=CC=C1)F)C2=NCC3=CN=C(N=C3C4=C2C=C(C=C4)Cl)NC5=CC(=C(C=C5)C(=O)O)OC,CVCL_0237,COc1cc(Nc2ncc3c(n2)-c2ccc(Cl)cc2C(c2c(F)cccc2OC)=NC3)ccc1C(=O)O
1512,Cyclophosphamide,Alkylating agent,0.5228253102128141,180,CAPAN1,C1CNP(=O)(OC1)N(CCCl)CCCl,CVCL_0237,O=P1(N(CCCl)CCCl)NCCCO1
1563,EPZ5676,DOT1L,0.5269225009949368,180,CAPAN1,CC(C)N(C[C@@H]1[C@H]([C@H]([C@@H](O1)N2C=NC3=C(N=CN=C32)N)O)O)C4CC(C4)CCC5=NC6=C(N5)C=C(C=C6)C(C)(C)C,CVCL_0237,CC(C)N(C[C@H]1O[C@@H](n2cnc3c(N)ncnc32)[C@H](O)[C@@H]1O)C1CC(CCc2nc3ccc(C(C)(C)C)cc3[nH]2)C1
1618,GSK2606414,PERK,0.5303546342270657,180,CAPAN1,CN1C=C(C2=C(N=CN=C21)N)C3=CC4=C(C=C3)N(CC4)C(=O)CC5=CC(=CC=C5)C(F)(F)F,CVCL_0237,Cn1cc(-c2ccc3c(c2)CCN3C(=O)Cc2cccc(C(F)(F)F)c2)c2c(N)ncnc21
1047,Nutlin-3a (-),MDM2,0.5343825802209825,180,CAPAN1,CC(C)OC1=C(C=CC(=C1)OC)C2=N[C@H]([C@H](N2C(=O)N3CCNC(=O)C3)C4=CC=C(C=C4)Cl)C5=CC=C(C=C5)Cl,CVCL_0237,COc1ccc(C2=N[C@@H](c3ccc(Cl)cc3)[C@@H](c3ccc(Cl)cc3)N2C(=O)N2CCNC(=O)C2)c(OC(C)C)c1
1561,Taselisib,PI3K (beta sparing),0.5521471215893251,180,CAPAN1,CC1=NN(C(=N1)C2=CN3CCOC4=C(C3=N2)C=CC(=C4)C5=CN(N=C5)C(C)(C)C(=O)N)C(C)C,CVCL_0237,Cc1nc(-c2cn3c(n2)-c2ccc(-c4cnn(C(C)(C)C(N)=O)c4)cc2OCC3)n(C(C)C)n1
1529,Pevonedistat,NAE,0.5555425513182862,180,CAPAN1,C1CC2=CC=CC=C2[C@H]1NC3=C4C=CN(C4=NC=N3)[C@@H]5C[C@H]([C@H](C5)O)COS(=O)(=O)N,CVCL_0237,NS(=O)(=O)OC[C@@H]1C[C@@H](n2ccc3c(N[C@H]4CCc5ccccc54)ncnc32)C[C@@H]1O
1073,5-Fluorouracil,Antimetabolite (DNA & RNA),0.5819915376791418,180,CAPAN1,C1=C(C(=O)NC(=O)N1)F,CVCL_0237,O=c1[nH]cc(F)c(=O)[nH]1
1177,Niraparib,"PARP1, PARP2",0.5822771560570971,180,CAPAN1,C1C[C@H](CNC1)C2=CC=C(C=C2)N3C=C4C=CC=C(C4=N3)C(=O)N,CVCL_0237,NC(=O)c1cccc2cn(-c3ccc([C@@H]4CCCNC4)cc3)nc12
1237,EPZ004777,DOT1L,0.5930259635349432,180,CAPAN1,CC(C)N(CCCNC(=O)NC1=CC=C(C=C1)C(C)(C)C)C[C@@H]2[C@H]([C@H]([C@@H](O2)N3C=CC4=C(N=CN=C43)N)O)O,CVCL_0237,CC(C)N(CCCNC(=O)Nc1ccc(C(C)(C)C)cc1)C[C@H]1O[C@@H](n2ccc3c(N)ncnc32)[C@H](O)[C@@H]1O
1034,Staurosporine,Broad spectrum kinase inhibitor,0.6139705338037672,180,CAPAN1,C[C@@]12[C@@H]([C@@H](C[C@H](O1)N3C4=CC=CC=C4C5=C6C(=C7C8=CC=CC=C8N2C7=C53)CNC6=O)NC)OC,CVCL_0237,CN[C@@H]1C[C@@H]2O[C@@](C)([C@@H]1OC)n1c3ccccc3c3c4c(c5c6ccccc6n2c5c31)C(=O)NC4
1854,MN-64,"TNKS1, TNKS2",0.6230369090395017,180,CAPAN1,CC(C)C1=CC=C(C=C1)C2=CC(=O)C3=CC=CC=C3O2,CVCL_0237,CC(C)c1ccc(-c2cc(=O)c3ccccc3o2)cc1
1200,Fulvestrant,ESR,0.6395386781461189,180,CAPAN1,C[C@]12CC[C@H]3[C@H]([C@@H]1CC[C@@H]2O)[C@@H](CC4=C3C=CC(=C4)O)CCCCCCCCCS(=O)CCCC(C(F)(F)F)(F)F,CVCL_0237,C[C@]12CC[C@@H]3c4ccc(O)cc4C[C@@H](CCCCCCCCC[S+]([O-])CCCC(F)(F)C(F)(F)F)[C@H]3[C@@H]1CC[C@@H]2O
1620,PFI3,"Polybromo 1, SMARCA4, SMARCA2",0.6513071673396342,180,CAPAN1,C1[C@@H]2CN([C@H]1CN2C3=CC=CC=N3)/C=C/C(=O)C4=CC=CC=C4O,CVCL_0237,O=C(/C=C/N1C[C@H]2C[C@@H]1CN2c1ccccn1)c1ccccc1O
1375,Temozolomide,DNA alkylating agent,0.6527432086372782,180,CAPAN1,CN1C(=O)N2C=NC(=C2N=N1)C(=O)N,CVCL_0237,Cn1nnc2c(C(N)=O)ncn2c1=O
1054,Palbociclib,"CDK4, CDK6",0.6700381826324413,180,CAPAN1,CC1=C(C(=O)N(C2=NC(=NC=C12)NC3=NC=C(C=C3)N4CCNCC4)C5CCCC5)C(=O)C,CVCL_0237,CC(=O)c1c(C)c2cnc(Nc3ccc(N4CCNCC4)cn3)nc2n(C2CCCC2)c1=O
1049,PD173074,"FGFR1, FGFR2, FGFR3",0.7018676064431769,180,CAPAN1,CCN(CC)CCCCNC1=NC2=NC(=C(C=C2C=N1)C3=CC(=CC(=C3)OC)OC)NC(=O)NC(C)(C)C,CVCL_0237,CCN(CC)CCCCNc1ncc2cc(-c3cc(OC)cc(OC)c3)c(NC(=O)NC(C)(C)C)nc2n1
1036,PLX-4720,BRAF,0.7163908211728808,180,CAPAN1,CCCS(=O)(=O)NC1=C(C(=C(C=C1)F)C(=O)C2=CNC3=C2C=C(C=N3)Cl)F,CVCL_0237,CCCS(=O)(=O)Nc1ccc(F)c(C(=O)c2c[nH]c3ncc(Cl)cc23)c1F
1855,KRAS (G12C) Inhibitor-12,KRAS (G12C),0.7499132266771549,180,CAPAN1,C=CC(=O)N1CCN(CC1)C(=O)CNC2=CC(=C(C=C2O)Cl)I,CVCL_0237,C=CC(=O)N1CCN(C(=O)CNc2cc(I)c(Cl)cc2O)CC1
1852,LY2109761,TGFB1,0.7600989399691325,180,CAPAN1,C1CC2=C(C(=NN2C1)C3=CC=CC=N3)C4=C5C=CC(=CC5=NC=C4)OCCN6CCOCC6,CVCL_0237,c1ccc(-c2nn3c(c2-c2ccnc4cc(OCCN5CCOCC5)ccc24)CCC3)nc1
1085,Sorafenib,"PDGFR, KIT, VEGFR, RAF",0.7715919462008172,180,CAPAN1,CNC(=O)C1=NC=CC(=C1)OC2=CC=C(C=C2)NC(=O)NC3=CC(=C(C=C3)Cl)C(F)(F)F,CVCL_0237,CNC(=O)c1cc(Oc2ccc(NC(=O)Nc3ccc(Cl)c(C(F)(F)F)c3)cc2)ccn1
2110,GSK591,PMRT5,0.7874606026459714,180,CAPAN1,C1CC(C1)NC2=NC=CC(=C2)C(=O)NC[C@@H](CN3CCC4=CC=CC=C4C3)O,CVCL_0237,O=C(NC[C@H](O)CN1CCc2ccccc2C1)c1ccnc(NC2CCC2)c1
1706,AZD5153,BRD4,0.7973758702103518,180,CAPAN1,C[C@@H]1C(=O)N(CCN1CCOC2=CC=C(C=C2)C3CCN(CC3)C4=NN5C(=NN=C5OC)C=C4)C,CVCL_0237,COc1nnc2ccc(N3CCC(c4ccc(OCCN5CCN(C)C(=O)[C@H]5C)cc4)CC3)nn12
2044,Pyridostatin,G-quadruplex stabiliser,0.8126213821612767,180,CAPAN1,C1=CC=C2C(=C1)C(=CC(=N2)NC(=O)C3=CC(=CC(=N3)C(=O)NC4=NC5=CC=CC=C5C(=C4)OCCN)OCCN)OCCN,CVCL_0237,NCCOc1cc(C(=O)Nc2cc(OCCN)c3ccccc3n2)nc(C(=O)Nc2cc(OCCN)c3ccccc3n2)c1
1912,Afuresertib,"AKT1, AKT2, AKT3",0.8350647480150699,180,CAPAN1,CN1C(=C(C=N1)Cl)C2=C(SC(=C2)C(=O)N[C@@H](CC3=CC(=CC=C3)F)CN)Cl,CVCL_0237,Cn1ncc(Cl)c1-c1cc(C(=O)N[C@H](CN)Cc2cccc(F)c2)sc1Cl
1913,AGI-5198,IDH1 (R132H),0.8508149445148595,180,CAPAN1,CC1=CC=CC=C1C(C(=O)NC2CCCCC2)N(C3=CC(=CC=C3)F)C(=O)CN4C=CN=C4C,CVCL_0237,Cc1ccccc1C(C(=O)NC1CCCCC1)N(C(=O)Cn1ccnc1C)c1cccc(F)c1
2107,LJI308,"RSK2, RSK1, RSK3",0.8509246802754552,180,CAPAN1,C1COCCN1C2=CC=C(C=C2)C3=C(C=NC=C3)C4=CC(=C(C(=C4)F)O)F,CVCL_0237,Oc1c(F)cc(-c2cnccc2-c2ccc(N3CCOCC3)cc2)cc1F
1615,CZC24832,PI3Kgamma,0.8697897415164515,180,CAPAN1,CC(C)(C)NS(=O)(=O)C1=CN=CC(=C1)C2=CN3C(=NC(=N3)N)C(=C2)F,CVCL_0237,CC(C)(C)NS(=O)(=O)c1cncc(-c2cc(F)c3nc(N)nn3c2)c1
1507,Ruxolitinib,"JAK1, JAK2",0.8999558840953312,180,CAPAN1,C1CCC(C1)[C@@H](CC#N)N2C=C(C=N2)C3=C4C=CNC4=NC=N3,CVCL_0237,N#CC[C@H](C1CCCC1)n1cc(-c2ncnc3[nH]ccc23)cn1
1924,Ipatasertib,"AKT1, AKT, AKT3",0.9260350637227656,180,CAPAN1,C[C@@H]1C[C@H](C2=C1C(=NC=N2)N3CCN(CC3)C(=O)[C@H](CNC(C)C)C4=CC=C(C=C4)Cl)O,CVCL_0237,CC(C)NC[C@@H](C(=O)N1CCN(c2ncnc3c2[C@H](C)C[C@H]3O)CC1)c1ccc(Cl)cc1
1720,AZD5991,MCL1,0.9364116518284502,180,CAPAN1,CC1=C2C(=NN1C)CSCC3=NN(C(=C3)CSC4=CC5=CC=CC=C5C(=C4)OCCCC6=C(N(C7=C6C=CC(=C27)Cl)C)C(=O)O)C,CVCL_0237,Cc1c2c(nn1C)CSCc1cc(n(C)n1)CSc1cc(c3ccccc3c1)OCCCc1c(C(=O)O)n(C)c3c-2c(Cl)ccc13
1631,PRT062607,SYK,0.9918575285353092,180,CAPAN1,C1CC[C@H]([C@H](C1)N)NC2=NC=C(C(=N2)NC3=CC(=CC=C3)N4N=CC=N4)C(=O)N,CVCL_0237,NC(=O)c1cnc(N[C@@H]2CCCC[C@@H]2N)nc1Nc1cccc(-n2nccn2)c1
1933,P22077,"USP7, USP47",1.0037953650480522,180,CAPAN1,CC(=O)C1=CC(=C(S1)SC2=C(C=C(C=C2)F)F)[N+](=O)[O-],CVCL_0237,CC(=O)c1cc([N+](=O)[O-])c(Sc2ccc(F)cc2F)s1
1996,MIM1,MCL1,1.024854402403487,180,CAPAN1,CC(C)[C@H]1CSC(=N1)N2[C@H](CSC2=S)C(C)C,CVCL_0237,CC(C)[C@H]1CSC(N2C(=S)SC[C@@H]2C(C)C)=N1
2046,MK-8776,"CHEK1, CHEK2, CDK2",1.0268982762772627,180,CAPAN1,CN1C=C(C=N1)C2=C3N=C(C(=C(N3N=C2)N)Br)C4CCCNC4,CVCL_0237,Cn1cc(-c2cnn3c(N)c(Br)c(C4CCCNC4)nc23)cn1
1614,WZ4003,"NUAK1, NUAK2",1.0282843474411798,180,CAPAN1,CCC(=O)NC1=CC(=CC=C1)OC2=NC(=NC=C2Cl)NC3=C(C=C(C=C3)N4CCN(CC4)C)OC,CVCL_0237,CCC(=O)Nc1cccc(Oc2nc(Nc3ccc(N4CCN(C)CC4)cc3OC)ncc2Cl)c1
1510,Linsitinib,IGF1R,1.050138561267686,180,CAPAN1,CC1(CC(C1)C2=NC(=C3N2C=CN=C3N)C4=CC5=C(C=C4)C=CC(=N5)C6=CC=CC=C6)O,CVCL_0237,CC1(O)CC(c2nc(-c3ccc4ccc(-c5ccccc5)nc4c3)c3c(N)nccn23)C1
1627,GSK343,EZH2,1.051166176186549,180,CAPAN1,CCCC1=C(C(=O)NC(=C1)C)CNC(=O)C2=C3C=NN(C3=CC(=C2)C4=CC(=NC=C4)N5CCN(CC5)C)C(C)C,CVCL_0237,CCCc1cc(C)[nH]c(=O)c1CNC(=O)c1cc(-c2ccnc(N3CCN(C)CC3)c2)cc2c1cnn2C(C)C
2043,BIBR-1532,TERT,1.0527933676049588,180,CAPAN1,C/C(=C\C(=O)NC1=CC=CC=C1C(=O)O)/C2=CC3=CC=CC=C3C=C2,CVCL_0237,C/C(=C\C(=O)Nc1ccccc1C(=O)O)c1ccc2ccccc2c1
1058,Pictilisib,PI3K (class 1),1.0586619877931784,180,CAPAN1,CS(=O)(=O)N1CCN(CC1)CC2=CC3=C(S2)C(=NC(=N3)C4=C5C=NNC5=CC=C4)N6CCOCC6,CVCL_0237,CS(=O)(=O)N1CCN(Cc2cc3nc(-c4cccc5[nH]ncc45)nc(N4CCOCC4)c3s2)CC1
1557,LCL161,"XIAP, IAP1, IAP2",1.0708198966341933,180,CAPAN1,C[C@@H](C(=O)N[C@@H](C1CCCCC1)C(=O)N2CCC[C@H]2C3=NC(=CS3)C(=O)C4=CC=C(C=C4)F)NC,CVCL_0237,CN[C@@H](C)C(=O)N[C@H](C(=O)N1CCC[C@H]1c1nc(C(=O)c2ccc(F)cc2)cs1)C1CCCCC1
1441,AZD2014,"mTORC1, mTORC2",1.0769884464860286,180,CAPAN1,C[C@H]1COCCN1C2=NC(=NC3=C2C=CC(=N3)C4=CC(=CC=C4)C(=O)NC)N5CCOC[C@@H]5C,CVCL_0237,CNC(=O)c1cccc(-c2ccc3c(N4CCOC[C@@H]4C)nc(N4CCOC[C@@H]4C)nc3n2)c1
1046,Wee1 Inhibitor,"WEE1, CHEK1",1.1142238782915803,180,CAPAN1,C1=CC=C(C(=C1)C2=CC3=C(C4=C(N3)C=CC(=C4)O)C5=C2C(=O)NC5=O)Cl,CVCL_0237,O=C1NC(=O)c2c1c(-c1ccccc1Cl)cc1[nH]c3ccc(O)cc3c21
1249,BMS-345541,"IKK-1, IKK-2",1.1225653508678668,180,CAPAN1,CC1=CC2=C(C=C1)N=C(C3=NC=C(N23)C)NCCN.Cl,CVCL_0237,Cc1ccc2nc(NCCN)c3ncc(C)n3c2c1
2111,VE821,ATR,1.1318842791210408,180,CAPAN1,CS(=O)(=O)C1=CC=C(C=C1)C2=CN=C(C(=N2)C(=O)NC3=CC=CC=C3)N,CVCL_0237,CS(=O)(=O)c1ccc(-c2cnc(N)c(C(=O)Nc3ccccc3)n2)cc1
1930,Telomerase Inhibitor IX,Telomerase,1.1374596848208591,180,CAPAN1,C1=CC(=CC(=C1)NC(=O)C2=C(C(=CC=C2)O)O)NC(=O)C3=C(C(=CC=C3)O)O,CVCL_0237,O=C(Nc1cccc(NC(=O)c2cccc(O)c2O)c1)c1cccc(O)c1O
1084,Rapamycin,MTORC1,1.1883451127792004,180,CAPAN1,CC1=NC(=C(N1)[N+](=O)[O-])N(CCN2CCOCC2)CC3=CC=CC=C3F,CVCL_0237,Cc1nc(N(CCN2CCOCC2)Cc2ccccc2F)c([N+](=O)[O-])[nH]1
1624,I-BET-762,"BRD2, BRD3, BRD4",1.2017558769537706,180,CAPAN1,CCNC(=O)C[C@H]1C2=NN=C(N2C3=C(C=C(C=C3)OC)C(=N1)C4=CC=C(C=C4)Cl)C,CVCL_0237,CCNC(=O)C[C@@H]1N=C(c2ccc(Cl)cc2)c2cc(OC)ccc2-n2c(C)nnc21
1013,Nilotinib,ABL,1.2028738312099707,180,CAPAN1,CC1=C(C=C(C=C1)C(=O)NC2=CC(=CC(=C2)C(F)(F)F)N3C=C(N=C3)C)NC4=NC=CC(=N4)C5=CN=CC=C5,CVCL_0237,Cc1cn(-c2cc(NC(=O)c3ccc(C)c(Nc4nccc(-c5cccnc5)n4)c3)cc(C(F)(F)F)c2)cn1
1083,Crizotinib,"MET, ALK, ROS1",1.2243214049034097,180,CAPAN1,C[C@H](C1=C(C=CC(=C1Cl)F)Cl)OC2=C(N=CC(=C2)C3=CN(N=C3)C4CCNCC4)N,CVCL_0237,C[C@@H](Oc1cc(-c2cnn(C3CCNCC3)c2)cnc1N)c1c(Cl)ccc(F)c1Cl
1635,Picolinici-acid,Inflammatory related,1.273393403807725,180,CAPAN1,C1=CC=NC(=C1)C(=O)O,CVCL_0237,O=C(O)c1ccccn1
1553,Uprosertib,"AKT1, AKT2, AKT3",1.290663724540001,180,CAPAN1,CN1C(=C(C=N1)Cl)C2=C(OC(=C2)C(=O)N[C@@H](CC3=CC(=C(C=C3)F)F)CN)Cl,CVCL_0237,Cn1ncc(Cl)c1-c1cc(C(=O)N[C@H](CN)Cc2ccc(F)c(F)c2)oc1Cl
1621,PCI-34051,"HDAC8, HDAC6, HDAC1",1.293713729810571,180,CAPAN1,COC1=CC=C(C=C1)CN2C=CC3=C2C=C(C=C3)C(=O)NO,CVCL_0237,COc1ccc(Cn2ccc3ccc(C(=O)NO)cc32)cc1
2170,AT13148,AKT1,1.3032858207264937,180,CAPAN1,C1=CC(=CC=C1C2=CNN=C2)[C@@](CN)(C3=CC=C(C=C3)Cl)O,CVCL_0237,NC[C@@](O)(c1ccc(Cl)cc1)c1ccc(-c2cn[nH]c2)cc1
1053,MK-2206,"AKT1, AKT2",1.3344348080778805,180,CAPAN1,C1CC(C1)(C2=CC=C(C=C2)C3=C(C=C4C(=N3)C=CN5C4=NNC5=O)C6=CC=CC=C6)N.Cl.Cl,CVCL_0237,NC1(c2ccc(-c3nc4ccn5c(=O)[nH]nc5c4cc3-c3ccccc3)cc2)CCC1
1625,RVX-208,BRD4,1.3635249174354276,180,CAPAN1,C1=CC(=C(C=C1N=C=O)F)F,CVCL_0237,O=C=Nc1ccc(F)c(F)c1
1939,UMI-77,MCL1,1.4097187523621515,180,CAPAN1,C1=CC=C2C(=C1)C(=CC(=C2O)SCC(=O)O)NS(=O)(=O)C3=CC=C(C=C3)Br,CVCL_0237,O=C(O)CSc1cc(NS(=O)(=O)c2ccc(Br)cc2)c2ccccc2c1O
1613,VE-822,ATR,1.4163725009446246,180,CAPAN1,CC(C)S(=O)(=O)C1=CC=C(C=C1)C2=CN=C(C(=N2)C3=CC(=NO3)C4=CC=C(C=C4)CNC)N,CVCL_0237,CNCc1ccc(-c2cc(-c3nc(-c4ccc(S(=O)(=O)C(C)C)cc4)cnc3N)on2)cc1
1925,GDC0810,"ESR1, ESR2",1.4275214466657458,180,CAPAN1,CC/C(=C(/C1=CC=C(C=C1)/C=C/C(=O)O)\C2=CC3=C(C=C2)NN=C3)/C4=C(C=C(C=C4)F)Cl,CVCL_0237,CC/C(=C(/c1ccc(/C=C/C(=O)O)cc1)c1ccc2[nH]ncc2c1)c1ccc(F)cc1Cl
1916,AZD5363,"AKT1, AKT2, AKT3, ROCK2",1.4329589703716945,180,CAPAN1,C1CN(CCC1(C(=O)N[C@@H](CCO)C2=CC=C(C=C2)Cl)N)C3=NC=NC4=C3C=CN4,CVCL_0237,NC1(C(=O)N[C@@H](CCO)c2ccc(Cl)cc2)CCN(c2ncnc3[nH]ccc23)CC1
1626,OTX015,"BRD2, BRD3, BRD4",1.4439040739654967,180,CAPAN1,CC1=C(SC2=C1C(=N[C@H](C3=NN=C(N32)C)CC(=O)NC4=CC=C(C=C4)O)C5=CC=C(C=C5)Cl)C,CVCL_0237,Cc1sc2c(c1C)C(c1ccc(Cl)cc1)=N[C@@H](CC(=O)Nc1ccc(O)cc1)c1nnc(C)n1-2
2106,Uprosertib,"AKT1, AKT2, AKT3",1.4734472189565728,180,CAPAN1,CN1C(=C(C=N1)Cl)C2=C(OC(=C2)C(=O)N[C@@H](CC3=CC(=C(C=C3)F)F)CN)Cl,CVCL_0237,Cn1ncc(Cl)c1-c1cc(C(=O)N[C@H](CN)Cc2ccc(F)c(F)c2)oc1Cl
1093,GSK1904529A,"IGF1R, IR",1.5167232044156775,180,CAPAN1,CCC1=CC(=C(C=C1N2CCC(CC2)N3CCN(CC3)S(=O)(=O)C)OC)NC4=NC=CC(=N4)C5=C(N=C6N5C=CC=C6)C7=CC(=C(C=C7)OC)C(=O)NC8=C(C=CC=C8F)F,CVCL_0237,CCc1cc(Nc2nccc(-c3c(-c4ccc(OC)c(C(=O)Nc5c(F)cccc5F)c4)nc4ccccn34)n2)c(OC)cc1N1CCC(N2CCN(S(C)(=O)=O)CC2)CC1
1012,Vorinostat,"HDAC inhibitor Class I, IIa, IIb, IV",1.548558247314682,180,CAPAN1,C1=CC=C(C=C1)NC(=O)CCCCCCC(=O)NO,CVCL_0237,O=C(CCCCCCC(=O)Nc1ccccc1)NO
1926,GNE-317,PI3Kalpha,1.61496285985629,180,CAPAN1,CC1=C(SC2=C1N=C(N=C2N3CCOCC3)C4=CN=C(N=C4)N)C5(COC5)OC,CVCL_0237,COC1(c2sc3c(N4CCOCC4)nc(-c4cnc(N)nc4)nc3c2C)COC1
1630,Entospletinib,SYK,1.7221013039751267,180,CAPAN1,C1COCCN1C2=CC=C(C=C2)NC3=NC(=CN4C3=NC=C4)C5=CC6=C(C=C5)C=NN6,CVCL_0237,c1cn2cc(-c3ccc4cn[nH]c4c3)nc(Nc3ccc(N4CCOCC4)cc3)c2n1
1057,Dactolisib,"PI3K (class 1), MTORC1, MTORC2",1.9125843895353112,180,CAPAN1,CC(C)(C#N)C1=CC=C(C=C1)N2C3=C4C=C(C=CC4=NC=C3N(C2=O)C)C5=CC6=CC=CC=C6N=C5,CVCL_0237,Cn1c(=O)n(-c2ccc(C(C)(C)C#N)cc2)c2c3cc(-c4cnc5ccccc5c4)ccc3ncc21
1849,Sabutoclax,"BCL2,  BCL-XL,  BFL1, MCL1",2.092911178281055,180,CAPAN1,CC1=CC2=C(C(=C(C=C2C(=C1C3=C(C4=CC(=C(C(=C4C=C3C)C(=O)NC[C@H](C)C5=CC=CC=C5)O)O)O)O)O)O)C(=O)NC[C@H](C)C6=CC=CC=C6,CVCL_0237,Cc1cc2c(C(=O)NC[C@H](C)c3ccccc3)c(O)c(O)cc2c(O)c1-c1c(C)cc2c(C(=O)NC[C@H](C)c3ccccc3)c(O)c(O)cc2c1O
1250,AZ960,"JAK2, JAK3",2.125338759683609,180,CAPAN1,CC1=CC(=NN1)NC2=C(C=C(C(=N2)N[C@@H](C)C3=CC=C(C=C3)F)C#N)F,CVCL_0237,Cc1cc(Nc2nc(N[C@@H](C)c3ccc(F)cc3)c(C#N)cc2F)n[nH]1
1068,Obatoclax Mesylate,"BCL2, BCL-XL, BCL-W, MCL1",2.182396931688716,180,CAPAN1,CC1=CC(=C(N1)/C=C\2/C(=C/C(=C/3\C=C4C=CC=CC4=N3)/N2)OC)C,CVCL_0237,COc1c/c(=C2\C=c3ccccc3=N2)[nH]/c1=C\c1[nH]c(C)cc1C
1593,Entinostat,"HDAC1, HDAC3",2.3363548136762806,180,CAPAN1,C1=CC=C(C(=C1)N)NC(=O)C2=CC=C(C=C2)CNC(=O)OCC3=CN=CC=C3,CVCL_0237,Nc1ccccc1NC(=O)c1ccc(CNC(=O)OCc2cccnc2)cc1
1559,Luminespib,HSP90,2.524332663736472,180,CAPAN1,CN1C2=CC=CC=C2C(C1=O)(CC(=O)C3=CC=C(C=C3)Cl)O,CVCL_0237,CN1C(=O)C(O)(CC(=O)c2ccc(Cl)cc2)c2ccccc21
2110,GSK591,PMRT5,-5.213837176220741,180,CAPAN2,C1CC(C1)NC2=NC=CC(=C2)C(=O)NC[C@@H](CN3CCC4=CC=CC=C4C3)O,CVCL_0026,O=C(NC[C@H](O)CN1CCc2ccccc2C1)c1ccnc(NC2CCC2)c1
1079,Dasatinib,"ABL, SRC, Ephrins, PDGFR, KIT",-1.2247078265704503,180,CAPAN2,CC1=C(C(=CC=C1)Cl)NC(=O)C2=CN=C(S2)NC3=CC(=NC(=N3)C)N4CCN(CC4)CCO,CVCL_0026,Cc1nc(Nc2ncc(C(=O)Nc3c(C)cccc3Cl)s2)cc(N2CCN(CCO)CC2)n1
1060,PD0325901,"MEK1, MEK2",-1.0574222116033,180,CAPAN2,C1=CC(=C(C=C1I)F)NC2=C(C=CC(=C2F)F)C(=O)NOC[C@@H](CO)O,CVCL_0026,O=C(NOC[C@H](O)CO)c1ccc(F)c(F)c1Nc1ccc(I)cc1F
1855,KRAS (G12C) Inhibitor-12,KRAS (G12C),-0.9289807751022628,180,CAPAN2,C=CC(=O)N1CCN(CC1)C(=O)CNC2=CC(=C(C=C2O)Cl)I,CVCL_0026,C=CC(=O)N1CCN(C(=O)CNc2cc(I)c(Cl)cc2O)CC1
1463,AZD1332,"NTRK1, NTRK2, NTRK3",-0.8910133202628389,180,CAPAN2,CC(C)OC1=NNC(=C1)NC2=NC(=NC=C2Cl)NC(C)C3=NC=C(C=C3)F,CVCL_0026,CC(C)Oc1cc(Nc2nc(NC(C)c3ccc(F)cn3)ncc2Cl)[nH]n1
1091,BMS-536924,"IGF1R, IR",-0.7063166153739423,180,CAPAN2,CC1=CC(=CC2=C1N=C(N2)C3=C(C=CNC3=O)NC[C@H](C4=CC(=CC=C4)Cl)O)N5CCOCC5,CVCL_0026,Cc1cc(N2CCOCC2)cc2[nH]c(-c3c(NC[C@@H](O)c4cccc(Cl)c4)cc[nH]c3=O)nc12
1011,Navitoclax,"BCL2, BCL-XL, BCL-W",-0.6787376636852426,180,CAPAN2,CC1(CCC(=C(C1)CN2CCN(CC2)C3=CC=C(C=C3)C(=O)NS(=O)(=O)C4=CC(=C(C=C4)N[C@H](CCN5CCOCC5)CSC6=CC=CC=C6)S(=O)(=O)C(F)(F)F)C7=CC=C(C=C7)Cl)C,CVCL_0026,CC1(C)CCC(c2ccc(Cl)cc2)=C(CN2CCN(c3ccc(C(=O)NS(=O)(=O)c4ccc(N[C@H](CCN5CCOCC5)CSc5ccccc5)c(S(=O)(=O)C(F)(F)F)c4)cc3)CC2)C1
1736,Selumetinib,"MEK1, MEK2",-0.6303425590776325,180,CAPAN2,CN1C=NC2=C1C=C(C(=C2F)NC3=C(C=C(C=C3)Br)Cl)C(=O)NOCCO,CVCL_0026,Cn1cnc2c(F)c(Nc3ccc(Br)cc3Cl)c(C(=O)NOCCO)cc21
1997,WEHI-539,BCL-XL,-0.4663050595569871,180,CAPAN2,C1CC2=C(C=C(C=C2)C3=NC(=C(S3)CCCOC4=CC=C(C=C4)CN)C(=O)O)/C(=N/NC5=NC6=CC=CC=C6S5)/C1,CVCL_0026,NCc1ccc(OCCCc2sc(-c3ccc4c(c3)/C(=N/Nc3nc5ccccc5s3)CCC4)nc2C(=O)O)cc1
1372,Trametinib,"MEK1, MEK2",-0.4468853647626069,180,CAPAN2,CC1=C2C(=C(N(C1=O)C)NC3=C(C=C(C=C3)I)F)C(=O)N(C(=O)N2C4=CC=CC(=C4)NC(=O)C)C5CC5,CVCL_0026,CC(=O)Nc1cccc(-n2c(=O)n(C3CC3)c(=O)c3c(Nc4ccc(I)cc4F)n(C)c(=O)c(C)c32)c1
1248,Daporinad,NAMPT,-0.3456046743877668,180,CAPAN2,C1CN(CCC1CCCCNC(=O)/C=C/C2=CN=CC=C2)C(=O)C3=CC=CC=C3,CVCL_0026,O=C(/C=C/c1cccnc1)NCCCCC1CCN(C(=O)c2ccccc2)CC1
1549,Sapitinib,"EGFR, ERBB2, ERBB3",-0.2797549336595212,180,CAPAN2,CNC(=O)CN1CCC(CC1)OC2=C(C=C3C(=C2)C(=NC=N3)NC4=C(C(=CC=C4)Cl)F)OC,CVCL_0026,CNC(=O)CN1CCC(Oc2cc3c(Nc4cccc(Cl)c4F)ncnc3cc2OC)CC1
1910,ABT737,"BCL2, BCL-XL,  BCL-W, BCL-B, BFL1",-0.2691372235678144,180,CAPAN2,CN(C)CC[C@H](CSC1=CC=CC=C1)NC2=C(C=C(C=C2)S(=O)(=O)NC(=O)C3=CC=C(C=C3)N4CCN(CC4)CC5=CC=CC=C5C6=CC=C(C=C6)Cl)[N+](=O)[O-],CVCL_0026,CN(C)CC[C@H](CSc1ccccc1)Nc1ccc(S(=O)(=O)NC(=O)c2ccc(N3CCN(Cc4ccccc4-c4ccc(Cl)cc4)CC3)cc2)cc1[N+](=O)[O-]
1918,AZD8186,"PI3Kalpha, PI3Kbeta",-0.2574981336378818,180,CAPAN2,C[C@H](C1=CC(=CC2=C1OC(=CC2=O)N3CCOCC3)C(=O)N(C)C)NC4=CC(=CC(=C4)F)F,CVCL_0026,C[C@@H](Nc1cc(F)cc(F)c1)c1cc(C(=O)N(C)C)cc2c(=O)cc(N3CCOCC3)oc12
1631,PRT062607,SYK,-0.2410528588756267,180,CAPAN2,C1CC[C@H]([C@H](C1)N)NC2=NC=C(C(=N2)NC3=CC(=CC=C3)N4N=CC=N4)C(=O)N,CVCL_0026,NC(=O)c1cnc(N[C@@H]2CCCC[C@@H]2N)nc1Nc1cccc(-n2nccn2)c1
1849,Sabutoclax,"BCL2,  BCL-XL,  BFL1, MCL1",-0.2133864482400726,180,CAPAN2,CC1=CC2=C(C(=C(C=C2C(=C1C3=C(C4=CC(=C(C(=C4C=C3C)C(=O)NC[C@H](C)C5=CC=CC=C5)O)O)O)O)O)O)C(=O)NC[C@H](C)C6=CC=CC=C6,CVCL_0026,Cc1cc2c(C(=O)NC[C@H](C)c3ccccc3)c(O)c(O)cc2c(O)c1-c1c(C)cc2c(C(=O)NC[C@H](C)c3ccccc3)c(O)c(O)cc2c1O
1268,XAV939,"TNKS1, TNKS2",-0.1130844691410348,180,CAPAN2,C1CSCC2=C1N=C(NC2=O)C3=CC=C(C=C3)C(F)(F)F,CVCL_0026,O=c1[nH]c(-c2ccc(C(F)(F)F)cc2)nc2c1CSCC2
1441,AZD2014,"mTORC1, mTORC2",-0.1125969199222555,180,CAPAN2,C[C@H]1COCCN1C2=NC(=NC3=C2C=CC(=N3)C4=CC(=CC=C4)C(=O)NC)N5CCOC[C@@H]5C,CVCL_0026,CNC(=O)c1cccc(-c2ccc3c(N4CCOC[C@@H]4C)nc(N4CCOC[C@@H]4C)nc3n2)c1
1564,SCH772984,"ERK1, ERK2",-0.0889440885363023,180,CAPAN2,C1CN(C[C@@H]1C(=O)NC2=CC3=C(C=C2)NN=C3C4=CC=NC=C4)CC(=O)N5CCN(CC5)C6=CC=C(C=C6)C7=NC=CC=N7,CVCL_0026,O=C(Nc1ccc2[nH]nc(-c3ccncc3)c2c1)[C@@H]1CCN(CC(=O)N2CCN(c3ccc(-c4ncccn4)cc3)CC2)C1
1939,UMI-77,MCL1,-0.0496934327073584,180,CAPAN2,C1=CC=C2C(=C1)C(=CC(=C2O)SCC(=O)O)NS(=O)(=O)C3=CC=C(C=C3)Br,CVCL_0026,O=C(O)CSc1cc(NS(=O)(=O)c2ccc(Br)cc2)c2ccccc2c1O
1250,AZ960,"JAK2, JAK3",-0.0475289251837035,180,CAPAN2,CC1=CC(=NN1)NC2=C(C=C(C(=N2)N[C@@H](C)C3=CC=C(C=C3)F)C#N)F,CVCL_0026,Cc1cc(Nc2nc(N[C@@H](C)c3ccc(F)cc3)c(C#N)cc2F)n[nH]1
1932,NVP-ADW742,IGF1R,0.0515155660897129,180,CAPAN2,C1CCN(C1)CC2CC(C2)N3C=C(C4=C(N=CN=C43)N)C5=CC(=CC=C5)OCC6=CC=CC=C6,CVCL_0026,Nc1ncnc2c1c(-c1cccc(OCc3ccccc3)c1)cn2C1CC(CN2CCCC2)C1
1919,Osimertinib,EGFR,0.0519444028448035,180,CAPAN2,CN1C=C(C2=CC=CC=C21)C3=NC(=NC=C3)NC4=C(C=C(C(=C4)NC(=O)C=C)N(C)CCN(C)C)OC,CVCL_0026,C=CC(=O)Nc1cc(Nc2nccc(-c3cn(C)c4ccccc34)n2)c(OC)cc1N(C)CCN(C)C
1032,Afatinib,"ERBB2, EGFR",0.0816093009064543,180,CAPAN2,CN(C)C/C=C/C(=O)NC1=C(C=C2C(=C1)C(=NC=N2)NC3=CC(=C(C=C3)F)Cl)O[C@H]4CCOC4,CVCL_0026,CN(C)C/C=C/C(=O)Nc1cc2c(Nc3ccc(F)c(Cl)c3)ncnc2cc1O[C@H]1CCOC1
1941,Sepantronium bromide,BIRC5,0.1049699120935994,180,CAPAN2,CC1=[N+](C2=C(N1CCOC)C(=O)C3=CC=CC=C3C2=O)CC4=NC=CN=C4.[Br-],CVCL_0026,COCCn1c2c([n+](Cc3cnccn3)c1C)C(=O)c1ccccc1C2=O
1614,WZ4003,"NUAK1, NUAK2",0.1318178396513558,180,CAPAN2,CCC(=O)NC1=CC(=CC=C1)OC2=NC(=NC=C2Cl)NC3=C(C=C(C=C3)N4CCN(CC4)C)OC,CVCL_0026,CCC(=O)Nc1cccc(Oc2nc(Nc3ccc(N4CCN(C)CC4)cc3OC)ncc2Cl)c1
1940,WIKI4,"TNKS1, TNKS2",0.1369239051878079,180,CAPAN2,COC1=CC=C(C=C1)N2C(=NN=C2SCCCN3C(=O)C4=CC=CC5=C4C(=CC=C5)C3=O)C6=CC=NC=C6,CVCL_0026,COc1ccc(-n2c(SCCCN3C(=O)c4cccc5cccc(c45)C3=O)nnc2-c2ccncc2)cc1
1022,AZD7762,"CHEK1, CHEK2",0.1497318764816691,180,CAPAN2,C1C[C@@H](CNC1)NC(=O)C2=C(C=C(S2)C3=CC(=CC=C3)F)NC(=O)N,CVCL_0026,NC(=O)Nc1cc(-c2cccc(F)c2)sc1C(=O)N[C@H]1CCCNC1
1510,Linsitinib,IGF1R,0.1977490118189564,180,CAPAN2,CC1(CC(C1)C2=NC(=C3N2C=CN=C3N)C4=CC5=C(C=C4)C=CC(=N5)C6=CC=CC=C6)O,CVCL_0026,CC1(O)CC(c2nc(-c3ccc4ccc(-c5ccccc5)nc4c3)c3c(N)nccn23)C1
1915,AZD3759,EGFR,0.2093093165467215,180,CAPAN2,C[C@@H]1CN(CCN1C(=O)OC2=C(C=C3C(=C2)C(=NC=N3)NC4=C(C(=CC=C4)Cl)F)OC)C,CVCL_0026,COc1cc2ncnc(Nc3cccc(Cl)c3F)c2cc1OC(=O)N1CCN(C)C[C@H]1C
1931,MIRA-1,TP53,0.2311056438298616,180,CAPAN2,CCC(=O)OCN1C(=O)C=CC1=O,CVCL_0026,CCC(=O)OCN1C(=O)C=CC1=O
2109,AZ6102,"TNKS1, TNKS2",0.2401104368707414,180,CAPAN2,CCC1=CC2=C(C=C1OC(=O)C(C)(C)C)OC(=C(C2=O)OC3=CC=C(C=C3)I)C(F)(F)F,CVCL_0026,CCc1cc2c(=O)c(Oc3ccc(I)cc3)c(C(F)(F)F)oc2cc1OC(=O)C(C)(C)C
1634,AGI-6780,IDH2 R140Q mutant,0.2448634010925361,180,CAPAN2,C1CC1NS(=O)(=O)C2=CC(=C(C=C2)C3=CSC=C3)NC(=O)NC4=CC=CC(=C4)C(F)(F)F,CVCL_0026,O=C(Nc1cccc(C(F)(F)F)c1)Nc1cc(S(=O)(=O)NC2CC2)ccc1-c1ccsc1
1199,Tamoxifen,ESR1,0.3228174865371904,180,CAPAN2,CC/C(=C(\C1=CC=CC=C1)/C2=CC=C(C=C2)OCCN(C)C)/C3=CC=CC=C3,CVCL_0026,CC/C(=C(\c1ccccc1)c1ccc(OCCN(C)C)cc1)c1ccccc1
1630,Entospletinib,SYK,0.3233463852524696,180,CAPAN2,C1COCCN1C2=CC=C(C=C2)NC3=NC(=CN4C3=NC=C4)C5=CC6=C(C=C5)C=NN6,CVCL_0026,c1cn2cc(-c3ccc4cn[nH]c4c3)nc(Nc3ccc(N4CCOCC4)cc3)c2n1
2040,Foretinib,"MET, KDR, TIE2, VEGFR3/FLT4, RON, PDGFR, FGFR1, EGFR",0.3373680811208398,180,CAPAN2,COC1=CC2=C(C=CN=C2C=C1OCCCN3CCOCC3)OC4=C(C=C(C=C4)NC(=O)C5(CC5)C(=O)NC6=CC=C(C=C6)F)F,CVCL_0026,COc1cc2c(Oc3ccc(NC(=O)C4(C(=O)Nc5ccc(F)cc5)CC4)cc3F)ccnc2cc1OCCCN1CCOCC1
1561,Taselisib,PI3K (beta sparing),0.3532247856867408,180,CAPAN2,CC1=NN(C(=N1)C2=CN3CCOC4=C(C3=N2)C=CC(=C4)C5=CN(N=C5)C(C)(C)C(=O)N)C(C)C,CVCL_0026,Cc1nc(-c2cn3c(n2)-c2ccc(-c4cnn(C(C)(C)C(N)=O)c4)cc2OCC3)n(C(C)C)n1
1559,Luminespib,HSP90,0.3533464439456089,180,CAPAN2,CN1C2=CC=CC=C2C(C1=O)(CC(=O)C3=CC=C(C=C3)Cl)O,CVCL_0026,CN1C(=O)C(O)(CC(=O)c2ccc(Cl)cc2)c2ccccc21
1598,LGK974,PORCN,0.3747070250539441,180,CAPAN2,CC1=CC(=CN=C1C2=CC(=NC=C2)C)CC(=O)NC3=NC=C(C=C3)C4=NC=CN=C4,CVCL_0026,Cc1cc(-c2ncc(CC(=O)Nc3ccc(-c4cnccn4)cn3)cc2C)ccn1
1621,PCI-34051,"HDAC8, HDAC6, HDAC1",0.4866303100358597,180,CAPAN2,COC1=CC=C(C=C1)CN2C=CC3=C2C=C(C=C3)C(=O)NO,CVCL_0026,COc1ccc(Cn2ccc3ccc(C(=O)NO)cc32)cc1
1576,IWP-2,PORCN,0.5233979641686839,180,CAPAN2,CC1=CC2=C(C=C1)N=C(S2)NC(=O)CSC3=NC4=C(C(=O)N3C5=CC=CC=C5)SCC4,CVCL_0026,Cc1ccc2nc(NC(=O)CSc3nc4c(c(=O)n3-c3ccccc3)SCC4)sc2c1
1177,Niraparib,"PARP1, PARP2",0.528234694813429,180,CAPAN2,C1C[C@H](CNC1)C2=CC=C(C=C2)N3C=C4C=CC=C(C4=N3)C(=O)N,CVCL_0026,NC(=O)c1cccc2cn(-c3ccc([C@@H]4CCCNC4)cc3)nc12
1249,BMS-345541,"IKK-1, IKK-2",0.5402157372563742,180,CAPAN2,CC1=CC2=C(C=C1)N=C(C3=NC=C(N23)C)NCCN.Cl,CVCL_0026,Cc1ccc2nc(NCCN)c3ncc(C)n3c2c1
1560,Alpelisib,PI3Kalpha,0.550539042163103,180,CAPAN2,CC1=C(SC(=N1)NC(=O)N2CCC[C@H]2C(=O)N)C3=CC(=NC=C3)C(C)(C)C(F)(F)F,CVCL_0026,Cc1nc(NC(=O)N2CCC[C@H]2C(N)=O)sc1-c1ccnc(C(C)(C)C(F)(F)F)c1
1627,GSK343,EZH2,0.5704783230685918,180,CAPAN2,CCCC1=C(C(=O)NC(=C1)C)CNC(=O)C2=C3C=NN(C3=CC(=C2)C4=CC(=NC=C4)N5CCN(CC5)C)C(C)C,CVCL_0026,CCCc1cc(C)[nH]c(=O)c1CNC(=O)c1cc(-c2ccnc(N3CCN(C)CC3)c2)cc2c1cnn2C(C)C
1927,GSK2578215A,LRRK2,0.5729655811822849,180,CAPAN2,C1=CC=C(C=C1)COC2=C(C=C(C=C2)C3=CC(=NC=C3)F)C(=O)NC4=CN=CC=C4,CVCL_0026,O=C(Nc1cccnc1)c1cc(-c2ccnc(F)c2)ccc1OCc1ccccc1
1553,Uprosertib,"AKT1, AKT2, AKT3",0.5982056196873112,180,CAPAN2,CN1C(=C(C=N1)Cl)C2=C(OC(=C2)C(=O)N[C@@H](CC3=CC(=C(C=C3)F)F)CN)Cl,CVCL_0026,Cn1ncc(Cl)c1-c1cc(C(=O)N[C@H](CN)Cc2ccc(F)c(F)c2)oc1Cl
1908,Ulixertinib,"ERK1, ERK2",0.6071916015730214,180,CAPAN2,CC(C)NC1=NC=C(C(=C1)C2=CNC(=C2)C(=O)N[C@H](CO)C3=CC(=CC=C3)Cl)Cl,CVCL_0026,CC(C)Nc1cc(-c2c[nH]c(C(=O)N[C@H](CO)c3cccc(Cl)c3)c2)c(Cl)cn1
1017,Olaparib,"PARP1, PARP2",0.6369775894143425,180,CAPAN2,C1CC1C(=O)N2CCN(CC2)C(=O)C3=C(C=CC(=C3)CC4=NNC(=O)C5=CC=CC=C54)F,CVCL_0026,O=C(c1cc(Cc2n[nH]c(=O)c3ccccc23)ccc1F)N1CCN(C(=O)C2CC2)CC1
1706,AZD5153,BRD4,0.6404029639175778,180,CAPAN2,C[C@@H]1C(=O)N(CCN1CCOC2=CC=C(C=C2)C3CCN(CC3)C4=NN5C(=NN=C5OC)C=C4)C,CVCL_0026,COc1nnc2ccc(N3CCC(c4ccc(OCCN5CCN(C)C(=O)[C@H]5C)cc4)CC3)nn12
1507,Ruxolitinib,"JAK1, JAK2",0.6510730202458751,180,CAPAN2,C1CCC(C1)[C@@H](CC#N)N2C=C(C=N2)C3=C4C=CNC4=NC=N3,CVCL_0026,N#CC[C@H](C1CCCC1)n1cc(-c2ncnc3[nH]ccc23)cn1
2096,VX-11e,ERK2,0.7027565174404585,180,CAPAN2,CC1=CN=C(N=C1C2=CNC(=C2)C(=O)N[C@H](CO)C3=CC(=CC=C3)Cl)NC4=C(C=C(C=C4)F)Cl,CVCL_0026,Cc1cnc(Nc2ccc(F)cc2Cl)nc1-c1c[nH]c(C(=O)N[C@H](CO)c2cccc(Cl)c2)c1
2047,Ulixertinib,"ERK1, ERK2",0.7040049356692731,180,CAPAN2,CC(C)NC1=NC=C(C(=C1)C2=CNC(=C2)C(=O)N[C@H](CO)C3=CC(=CC=C3)Cl)Cl,CVCL_0026,CC(C)Nc1cc(-c2c[nH]c(C(=O)N[C@H](CO)c3cccc(Cl)c3)c2)c(Cl)cn1
1168,Erlotinib,EGFR,0.7489252332180957,180,CAPAN2,COCCOC1=C(C=C2C(=C1)C(=NC=N2)NC3=CC=CC(=C3)C#C)OCCOC,CVCL_0026,C#Cc1cccc(Nc2ncnc3cc(OCCOC)c(OCCOC)cc23)c1
1180,Dinaciclib,"CDK1, CDK2, CDK5, CDK9",0.7739701336633948,180,CAPAN2,CCC1=C2N=C(C=C(N2N=C1)NCC3=C[N+](=CC=C3)[O-])N4CCCC[C@H]4CCO,CVCL_0026,CCc1cnn2c(NCc3ccc[n+]([O-])c3)cc(N3CCCC[C@H]3CCO)nc12
1626,OTX015,"BRD2, BRD3, BRD4",0.775048549039907,180,CAPAN2,CC1=C(SC2=C1C(=N[C@H](C3=NN=C(N32)C)CC(=O)NC4=CC=C(C=C4)O)C5=CC=C(C=C5)Cl)C,CVCL_0026,Cc1sc2c(c1C)C(c1ccc(Cl)cc1)=N[C@@H](CC(=O)Nc1ccc(O)cc1)c1nnc(C)n1-2
1613,VE-822,ATR,0.79035925634111,180,CAPAN2,CC(C)S(=O)(=O)C1=CC=C(C=C1)C2=CN=C(C(=N2)C3=CC(=NO3)C4=CC=C(C=C4)CNC)N,CVCL_0026,CNCc1ccc(-c2cc(-c3nc(-c4ccc(S(=O)(=O)C(C)C)cc4)cnc3N)on2)cc1
1854,MN-64,"TNKS1, TNKS2",0.7921364610210323,180,CAPAN2,CC(C)C1=CC=C(C=C1)C2=CC(=O)C3=CC=CC=C3O2,CVCL_0026,CC(C)c1ccc(-c2cc(=O)c3ccccc3o2)cc1
1624,I-BET-762,"BRD2, BRD3, BRD4",0.8797423520358798,180,CAPAN2,CCNC(=O)C[C@H]1C2=NN=C(N2C3=C(C=C(C=C3)OC)C(=N1)C4=CC=C(C=C4)Cl)C,CVCL_0026,CCNC(=O)C[C@@H]1N=C(c2ccc(Cl)cc2)c2cc(OC)ccc2-n2c(C)nnc21
1578,Leflunomide,Pyrimidine synthesis inhibitor,0.9053617742166428,180,CAPAN2,CC1=C(C=NO1)C(=O)NC2=CC=C(C=C2)C(F)(F)F,CVCL_0026,Cc1oncc1C(=O)Nc1ccc(C(F)(F)F)cc1
1925,GDC0810,"ESR1, ESR2",0.9109887280653274,180,CAPAN2,CC/C(=C(/C1=CC=C(C=C1)/C=C/C(=O)O)\C2=CC3=C(C=C2)NN=C3)/C4=C(C=C(C=C4)F)Cl,CVCL_0026,CC/C(=C(/c1ccc(/C=C/C(=O)O)cc1)c1ccc2[nH]ncc2c1)c1ccc(F)cc1Cl
1259,Talazoparib,"PARP1, PARP2",0.9147806328521556,180,CAPAN2,CC(C)/C=N/NC(=O)C1=CC=C(C=C1)NC(=O)C,CVCL_0026,CC(=O)Nc1ccc(C(=O)N/N=C/C(C)C)cc1
1010,Gefitinib,EGFR,0.9215724079880836,180,CAPAN2,COC1=C(C=C2C(=C1)N=CN=C2NC3=CC(=C(C=C3)F)Cl)OCCCN4CCOCC4,CVCL_0026,COc1cc2ncnc(Nc3ccc(F)c(Cl)c3)c2cc1OCCCN1CCOCC1
1862,MG-132,"Proteasome, CAPN1",0.9289136514454066,180,CAPAN2,CC(C)C[C@@H](C=O)NC(=O)[C@H](CC(C)C)NC(=O)[C@H](CC(C)C)NC(=O)OCC1=CC=CC=C1,CVCL_0026,CC(C)C[C@@H](C=O)NC(=O)[C@H](CC(C)C)NC(=O)[C@H](CC(C)C)NC(=O)OCc1ccccc1
2106,Uprosertib,"AKT1, AKT2, AKT3",0.9524833277352192,180,CAPAN2,CN1C(=C(C=N1)Cl)C2=C(OC(=C2)C(=O)N[C@@H](CC3=CC(=C(C=C3)F)F)CN)Cl,CVCL_0026,Cn1ncc(Cl)c1-c1cc(C(=O)N[C@H](CN)Cc2ccc(F)c(F)c2)oc1Cl
1622,Wnt-C59,PORCN,0.9735746368667726,180,CAPAN2,CC1=NC=CC(=C1)C2=CC=C(C=C2)CC(=O)NC3=CC=C(C=C3)C4=CN=CC=C4,CVCL_0026,Cc1cc(-c2ccc(CC(=O)Nc3ccc(-c4cccnc4)cc3)cc2)ccn1
1926,GNE-317,PI3Kalpha,0.9873275090488596,180,CAPAN2,CC1=C(SC2=C1N=C(N=C2N3CCOCC3)C4=CN=C(N=C4)N)C5(COC5)OC,CVCL_0026,COC1(c2sc3c(N4CCOCC4)nc(-c4cnc(N)nc4)nc3c2C)COC1
1068,Obatoclax Mesylate,"BCL2, BCL-XL, BCL-W, MCL1",0.9991812743725766,180,CAPAN2,CC1=CC(=C(N1)/C=C\2/C(=C/C(=C/3\C=C4C=CC=CC4=N3)/N2)OC)C,CVCL_0026,COc1c/c(=C2\C=c3ccccc3=N2)[nH]/c1=C\c1[nH]c(C)cc1C
1922,Cediranib,"VEGFR, FLT1, FLT2, FLT3, FLT4, KIT, PDGFRB",1.001416125890562,180,CAPAN2,CC1=CC2=C(N1)C=CC(=C2F)OC3=NC=NC4=CC(=C(C=C43)OC)OCCCN5CCCC5,CVCL_0026,COc1cc2c(Oc3ccc4[nH]c(C)cc4c3F)ncnc2cc1OCCCN1CCCC1
2107,LJI308,"RSK2, RSK1, RSK3",1.012732927689266,180,CAPAN2,C1COCCN1C2=CC=C(C=C2)C3=C(C=NC=C3)C4=CC(=C(C(=C4)F)O)F,CVCL_0026,Oc1c(F)cc(-c2cnccc2-c2ccc(N3CCOCC3)cc2)cc1F
1996,MIM1,MCL1,1.015610296413335,180,CAPAN2,CC(C)[C@H]1CSC(=N1)N2[C@H](CSC2=S)C(C)C,CVCL_0026,CC(C)[C@H]1CSC(N2C(=S)SC[C@@H]2C(C)C)=N1
1131,PRIMA-1MET,TP53 activation,1.0157362549002855,180,CAPAN2,COCC1(C(=O)C2CCN1CC2)CO,CVCL_0026,COCC1(CO)C(=O)C2CCN1CC2
1237,EPZ004777,DOT1L,1.0249097869778068,180,CAPAN2,CC(C)N(CCCNC(=O)NC1=CC=C(C=C1)C(C)(C)C)C[C@@H]2[C@H]([C@H]([C@@H](O2)N3C=CC4=C(N=CN=C43)N)O)O,CVCL_0026,CC(C)N(CCCNC(=O)Nc1ccc(C(C)(C)C)cc1)C[C@H]1O[C@@H](n2ccc3c(N)ncnc32)[C@H](O)[C@@H]1O
1913,AGI-5198,IDH1 (R132H),1.0686078160251882,180,CAPAN2,CC1=CC=CC=C1C(C(=O)NC2CCCCC2)N(C3=CC(=CC=C3)F)C(=O)CN4C=CN=C4C,CVCL_0026,Cc1ccccc1C(C(=O)NC1CCCCC1)N(C(=O)Cn1ccnc1C)c1cccc(F)c1
1909,Venetoclax,BCL2,1.113480733517371,180,CAPAN2,CC1(CCC(=C(C1)C2=CC=C(C=C2)Cl)CN3CCN(CC3)C4=CC(=C(C=C4)C(=O)NS(=O)(=O)C5=CC(=C(C=C5)NCC6CCOCC6)[N+](=O)[O-])OC7=CN=C8C(=C7)C=CN8)C,CVCL_0026,CC1(C)CCC(CN2CCN(c3ccc(C(=O)NS(=O)(=O)c4ccc(NCC5CCOCC5)c([N+](=O)[O-])c4)c(Oc4cnc5[nH]ccc5c4)c3)CC2)=C(c2ccc(Cl)cc2)C1
2045,AMG-319,PI3K (beta sparing),1.131233259911916,180,CAPAN2,C[C@@H](C1=C(N=C2C=C(C=CC2=C1)F)C3=CC=CC=N3)NC4=NC=NC5=C4NC=N5,CVCL_0026,C[C@H](Nc1ncnc2nc[nH]c12)c1cc2ccc(F)cc2nc1-c1ccccn1
1558,Lapatinib,"EGFR, ERBB2",1.1410048981986776,180,CAPAN2,CS(=O)(=O)CCNCC1=CC=C(O1)C2=CC3=C(C=C2)N=CN=C3NC4=CC(=C(C=C4)OCC5=CC(=CC=C5)F)Cl,CVCL_0026,CS(=O)(=O)CCNCc1ccc(-c2ccc3ncnc(Nc4ccc(OCc5cccc(F)c5)c(Cl)c4)c3c2)o1
1058,Pictilisib,PI3K (class 1),1.1598479637794132,180,CAPAN2,CS(=O)(=O)N1CCN(CC1)CC2=CC3=C(S2)C(=NC(=N3)C4=C5C=NNC5=CC=C4)N6CCOCC6,CVCL_0026,CS(=O)(=O)N1CCN(Cc2cc3nc(-c4cccc5[nH]ncc45)nc(N4CCOCC4)c3s2)CC1
1720,AZD5991,MCL1,1.168914474628855,180,CAPAN2,CC1=C2C(=NN1C)CSCC3=NN(C(=C3)CSC4=CC5=CC=CC=C5C(=C4)OCCCC6=C(N(C7=C6C=CC(=C27)Cl)C)C(=O)O)C,CVCL_0026,Cc1c2c(nn1C)CSCc1cc(n(C)n1)CSc1cc(c3ccccc3c1)OCCCc1c(C(=O)O)n(C)c3c-2c(Cl)ccc13
1051,Alisertib,AURKA,1.1690753861231953,180,CAPAN2,COC1=C(C(=CC=C1)F)C2=NCC3=CN=C(N=C3C4=C2C=C(C=C4)Cl)NC5=CC(=C(C=C5)C(=O)O)OC,CVCL_0026,COc1cc(Nc2ncc3c(n2)-c2ccc(Cl)cc2C(c2c(F)cccc2OC)=NC3)ccc1C(=O)O
1924,Ipatasertib,"AKT1, AKT, AKT3",1.1712356181419554,180,CAPAN2,C[C@@H]1C[C@H](C2=C1C(=NC=N2)N3CCN(CC3)C(=O)[C@H](CNC(C)C)C4=CC=C(C=C4)Cl)O,CVCL_0026,CC(C)NC[C@@H](C(=O)N1CCN(c2ncnc3c2[C@H](C)C[C@H]3O)CC1)c1ccc(Cl)cc1
1928,I-BRD9,BRD9,1.2066777717554051,180,CAPAN2,CCN1C=C(C2=C(C1=O)C=C(S2)C(=NC3CCS(=O)(=O)CC3)N)C4=CC(=CC=C4)C(F)(F)F,CVCL_0026,CCn1cc(-c2cccc(C(F)(F)F)c2)c2sc(C(N)=NC3CCS(=O)(=O)CC3)cc2c1=O
1179,MK-1775,"WEE1, PLK1",1.2168586017044842,180,CAPAN2,CC(C)(C1=NC(=CC=C1)N2C3=NC(=NC=C3C(=O)N2CC=C)NC4=CC=C(C=C4)N5CCN(CC5)C)O,CVCL_0026,C=CCn1c(=O)c2cnc(Nc3ccc(N4CCN(C)CC4)cc3)nc2n1-c1cccc(C(C)(C)O)n1
1629,ML323,"USP1, UAF1",1.2171094574048642,180,CAPAN2,CC1=CN=C(N=C1NCC2=CC=C(C=C2)N3C=CN=N3)C4=CC=CC=C4C(C)C,CVCL_0026,Cc1cnc(-c2ccccc2C(C)C)nc1NCc1ccc(-n2ccnn2)cc1
1034,Staurosporine,Broad spectrum kinase inhibitor,1.2251481180090245,180,CAPAN2,C[C@@]12[C@@H]([C@@H](C[C@H](O1)N3C4=CC=CC=C4C5=C6C(=C7C8=CC=CC=C8N2C7=C53)CNC6=O)NC)OC,CVCL_0026,CN[C@@H]1C[C@@H]2O[C@@](C)([C@@H]1OC)n1c3ccccc3c3c4c(c5c6ccccc6n2c5c31)C(=O)NC4
1084,Rapamycin,MTORC1,1.2325098260411091,180,CAPAN2,CC1=NC(=C(N1)[N+](=O)[O-])N(CCN2CCOCC2)CC3=CC=CC=C3F,CVCL_0026,Cc1nc(N(CCN2CCOCC2)Cc2ccccc2F)c([N+](=O)[O-])[nH]1
1806,Oxaliplatin,DNA alkylating agent,1.252901361336881,180,CAPAN2,C1CC[C@H]([C@@H](C1)[NH-])[NH-].C(=O)(C(=O)O)O.[Pt+2],CVCL_0026,N[C@@H]1CCCC[C@H]1N
1512,Cyclophosphamide,Alkylating agent,1.2665811292429647,180,CAPAN2,C1CNP(=O)(OC1)N(CCCl)CCCl,CVCL_0026,O=P1(N(CCCl)CCCl)NCCCO1
1053,MK-2206,"AKT1, AKT2",1.3033904518914077,180,CAPAN2,C1CC(C1)(C2=CC=C(C=C2)C3=C(C=C4C(=N3)C=CN5C4=NNC5=O)C6=CC=CC=C6)N.Cl.Cl,CVCL_0026,NC1(c2ccc(-c3nc4ccn5c(=O)[nH]nc5c4cc3-c3ccccc3)cc2)CCC1
1620,PFI3,"Polybromo 1, SMARCA4, SMARCA2",1.3121311387271406,180,CAPAN2,C1[C@@H]2CN([C@H]1CN2C3=CC=CC=N3)/C=C/C(=O)C4=CC=CC=C4O,CVCL_0026,O=C(/C=C/N1C[C@H]2C[C@@H]1CN2c1ccccn1)c1ccccc1O
1625,RVX-208,BRD4,1.3295923390569735,180,CAPAN2,C1=CC(=C(C=C1N=C=O)F)F,CVCL_0026,O=C=Nc1ccc(F)c(F)c1
2111,VE821,ATR,1.375764906913108,180,CAPAN2,CS(=O)(=O)C1=CC=C(C=C1)C2=CN=C(C(=N2)C(=O)NC3=CC=CC=C3)N,CVCL_0026,CS(=O)(=O)c1ccc(-c2cnc(N)c(C(=O)Nc3ccccc3)n2)cc1
1799,Ibrutinib,BTK,1.4013282644939342,180,CAPAN2,C=CC(=O)N1CCC[C@H](C1)N2C3=NC=NC(=C3C(=N2)C4=CC=C(C=C4)OC5=CC=CC=C5)N,CVCL_0026,C=CC(=O)N1CCC[C@@H](n2nc(-c3ccc(Oc4ccccc4)cc3)c3c(N)ncnc32)C1
1373,Dabrafenib,BRAF,1.405465517094031,180,CAPAN2,CC(C)(C)C1=NC(=C(S1)C2=NC(=NC=C2)N)C3=C(C(=CC=C3)NS(=O)(=O)C4=C(C=CC=C4F)F)F,CVCL_0026,CC(C)(C)c1nc(-c2cccc(NS(=O)(=O)c3c(F)cccc3F)c2F)c(-c2ccnc(N)n2)s1
1049,PD173074,"FGFR1, FGFR2, FGFR3",1.4144744017040445,180,CAPAN2,CCN(CC)CCCCNC1=NC2=NC(=C(C=C2C=N1)C3=CC(=CC(=C3)OC)OC)NC(=O)NC(C)(C)C,CVCL_0026,CCN(CC)CCCCNc1ncc2cc(-c3cc(OC)cc(OC)c3)c(NC(=O)NC(C)(C)C)nc2n1
1200,Fulvestrant,ESR,1.4290201565947434,180,CAPAN2,C[C@]12CC[C@H]3[C@H]([C@@H]1CC[C@@H]2O)[C@@H](CC4=C3C=CC(=C4)O)CCCCCCCCCS(=O)CCCC(C(F)(F)F)(F)F,CVCL_0026,C[C@]12CC[C@@H]3c4ccc(O)cc4C[C@@H](CCCCCCCCC[S+]([O-])CCCC(F)(F)C(F)(F)F)[C@H]3[C@@H]1CC[C@@H]2O
1036,PLX-4720,BRAF,1.4404909187262258,180,CAPAN2,CCCS(=O)(=O)NC1=C(C(=C(C=C1)F)C(=O)C2=CNC3=C2C=C(C=N3)Cl)F,CVCL_0026,CCCS(=O)(=O)Nc1ccc(F)c(C(=O)c2c[nH]c3ncc(Cl)cc23)c1F
1852,LY2109761,TGFB1,1.451799139291598,180,CAPAN2,C1CC2=C(C(=NN2C1)C3=CC=CC=N3)C4=C5C=CC(=CC5=NC=C4)OCCN6CCOCC6,CVCL_0026,c1ccc(-c2nn3c(c2-c2ccnc4cc(OCCN5CCOCC5)ccc24)CCC3)nc1
1916,AZD5363,"AKT1, AKT2, AKT3, ROCK2",1.4840578123168675,180,CAPAN2,C1CN(CCC1(C(=O)N[C@@H](CCO)C2=CC=C(C=C2)Cl)N)C3=NC=NC4=C3C=CN4,CVCL_0026,NC1(C(=O)N[C@@H](CCO)c2ccc(Cl)cc2)CCN(c2ncnc3[nH]ccc23)CC1
1557,LCL161,"XIAP, IAP1, IAP2",1.4980873984861658,180,CAPAN2,C[C@@H](C(=O)N[C@@H](C1CCCCC1)C(=O)N2CCC[C@H]2C3=NC(=CS3)C(=O)C4=CC=C(C=C4)F)NC,CVCL_0026,CN[C@@H](C)C(=O)N[C@H](C(=O)N1CCC[C@H]1c1nc(C(=O)c2ccc(F)cc2)cs1)C1CCCCC1
2044,Pyridostatin,G-quadruplex stabiliser,1.5190033165614938,180,CAPAN2,C1=CC=C2C(=C1)C(=CC(=N2)NC(=O)C3=CC(=CC(=N3)C(=O)NC4=NC5=CC=CC=C5C(=C4)OCCN)OCCN)OCCN,CVCL_0026,NCCOc1cc(C(=O)Nc2cc(OCCN)c3ccccc3n2)nc(C(=O)Nc2cc(OCCN)c3ccccc3n2)c1
1930,Telomerase Inhibitor IX,Telomerase,1.5334371090969574,180,CAPAN2,C1=CC(=CC(=C1)NC(=O)C2=C(C(=CC=C2)O)O)NC(=O)C3=C(C(=CC=C3)O)O,CVCL_0026,O=C(Nc1cccc(NC(=O)c2cccc(O)c2O)c1)c1cccc(O)c1O
1635,Picolinici-acid,Inflammatory related,1.5391547439268605,180,CAPAN2,C1=CC=NC(=C1)C(=O)O,CVCL_0026,O=C(O)c1ccccn1
1615,CZC24832,PI3Kgamma,1.556264729080399,180,CAPAN2,CC(C)(C)NS(=O)(=O)C1=CN=CC(=C1)C2=CN3C(=NC(=N3)N)C(=C2)F,CVCL_0026,CC(C)(C)NS(=O)(=O)c1cncc(-c2cc(F)c3nc(N)nn3c2)c1
1239,YK-4-279,RNA helicase A,1.559697803573434,180,CAPAN2,COC1=CC=C(C=C1)C(=O)CC2(C3=C(C=CC(=C3NC2=O)Cl)Cl)O,CVCL_0026,COc1ccc(C(=O)CC2(O)C(=O)Nc3c(Cl)ccc(Cl)c32)cc1
1375,Temozolomide,DNA alkylating agent,1.583262423501562,180,CAPAN2,CN1C(=O)N2C=NC(=C2N=N1)C(=O)N,CVCL_0026,Cn1nnc2c(C(N)=O)ncn2c1=O
1083,Crizotinib,"MET, ALK, ROS1",1.6171291287540477,180,CAPAN2,C[C@H](C1=C(C=CC(=C1Cl)F)Cl)OC2=C(N=CC(=C2)C3=CN(N=C3)C4CCNCC4)N,CVCL_0026,C[C@@H](Oc1cc(-c2cnn(C3CCNCC3)c2)cnc1N)c1c(Cl)ccc(F)c1Cl
1853,OF-1,"BRPF1B, BRPF2",1.6201289129596417,180,CAPAN2,CC1=C(C=CC(=C1)Br)S(=O)(=O)NC2=CC3=C(C=C2OC)N(C(=O)N3C)C,CVCL_0026,COc1cc2c(cc1NS(=O)(=O)c1ccc(Br)cc1C)n(C)c(=O)n2C
1873,Buparlisib,"PI3Kalpha, PI3Kdelta, PI3Kbeta, PI3Kgamma",1.6549399975003465,180,CAPAN2,C1COCCN1C2=NC(=NC(=C2)C3=CN=C(C=C3C(F)(F)F)N)N4CCOCC4,CVCL_0026,Nc1cc(C(F)(F)F)c(-c2cc(N3CCOCC3)nc(N3CCOCC3)n2)cn1
1013,Nilotinib,ABL,1.6674795994287446,180,CAPAN2,CC1=C(C=C(C=C1)C(=O)NC2=CC(=CC(=C2)C(F)(F)F)N3C=C(N=C3)C)NC4=NC=CC(=N4)C5=CN=CC=C5,CVCL_0026,Cc1cn(-c2cc(NC(=O)c3ccc(C)c(Nc4nccc(-c5cccnc5)n4)c3)cc(C(F)(F)F)c2)cn1
1047,Nutlin-3a (-),MDM2,1.6731509252986063,180,CAPAN2,CC(C)OC1=C(C=CC(=C1)OC)C2=N[C@H]([C@H](N2C(=O)N3CCNC(=O)C3)C4=CC=C(C=C4)Cl)C5=CC=C(C=C5)Cl,CVCL_0026,COc1ccc(C2=N[C@@H](c3ccc(Cl)cc3)[C@@H](c3ccc(Cl)cc3)N2C(=O)N2CCNC(=O)C2)c(OC(C)C)c1
1786,AZD4547,"FGFR1, FGFR2, FGFR3",1.678462221447095,180,CAPAN2,C[C@@H]1CN(C[C@@H](N1)C)C2=CC=C(C=C2)C(=O)NC3=NNC(=C3)CCC4=CC(=CC(=C4)OC)OC,CVCL_0026,COc1cc(CCc2cc(NC(=O)c3ccc(N4C[C@H](C)N[C@H](C)C4)cc3)n[nH]2)cc(OC)c1
1819,Docetaxel,Microtubule stabiliser,1.6879027067234469,180,CAPAN2,CC1=C2[C@H](C(=O)[C@@]3([C@H](C[C@@H]4[C@]([C@H]3[C@@H]([C@@](C2(C)C)(C[C@@H]1OC(=O)[C@@H]([C@H](C5=CC=CC=C5)NC(=O)OC(C)(C)C)O)O)OC(=O)C6=CC=CC=C6)(CO4)OC(=O)C)O)C)O,CVCL_0026,CC(=O)O[C@@]12CO[C@@H]1C[C@H](O)[C@@]1(C)C(=O)[C@H](O)C3=C(C)[C@@H](OC(=O)[C@H](O)[C@@H](NC(=O)OC(C)(C)C)c4ccccc4)C[C@@](O)([C@@H](OC(=O)c4ccccc4)[C@@H]12)C3(C)C
1054,Palbociclib,"CDK4, CDK6",1.7252228127790348,180,CAPAN2,CC1=C(C(=O)N(C2=NC(=NC=C12)NC3=NC=C(C=C3)N4CCNCC4)C5CCCC5)C(=O)C,CVCL_0026,CC(=O)c1c(C)c2cnc(Nc3ccc(N4CCNCC4)cn3)nc2n(C2CCCC2)c1=O
1593,Entinostat,"HDAC1, HDAC3",1.7280016304584862,180,CAPAN2,C1=CC=C(C(=C1)N)NC(=O)C2=CC=C(C=C2)CNC(=O)OCC3=CN=CC=C3,CVCL_0026,Nc1ccccc1NC(=O)c1ccc(CNC(=O)OCc2cccnc2)cc1
1006,Cytarabine,Antimetabolite,1.7300177207440406,180,CAPAN2,C1=CN(C(=O)N=C1N)[C@H]2[C@H]([C@@H]([C@H](O2)CO)O)O,CVCL_0026,Nc1ccn([C@@H]2O[C@H](CO)[C@@H](O)[C@@H]2O)c(=O)n1
1618,GSK2606414,PERK,1.7405521516287377,180,CAPAN2,CN1C=C(C2=C(N=CN=C21)N)C3=CC4=C(C=C3)N(CC4)C(=O)CC5=CC(=CC=C5)C(F)(F)F,CVCL_0026,Cn1cc(-c2ccc3c(c2)CCN3C(=O)Cc2cccc(C(F)(F)F)c2)c2c(N)ncnc21
1563,EPZ5676,DOT1L,1.7618188308810507,180,CAPAN2,CC(C)N(C[C@@H]1[C@H]([C@H]([C@@H](O1)N2C=NC3=C(N=CN=C32)N)O)O)C4CC(C4)CCC5=NC6=C(N5)C=C(C=C6)C(C)(C)C,CVCL_0026,CC(C)N(C[C@H]1O[C@@H](n2cnc3c(N)ncnc32)[C@H](O)[C@@H]1O)C1CC(CCc2nc3ccc(C(C)(C)C)cc3[nH]2)C1
1933,P22077,"USP7, USP47",1.7624734107959057,180,CAPAN2,CC(=O)C1=CC(=C(S1)SC2=C(C=C(C=C2)F)F)[N+](=O)[O-],CVCL_0026,CC(=O)c1cc([N+](=O)[O-])c(Sc2ccc(F)cc2F)s1
1936,Savolitinib,MET,1.7700901316151911,180,CAPAN2,C[C@@H](C1=CN2C=CN=C2C=C1)N3C4=NC(=CN=C4N=N3)C5=CN(N=C5)C,CVCL_0026,C[C@@H](c1ccc2nccn2c1)n1nnc2ncc(-c3cnn(C)c3)nc21
1093,GSK1904529A,"IGF1R, IR",1.787811042929554,180,CAPAN2,CCC1=CC(=C(C=C1N2CCC(CC2)N3CCN(CC3)S(=O)(=O)C)OC)NC4=NC=CC(=N4)C5=C(N=C6N5C=CC=C6)C7=CC(=C(C=C7)OC)C(=O)NC8=C(C=CC=C8F)F,CVCL_0026,CCc1cc(Nc2nccc(-c3c(-c4ccc(OC)c(C(=O)Nc5c(F)cccc5F)c4)nc4ccccn34)n2)c(OC)cc1N1CCC(N2CCN(S(C)(=O)=O)CC2)CC1
2043,BIBR-1532,TERT,1.8026892963409809,180,CAPAN2,C/C(=C\C(=O)NC1=CC=CC=C1C(=O)O)/C2=CC3=CC=CC=C3C=C2,CVCL_0026,C/C(=C\C(=O)Nc1ccccc1C(=O)O)c1ccc2ccccc2c1
1912,Afuresertib,"AKT1, AKT2, AKT3",1.8092943569273063,180,CAPAN2,CN1C(=C(C=N1)Cl)C2=C(SC(=C2)C(=O)N[C@@H](CC3=CC(=CC=C3)F)CN)Cl,CVCL_0026,Cn1ncc(Cl)c1-c1cc(C(=O)N[C@H](CN)Cc2cccc(F)c2)sc1Cl
2170,AT13148,AKT1,1.884870827485724,180,CAPAN2,C1=CC(=CC=C1C2=CNN=C2)[C@@](CN)(C3=CC=C(C=C3)Cl)O,CVCL_0026,NC[C@@](O)(c1ccc(Cl)cc1)c1ccc(-c2cn[nH]c2)cc1
1190,Gemcitabine,Pyrimidine antimetabolite,1.9121555991246355,180,CAPAN2,C1=CN(C(=O)N=C1N)[C@H]2C([C@@H]([C@H](O2)CO)O)(F)F,CVCL_0026,Nc1ccn([C@@H]2O[C@H](CO)[C@@H](O)C2(F)F)c(=O)n1
1089,Oxaliplatin,DNA alkylating agent,1.9261825516412368,180,CAPAN2,C1CC[C@H]([C@@H](C1)N)N.C(=O)(C(=O)O)O.[Pt],CVCL_0026,N[C@@H]1CCCC[C@H]1N
1080,Paclitaxel,Microtubule stabiliser,1.9275501866504137,180,CAPAN2,CC1=C2[C@H](C(=O)[C@@]3([C@H](C[C@@H]4[C@]([C@H]3[C@@H]([C@@](C2(C)C)(C[C@@H]1OC(=O)[C@@H]([C@H](C5=CC=CC=C5)NC(=O)C6=CC=CC=C6)O)O)OC(=O)C7=CC=CC=C7)(CO4)OC(=O)C)O)C)OC(=O)C,CVCL_0026,CC(=O)O[C@H]1C(=O)[C@]2(C)[C@@H](O)C[C@H]3OC[C@@]3(OC(C)=O)[C@H]2[C@H](OC(=O)c2ccccc2)[C@]2(O)C[C@H](OC(=O)[C@H](O)[C@@H](NC(=O)c3ccccc3)c3ccccc3)C(C)=C1C2(C)C
1917,AZD6738,ATR,1.9454378548506543,180,CAPAN2,C[C@@H]1COCCN1C2=NC(=NC(=C2)C3(CC3)[S@](=N)(=O)C)C4=C5C=CNC5=NC=C4,CVCL_0026,C[C@@H]1COCCN1c1cc(C2([S@](C)(=N)=O)CC2)nc(-c2ccnc3[nH]ccc23)n1
1073,5-Fluorouracil,Antimetabolite (DNA & RNA),1.9654743780055173,180,CAPAN2,C1=C(C(=O)NC(=O)N1)F,CVCL_0026,O=c1[nH]cc(F)c(=O)[nH]1
1088,Irinotecan,TOP1,2.021899676987157,180,CAPAN2,CCC1=C2CN3C(=CC4=C(C3=O)COC(=O)[C@@]4(CC)O)C2=NC5=C1C=C(C=C5)OC(=O)N6CCC(CC6)N7CCCCC7,CVCL_0026,CCc1c2c(nc3ccc(OC(=O)N4CCC(N5CCCCC5)CC4)cc13)-c1cc3c(c(=O)n1C2)COC(=O)[C@]3(O)CC
1057,Dactolisib,"PI3K (class 1), MTORC1, MTORC2",2.030089617274178,180,CAPAN2,CC(C)(C#N)C1=CC=C(C=C1)N2C3=C4C=C(C=CC4=NC=C3N(C2=O)C)C5=CC6=CC=CC=C6N=C5,CVCL_0026,Cn1c(=O)n(-c2ccc(C(C)(C)C#N)cc2)c2c3cc(-c4cnc5ccccc5c4)ccc3ncc21
1401,AZD5438,CDK2,2.04270615066508,180,CAPAN2,CC1=NC=C(N1C(C)C)C2=NC(=NC=C2)NC3=CC=C(C=C3)S(=O)(=O)C,CVCL_0026,Cc1ncc(-c2ccnc(Nc3ccc(S(C)(=O)=O)cc3)n2)n1C(C)C
1529,Pevonedistat,NAE,2.138636993510471,180,CAPAN2,C1CC2=CC=CC=C2[C@H]1NC3=C4C=CN(C4=NC=N3)[C@@H]5C[C@H]([C@H](C5)O)COS(=O)(=O)N,CVCL_0026,NS(=O)(=O)OC[C@@H]1C[C@@H](n2ccc3c(N[C@H]4CCc5ccccc54)ncnc32)C[C@@H]1O
1003,Camptothecin,TOP1,2.2751922854039246,180,CAPAN2,CC[C@@]1(C2=C(COC1=O)C(=O)N3CC4=CC5=CC=CC=C5N=C4C3=C2)O,CVCL_0026,CC[C@@]1(O)C(=O)OCc2c1cc1n(c2=O)Cc2cc3ccccc3nc2-1
1004,Vinblastine,Microtubule destabiliser,2.307591073484714,180,CAPAN2,CC[C@@]1(CC2C[C@@](C3=C(CCN(C2)C1)C4=CC=CC=C4N3)(C5=C(C=C6C(=C5)[C@]78CCN9[C@H]7[C@@](C=CC9)([C@H]([C@@]([C@@H]8N6C)(C(=O)OC)O)OC(=O)C)CC)OC)C(=O)OC)O,CVCL_0026,CC[C@]1(O)CC2CN(CCc3c([nH]c4ccccc34)[C@@](C(=O)OC)(c3cc4c(cc3OC)N(C)[C@H]3[C@@](O)(C(=O)OC)[C@H](OC(C)=O)[C@]5(CC)C=CCN6CC[C@]43[C@@H]65)C2)C1
2046,MK-8776,"CHEK1, CHEK2, CDK2",2.3843653230202766,180,CAPAN2,CN1C=C(C=N1)C2=C3N=C(C(=C(N3N=C2)N)Br)C4CCCNC4,CVCL_0026,Cn1cc(-c2cnn3c(N)c(Br)c(C4CCCNC4)nc23)cn1
1007,Docetaxel,Microtubule stabiliser,2.423279043539804,180,CAPAN2,CC1=C2[C@H](C(=O)[C@@]3([C@H](C[C@@H]4[C@]([C@H]3[C@@H]([C@@](C2(C)C)(C[C@@H]1OC(=O)[C@@H]([C@H](C5=CC=CC=C5)NC(=O)OC(C)(C)C)O)O)OC(=O)C6=CC=CC=C6)(CO4)OC(=O)C)O)C)O,CVCL_0026,CC(=O)O[C@@]12CO[C@@H]1C[C@H](O)[C@@]1(C)C(=O)[C@H](O)C3=C(C)[C@@H](OC(=O)[C@H](O)[C@@H](NC(=O)OC(C)(C)C)c4ccccc4)C[C@@](O)([C@@H](OC(=O)c4ccccc4)[C@@H]12)C3(C)C
1012,Vorinostat,"HDAC inhibitor Class I, IIa, IIb, IV",2.441141323240238,180,CAPAN2,C1=CC=C(C=C1)NC(=O)CCCCCCC(=O)NO,CVCL_0026,O=C(CCCCCCC(=O)Nc1ccccc1)NO
1046,Wee1 Inhibitor,"WEE1, CHEK1",2.767873587195296,180,CAPAN2,C1=CC=C(C(=C1)C2=CC3=C(C4=C(N3)C=CC(=C4)O)C5=C2C(=O)NC5=O)Cl,CVCL_0026,O=C1NC(=O)c2c1c(-c1ccccc1Cl)cc1[nH]c3ccc(O)cc3c21
2048,Vinorelbine,Microtubule destabiliser,2.8134728089693555,180,CAPAN2,CCC1=C[C@H]2C[C@@](C3=C(CN(C2)C1)C4=CC=CC=C4N3)(C5=C(C=C6C(=C5)[C@]78CCN9[C@H]7[C@@](C=CC9)([C@H]([C@@]([C@@H]8N6C)(C(=O)OC)O)OC(=O)C)CC)OC)C(=O)OC,CVCL_0026,CCC1=C[C@@H]2CN(C1)Cc1c([nH]c3ccccc13)[C@@](C(=O)OC)(c1cc3c(cc1OC)N(C)[C@H]1[C@@](O)(C(=O)OC)[C@H](OC(C)=O)[C@]4(CC)C=CCN5CC[C@]31[C@@H]54)C2
1511,Epirubicin,Anthracycline,2.8444698110672006,180,CAPAN2,C[C@H]1[C@@H]([C@H](C[C@@H](O1)O[C@H]2C[C@@](CC3=C2C(=C4C(=C3O)C(=O)C5=C(C4=O)C(=CC=C5)OC)O)(C(=O)CO)O)N)O,CVCL_0026,COc1cccc2c1C(=O)c1c(O)c3c(c(O)c1C2=O)C[C@@](O)(C(=O)CO)C[C@@H]3O[C@H]1C[C@H](N)[C@@H](O)[C@H](C)O1
1085,Sorafenib,"PDGFR, KIT, VEGFR, RAF",2.948885773364532,180,CAPAN2,CNC(=O)C1=NC=CC(=C1)OC2=CC=C(C=C2)NC(=O)NC3=CC(=C(C=C3)Cl)C(F)(F)F,CVCL_0026,CNC(=O)c1cc(Oc2ccc(NC(=O)Nc3ccc(Cl)c(C(F)(F)F)c3)cc2)ccn1
1940,WIKI4,"TNKS1, TNKS2",-1.0102464602073045,180,CFPAC1,COC1=CC=C(C=C1)N2C(=NN=C2SCCCN3C(=O)C4=CC=CC5=C4C(=CC=C5)C3=O)C6=CC=NC=C6,CVCL_1119,COc1ccc(-n2c(SCCCN3C(=O)c4cccc5cccc(c45)C3=O)nnc2-c2ccncc2)cc1
1190,Gemcitabine,Pyrimidine antimetabolite,-0.983579276687568,180,CFPAC1,C1=CN(C(=O)N=C1N)[C@H]2C([C@@H]([C@H](O2)CO)O)(F)F,CVCL_1119,Nc1ccn([C@@H]2O[C@H](CO)[C@@H](O)C2(F)F)c(=O)n1
2109,AZ6102,"TNKS1, TNKS2",-0.9088561274541218,180,CFPAC1,CCC1=CC2=C(C=C1OC(=O)C(C)(C)C)OC(=C(C2=O)OC3=CC=C(C=C3)I)C(F)(F)F,CVCL_1119,CCc1cc2c(=O)c(Oc3ccc(I)cc3)c(C(F)(F)F)oc2cc1OC(=O)C(C)(C)C
1918,AZD8186,"PI3Kalpha, PI3Kbeta",-0.8758139905291437,180,CFPAC1,C[C@H](C1=CC(=CC2=C1OC(=CC2=O)N3CCOCC3)C(=O)N(C)C)NC4=CC(=CC(=C4)F)F,CVCL_1119,C[C@@H](Nc1cc(F)cc(F)c1)c1cc(C(=O)N(C)C)cc2c(=O)cc(N3CCOCC3)oc12
1618,GSK2606414,PERK,-0.8006867494110791,180,CFPAC1,CN1C=C(C2=C(N=CN=C21)N)C3=CC4=C(C=C3)N(CC4)C(=O)CC5=CC(=CC=C5)C(F)(F)F,CVCL_1119,Cn1cc(-c2ccc3c(c2)CCN3C(=O)Cc2cccc(C(F)(F)F)c2)c2c(N)ncnc21
1032,Afatinib,"ERBB2, EGFR",-0.7722401500821121,180,CFPAC1,CN(C)C/C=C/C(=O)NC1=C(C=C2C(=C1)C(=NC=N2)NC3=CC(=C(C=C3)F)Cl)O[C@H]4CCOC4,CVCL_1119,CN(C)C/C=C/C(=O)Nc1cc2c(Nc3ccc(F)c(Cl)c3)ncnc2cc1O[C@H]1CCOC1
1003,Camptothecin,TOP1,-0.6698197966373393,180,CFPAC1,CC[C@@]1(C2=C(COC1=O)C(=O)N3CC4=CC5=CC=CC=C5N=C4C3=C2)O,CVCL_1119,CC[C@@]1(O)C(=O)OCc2c1cc1n(c2=O)Cc2cc3ccccc3nc2-1
1073,5-Fluorouracil,Antimetabolite (DNA & RNA),-0.6394138257810206,180,CFPAC1,C1=C(C(=O)NC(=O)N1)F,CVCL_1119,O=c1[nH]cc(F)c(=O)[nH]1
1862,MG-132,"Proteasome, CAPN1",-0.5902067437324888,180,CFPAC1,CC(C)C[C@@H](C=O)NC(=O)[C@H](CC(C)C)NC(=O)[C@H](CC(C)C)NC(=O)OCC1=CC=CC=C1,CVCL_1119,CC(C)C[C@@H](C=O)NC(=O)[C@H](CC(C)C)NC(=O)[C@H](CC(C)C)NC(=O)OCc1ccccc1
1913,AGI-5198,IDH1 (R132H),-0.5805099813803758,180,CFPAC1,CC1=CC=CC=C1C(C(=O)NC2CCCCC2)N(C3=CC(=CC=C3)F)C(=O)CN4C=CN=C4C,CVCL_1119,Cc1ccccc1C(C(=O)NC1CCCCC1)N(C(=O)Cn1ccnc1C)c1cccc(F)c1
1010,Gefitinib,EGFR,-0.5731115915845562,180,CFPAC1,COC1=C(C=C2C(=C1)N=CN=C2NC3=CC(=C(C=C3)F)Cl)OCCCN4CCOCC4,CVCL_1119,COc1cc2ncnc(Nc3ccc(F)c(Cl)c3)c2cc1OCCCN1CCOCC1
1168,Erlotinib,EGFR,-0.5723517472412734,180,CFPAC1,COCCOC1=C(C=C2C(=C1)C(=NC=N2)NC3=CC=CC(=C3)C#C)OCCOC,CVCL_1119,C#Cc1cccc(Nc2ncnc3cc(OCCOC)c(OCCOC)cc23)c1
1088,Irinotecan,TOP1,-0.5606694095423909,180,CFPAC1,CCC1=C2CN3C(=CC4=C(C3=O)COC(=O)[C@@]4(CC)O)C2=NC5=C1C=C(C=C5)OC(=O)N6CCC(CC6)N7CCCCC7,CVCL_1119,CCc1c2c(nc3ccc(OC(=O)N4CCC(N5CCCCC5)CC4)cc13)-c1cc3c(c(=O)n1C2)COC(=O)[C@]3(O)CC
1936,Savolitinib,MET,-0.5403991451487844,180,CFPAC1,C[C@@H](C1=CN2C=CN=C2C=C1)N3C4=NC(=CN=C4N=N3)C5=CN(N=C5)C,CVCL_1119,C[C@@H](c1ccc2nccn2c1)n1nnc2ncc(-c3cnn(C)c3)nc21
1627,GSK343,EZH2,-0.5196712237773541,180,CFPAC1,CCCC1=C(C(=O)NC(=C1)C)CNC(=O)C2=C3C=NN(C3=CC(=C2)C4=CC(=NC=C4)N5CCN(CC5)C)C(C)C,CVCL_1119,CCCc1cc(C)[nH]c(=O)c1CNC(=O)c1cc(-c2ccnc(N3CCN(C)CC3)c2)cc2c1cnn2C(C)C
1006,Cytarabine,Antimetabolite,-0.4963691995247872,180,CFPAC1,C1=CN(C(=O)N=C1N)[C@H]2[C@H]([C@@H]([C@H](O2)CO)O)O,CVCL_1119,Nc1ccn([C@@H]2O[C@H](CO)[C@@H](O)[C@@H]2O)c(=O)n1
1549,Sapitinib,"EGFR, ERBB2, ERBB3",-0.4919545796508645,180,CFPAC1,CNC(=O)CN1CCC(CC1)OC2=C(C=C3C(=C2)C(=NC=N3)NC4=C(C(=CC=C4)Cl)F)OC,CVCL_1119,CNC(=O)CN1CCC(Oc2cc3c(Nc4cccc(Cl)c4F)ncnc3cc2OC)CC1
1375,Temozolomide,DNA alkylating agent,-0.4729370118957647,180,CFPAC1,CN1C(=O)N2C=NC(=C2N=N1)C(=O)N,CVCL_1119,Cn1nnc2c(C(N)=O)ncn2c1=O
1463,AZD1332,"NTRK1, NTRK2, NTRK3",-0.4678702722595764,180,CFPAC1,CC(C)OC1=NNC(=C1)NC2=NC(=NC=C2Cl)NC(C)C3=NC=C(C=C3)F,CVCL_1119,CC(C)Oc1cc(Nc2nc(NC(C)c3ccc(F)cn3)ncc2Cl)[nH]n1
1093,GSK1904529A,"IGF1R, IR",-0.4629865501875135,180,CFPAC1,CCC1=CC(=C(C=C1N2CCC(CC2)N3CCN(CC3)S(=O)(=O)C)OC)NC4=NC=CC(=N4)C5=C(N=C6N5C=CC=C6)C7=CC(=C(C=C7)OC)C(=O)NC8=C(C=CC=C8F)F,CVCL_1119,CCc1cc(Nc2nccc(-c3c(-c4ccc(OC)c(C(=O)Nc5c(F)cccc5F)c4)nc4ccccn34)n2)c(OC)cc1N1CCC(N2CCN(S(C)(=O)=O)CC2)CC1
1259,Talazoparib,"PARP1, PARP2",-0.4555038676414828,180,CFPAC1,CC(C)/C=N/NC(=O)C1=CC=C(C=C1)NC(=O)C,CVCL_1119,CC(=O)Nc1ccc(C(=O)N/N=C/C(C)C)cc1
1249,BMS-345541,"IKK-1, IKK-2",-0.3862335406838876,180,CFPAC1,CC1=CC2=C(C=C1)N=C(C3=NC=C(N23)C)NCCN.Cl,CVCL_1119,Cc1ccc2nc(NCCN)c3ncc(C)n3c2c1
1179,MK-1775,"WEE1, PLK1",-0.38414723761246,180,CFPAC1,CC(C)(C1=NC(=CC=C1)N2C3=NC(=NC=C3C(=O)N2CC=C)NC4=CC=C(C=C4)N5CCN(CC5)C)O,CVCL_1119,C=CCn1c(=O)c2cnc(Nc3ccc(N4CCN(C)CC4)cc3)nc2n1-c1cccc(C(C)(C)O)n1
1511,Epirubicin,Anthracycline,-0.3809791007916293,180,CFPAC1,C[C@H]1[C@@H]([C@H](C[C@@H](O1)O[C@H]2C[C@@](CC3=C2C(=C4C(=C3O)C(=O)C5=C(C4=O)C(=CC=C5)OC)O)(C(=O)CO)O)N)O,CVCL_1119,COc1cccc2c1C(=O)c1c(O)c3c(c(O)c1C2=O)C[C@@](O)(C(=O)CO)C[C@@H]3O[C@H]1C[C@H](N)[C@@H](O)[C@H](C)O1
1268,XAV939,"TNKS1, TNKS2",-0.353242272745594,180,CFPAC1,C1CSCC2=C1N=C(NC2=O)C3=CC=C(C=C3)C(F)(F)F,CVCL_1119,O=c1[nH]c(-c2ccc(C(F)(F)F)cc2)nc2c1CSCC2
1559,Luminespib,HSP90,-0.3508461251060548,180,CFPAC1,CN1C2=CC=CC=C2C(C1=O)(CC(=O)C3=CC=C(C=C3)Cl)O,CVCL_1119,CN1C(=O)C(O)(CC(=O)c2ccc(Cl)cc2)c2ccccc21
2046,MK-8776,"CHEK1, CHEK2, CDK2",-0.3434062293146567,180,CFPAC1,CN1C=C(C=N1)C2=C3N=C(C(=C(N3N=C2)N)Br)C4CCCNC4,CVCL_1119,Cn1cc(-c2cnn3c(N)c(Br)c(C4CCCNC4)nc23)cn1
1786,AZD4547,"FGFR1, FGFR2, FGFR3",-0.2885464757002356,180,CFPAC1,C[C@@H]1CN(C[C@@H](N1)C)C2=CC=C(C=C2)C(=O)NC3=NNC(=C3)CCC4=CC(=CC(=C4)OC)OC,CVCL_1119,COc1cc(CCc2cc(NC(=O)c3ccc(N4C[C@H](C)N[C@H](C)C4)cc3)n[nH]2)cc(OC)c1
1022,AZD7762,"CHEK1, CHEK2",-0.2769492360624672,180,CFPAC1,C1C[C@@H](CNC1)NC(=O)C2=C(C=C(S2)C3=CC(=CC=C3)F)NC(=O)N,CVCL_1119,NC(=O)Nc1cc(-c2cccc(F)c2)sc1C(=O)N[C@H]1CCCNC1
1199,Tamoxifen,ESR1,-0.2591978785988963,180,CFPAC1,CC/C(=C(\C1=CC=CC=C1)/C2=CC=C(C=C2)OCCN(C)C)/C3=CC=CC=C3,CVCL_1119,CC/C(=C(\c1ccccc1)c1ccc(OCCN(C)C)cc1)c1ccccc1
1177,Niraparib,"PARP1, PARP2",-0.2316414267997344,180,CFPAC1,C1C[C@H](CNC1)C2=CC=C(C=C2)N3C=C4C=CC=C(C4=N3)C(=O)N,CVCL_1119,NC(=O)c1cccc2cn(-c3ccc([C@@H]4CCCNC4)cc3)nc12
1908,Ulixertinib,"ERK1, ERK2",-0.2296854797284682,180,CFPAC1,CC(C)NC1=NC=C(C(=C1)C2=CNC(=C2)C(=O)N[C@H](CO)C3=CC(=CC=C3)Cl)Cl,CVCL_1119,CC(C)Nc1cc(-c2c[nH]c(C(=O)N[C@H](CO)c3cccc(Cl)c3)c2)c(Cl)cn1
1058,Pictilisib,PI3K (class 1),-0.2258609194407193,180,CFPAC1,CS(=O)(=O)N1CCN(CC1)CC2=CC3=C(S2)C(=NC(=N3)C4=C5C=NNC5=CC=C4)N6CCOCC6,CVCL_1119,CS(=O)(=O)N1CCN(Cc2cc3nc(-c4cccc5[nH]ncc45)nc(N4CCOCC4)c3s2)CC1
1706,AZD5153,BRD4,-0.203516759473678,180,CFPAC1,C[C@@H]1C(=O)N(CCN1CCOC2=CC=C(C=C2)C3CCN(CC3)C4=NN5C(=NN=C5OC)C=C4)C,CVCL_1119,COc1nnc2ccc(N3CCC(c4ccc(OCCN5CCN(C)C(=O)[C@H]5C)cc4)CC3)nn12
2045,AMG-319,PI3K (beta sparing),-0.1988289561171602,180,CFPAC1,C[C@@H](C1=C(N=C2C=C(C=CC2=C1)F)C3=CC=CC=N3)NC4=NC=NC5=C4NC=N5,CVCL_1119,C[C@H](Nc1ncnc2nc[nH]c12)c1cc2ccc(F)cc2nc1-c1ccccn1
1996,MIM1,MCL1,-0.1262664331293843,180,CFPAC1,CC(C)[C@H]1CSC(=N1)N2[C@H](CSC2=S)C(C)C,CVCL_1119,CC(C)[C@H]1CSC(N2C(=S)SC[C@@H]2C(C)C)=N1
1036,PLX-4720,BRAF,-0.1197319204301664,180,CFPAC1,CCCS(=O)(=O)NC1=C(C(=C(C=C1)F)C(=O)C2=CNC3=C2C=C(C=N3)Cl)F,CVCL_1119,CCCS(=O)(=O)Nc1ccc(F)c(C(=O)c2c[nH]c3ncc(Cl)cc23)c1F
1819,Docetaxel,Microtubule stabiliser,-0.1105661237182067,180,CFPAC1,CC1=C2[C@H](C(=O)[C@@]3([C@H](C[C@@H]4[C@]([C@H]3[C@@H]([C@@](C2(C)C)(C[C@@H]1OC(=O)[C@@H]([C@H](C5=CC=CC=C5)NC(=O)OC(C)(C)C)O)O)OC(=O)C6=CC=CC=C6)(CO4)OC(=O)C)O)C)O,CVCL_1119,CC(=O)O[C@@]12CO[C@@H]1C[C@H](O)[C@@]1(C)C(=O)[C@H](O)C3=C(C)[C@@H](OC(=O)[C@H](O)[C@@H](NC(=O)OC(C)(C)C)c4ccccc4)C[C@@](O)([C@@H](OC(=O)c4ccccc4)[C@@H]12)C3(C)C
1529,Pevonedistat,NAE,-0.1097886362966592,180,CFPAC1,C1CC2=CC=CC=C2[C@H]1NC3=C4C=CN(C4=NC=N3)[C@@H]5C[C@H]([C@H](C5)O)COS(=O)(=O)N,CVCL_1119,NS(=O)(=O)OC[C@@H]1C[C@@H](n2ccc3c(N[C@H]4CCc5ccccc54)ncnc32)C[C@@H]1O
1613,VE-822,ATR,-0.1012891186912114,180,CFPAC1,CC(C)S(=O)(=O)C1=CC=C(C=C1)C2=CN=C(C(=N2)C3=CC(=NO3)C4=CC=C(C=C4)CNC)N,CVCL_1119,CNCc1ccc(-c2cc(-c3nc(-c4ccc(S(=O)(=O)C(C)C)cc4)cnc3N)on2)cc1
1057,Dactolisib,"PI3K (class 1), MTORC1, MTORC2",-0.1008568287388053,180,CFPAC1,CC(C)(C#N)C1=CC=C(C=C1)N2C3=C4C=C(C=CC4=NC=C3N(C2=O)C)C5=CC6=CC=CC=C6N=C5,CVCL_1119,Cn1c(=O)n(-c2ccc(C(C)(C)C#N)cc2)c2c3cc(-c4cnc5ccccc5c4)ccc3ncc21
1922,Cediranib,"VEGFR, FLT1, FLT2, FLT3, FLT4, KIT, PDGFRB",-0.0859438296182015,180,CFPAC1,CC1=CC2=C(N1)C=CC(=C2F)OC3=NC=NC4=CC(=C(C=C43)OC)OCCCN5CCCC5,CVCL_1119,COc1cc2c(Oc3ccc4[nH]c(C)cc4c3F)ncnc2cc1OCCCN1CCCC1
1598,LGK974,PORCN,-0.036137314007453,180,CFPAC1,CC1=CC(=CN=C1C2=CC(=NC=C2)C)CC(=O)NC3=NC=C(C=C3)C4=NC=CN=C4,CVCL_1119,Cc1cc(-c2ncc(CC(=O)Nc3ccc(-c4cnccn4)cn3)cc2C)ccn1
1736,Selumetinib,"MEK1, MEK2",-0.0340277183435759,180,CFPAC1,CN1C=NC2=C1C=C(C(=C2F)NC3=C(C=C(C=C3)Br)Cl)C(=O)NOCCO,CVCL_1119,Cn1cnc2c(F)c(Nc3ccc(Br)cc3Cl)c(C(=O)NOCCO)cc21
1615,CZC24832,PI3Kgamma,-0.029375977693954,180,CFPAC1,CC(C)(C)NS(=O)(=O)C1=CN=CC(=C1)C2=CN3C(=NC(=N3)N)C(=C2)F,CVCL_1119,CC(C)(C)NS(=O)(=O)c1cncc(-c2cc(F)c3nc(N)nn3c2)c1
1926,GNE-317,PI3Kalpha,-0.0217463483034751,180,CFPAC1,CC1=C(SC2=C1N=C(N=C2N3CCOCC3)C4=CN=C(N=C4)N)C5(COC5)OC,CVCL_1119,COC1(c2sc3c(N4CCOCC4)nc(-c4cnc(N)nc4)nc3c2C)COC1
1250,AZ960,"JAK2, JAK3",-0.0167985900844593,180,CFPAC1,CC1=CC(=NN1)NC2=C(C=C(C(=N2)N[C@@H](C)C3=CC=C(C=C3)F)C#N)F,CVCL_1119,Cc1cc(Nc2nc(N[C@@H](C)c3ccc(F)cc3)c(C#N)cc2F)n[nH]1
1576,IWP-2,PORCN,-0.0160350753523269,180,CFPAC1,CC1=CC2=C(C=C1)N=C(S2)NC(=O)CSC3=NC4=C(C(=O)N3C5=CC=CC=C5)SCC4,CVCL_1119,Cc1ccc2nc(NC(=O)CSc3nc4c(c(=O)n3-c3ccccc3)SCC4)sc2c1
1915,AZD3759,EGFR,-0.0112782679109017,180,CFPAC1,C[C@@H]1CN(CCN1C(=O)OC2=C(C=C3C(=C2)C(=NC=N3)NC4=C(C(=CC=C4)Cl)F)OC)C,CVCL_1119,COc1cc2ncnc(Nc3cccc(Cl)c3F)c2cc1OC(=O)N1CCN(C)C[C@H]1C
1180,Dinaciclib,"CDK1, CDK2, CDK5, CDK9",-0.0007650258243141,180,CFPAC1,CCC1=C2N=C(C=C(N2N=C1)NCC3=C[N+](=CC=C3)[O-])N4CCCC[C@H]4CCO,CVCL_1119,CCc1cnn2c(NCc3ccc[n+]([O-])c3)cc(N3CCCC[C@H]3CCO)nc12
1919,Osimertinib,EGFR,0.0215071090709644,180,CFPAC1,CN1C=C(C2=CC=CC=C21)C3=NC(=NC=C3)NC4=C(C=C(C(=C4)NC(=O)C=C)N(C)CCN(C)C)OC,CVCL_1119,C=CC(=O)Nc1cc(Nc2nccc(-c3cn(C)c4ccccc34)n2)c(OC)cc1N(C)CCN(C)C
1091,BMS-536924,"IGF1R, IR",0.027216519064151,180,CFPAC1,CC1=CC(=CC2=C1N=C(N2)C3=C(C=CNC3=O)NC[C@H](C4=CC(=CC=C4)Cl)O)N5CCOCC5,CVCL_1119,Cc1cc(N2CCOCC2)cc2[nH]c(-c3c(NC[C@@H](O)c4cccc(Cl)c4)cc[nH]c3=O)nc12
1401,AZD5438,CDK2,0.0420444224586488,180,CFPAC1,CC1=NC=C(N1C(C)C)C2=NC(=NC=C2)NC3=CC=C(C=C3)S(=O)(=O)C,CVCL_1119,Cc1ncc(-c2ccnc(Nc3ccc(S(C)(=O)=O)cc3)n2)n1C(C)C
1200,Fulvestrant,ESR,0.0532326113047316,180,CFPAC1,C[C@]12CC[C@H]3[C@H]([C@@H]1CC[C@@H]2O)[C@@H](CC4=C3C=CC(=C4)O)CCCCCCCCCS(=O)CCCC(C(F)(F)F)(F)F,CVCL_1119,C[C@]12CC[C@@H]3c4ccc(O)cc4C[C@@H](CCCCCCCCC[S+]([O-])CCCC(F)(F)C(F)(F)F)[C@H]3[C@@H]1CC[C@@H]2O
1997,WEHI-539,BCL-XL,0.0638160510513143,180,CFPAC1,C1CC2=C(C=C(C=C2)C3=NC(=C(S3)CCCOC4=CC=C(C=C4)CN)C(=O)O)/C(=N/NC5=NC6=CC=CC=C6S5)/C1,CVCL_1119,NCc1ccc(OCCCc2sc(-c3ccc4c(c3)/C(=N/Nc3nc5ccccc5s3)CCC4)nc2C(=O)O)cc1
1372,Trametinib,"MEK1, MEK2",0.0669604087454421,180,CFPAC1,CC1=C2C(=C(N(C1=O)C)NC3=C(C=C(C=C3)I)F)C(=O)N(C(=O)N2C4=CC=CC(=C4)NC(=O)C)C5CC5,CVCL_1119,CC(=O)Nc1cccc(-n2c(=O)n(C3CC3)c(=O)c3c(Nc4ccc(I)cc4F)n(C)c(=O)c(C)c32)c1
2040,Foretinib,"MET, KDR, TIE2, VEGFR3/FLT4, RON, PDGFR, FGFR1, EGFR",0.0943533038429137,180,CFPAC1,COC1=CC2=C(C=CN=C2C=C1OCCCN3CCOCC3)OC4=C(C=C(C=C4)NC(=O)C5(CC5)C(=O)NC6=CC=C(C=C6)F)F,CVCL_1119,COc1cc2c(Oc3ccc(NC(=O)C4(C(=O)Nc5ccc(F)cc5)CC4)cc3F)ccnc2cc1OCCCN1CCOCC1
1614,WZ4003,"NUAK1, NUAK2",0.0990249638896889,180,CFPAC1,CCC(=O)NC1=CC(=CC=C1)OC2=NC(=NC=C2Cl)NC3=C(C=C(C=C3)N4CCN(CC4)C)OC,CVCL_1119,CCC(=O)Nc1cccc(Oc2nc(Nc3ccc(N4CCN(C)CC4)cc3OC)ncc2Cl)c1
1011,Navitoclax,"BCL2, BCL-XL, BCL-W",0.102081848532103,180,CFPAC1,CC1(CCC(=C(C1)CN2CCN(CC2)C3=CC=C(C=C3)C(=O)NS(=O)(=O)C4=CC(=C(C=C4)N[C@H](CCN5CCOCC5)CSC6=CC=CC=C6)S(=O)(=O)C(F)(F)F)C7=CC=C(C=C7)Cl)C,CVCL_1119,CC1(C)CCC(c2ccc(Cl)cc2)=C(CN2CCN(c3ccc(C(=O)NS(=O)(=O)c4ccc(N[C@H](CCN5CCOCC5)CSc5ccccc5)c(S(=O)(=O)C(F)(F)F)c4)cc3)CC2)C1
1578,Leflunomide,Pyrimidine synthesis inhibitor,0.1221143730098405,180,CFPAC1,CC1=C(C=NO1)C(=O)NC2=CC=C(C=C2)C(F)(F)F,CVCL_1119,Cc1oncc1C(=O)Nc1ccc(C(F)(F)F)cc1
1507,Ruxolitinib,"JAK1, JAK2",0.1349977238262328,180,CFPAC1,C1CCC(C1)[C@@H](CC#N)N2C=C(C=N2)C3=C4C=CNC4=NC=N3,CVCL_1119,N#CC[C@H](C1CCCC1)n1cc(-c2ncnc3[nH]ccc23)cn1
1932,NVP-ADW742,IGF1R,0.1385214756539728,180,CFPAC1,C1CCN(C1)CC2CC(C2)N3C=C(C4=C(N=CN=C43)N)C5=CC(=CC=C5)OCC6=CC=CC=C6,CVCL_1119,Nc1ncnc2c1c(-c1cccc(OCc3ccccc3)c1)cn2C1CC(CN2CCCC2)C1
1941,Sepantronium bromide,BIRC5,0.1531570361894002,180,CFPAC1,CC1=[N+](C2=C(N1CCOC)C(=O)C3=CC=CC=C3C2=O)CC4=NC=CN=C4.[Br-],CVCL_1119,COCCn1c2c([n+](Cc3cnccn3)c1C)C(=O)c1ccccc1C2=O
1909,Venetoclax,BCL2,0.185620327873894,180,CFPAC1,CC1(CCC(=C(C1)C2=CC=C(C=C2)Cl)CN3CCN(CC3)C4=CC(=C(C=C4)C(=O)NS(=O)(=O)C5=CC(=C(C=C5)NCC6CCOCC6)[N+](=O)[O-])OC7=CN=C8C(=C7)C=CN8)C,CVCL_1119,CC1(C)CCC(CN2CCN(c3ccc(C(=O)NS(=O)(=O)c4ccc(NCC5CCOCC5)c([N+](=O)[O-])c4)c(Oc4cnc5[nH]ccc5c4)c3)CC2)=C(c2ccc(Cl)cc2)C1
1873,Buparlisib,"PI3Kalpha, PI3Kdelta, PI3Kbeta, PI3Kgamma",0.1992674744207495,180,CFPAC1,C1COCCN1C2=NC(=NC(=C2)C3=CN=C(C=C3C(F)(F)F)N)N4CCOCC4,CVCL_1119,Nc1cc(C(F)(F)F)c(-c2cc(N3CCOCC3)nc(N3CCOCC3)n2)cn1
1084,Rapamycin,MTORC1,0.2030963471709194,180,CFPAC1,CC1=NC(=C(N1)[N+](=O)[O-])N(CCN2CCOCC2)CC3=CC=CC=C3F,CVCL_1119,Cc1nc(N(CCN2CCOCC2)Cc2ccccc2F)c([N+](=O)[O-])[nH]1
1917,AZD6738,ATR,0.2057174761502432,180,CFPAC1,C[C@@H]1COCCN1C2=NC(=NC(=C2)C3(CC3)[S@](=N)(=O)C)C4=C5C=CNC5=NC=C4,CVCL_1119,C[C@@H]1COCCN1c1cc(C2([S@](C)(=N)=O)CC2)nc(-c2ccnc3[nH]ccc23)n1
1373,Dabrafenib,BRAF,0.2448978862342998,180,CFPAC1,CC(C)(C)C1=NC(=C(S1)C2=NC(=NC=C2)N)C3=C(C(=CC=C3)NS(=O)(=O)C4=C(C=CC=C4F)F)F,CVCL_1119,CC(C)(C)c1nc(-c2cccc(NS(=O)(=O)c3c(F)cccc3F)c2F)c(-c2ccnc(N)n2)s1
1007,Docetaxel,Microtubule stabiliser,0.2587506499077767,180,CFPAC1,CC1=C2[C@H](C(=O)[C@@]3([C@H](C[C@@H]4[C@]([C@H]3[C@@H]([C@@](C2(C)C)(C[C@@H]1OC(=O)[C@@H]([C@H](C5=CC=CC=C5)NC(=O)OC(C)(C)C)O)O)OC(=O)C6=CC=CC=C6)(CO4)OC(=O)C)O)C)O,CVCL_1119,CC(=O)O[C@@]12CO[C@@H]1C[C@H](O)[C@@]1(C)C(=O)[C@H](O)C3=C(C)[C@@H](OC(=O)[C@H](O)[C@@H](NC(=O)OC(C)(C)C)c4ccccc4)C[C@@](O)([C@@H](OC(=O)c4ccccc4)[C@@H]12)C3(C)C
2096,VX-11e,ERK2,0.2597689733763277,180,CFPAC1,CC1=CN=C(N=C1C2=CNC(=C2)C(=O)N[C@H](CO)C3=CC(=CC=C3)Cl)NC4=C(C=C(C=C4)F)Cl,CVCL_1119,Cc1cnc(Nc2ccc(F)cc2Cl)nc1-c1c[nH]c(C(=O)N[C@H](CO)c2cccc(Cl)c2)c1
1593,Entinostat,"HDAC1, HDAC3",0.2663875204182229,180,CFPAC1,C1=CC=C(C(=C1)N)NC(=O)C2=CC=C(C=C2)CNC(=O)OCC3=CN=CC=C3,CVCL_1119,Nc1ccccc1NC(=O)c1ccc(CNC(=O)OCc2cccnc2)cc1
2044,Pyridostatin,G-quadruplex stabiliser,0.280379867840532,180,CFPAC1,C1=CC=C2C(=C1)C(=CC(=N2)NC(=O)C3=CC(=CC(=N3)C(=O)NC4=NC5=CC=CC=C5C(=C4)OCCN)OCCN)OCCN,CVCL_1119,NCCOc1cc(C(=O)Nc2cc(OCCN)c3ccccc3n2)nc(C(=O)Nc2cc(OCCN)c3ccccc3n2)c1
1925,GDC0810,"ESR1, ESR2",0.2828294783668459,180,CFPAC1,CC/C(=C(/C1=CC=C(C=C1)/C=C/C(=O)O)\C2=CC3=C(C=C2)NN=C3)/C4=C(C=C(C=C4)F)Cl,CVCL_1119,CC/C(=C(/c1ccc(/C=C/C(=O)O)cc1)c1ccc2[nH]ncc2c1)c1ccc(F)cc1Cl
1079,Dasatinib,"ABL, SRC, Ephrins, PDGFR, KIT",0.2939333101759724,180,CFPAC1,CC1=C(C(=CC=C1)Cl)NC(=O)C2=CN=C(S2)NC3=CC(=NC(=N3)C)N4CCN(CC4)CCO,CVCL_1119,Cc1nc(Nc2ncc(C(=O)Nc3c(C)cccc3Cl)s2)cc(N2CCN(CCO)CC2)n1
1631,PRT062607,SYK,0.2989097581980549,180,CFPAC1,C1CC[C@H]([C@H](C1)N)NC2=NC=C(C(=N2)NC3=CC(=CC=C3)N4N=CC=N4)C(=O)N,CVCL_1119,NC(=O)c1cnc(N[C@@H]2CCCC[C@@H]2N)nc1Nc1cccc(-n2nccn2)c1
2043,BIBR-1532,TERT,0.3003437194931723,180,CFPAC1,C/C(=C\C(=O)NC1=CC=CC=C1C(=O)O)/C2=CC3=CC=CC=C3C=C2,CVCL_1119,C/C(=C\C(=O)Nc1ccccc1C(=O)O)c1ccc2ccccc2c1
1799,Ibrutinib,BTK,0.3087619109600504,180,CFPAC1,C=CC(=O)N1CCC[C@H](C1)N2C3=NC=NC(=C3C(=N2)C4=CC=C(C=C4)OC5=CC=CC=C5)N,CVCL_1119,C=CC(=O)N1CCC[C@@H](n2nc(-c3ccc(Oc4ccccc4)cc3)c3c(N)ncnc32)C1
1131,PRIMA-1MET,TP53 activation,0.3524038359976622,180,CFPAC1,COCC1(C(=O)C2CCN1CC2)CO,CVCL_1119,COCC1(CO)C(=O)C2CCN1CC2
1060,PD0325901,"MEK1, MEK2",0.3541812777089566,180,CFPAC1,C1=CC(=C(C=C1I)F)NC2=C(C=CC(=C2F)F)C(=O)NOC[C@@H](CO)O,CVCL_1119,O=C(NOC[C@H](O)CO)c1ccc(F)c(F)c1Nc1ccc(I)cc1F
1621,PCI-34051,"HDAC8, HDAC6, HDAC1",0.3677001445565361,180,CFPAC1,COC1=CC=C(C=C1)CN2C=CC3=C2C=C(C=C3)C(=O)NO,CVCL_1119,COc1ccc(Cn2ccc3ccc(C(=O)NO)cc32)cc1
1049,PD173074,"FGFR1, FGFR2, FGFR3",0.3755498219345984,180,CFPAC1,CCN(CC)CCCCNC1=NC2=NC(=C(C=C2C=N1)C3=CC(=CC(=C3)OC)OC)NC(=O)NC(C)(C)C,CVCL_1119,CCN(CC)CCCCNc1ncc2cc(-c3cc(OC)cc(OC)c3)c(NC(=O)NC(C)(C)C)nc2n1
1930,Telomerase Inhibitor IX,Telomerase,0.3763839141276996,180,CFPAC1,C1=CC(=CC(=C1)NC(=O)C2=C(C(=CC=C2)O)O)NC(=O)C3=C(C(=CC=C3)O)O,CVCL_1119,O=C(Nc1cccc(NC(=O)c2cccc(O)c2O)c1)c1cccc(O)c1O
1626,OTX015,"BRD2, BRD3, BRD4",0.3846130088864241,180,CFPAC1,CC1=C(SC2=C1C(=N[C@H](C3=NN=C(N32)C)CC(=O)NC4=CC=C(C=C4)O)C5=CC=C(C=C5)Cl)C,CVCL_1119,Cc1sc2c(c1C)C(c1ccc(Cl)cc1)=N[C@@H](CC(=O)Nc1ccc(O)cc1)c1nnc(C)n1-2
1561,Taselisib,PI3K (beta sparing),0.3959861674679616,180,CFPAC1,CC1=NN(C(=N1)C2=CN3CCOC4=C(C3=N2)C=CC(=C4)C5=CN(N=C5)C(C)(C)C(=O)N)C(C)C,CVCL_1119,Cc1nc(-c2cn3c(n2)-c2ccc(-c4cnn(C(C)(C)C(N)=O)c4)cc2OCC3)n(C(C)C)n1
1013,Nilotinib,ABL,0.4038779574538934,180,CFPAC1,CC1=C(C=C(C=C1)C(=O)NC2=CC(=CC(=C2)C(F)(F)F)N3C=C(N=C3)C)NC4=NC=CC(=N4)C5=CN=CC=C5,CVCL_1119,Cc1cn(-c2cc(NC(=O)c3ccc(C)c(Nc4nccc(-c5cccnc5)n4)c3)cc(C(F)(F)F)c2)cn1
1560,Alpelisib,PI3Kalpha,0.4123259718610024,180,CFPAC1,CC1=C(SC(=N1)NC(=O)N2CCC[C@H]2C(=O)N)C3=CC(=NC=C3)C(C)(C)C(F)(F)F,CVCL_1119,Cc1nc(NC(=O)N2CCC[C@H]2C(N)=O)sc1-c1ccnc(C(C)(C)C(F)(F)F)c1
1558,Lapatinib,"EGFR, ERBB2",0.4156799764098898,180,CFPAC1,CS(=O)(=O)CCNCC1=CC=C(O1)C2=CC3=C(C=C2)N=CN=C3NC4=CC(=C(C=C4)OCC5=CC(=CC=C5)F)Cl,CVCL_1119,CS(=O)(=O)CCNCc1ccc(-c2ccc3ncnc(Nc4ccc(OCc5cccc(F)c5)c(Cl)c4)c3c2)o1
1017,Olaparib,"PARP1, PARP2",0.4308917774001647,180,CFPAC1,C1CC1C(=O)N2CCN(CC2)C(=O)C3=C(C=CC(=C3)CC4=NNC(=O)C5=CC=CC=C54)F,CVCL_1119,O=C(c1cc(Cc2n[nH]c(=O)c3ccccc23)ccc1F)N1CCN(C(=O)C2CC2)CC1
2047,Ulixertinib,"ERK1, ERK2",0.4417312578170425,180,CFPAC1,CC(C)NC1=NC=C(C(=C1)C2=CNC(=C2)C(=O)N[C@H](CO)C3=CC(=CC=C3)Cl)Cl,CVCL_1119,CC(C)Nc1cc(-c2c[nH]c(C(=O)N[C@H](CO)c3cccc(Cl)c3)c2)c(Cl)cn1
1564,SCH772984,"ERK1, ERK2",0.473553940025838,180,CFPAC1,C1CN(C[C@@H]1C(=O)NC2=CC3=C(C=C2)NN=C3C4=CC=NC=C4)CC(=O)N5CCN(CC5)C6=CC=C(C=C6)C7=NC=CC=N7,CVCL_1119,O=C(Nc1ccc2[nH]nc(-c3ccncc3)c2c1)[C@@H]1CCN(CC(=O)N2CCN(c3ccc(-c4ncccn4)cc3)CC2)C1
1054,Palbociclib,"CDK4, CDK6",0.4735886687299857,180,CFPAC1,CC1=C(C(=O)N(C2=NC(=NC=C12)NC3=NC=C(C=C3)N4CCNCC4)C5CCCC5)C(=O)C,CVCL_1119,CC(=O)c1c(C)c2cnc(Nc3ccc(N4CCNCC4)cn3)nc2n(C2CCCC2)c1=O
1912,Afuresertib,"AKT1, AKT2, AKT3",0.4740813073584801,180,CFPAC1,CN1C(=C(C=N1)Cl)C2=C(SC(=C2)C(=O)N[C@@H](CC3=CC(=CC=C3)F)CN)Cl,CVCL_1119,Cn1ncc(Cl)c1-c1cc(C(=O)N[C@H](CN)Cc2cccc(F)c2)sc1Cl
1239,YK-4-279,RNA helicase A,0.478945170665901,180,CFPAC1,COC1=CC=C(C=C1)C(=O)CC2(C3=C(C=CC(=C3NC2=O)Cl)Cl)O,CVCL_1119,COc1ccc(C(=O)CC2(O)C(=O)Nc3c(Cl)ccc(Cl)c32)cc1
1510,Linsitinib,IGF1R,0.4851781874579752,180,CFPAC1,CC1(CC(C1)C2=NC(=C3N2C=CN=C3N)C4=CC5=C(C=C4)C=CC(=N5)C6=CC=CC=C6)O,CVCL_1119,CC1(O)CC(c2nc(-c3ccc4ccc(-c5ccccc5)nc4c3)c3c(N)nccn23)C1
1630,Entospletinib,SYK,0.5105582511591196,180,CFPAC1,C1COCCN1C2=CC=C(C=C2)NC3=NC(=CN4C3=NC=C4)C5=CC6=C(C=C5)C=NN6,CVCL_1119,c1cn2cc(-c3ccc4cn[nH]c4c3)nc(Nc3ccc(N4CCOCC4)cc3)c2n1
1051,Alisertib,AURKA,0.5135522482651249,180,CFPAC1,COC1=C(C(=CC=C1)F)C2=NCC3=CN=C(N=C3C4=C2C=C(C=C4)Cl)NC5=CC(=C(C=C5)C(=O)O)OC,CVCL_1119,COc1cc(Nc2ncc3c(n2)-c2ccc(Cl)cc2C(c2c(F)cccc2OC)=NC3)ccc1C(=O)O
1053,MK-2206,"AKT1, AKT2",0.5219960188608115,180,CFPAC1,C1CC(C1)(C2=CC=C(C=C2)C3=C(C=C4C(=N3)C=CN5C4=NNC5=O)C6=CC=CC=C6)N.Cl.Cl,CVCL_1119,NC1(c2ccc(-c3nc4ccn5c(=O)[nH]nc5c4cc3-c3ccccc3)cc2)CCC1
1931,MIRA-1,TP53,0.527115483106254,180,CFPAC1,CCC(=O)OCN1C(=O)C=CC1=O,CVCL_1119,CCC(=O)OCN1C(=O)C=CC1=O
1629,ML323,"USP1, UAF1",0.5294656093197609,180,CFPAC1,CC1=CN=C(N=C1NCC2=CC=C(C=C2)N3C=CN=N3)C4=CC=CC=C4C(C)C,CVCL_1119,Cc1cnc(-c2ccccc2C(C)C)nc1NCc1ccc(-n2ccnn2)cc1
1085,Sorafenib,"PDGFR, KIT, VEGFR, RAF",0.5468441427063888,180,CFPAC1,CNC(=O)C1=NC=CC(=C1)OC2=CC=C(C=C2)NC(=O)NC3=CC(=C(C=C3)Cl)C(F)(F)F,CVCL_1119,CNC(=O)c1cc(Oc2ccc(NC(=O)Nc3ccc(Cl)c(C(F)(F)F)c3)cc2)ccn1
1910,ABT737,"BCL2, BCL-XL,  BCL-W, BCL-B, BFL1",0.5537670188615238,180,CFPAC1,CN(C)CC[C@H](CSC1=CC=CC=C1)NC2=C(C=C(C=C2)S(=O)(=O)NC(=O)C3=CC=C(C=C3)N4CCN(CC4)CC5=CC=CC=C5C6=CC=C(C=C6)Cl)[N+](=O)[O-],CVCL_1119,CN(C)CC[C@H](CSc1ccccc1)Nc1ccc(S(=O)(=O)NC(=O)c2ccc(N3CCN(Cc4ccccc4-c4ccc(Cl)cc4)CC3)cc2)cc1[N+](=O)[O-]
1563,EPZ5676,DOT1L,0.5608572729756389,180,CFPAC1,CC(C)N(C[C@@H]1[C@H]([C@H]([C@@H](O1)N2C=NC3=C(N=CN=C32)N)O)O)C4CC(C4)CCC5=NC6=C(N5)C=C(C=C6)C(C)(C)C,CVCL_1119,CC(C)N(C[C@H]1O[C@@H](n2cnc3c(N)ncnc32)[C@H](O)[C@@H]1O)C1CC(CCc2nc3ccc(C(C)(C)C)cc3[nH]2)C1
2110,GSK591,PMRT5,0.5923633516290489,180,CFPAC1,C1CC(C1)NC2=NC=CC(=C2)C(=O)NC[C@@H](CN3CCC4=CC=CC=C4C3)O,CVCL_1119,O=C(NC[C@H](O)CN1CCc2ccccc2C1)c1ccnc(NC2CCC2)c1
1512,Cyclophosphamide,Alkylating agent,0.5926327718343657,180,CFPAC1,C1CNP(=O)(OC1)N(CCCl)CCCl,CVCL_1119,O=P1(N(CCCl)CCCl)NCCCO1
1034,Staurosporine,Broad spectrum kinase inhibitor,0.6200540428913952,180,CFPAC1,C[C@@]12[C@@H]([C@@H](C[C@H](O1)N3C4=CC=CC=C4C5=C6C(=C7C8=CC=CC=C8N2C7=C53)CNC6=O)NC)OC,CVCL_1119,CN[C@@H]1C[C@@H]2O[C@@](C)([C@@H]1OC)n1c3ccccc3c3c4c(c5c6ccccc6n2c5c31)C(=O)NC4
1933,P22077,"USP7, USP47",0.6635583147385329,180,CFPAC1,CC(=O)C1=CC(=C(S1)SC2=C(C=C(C=C2)F)F)[N+](=O)[O-],CVCL_1119,CC(=O)c1cc([N+](=O)[O-])c(Sc2ccc(F)cc2F)s1
1624,I-BET-762,"BRD2, BRD3, BRD4",0.6901472392685115,180,CFPAC1,CCNC(=O)C[C@H]1C2=NN=C(N2C3=C(C=C(C=C3)OC)C(=N1)C4=CC=C(C=C4)Cl)C,CVCL_1119,CCNC(=O)C[C@@H]1N=C(c2ccc(Cl)cc2)c2cc(OC)ccc2-n2c(C)nnc21
1553,Uprosertib,"AKT1, AKT2, AKT3",0.7245836792659459,180,CFPAC1,CN1C(=C(C=N1)Cl)C2=C(OC(=C2)C(=O)N[C@@H](CC3=CC(=C(C=C3)F)F)CN)Cl,CVCL_1119,Cn1ncc(Cl)c1-c1cc(C(=O)N[C@H](CN)Cc2ccc(F)c(F)c2)oc1Cl
1068,Obatoclax Mesylate,"BCL2, BCL-XL, BCL-W, MCL1",0.7302176365441402,180,CFPAC1,CC1=CC(=C(N1)/C=C\2/C(=C/C(=C/3\C=C4C=CC=CC4=N3)/N2)OC)C,CVCL_1119,COc1c/c(=C2\C=c3ccccc3=N2)[nH]/c1=C\c1[nH]c(C)cc1C
1080,Paclitaxel,Microtubule stabiliser,0.7310946772176901,180,CFPAC1,CC1=C2[C@H](C(=O)[C@@]3([C@H](C[C@@H]4[C@]([C@H]3[C@@H]([C@@](C2(C)C)(C[C@@H]1OC(=O)[C@@H]([C@H](C5=CC=CC=C5)NC(=O)C6=CC=CC=C6)O)O)OC(=O)C7=CC=CC=C7)(CO4)OC(=O)C)O)C)OC(=O)C,CVCL_1119,CC(=O)O[C@H]1C(=O)[C@]2(C)[C@@H](O)C[C@H]3OC[C@@]3(OC(C)=O)[C@H]2[C@H](OC(=O)c2ccccc2)[C@]2(O)C[C@H](OC(=O)[C@H](O)[C@@H](NC(=O)c3ccccc3)c3ccccc3)C(C)=C1C2(C)C
1012,Vorinostat,"HDAC inhibitor Class I, IIa, IIb, IV",0.7374459748294474,180,CFPAC1,C1=CC=C(C=C1)NC(=O)CCCCCCC(=O)NO,CVCL_1119,O=C(CCCCCCC(=O)Nc1ccccc1)NO
1089,Oxaliplatin,DNA alkylating agent,0.7430503737395366,180,CFPAC1,C1CC[C@H]([C@@H](C1)N)N.C(=O)(C(=O)O)O.[Pt],CVCL_1119,N[C@@H]1CCCC[C@H]1N
1854,MN-64,"TNKS1, TNKS2",0.7442908767246716,180,CFPAC1,CC(C)C1=CC=C(C=C1)C2=CC(=O)C3=CC=CC=C3O2,CVCL_1119,CC(C)c1ccc(-c2cc(=O)c3ccccc3o2)cc1
1924,Ipatasertib,"AKT1, AKT, AKT3",0.7720856588262539,180,CFPAC1,C[C@@H]1C[C@H](C2=C1C(=NC=N2)N3CCN(CC3)C(=O)[C@H](CNC(C)C)C4=CC=C(C=C4)Cl)O,CVCL_1119,CC(C)NC[C@@H](C(=O)N1CCN(c2ncnc3c2[C@H](C)C[C@H]3O)CC1)c1ccc(Cl)cc1
1806,Oxaliplatin,DNA alkylating agent,0.8006337829307076,180,CFPAC1,C1CC[C@H]([C@@H](C1)[NH-])[NH-].C(=O)(C(=O)O)O.[Pt+2],CVCL_1119,N[C@@H]1CCCC[C@H]1N
1634,AGI-6780,IDH2 R140Q mutant,0.8171602002357886,180,CFPAC1,C1CC1NS(=O)(=O)C2=CC(=C(C=C2)C3=CSC=C3)NC(=O)NC4=CC=CC(=C4)C(F)(F)F,CVCL_1119,O=C(Nc1cccc(C(F)(F)F)c1)Nc1cc(S(=O)(=O)NC2CC2)ccc1-c1ccsc1
1047,Nutlin-3a (-),MDM2,0.8730472039123122,180,CFPAC1,CC(C)OC1=C(C=CC(=C1)OC)C2=N[C@H]([C@H](N2C(=O)N3CCNC(=O)C3)C4=CC=C(C=C4)Cl)C5=CC=C(C=C5)Cl,CVCL_1119,COc1ccc(C2=N[C@@H](c3ccc(Cl)cc3)[C@@H](c3ccc(Cl)cc3)N2C(=O)N2CCNC(=O)C2)c(OC(C)C)c1
1720,AZD5991,MCL1,0.8782036541851422,180,CFPAC1,CC1=C2C(=NN1C)CSCC3=NN(C(=C3)CSC4=CC5=CC=CC=C5C(=C4)OCCCC6=C(N(C7=C6C=CC(=C27)Cl)C)C(=O)O)C,CVCL_1119,Cc1c2c(nn1C)CSCc1cc(n(C)n1)CSc1cc(c3ccccc3c1)OCCCc1c(C(=O)O)n(C)c3c-2c(Cl)ccc13
1557,LCL161,"XIAP, IAP1, IAP2",0.8863323158724917,180,CFPAC1,C[C@@H](C(=O)N[C@@H](C1CCCCC1)C(=O)N2CCC[C@H]2C3=NC(=CS3)C(=O)C4=CC=C(C=C4)F)NC,CVCL_1119,CN[C@@H](C)C(=O)N[C@H](C(=O)N1CCC[C@H]1c1nc(C(=O)c2ccc(F)cc2)cs1)C1CCCCC1
1046,Wee1 Inhibitor,"WEE1, CHEK1",0.8966945242357389,180,CFPAC1,C1=CC=C(C(=C1)C2=CC3=C(C4=C(N3)C=CC(=C4)O)C5=C2C(=O)NC5=O)Cl,CVCL_1119,O=C1NC(=O)c2c1c(-c1ccccc1Cl)cc1[nH]c3ccc(O)cc3c21
1927,GSK2578215A,LRRK2,0.9100237353375212,180,CFPAC1,C1=CC=C(C=C1)COC2=C(C=C(C=C2)C3=CC(=NC=C3)F)C(=O)NC4=CN=CC=C4,CVCL_1119,O=C(Nc1cccnc1)c1cc(-c2ccnc(F)c2)ccc1OCc1ccccc1
2107,LJI308,"RSK2, RSK1, RSK3",0.9161068031440476,180,CFPAC1,C1COCCN1C2=CC=C(C=C2)C3=C(C=NC=C3)C4=CC(=C(C(=C4)F)O)F,CVCL_1119,Oc1c(F)cc(-c2cnccc2-c2ccc(N3CCOCC3)cc2)cc1F
1441,AZD2014,"mTORC1, mTORC2",0.9227417407160574,180,CFPAC1,C[C@H]1COCCN1C2=NC(=NC3=C2C=CC(=N3)C4=CC(=CC=C4)C(=O)NC)N5CCOC[C@@H]5C,CVCL_1119,CNC(=O)c1cccc(-c2ccc3c(N4CCOC[C@@H]4C)nc(N4CCOC[C@@H]4C)nc3n2)c1
1855,KRAS (G12C) Inhibitor-12,KRAS (G12C),0.9275837048965294,180,CFPAC1,C=CC(=O)N1CCN(CC1)C(=O)CNC2=CC(=C(C=C2O)Cl)I,CVCL_1119,C=CC(=O)N1CCN(C(=O)CNc2cc(I)c(Cl)cc2O)CC1
1916,AZD5363,"AKT1, AKT2, AKT3, ROCK2",0.9456722347550034,180,CFPAC1,C1CN(CCC1(C(=O)N[C@@H](CCO)C2=CC=C(C=C2)Cl)N)C3=NC=NC4=C3C=CN4,CVCL_1119,NC1(C(=O)N[C@@H](CCO)c2ccc(Cl)cc2)CCN(c2ncnc3[nH]ccc23)CC1
1083,Crizotinib,"MET, ALK, ROS1",0.962154907988879,180,CFPAC1,C[C@H](C1=C(C=CC(=C1Cl)F)Cl)OC2=C(N=CC(=C2)C3=CN(N=C3)C4CCNCC4)N,CVCL_1119,C[C@@H](Oc1cc(-c2cnn(C3CCNCC3)c2)cnc1N)c1c(Cl)ccc(F)c1Cl
1939,UMI-77,MCL1,0.9810529866988548,180,CFPAC1,C1=CC=C2C(=C1)C(=CC(=C2O)SCC(=O)O)NS(=O)(=O)C3=CC=C(C=C3)Br,CVCL_1119,O=C(O)CSc1cc(NS(=O)(=O)c2ccc(Br)cc2)c2ccccc2c1O
1852,LY2109761,TGFB1,0.98356907108446,180,CFPAC1,C1CC2=C(C(=NN2C1)C3=CC=CC=N3)C4=C5C=CC(=CC5=NC=C4)OCCN6CCOCC6,CVCL_1119,c1ccc(-c2nn3c(c2-c2ccnc4cc(OCCN5CCOCC5)ccc24)CCC3)nc1
1237,EPZ004777,DOT1L,0.9973011021115712,180,CFPAC1,CC(C)N(CCCNC(=O)NC1=CC=C(C=C1)C(C)(C)C)C[C@@H]2[C@H]([C@H]([C@@H](O2)N3C=CC4=C(N=CN=C43)N)O)O,CVCL_1119,CC(C)N(CCCNC(=O)Nc1ccc(C(C)(C)C)cc1)C[C@H]1O[C@@H](n2ccc3c(N)ncnc32)[C@H](O)[C@@H]1O
1620,PFI3,"Polybromo 1, SMARCA4, SMARCA2",1.0222744957492245,180,CFPAC1,C1[C@@H]2CN([C@H]1CN2C3=CC=CC=N3)/C=C/C(=O)C4=CC=CC=C4O,CVCL_1119,O=C(/C=C/N1C[C@H]2C[C@@H]1CN2c1ccccn1)c1ccccc1O
2048,Vinorelbine,Microtubule destabiliser,1.0978373065956537,180,CFPAC1,CCC1=C[C@H]2C[C@@](C3=C(CN(C2)C1)C4=CC=CC=C4N3)(C5=C(C=C6C(=C5)[C@]78CCN9[C@H]7[C@@](C=CC9)([C@H]([C@@]([C@@H]8N6C)(C(=O)OC)O)OC(=O)C)CC)OC)C(=O)OC,CVCL_1119,CCC1=C[C@@H]2CN(C1)Cc1c([nH]c3ccccc13)[C@@](C(=O)OC)(c1cc3c(cc1OC)N(C)[C@H]1[C@@](O)(C(=O)OC)[C@H](OC(C)=O)[C@]4(CC)C=CCN5CC[C@]31[C@@H]54)C2
1625,RVX-208,BRD4,1.1348210014592692,180,CFPAC1,C1=CC(=C(C=C1N=C=O)F)F,CVCL_1119,O=C=Nc1ccc(F)c(F)c1
1635,Picolinici-acid,Inflammatory related,1.180429127122156,180,CFPAC1,C1=CC=NC(=C1)C(=O)O,CVCL_1119,O=C(O)c1ccccn1
1004,Vinblastine,Microtubule destabiliser,1.2344440011069209,180,CFPAC1,CC[C@@]1(CC2C[C@@](C3=C(CCN(C2)C1)C4=CC=CC=C4N3)(C5=C(C=C6C(=C5)[C@]78CCN9[C@H]7[C@@](C=CC9)([C@H]([C@@]([C@@H]8N6C)(C(=O)OC)O)OC(=O)C)CC)OC)C(=O)OC)O,CVCL_1119,CC[C@]1(O)CC2CN(CCc3c([nH]c4ccccc34)[C@@](C(=O)OC)(c3cc4c(cc3OC)N(C)[C@H]3[C@@](O)(C(=O)OC)[C@H](OC(C)=O)[C@]5(CC)C=CCN6CC[C@]43[C@@H]65)C2)C1
1622,Wnt-C59,PORCN,1.3187684714632175,180,CFPAC1,CC1=NC=CC(=C1)C2=CC=C(C=C2)CC(=O)NC3=CC=C(C=C3)C4=CN=CC=C4,CVCL_1119,Cc1cc(-c2ccc(CC(=O)Nc3ccc(-c4cccnc4)cc3)cc2)ccn1
1928,I-BRD9,BRD9,1.3413223203032352,180,CFPAC1,CCN1C=C(C2=C(C1=O)C=C(S2)C(=NC3CCS(=O)(=O)CC3)N)C4=CC(=CC=C4)C(F)(F)F,CVCL_1119,CCn1cc(-c2cccc(C(F)(F)F)c2)c2sc(C(N)=NC3CCS(=O)(=O)CC3)cc2c1=O
1849,Sabutoclax,"BCL2,  BCL-XL,  BFL1, MCL1",1.4083897230753866,180,CFPAC1,CC1=CC2=C(C(=C(C=C2C(=C1C3=C(C4=CC(=C(C(=C4C=C3C)C(=O)NC[C@H](C)C5=CC=CC=C5)O)O)O)O)O)O)C(=O)NC[C@H](C)C6=CC=CC=C6,CVCL_1119,Cc1cc2c(C(=O)NC[C@H](C)c3ccccc3)c(O)c(O)cc2c(O)c1-c1c(C)cc2c(C(=O)NC[C@H](C)c3ccccc3)c(O)c(O)cc2c1O
2106,Uprosertib,"AKT1, AKT2, AKT3",1.4161712290839048,180,CFPAC1,CN1C(=C(C=N1)Cl)C2=C(OC(=C2)C(=O)N[C@@H](CC3=CC(=C(C=C3)F)F)CN)Cl,CVCL_1119,Cn1ncc(Cl)c1-c1cc(C(=O)N[C@H](CN)Cc2ccc(F)c(F)c2)oc1Cl
2111,VE821,ATR,1.4169453577418027,180,CFPAC1,CS(=O)(=O)C1=CC=C(C=C1)C2=CN=C(C(=N2)C(=O)NC3=CC=CC=C3)N,CVCL_1119,CS(=O)(=O)c1ccc(-c2cnc(N)c(C(=O)Nc3ccccc3)n2)cc1
1594,OSI-027,"MTORC1, MTORC2",1.4372302924271505,180,CFPAC1,C[C@@]1\2CC[C@H](C1(C)C)C/C2=N\NC(=O)C3=CC=C(C=C3)S(=O)(=O)N4CCCCCC4,CVCL_1119,CC1(C)[C@H]2CC[C@@]1(C)/C(=N/NC(=O)c1ccc(S(=O)(=O)N3CCCCCC3)cc1)C2
2170,AT13148,AKT1,1.5737100840432,180,CFPAC1,C1=CC(=CC=C1C2=CNN=C2)[C@@](CN)(C3=CC=C(C=C3)Cl)O,CVCL_1119,NC[C@@](O)(c1ccc(Cl)cc1)c1ccc(-c2cn[nH]c2)cc1
1853,OF-1,"BRPF1B, BRPF2",1.6865738167015585,180,CFPAC1,CC1=C(C=CC(=C1)Br)S(=O)(=O)NC2=CC3=C(C=C2OC)N(C(=O)N3C)C,CVCL_1119,COc1cc2c(cc1NS(=O)(=O)c1ccc(Br)cc1C)n(C)c(=O)n2C
1057,Dactolisib,"PI3K (class 1), MTORC1, MTORC2",-1.974449230140899,180,DANG,CC(C)(C#N)C1=CC=C(C=C1)N2C3=C4C=C(C=CC4=NC=C3N(C2=O)C)C5=CC6=CC=CC=C6N=C5,CVCL_0243,Cn1c(=O)n(-c2ccc(C(C)(C)C#N)cc2)c2c3cc(-c4cnc5ccccc5c4)ccc3ncc21
1926,GNE-317,PI3Kalpha,-1.854576842592902,180,DANG,CC1=C(SC2=C1N=C(N=C2N3CCOCC3)C4=CN=C(N=C4)N)C5(COC5)OC,CVCL_0243,COC1(c2sc3c(N4CCOCC4)nc(-c4cnc(N)nc4)nc3c2C)COC1
2045,AMG-319,PI3K (beta sparing),-1.3950839423090318,180,DANG,C[C@@H](C1=C(N=C2C=C(C=CC2=C1)F)C3=CC=CC=N3)NC4=NC=NC5=C4NC=N5,CVCL_0243,C[C@H](Nc1ncnc2nc[nH]c12)c1cc2ccc(F)cc2nc1-c1ccccn1
1441,AZD2014,"mTORC1, mTORC2",-1.3341320181236325,180,DANG,C[C@H]1COCCN1C2=NC(=NC3=C2C=CC(=N3)C4=CC(=CC=C4)C(=O)NC)N5CCOC[C@@H]5C,CVCL_0243,CNC(=O)c1cccc(-c2ccc3c(N4CCOC[C@@H]4C)nc(N4CCOC[C@@H]4C)nc3n2)c1
1925,GDC0810,"ESR1, ESR2",-1.2834160883051593,180,DANG,CC/C(=C(/C1=CC=C(C=C1)/C=C/C(=O)O)\C2=CC3=C(C=C2)NN=C3)/C4=C(C=C(C=C4)F)Cl,CVCL_0243,CC/C(=C(/c1ccc(/C=C/C(=O)O)cc1)c1ccc2[nH]ncc2c1)c1ccc(F)cc1Cl
1034,Staurosporine,Broad spectrum kinase inhibitor,-1.1819801369177163,180,DANG,C[C@@]12[C@@H]([C@@H](C[C@H](O1)N3C4=CC=CC=C4C5=C6C(=C7C8=CC=CC=C8N2C7=C53)CNC6=O)NC)OC,CVCL_0243,CN[C@@H]1C[C@@H]2O[C@@](C)([C@@H]1OC)n1c3ccccc3c3c4c(c5c6ccccc6n2c5c31)C(=O)NC4
1093,GSK1904529A,"IGF1R, IR",-1.173038581983421,180,DANG,CCC1=CC(=C(C=C1N2CCC(CC2)N3CCN(CC3)S(=O)(=O)C)OC)NC4=NC=CC(=N4)C5=C(N=C6N5C=CC=C6)C7=CC(=C(C=C7)OC)C(=O)NC8=C(C=CC=C8F)F,CVCL_0243,CCc1cc(Nc2nccc(-c3c(-c4ccc(OC)c(C(=O)Nc5c(F)cccc5F)c4)nc4ccccn34)n2)c(OC)cc1N1CCC(N2CCN(S(C)(=O)=O)CC2)CC1
1560,Alpelisib,PI3Kalpha,-1.1405343682435192,180,DANG,CC1=C(SC(=N1)NC(=O)N2CCC[C@H]2C(=O)N)C3=CC(=NC=C3)C(C)(C)C(F)(F)F,CVCL_0243,Cc1nc(NC(=O)N2CCC[C@H]2C(N)=O)sc1-c1ccnc(C(C)(C)C(F)(F)F)c1
1996,MIM1,MCL1,-1.1116312995204083,180,DANG,CC(C)[C@H]1CSC(=N1)N2[C@H](CSC2=S)C(C)C,CVCL_0243,CC(C)[C@H]1CSC(N2C(=S)SC[C@@H]2C(C)C)=N1
2096,VX-11e,ERK2,-1.1099827670171447,180,DANG,CC1=CN=C(N=C1C2=CNC(=C2)C(=O)N[C@H](CO)C3=CC(=CC=C3)Cl)NC4=C(C=C(C=C4)F)Cl,CVCL_0243,Cc1cnc(Nc2ccc(F)cc2Cl)nc1-c1c[nH]c(C(=O)N[C@H](CO)c2cccc(Cl)c2)c1
1200,Fulvestrant,ESR,-1.070532348067659,180,DANG,C[C@]12CC[C@H]3[C@H]([C@@H]1CC[C@@H]2O)[C@@H](CC4=C3C=CC(=C4)O)CCCCCCCCCS(=O)CCCC(C(F)(F)F)(F)F,CVCL_0243,C[C@]12CC[C@@H]3c4ccc(O)cc4C[C@@H](CCCCCCCCC[S+]([O-])CCCC(F)(F)C(F)(F)F)[C@H]3[C@@H]1CC[C@@H]2O
2107,LJI308,"RSK2, RSK1, RSK3",-1.0656409537272216,180,DANG,C1COCCN1C2=CC=C(C=C2)C3=C(C=NC=C3)C4=CC(=C(C(=C4)F)O)F,CVCL_0243,Oc1c(F)cc(-c2cnccc2-c2ccc(N3CCOCC3)cc2)cc1F
1084,Rapamycin,MTORC1,-1.0310163085473985,180,DANG,CC1=NC(=C(N1)[N+](=O)[O-])N(CCN2CCOCC2)CC3=CC=CC=C3F,CVCL_0243,Cc1nc(N(CCN2CCOCC2)Cc2ccccc2F)c([N+](=O)[O-])[nH]1
1058,Pictilisib,PI3K (class 1),-1.0143530678015358,180,DANG,CS(=O)(=O)N1CCN(CC1)CC2=CC3=C(S2)C(=NC(=N3)C4=C5C=NNC5=CC=C4)N6CCOCC6,CVCL_0243,CS(=O)(=O)N1CCN(Cc2cc3nc(-c4cccc5[nH]ncc45)nc(N4CCOCC4)c3s2)CC1
1053,MK-2206,"AKT1, AKT2",-1.0108082632503863,180,DANG,C1CC(C1)(C2=CC=C(C=C2)C3=C(C=C4C(=N3)C=CN5C4=NNC5=O)C6=CC=CC=C6)N.Cl.Cl,CVCL_0243,NC1(c2ccc(-c3nc4ccn5c(=O)[nH]nc5c4cc3-c3ccccc3)cc2)CCC1
1563,EPZ5676,DOT1L,-0.986457321357684,180,DANG,CC(C)N(C[C@@H]1[C@H]([C@H]([C@@H](O1)N2C=NC3=C(N=CN=C32)N)O)O)C4CC(C4)CCC5=NC6=C(N5)C=C(C=C6)C(C)(C)C,CVCL_0243,CC(C)N(C[C@H]1O[C@@H](n2cnc3c(N)ncnc32)[C@H](O)[C@@H]1O)C1CC(CCc2nc3ccc(C(C)(C)C)cc3[nH]2)C1
1561,Taselisib,PI3K (beta sparing),-0.9779954766473756,180,DANG,CC1=NN(C(=N1)C2=CN3CCOC4=C(C3=N2)C=CC(=C4)C5=CN(N=C5)C(C)(C)C(=O)N)C(C)C,CVCL_0243,Cc1nc(-c2cn3c(n2)-c2ccc(-c4cnn(C(C)(C)C(N)=O)c4)cc2OCC3)n(C(C)C)n1
1873,Buparlisib,"PI3Kalpha, PI3Kdelta, PI3Kbeta, PI3Kgamma",-0.9723785264774883,180,DANG,C1COCCN1C2=NC(=NC(=C2)C3=CN=C(C=C3C(F)(F)F)N)N4CCOCC4,CVCL_0243,Nc1cc(C(F)(F)F)c(-c2cc(N3CCOCC3)nc(N3CCOCC3)n2)cn1
1375,Temozolomide,DNA alkylating agent,-0.9430062761272016,180,DANG,CN1C(=O)N2C=NC(=C2N=N1)C(=O)N,CVCL_0243,Cn1nnc2c(C(N)=O)ncn2c1=O
1854,MN-64,"TNKS1, TNKS2",-0.8661197163433729,180,DANG,CC(C)C1=CC=C(C=C1)C2=CC(=O)C3=CC=CC=C3O2,CVCL_0243,CC(C)c1ccc(-c2cc(=O)c3ccccc3o2)cc1
1618,GSK2606414,PERK,-0.8547451898615902,180,DANG,CN1C=C(C2=C(N=CN=C21)N)C3=CC4=C(C=C3)N(CC4)C(=O)CC5=CC(=CC=C5)C(F)(F)F,CVCL_0243,Cn1cc(-c2ccc3c(c2)CCN3C(=O)Cc2cccc(C(F)(F)F)c2)c2c(N)ncnc21
1079,Dasatinib,"ABL, SRC, Ephrins, PDGFR, KIT",-0.7890227377425684,180,DANG,CC1=C(C(=CC=C1)Cl)NC(=O)C2=CN=C(S2)NC3=CC(=NC(=N3)C)N4CCN(CC4)CCO,CVCL_0243,Cc1nc(Nc2ncc(C(=O)Nc3c(C)cccc3Cl)s2)cc(N2CCN(CCO)CC2)n1
1180,Dinaciclib,"CDK1, CDK2, CDK5, CDK9",-0.7673799281093395,180,DANG,CCC1=C2N=C(C=C(N2N=C1)NCC3=C[N+](=CC=C3)[O-])N4CCCC[C@H]4CCO,CVCL_0243,CCc1cnn2c(NCc3ccc[n+]([O-])c3)cc(N3CCCC[C@H]3CCO)nc12
1615,CZC24832,PI3Kgamma,-0.7659300944531899,180,DANG,CC(C)(C)NS(=O)(=O)C1=CN=CC(=C1)C2=CN3C(=NC(=N3)N)C(=C2)F,CVCL_0243,CC(C)(C)NS(=O)(=O)c1cncc(-c2cc(F)c3nc(N)nn3c2)c1
1635,Picolinici-acid,Inflammatory related,-0.7596589738287158,180,DANG,C1=CC=NC(=C1)C(=O)O,CVCL_0243,O=C(O)c1ccccn1
1372,Trametinib,"MEK1, MEK2",-0.7580013152837971,180,DANG,CC1=C2C(=C(N(C1=O)C)NC3=C(C=C(C=C3)I)F)C(=O)N(C(=O)N2C4=CC=CC(=C4)NC(=O)C)C5CC5,CVCL_0243,CC(=O)Nc1cccc(-n2c(=O)n(C3CC3)c(=O)c3c(Nc4ccc(I)cc4F)n(C)c(=O)c(C)c32)c1
1179,MK-1775,"WEE1, PLK1",-0.7565637446851012,180,DANG,CC(C)(C1=NC(=CC=C1)N2C3=NC(=NC=C3C(=O)N2CC=C)NC4=CC=C(C=C4)N5CCN(CC5)C)O,CVCL_0243,C=CCn1c(=O)c2cnc(Nc3ccc(N4CCN(C)CC4)cc3)nc2n1-c1cccc(C(C)(C)O)n1
2110,GSK591,PMRT5,-0.7372876146175484,180,DANG,C1CC(C1)NC2=NC=CC(=C2)C(=O)NC[C@@H](CN3CCC4=CC=CC=C4C3)O,CVCL_0243,O=C(NC[C@H](O)CN1CCc2ccccc2C1)c1ccnc(NC2CCC2)c1
2106,Uprosertib,"AKT1, AKT2, AKT3",-0.7350000454881709,180,DANG,CN1C(=C(C=N1)Cl)C2=C(OC(=C2)C(=O)N[C@@H](CC3=CC(=C(C=C3)F)F)CN)Cl,CVCL_0243,Cn1ncc(Cl)c1-c1cc(C(=O)N[C@H](CN)Cc2ccc(F)c(F)c2)oc1Cl
1463,AZD1332,"NTRK1, NTRK2, NTRK3",-0.7036186635736983,180,DANG,CC(C)OC1=NNC(=C1)NC2=NC(=NC=C2Cl)NC(C)C3=NC=C(C=C3)F,CVCL_0243,CC(C)Oc1cc(Nc2nc(NC(C)c3ccc(F)cn3)ncc2Cl)[nH]n1
1080,Paclitaxel,Microtubule stabiliser,-0.6952140544328945,180,DANG,CC1=C2[C@H](C(=O)[C@@]3([C@H](C[C@@H]4[C@]([C@H]3[C@@H]([C@@](C2(C)C)(C[C@@H]1OC(=O)[C@@H]([C@H](C5=CC=CC=C5)NC(=O)C6=CC=CC=C6)O)O)OC(=O)C7=CC=CC=C7)(CO4)OC(=O)C)O)C)OC(=O)C,CVCL_0243,CC(=O)O[C@H]1C(=O)[C@]2(C)[C@@H](O)C[C@H]3OC[C@@]3(OC(C)=O)[C@H]2[C@H](OC(=O)c2ccccc2)[C@]2(O)C[C@H](OC(=O)[C@H](O)[C@@H](NC(=O)c3ccccc3)c3ccccc3)C(C)=C1C2(C)C
1913,AGI-5198,IDH1 (R132H),-0.6824525590323084,180,DANG,CC1=CC=CC=C1C(C(=O)NC2CCCCC2)N(C3=CC(=CC=C3)F)C(=O)CN4C=CN=C4C,CVCL_0243,Cc1ccccc1C(C(=O)NC1CCCCC1)N(C(=O)Cn1ccnc1C)c1cccc(F)c1
1017,Olaparib,"PARP1, PARP2",-0.6783036208239821,180,DANG,C1CC1C(=O)N2CCN(CC2)C(=O)C3=C(C=CC(=C3)CC4=NNC(=O)C5=CC=CC=C54)F,CVCL_0243,O=C(c1cc(Cc2n[nH]c(=O)c3ccccc23)ccc1F)N1CCN(C(=O)C2CC2)CC1
2044,Pyridostatin,G-quadruplex stabiliser,-0.667976679145406,180,DANG,C1=CC=C2C(=C1)C(=CC(=N2)NC(=O)C3=CC(=CC(=N3)C(=O)NC4=NC5=CC=CC=C5C(=C4)OCCN)OCCN)OCCN,CVCL_0243,NCCOc1cc(C(=O)Nc2cc(OCCN)c3ccccc3n2)nc(C(=O)Nc2cc(OCCN)c3ccccc3n2)c1
1862,MG-132,"Proteasome, CAPN1",-0.6556100795548396,180,DANG,CC(C)C[C@@H](C=O)NC(=O)[C@H](CC(C)C)NC(=O)[C@H](CC(C)C)NC(=O)OCC1=CC=CC=C1,CVCL_0243,CC(C)C[C@@H](C=O)NC(=O)[C@H](CC(C)C)NC(=O)[C@H](CC(C)C)NC(=O)OCc1ccccc1
1932,NVP-ADW742,IGF1R,-0.6422723223632789,180,DANG,C1CCN(C1)CC2CC(C2)N3C=C(C4=C(N=CN=C43)N)C5=CC(=CC=C5)OCC6=CC=CC=C6,CVCL_0243,Nc1ncnc2c1c(-c1cccc(OCc3ccccc3)c1)cn2C1CC(CN2CCCC2)C1
1073,5-Fluorouracil,Antimetabolite (DNA & RNA),-0.6311306898813169,180,DANG,C1=C(C(=O)NC(=O)N1)F,CVCL_0243,O=c1[nH]cc(F)c(=O)[nH]1
1939,UMI-77,MCL1,-0.624329741453716,180,DANG,C1=CC=C2C(=C1)C(=CC(=C2O)SCC(=O)O)NS(=O)(=O)C3=CC=C(C=C3)Br,CVCL_0243,O=C(O)CSc1cc(NS(=O)(=O)c2ccc(Br)cc2)c2ccccc2c1O
1622,Wnt-C59,PORCN,-0.623184617911648,180,DANG,CC1=NC=CC(=C1)C2=CC=C(C=C2)CC(=O)NC3=CC=C(C=C3)C4=CN=CC=C4,CVCL_0243,Cc1cc(-c2ccc(CC(=O)Nc3ccc(-c4cccnc4)cc3)cc2)ccn1
1924,Ipatasertib,"AKT1, AKT, AKT3",-0.6171895650830309,180,DANG,C[C@@H]1C[C@H](C2=C1C(=NC=N2)N3CCN(CC3)C(=O)[C@H](CNC(C)C)C4=CC=C(C=C4)Cl)O,CVCL_0243,CC(C)NC[C@@H](C(=O)N1CCN(c2ncnc3c2[C@H](C)C[C@H]3O)CC1)c1ccc(Cl)cc1
1022,AZD7762,"CHEK1, CHEK2",-0.6045092716013054,180,DANG,C1C[C@@H](CNC1)NC(=O)C2=C(C=C(S2)C3=CC(=CC=C3)F)NC(=O)N,CVCL_0243,NC(=O)Nc1cc(-c2cccc(F)c2)sc1C(=O)N[C@H]1CCCNC1
1249,BMS-345541,"IKK-1, IKK-2",-0.5921116955875455,180,DANG,CC1=CC2=C(C=C1)N=C(C3=NC=C(N23)C)NCCN.Cl,CVCL_0243,Cc1ccc2nc(NCCN)c3ncc(C)n3c2c1
1199,Tamoxifen,ESR1,-0.5860458053461396,180,DANG,CC/C(=C(\C1=CC=CC=C1)/C2=CC=C(C=C2)OCCN(C)C)/C3=CC=CC=C3,CVCL_0243,CC/C(=C(\c1ccccc1)c1ccc(OCCN(C)C)cc1)c1ccccc1
1918,AZD8186,"PI3Kalpha, PI3Kbeta",-0.55125053495996,180,DANG,C[C@H](C1=CC(=CC2=C1OC(=CC2=O)N3CCOCC3)C(=O)N(C)C)NC4=CC(=CC(=C4)F)F,CVCL_0243,C[C@@H](Nc1cc(F)cc(F)c1)c1cc(C(=O)N(C)C)cc2c(=O)cc(N3CCOCC3)oc12
1010,Gefitinib,EGFR,-0.5385306554830336,180,DANG,COC1=C(C=C2C(=C1)N=CN=C2NC3=CC(=C(C=C3)F)Cl)OCCCN4CCOCC4,CVCL_0243,COc1cc2ncnc(Nc3ccc(F)c(Cl)c3)c2cc1OCCCN1CCOCC1
1012,Vorinostat,"HDAC inhibitor Class I, IIa, IIb, IV",-0.5312213012079486,180,DANG,C1=CC=C(C=C1)NC(=O)CCCCCCC(=O)NO,CVCL_0243,O=C(CCCCCCC(=O)Nc1ccccc1)NO
2043,BIBR-1532,TERT,-0.52756724636576,180,DANG,C/C(=C\C(=O)NC1=CC=CC=C1C(=O)O)/C2=CC3=CC=CC=C3C=C2,CVCL_0243,C/C(=C\C(=O)Nc1ccccc1C(=O)O)c1ccc2ccccc2c1
1576,IWP-2,PORCN,-0.5274332813606094,180,DANG,CC1=CC2=C(C=C1)N=C(S2)NC(=O)CSC3=NC4=C(C(=O)N3C5=CC=CC=C5)SCC4,CVCL_0243,Cc1ccc2nc(NC(=O)CSc3nc4c(c(=O)n3-c3ccccc3)SCC4)sc2c1
1634,AGI-6780,IDH2 R140Q mutant,-0.5259014675178064,180,DANG,C1CC1NS(=O)(=O)C2=CC(=C(C=C2)C3=CSC=C3)NC(=O)NC4=CC=CC(=C4)C(F)(F)F,CVCL_0243,O=C(Nc1cccc(C(F)(F)F)c1)Nc1cc(S(=O)(=O)NC2CC2)ccc1-c1ccsc1
1091,BMS-536924,"IGF1R, IR",-0.5144036779100729,180,DANG,CC1=CC(=CC2=C1N=C(N2)C3=C(C=CNC3=O)NC[C@H](C4=CC(=CC=C4)Cl)O)N5CCOCC5,CVCL_0243,Cc1cc(N2CCOCC2)cc2[nH]c(-c3c(NC[C@@H](O)c4cccc(Cl)c4)cc[nH]c3=O)nc12
1060,PD0325901,"MEK1, MEK2",-0.5077867487836947,180,DANG,C1=CC(=C(C=C1I)F)NC2=C(C=CC(=C2F)F)C(=O)NOC[C@@H](CO)O,CVCL_0243,O=C(NOC[C@H](O)CO)c1ccc(F)c(F)c1Nc1ccc(I)cc1F
2109,AZ6102,"TNKS1, TNKS2",-0.5021654763010852,180,DANG,CCC1=CC2=C(C=C1OC(=O)C(C)(C)C)OC(=C(C2=O)OC3=CC=C(C=C3)I)C(F)(F)F,CVCL_0243,CCc1cc2c(=O)c(Oc3ccc(I)cc3)c(C(F)(F)F)oc2cc1OC(=O)C(C)(C)C
1006,Cytarabine,Antimetabolite,-0.4950247295693505,180,DANG,C1=CN(C(=O)N=C1N)[C@H]2[C@H]([C@@H]([C@H](O2)CO)O)O,CVCL_0243,Nc1ccn([C@@H]2O[C@H](CO)[C@@H](O)[C@@H]2O)c(=O)n1
1598,LGK974,PORCN,-0.4877914290478835,180,DANG,CC1=CC(=CN=C1C2=CC(=NC=C2)C)CC(=O)NC3=NC=C(C=C3)C4=NC=CN=C4,CVCL_0243,Cc1cc(-c2ncc(CC(=O)Nc3ccc(-c4cnccn4)cn3)cc2C)ccn1
1032,Afatinib,"ERBB2, EGFR",-0.4842201134963433,180,DANG,CN(C)C/C=C/C(=O)NC1=C(C=C2C(=C1)C(=NC=N2)NC3=CC(=C(C=C3)F)Cl)O[C@H]4CCOC4,CVCL_0243,CN(C)C/C=C/C(=O)Nc1cc2c(Nc3ccc(F)c(Cl)c3)ncnc2cc1O[C@H]1CCOC1
1613,VE-822,ATR,-0.4826928853422053,180,DANG,CC(C)S(=O)(=O)C1=CC=C(C=C1)C2=CN=C(C(=N2)C3=CC(=NO3)C4=CC=C(C=C4)CNC)N,CVCL_0243,CNCc1ccc(-c2cc(-c3nc(-c4ccc(S(=O)(=O)C(C)C)cc4)cnc3N)on2)cc1
2047,Ulixertinib,"ERK1, ERK2",-0.4802409845708503,180,DANG,CC(C)NC1=NC=C(C(=C1)C2=CNC(=C2)C(=O)N[C@H](CO)C3=CC(=CC=C3)Cl)Cl,CVCL_0243,CC(C)Nc1cc(-c2c[nH]c(C(=O)N[C@H](CO)c3cccc(Cl)c3)c2)c(Cl)cn1
1083,Crizotinib,"MET, ALK, ROS1",-0.4772714107421629,180,DANG,C[C@H](C1=C(C=CC(=C1Cl)F)Cl)OC2=C(N=CC(=C2)C3=CN(N=C3)C4CCNCC4)N,CVCL_0243,C[C@@H](Oc1cc(-c2cnn(C3CCNCC3)c2)cnc1N)c1c(Cl)ccc(F)c1Cl
2046,MK-8776,"CHEK1, CHEK2, CDK2",-0.469721799153505,180,DANG,CN1C=C(C=N1)C2=C3N=C(C(=C(N3N=C2)N)Br)C4CCCNC4,CVCL_0243,Cn1cc(-c2cnn3c(N)c(Br)c(C4CCCNC4)nc23)cn1
1917,AZD6738,ATR,-0.4474930353946076,180,DANG,C[C@@H]1COCCN1C2=NC(=NC(=C2)C3(CC3)[S@](=N)(=O)C)C4=C5C=CNC5=NC=C4,CVCL_0243,C[C@@H]1COCCN1c1cc(C2([S@](C)(=N)=O)CC2)nc(-c2ccnc3[nH]ccc23)n1
1564,SCH772984,"ERK1, ERK2",-0.4415230773191482,180,DANG,C1CN(C[C@@H]1C(=O)NC2=CC3=C(C=C2)NN=C3C4=CC=NC=C4)CC(=O)N5CCN(CC5)C6=CC=C(C=C6)C7=NC=CC=N7,CVCL_0243,O=C(Nc1ccc2[nH]nc(-c3ccncc3)c2c1)[C@@H]1CCN(CC(=O)N2CCN(c3ccc(-c4ncccn4)cc3)CC2)C1
1630,Entospletinib,SYK,-0.4297099939528898,180,DANG,C1COCCN1C2=CC=C(C=C2)NC3=NC(=CN4C3=NC=C4)C5=CC6=C(C=C5)C=NN6,CVCL_0243,c1cn2cc(-c3ccc4cn[nH]c4c3)nc(Nc3ccc(N4CCOCC4)cc3)c2n1
1940,WIKI4,"TNKS1, TNKS2",-0.4224525610743192,180,DANG,COC1=CC=C(C=C1)N2C(=NN=C2SCCCN3C(=O)C4=CC=CC5=C4C(=CC=C5)C3=O)C6=CC=NC=C6,CVCL_0243,COc1ccc(-n2c(SCCCN3C(=O)c4cccc5cccc(c45)C3=O)nnc2-c2ccncc2)cc1
2111,VE821,ATR,-0.4185189940628382,180,DANG,CS(=O)(=O)C1=CC=C(C=C1)C2=CN=C(C(=N2)C(=O)NC3=CC=CC=C3)N,CVCL_0243,CS(=O)(=O)c1ccc(-c2cnc(N)c(C(=O)Nc3ccccc3)n2)cc1
2040,Foretinib,"MET, KDR, TIE2, VEGFR3/FLT4, RON, PDGFR, FGFR1, EGFR",-0.4139621213026498,180,DANG,COC1=CC2=C(C=CN=C2C=C1OCCCN3CCOCC3)OC4=C(C=C(C=C4)NC(=O)C5(CC5)C(=O)NC6=CC=C(C=C6)F)F,CVCL_0243,COc1cc2c(Oc3ccc(NC(=O)C4(C(=O)Nc5ccc(F)cc5)CC4)cc3F)ccnc2cc1OCCCN1CCOCC1
1852,LY2109761,TGFB1,-0.407981804854088,180,DANG,C1CC2=C(C(=NN2C1)C3=CC=CC=N3)C4=C5C=CC(=CC5=NC=C4)OCCN6CCOCC6,CVCL_0243,c1ccc(-c2nn3c(c2-c2ccnc4cc(OCCN5CCOCC5)ccc24)CCC3)nc1
1915,AZD3759,EGFR,-0.3979993321486934,180,DANG,C[C@@H]1CN(CCN1C(=O)OC2=C(C=C3C(=C2)C(=NC=N3)NC4=C(C(=CC=C4)Cl)F)OC)C,CVCL_0243,COc1cc2ncnc(Nc3cccc(Cl)c3F)c2cc1OC(=O)N1CCN(C)C[C@H]1C
1559,Luminespib,HSP90,-0.3883701830812617,180,DANG,CN1C2=CC=CC=C2C(C1=O)(CC(=O)C3=CC=C(C=C3)Cl)O,CVCL_0243,CN1C(=O)C(O)(CC(=O)c2ccc(Cl)cc2)c2ccccc21
1046,Wee1 Inhibitor,"WEE1, CHEK1",-0.3802185556084512,180,DANG,C1=CC=C(C(=C1)C2=CC3=C(C4=C(N3)C=CC(=C4)O)C5=C2C(=O)NC5=O)Cl,CVCL_0243,O=C1NC(=O)c2c1c(-c1ccccc1Cl)cc1[nH]c3ccc(O)cc3c21
1268,XAV939,"TNKS1, TNKS2",-0.3722451984923788,180,DANG,C1CSCC2=C1N=C(NC2=O)C3=CC=C(C=C3)C(F)(F)F,CVCL_0243,O=c1[nH]c(-c2ccc(C(F)(F)F)cc2)nc2c1CSCC2
1036,PLX-4720,BRAF,-0.3722430105277557,180,DANG,CCCS(=O)(=O)NC1=C(C(=C(C=C1)F)C(=O)C2=CNC3=C2C=C(C=N3)Cl)F,CVCL_0243,CCCS(=O)(=O)Nc1ccc(F)c(C(=O)c2c[nH]c3ncc(Cl)cc23)c1F
1853,OF-1,"BRPF1B, BRPF2",-0.3653745336405964,180,DANG,CC1=C(C=CC(=C1)Br)S(=O)(=O)NC2=CC3=C(C=C2OC)N(C(=O)N3C)C,CVCL_0243,COc1cc2c(cc1NS(=O)(=O)c1ccc(Br)cc1C)n(C)c(=O)n2C
1933,P22077,"USP7, USP47",-0.3610237834149386,180,DANG,CC(=O)C1=CC(=C(S1)SC2=C(C=C(C=C2)F)F)[N+](=O)[O-],CVCL_0243,CC(=O)c1cc([N+](=O)[O-])c(Sc2ccc(F)cc2F)s1
1512,Cyclophosphamide,Alkylating agent,-0.3496436996408548,180,DANG,C1CNP(=O)(OC1)N(CCCl)CCCl,CVCL_0243,O=P1(N(CCCl)CCCl)NCCCO1
1931,MIRA-1,TP53,-0.3407210275472552,180,DANG,CCC(=O)OCN1C(=O)C=CC1=O,CVCL_0243,CCC(=O)OCN1C(=O)C=CC1=O
1549,Sapitinib,"EGFR, ERBB2, ERBB3",-0.3285490962155608,180,DANG,CNC(=O)CN1CCC(CC1)OC2=C(C=C3C(=C2)C(=NC=N3)NC4=C(C(=CC=C4)Cl)F)OC,CVCL_0243,CNC(=O)CN1CCC(Oc2cc3c(Nc4cccc(Cl)c4F)ncnc3cc2OC)CC1
1593,Entinostat,"HDAC1, HDAC3",-0.318381500995011,180,DANG,C1=CC=C(C(=C1)N)NC(=O)C2=CC=C(C=C2)CNC(=O)OCC3=CN=CC=C3,CVCL_0243,Nc1ccccc1NC(=O)c1ccc(CNC(=O)OCc2cccnc2)cc1
1250,AZ960,"JAK2, JAK3",-0.3109900033166432,180,DANG,CC1=CC(=NN1)NC2=C(C=C(C(=N2)N[C@@H](C)C3=CC=C(C=C3)F)C#N)F,CVCL_0243,Cc1cc(Nc2nc(N[C@@H](C)c3ccc(F)cc3)c(C#N)cc2F)n[nH]1
1190,Gemcitabine,Pyrimidine antimetabolite,-0.3107026495097432,180,DANG,C1=CN(C(=O)N=C1N)[C@H]2C([C@@H]([C@H](O2)CO)O)(F)F,CVCL_0243,Nc1ccn([C@@H]2O[C@H](CO)[C@@H](O)C2(F)F)c(=O)n1
1511,Epirubicin,Anthracycline,-0.3105685292702328,180,DANG,C[C@H]1[C@@H]([C@H](C[C@@H](O1)O[C@H]2C[C@@](CC3=C2C(=C4C(=C3O)C(=O)C5=C(C4=O)C(=CC=C5)OC)O)(C(=O)CO)O)N)O,CVCL_0243,COc1cccc2c1C(=O)c1c(O)c3c(c(O)c1C2=O)C[C@@](O)(C(=O)CO)C[C@@H]3O[C@H]1C[C@H](N)[C@@H](O)[C@H](C)O1
1558,Lapatinib,"EGFR, ERBB2",-0.3074859179415292,180,DANG,CS(=O)(=O)CCNCC1=CC=C(O1)C2=CC3=C(C=C2)N=CN=C3NC4=CC(=C(C=C4)OCC5=CC(=CC=C5)F)Cl,CVCL_0243,CS(=O)(=O)CCNCc1ccc(-c2ccc3ncnc(Nc4ccc(OCc5cccc(F)c5)c(Cl)c4)c3c2)o1
1237,EPZ004777,DOT1L,-0.3023614295862492,180,DANG,CC(C)N(CCCNC(=O)NC1=CC=C(C=C1)C(C)(C)C)C[C@@H]2[C@H]([C@H]([C@@H](O2)N3C=CC4=C(N=CN=C43)N)O)O,CVCL_0243,CC(C)N(CCCNC(=O)Nc1ccc(C(C)(C)C)cc1)C[C@H]1O[C@@H](n2ccc3c(N)ncnc32)[C@H](O)[C@@H]1O
1507,Ruxolitinib,"JAK1, JAK2",-0.3019343052232128,180,DANG,C1CCC(C1)[C@@H](CC#N)N2C=C(C=N2)C3=C4C=CNC4=NC=N3,CVCL_0243,N#CC[C@H](C1CCCC1)n1cc(-c2ncnc3[nH]ccc23)cn1
1909,Venetoclax,BCL2,-0.2909161185931703,180,DANG,CC1(CCC(=C(C1)C2=CC=C(C=C2)Cl)CN3CCN(CC3)C4=CC(=C(C=C4)C(=O)NS(=O)(=O)C5=CC(=C(C=C5)NCC6CCOCC6)[N+](=O)[O-])OC7=CN=C8C(=C7)C=CN8)C,CVCL_0243,CC1(C)CCC(CN2CCN(c3ccc(C(=O)NS(=O)(=O)c4ccc(NCC5CCOCC5)c([N+](=O)[O-])c4)c(Oc4cnc5[nH]ccc5c4)c3)CC2)=C(c2ccc(Cl)cc2)C1
1625,RVX-208,BRD4,-0.2777084656174416,180,DANG,C1=CC(=C(C=C1N=C=O)F)F,CVCL_0243,O=C=Nc1ccc(F)c(F)c1
1085,Sorafenib,"PDGFR, KIT, VEGFR, RAF",-0.2661717927426172,180,DANG,CNC(=O)C1=NC=CC(=C1)OC2=CC=C(C=C2)NC(=O)NC3=CC(=C(C=C3)Cl)C(F)(F)F,CVCL_0243,CNC(=O)c1cc(Oc2ccc(NC(=O)Nc3ccc(Cl)c(C(F)(F)F)c3)cc2)ccn1
1620,PFI3,"Polybromo 1, SMARCA4, SMARCA2",-0.2626967284322885,180,DANG,C1[C@@H]2CN([C@H]1CN2C3=CC=CC=N3)/C=C/C(=O)C4=CC=CC=C4O,CVCL_0243,O=C(/C=C/N1C[C@H]2C[C@@H]1CN2c1ccccn1)c1ccccc1O
1011,Navitoclax,"BCL2, BCL-XL, BCL-W",-0.2592382415935395,180,DANG,CC1(CCC(=C(C1)CN2CCN(CC2)C3=CC=C(C=C3)C(=O)NS(=O)(=O)C4=CC(=C(C=C4)N[C@H](CCN5CCOCC5)CSC6=CC=CC=C6)S(=O)(=O)C(F)(F)F)C7=CC=C(C=C7)Cl)C,CVCL_0243,CC1(C)CCC(c2ccc(Cl)cc2)=C(CN2CCN(c3ccc(C(=O)NS(=O)(=O)c4ccc(N[C@H](CCN5CCOCC5)CSc5ccccc5)c(S(=O)(=O)C(F)(F)F)c4)cc3)CC2)C1
1007,Docetaxel,Microtubule stabiliser,-0.2484389230184874,180,DANG,CC1=C2[C@H](C(=O)[C@@]3([C@H](C[C@@H]4[C@]([C@H]3[C@@H]([C@@](C2(C)C)(C[C@@H]1OC(=O)[C@@H]([C@H](C5=CC=CC=C5)NC(=O)OC(C)(C)C)O)O)OC(=O)C6=CC=CC=C6)(CO4)OC(=O)C)O)C)O,CVCL_0243,CC(=O)O[C@@]12CO[C@@H]1C[C@H](O)[C@@]1(C)C(=O)[C@H](O)C3=C(C)[C@@H](OC(=O)[C@H](O)[C@@H](NC(=O)OC(C)(C)C)c4ccccc4)C[C@@](O)([C@@H](OC(=O)c4ccccc4)[C@@H]12)C3(C)C
1401,AZD5438,CDK2,-0.2374133777292886,180,DANG,CC1=NC=C(N1C(C)C)C2=NC(=NC=C2)NC3=CC=C(C=C3)S(=O)(=O)C,CVCL_0243,Cc1ncc(-c2ccnc(Nc3ccc(S(C)(=O)=O)cc3)n2)n1C(C)C
1916,AZD5363,"AKT1, AKT2, AKT3, ROCK2",-0.2240538021789143,180,DANG,C1CN(CCC1(C(=O)N[C@@H](CCO)C2=CC=C(C=C2)Cl)N)C3=NC=NC4=C3C=CN4,CVCL_0243,NC1(C(=O)N[C@@H](CCO)c2ccc(Cl)cc2)CCN(c2ncnc3[nH]ccc23)CC1
1168,Erlotinib,EGFR,-0.2095728830255442,180,DANG,COCCOC1=C(C=C2C(=C1)C(=NC=N2)NC3=CC=CC(=C3)C#C)OCCOC,CVCL_0243,C#Cc1cccc(Nc2ncnc3cc(OCCOC)c(OCCOC)cc23)c1
1051,Alisertib,AURKA,-0.2093468812899945,180,DANG,COC1=C(C(=CC=C1)F)C2=NCC3=CN=C(N=C3C4=C2C=C(C=C4)Cl)NC5=CC(=C(C=C5)C(=O)O)OC,CVCL_0243,COc1cc(Nc2ncc3c(n2)-c2ccc(Cl)cc2C(c2c(F)cccc2OC)=NC3)ccc1C(=O)O
1627,GSK343,EZH2,-0.1933681684430236,180,DANG,CCCC1=C(C(=O)NC(=C1)C)CNC(=O)C2=C3C=NN(C3=CC(=C2)C4=CC(=NC=C4)N5CCN(CC5)C)C(C)C,CVCL_0243,CCCc1cc(C)[nH]c(=O)c1CNC(=O)c1cc(-c2ccnc(N3CCN(C)CC3)c2)cc2c1cnn2C(C)C
1510,Linsitinib,IGF1R,-0.1928888144654774,180,DANG,CC1(CC(C1)C2=NC(=C3N2C=CN=C3N)C4=CC5=C(C=C4)C=CC(=N5)C6=CC=CC=C6)O,CVCL_0243,CC1(O)CC(c2nc(-c3ccc4ccc(-c5ccccc5)nc4c3)c3c(N)nccn23)C1
1614,WZ4003,"NUAK1, NUAK2",-0.1822409239318267,180,DANG,CCC(=O)NC1=CC(=CC=C1)OC2=NC(=NC=C2Cl)NC3=C(C=C(C=C3)N4CCN(CC4)C)OC,CVCL_0243,CCC(=O)Nc1cccc(Oc2nc(Nc3ccc(N4CCN(C)CC4)cc3OC)ncc2Cl)c1
1629,ML323,"USP1, UAF1",-0.1760159239987494,180,DANG,CC1=CN=C(N=C1NCC2=CC=C(C=C2)N3C=CN=N3)C4=CC=CC=C4C(C)C,CVCL_0243,Cc1cnc(-c2ccccc2C(C)C)nc1NCc1ccc(-n2ccnn2)cc1
1631,PRT062607,SYK,-0.1262907258403826,180,DANG,C1CC[C@H]([C@H](C1)N)NC2=NC=C(C(=N2)NC3=CC(=CC=C3)N4N=CC=N4)C(=O)N,CVCL_0243,NC(=O)c1cnc(N[C@@H]2CCCC[C@@H]2N)nc1Nc1cccc(-n2nccn2)c1
1908,Ulixertinib,"ERK1, ERK2",-0.0844163644407651,180,DANG,CC(C)NC1=NC=C(C(=C1)C2=CNC(=C2)C(=O)N[C@H](CO)C3=CC(=CC=C3)Cl)Cl,CVCL_0243,CC(C)Nc1cc(-c2c[nH]c(C(=O)N[C@H](CO)c3cccc(Cl)c3)c2)c(Cl)cn1
1049,PD173074,"FGFR1, FGFR2, FGFR3",-0.0485728962169856,180,DANG,CCN(CC)CCCCNC1=NC2=NC(=C(C=C2C=N1)C3=CC(=CC(=C3)OC)OC)NC(=O)NC(C)(C)C,CVCL_0243,CCN(CC)CCCCNc1ncc2cc(-c3cc(OC)cc(OC)c3)c(NC(=O)NC(C)(C)C)nc2n1
1553,Uprosertib,"AKT1, AKT2, AKT3",-0.0461202164607438,180,DANG,CN1C(=C(C=N1)Cl)C2=C(OC(=C2)C(=O)N[C@@H](CC3=CC(=C(C=C3)F)F)CN)Cl,CVCL_0243,Cn1ncc(Cl)c1-c1cc(C(=O)N[C@H](CN)Cc2ccc(F)c(F)c2)oc1Cl
1089,Oxaliplatin,DNA alkylating agent,-0.0414763936998741,180,DANG,C1CC[C@H]([C@@H](C1)N)N.C(=O)(C(=O)O)O.[Pt],CVCL_0243,N[C@@H]1CCCC[C@H]1N
1912,Afuresertib,"AKT1, AKT2, AKT3",-0.0394850343483228,180,DANG,CN1C(=C(C=N1)Cl)C2=C(SC(=C2)C(=O)N[C@@H](CC3=CC(=CC=C3)F)CN)Cl,CVCL_0243,Cn1ncc(Cl)c1-c1cc(C(=O)N[C@H](CN)Cc2cccc(F)c2)sc1Cl
1936,Savolitinib,MET,-0.0326038771777099,180,DANG,C[C@@H](C1=CN2C=CN=C2C=C1)N3C4=NC(=CN=C4N=N3)C5=CN(N=C5)C,CVCL_0243,C[C@@H](c1ccc2nccn2c1)n1nnc2ncc(-c3cnn(C)c3)nc21
1373,Dabrafenib,BRAF,-0.0157859817987031,180,DANG,CC(C)(C)C1=NC(=C(S1)C2=NC(=NC=C2)N)C3=C(C(=CC=C3)NS(=O)(=O)C4=C(C=CC=C4F)F)F,CVCL_0243,CC(C)(C)c1nc(-c2cccc(NS(=O)(=O)c3c(F)cccc3F)c2F)c(-c2ccnc(N)n2)s1
1922,Cediranib,"VEGFR, FLT1, FLT2, FLT3, FLT4, KIT, PDGFRB",-0.0069617634869734,180,DANG,CC1=CC2=C(N1)C=CC(=C2F)OC3=NC=NC4=CC(=C(C=C43)OC)OCCCN5CCCC5,CVCL_0243,COc1cc2c(Oc3ccc4[nH]c(C)cc4c3F)ncnc2cc1OCCCN1CCCC1
1786,AZD4547,"FGFR1, FGFR2, FGFR3",0.0260438634118861,180,DANG,C[C@@H]1CN(C[C@@H](N1)C)C2=CC=C(C=C2)C(=O)NC3=NNC(=C3)CCC4=CC(=CC(=C4)OC)OC,CVCL_0243,COc1cc(CCc2cc(NC(=O)c3ccc(N4C[C@H](C)N[C@H](C)C4)cc3)n[nH]2)cc(OC)c1
2170,AT13148,AKT1,0.0260643291992132,180,DANG,C1=CC(=CC=C1C2=CNN=C2)[C@@](CN)(C3=CC=C(C=C3)Cl)O,CVCL_0243,NC[C@@](O)(c1ccc(Cl)cc1)c1ccc(-c2cn[nH]c2)cc1
1736,Selumetinib,"MEK1, MEK2",0.0362233484842878,180,DANG,CN1C=NC2=C1C=C(C(=C2F)NC3=C(C=C(C=C3)Br)Cl)C(=O)NOCCO,CVCL_0243,Cn1cnc2c(F)c(Nc3ccc(Br)cc3Cl)c(C(=O)NOCCO)cc21
1003,Camptothecin,TOP1,0.0523127516156997,180,DANG,CC[C@@]1(C2=C(COC1=O)C(=O)N3CC4=CC5=CC=CC=C5N=C4C3=C2)O,CVCL_0243,CC[C@@]1(O)C(=O)OCc2c1cc1n(c2=O)Cc2cc3ccccc3nc2-1
1621,PCI-34051,"HDAC8, HDAC6, HDAC1",0.0525579231697936,180,DANG,COC1=CC=C(C=C1)CN2C=CC3=C2C=C(C=C3)C(=O)NO,CVCL_0243,COc1ccc(Cn2ccc3ccc(C(=O)NO)cc32)cc1
1068,Obatoclax Mesylate,"BCL2, BCL-XL, BCL-W, MCL1",0.0914012992335642,180,DANG,CC1=CC(=C(N1)/C=C\2/C(=C/C(=C/3\C=C4C=CC=CC4=N3)/N2)OC)C,CVCL_0243,COc1c/c(=C2\C=c3ccccc3=N2)[nH]/c1=C\c1[nH]c(C)cc1C
1578,Leflunomide,Pyrimidine synthesis inhibitor,0.1007922323713991,180,DANG,CC1=C(C=NO1)C(=O)NC2=CC=C(C=C2)C(F)(F)F,CVCL_0243,Cc1oncc1C(=O)Nc1ccc(C(F)(F)F)cc1
1557,LCL161,"XIAP, IAP1, IAP2",0.1013567519254556,180,DANG,C[C@@H](C(=O)N[C@@H](C1CCCCC1)C(=O)N2CCC[C@H]2C3=NC(=CS3)C(=O)C4=CC=C(C=C4)F)NC,CVCL_0243,CN[C@@H](C)C(=O)N[C@H](C(=O)N1CCC[C@H]1c1nc(C(=O)c2ccc(F)cc2)cs1)C1CCCCC1
1910,ABT737,"BCL2, BCL-XL,  BCL-W, BCL-B, BFL1",0.1045795144403566,180,DANG,CN(C)CC[C@H](CSC1=CC=CC=C1)NC2=C(C=C(C=C2)S(=O)(=O)NC(=O)C3=CC=C(C=C3)N4CCN(CC4)CC5=CC=CC=C5C6=CC=C(C=C6)Cl)[N+](=O)[O-],CVCL_0243,CN(C)CC[C@H](CSc1ccccc1)Nc1ccc(S(=O)(=O)NC(=O)c2ccc(N3CCN(Cc4ccccc4-c4ccc(Cl)cc4)CC3)cc2)cc1[N+](=O)[O-]
1927,GSK2578215A,LRRK2,0.1079163597814834,180,DANG,C1=CC=C(C=C1)COC2=C(C=C(C=C2)C3=CC(=NC=C3)F)C(=O)NC4=CN=CC=C4,CVCL_0243,O=C(Nc1cccnc1)c1cc(-c2ccnc(F)c2)ccc1OCc1ccccc1
1054,Palbociclib,"CDK4, CDK6",0.110021763434879,180,DANG,CC1=C(C(=O)N(C2=NC(=NC=C12)NC3=NC=C(C=C3)N4CCNCC4)C5CCCC5)C(=O)C,CVCL_0243,CC(=O)c1c(C)c2cnc(Nc3ccc(N4CCNCC4)cn3)nc2n(C2CCCC2)c1=O
1919,Osimertinib,EGFR,0.139801299872271,180,DANG,CN1C=C(C2=CC=CC=C21)C3=NC(=NC=C3)NC4=C(C=C(C(=C4)NC(=O)C=C)N(C)CCN(C)C)OC,CVCL_0243,C=CC(=O)Nc1cc(Nc2nccc(-c3cn(C)c4ccccc34)n2)c(OC)cc1N(C)CCN(C)C
1624,I-BET-762,"BRD2, BRD3, BRD4",0.1701516529389387,180,DANG,CCNC(=O)C[C@H]1C2=NN=C(N2C3=C(C=C(C=C3)OC)C(=N1)C4=CC=C(C=C4)Cl)C,CVCL_0243,CCNC(=O)C[C@@H]1N=C(c2ccc(Cl)cc2)c2cc(OC)ccc2-n2c(C)nnc21
1047,Nutlin-3a (-),MDM2,0.2097087696655099,180,DANG,CC(C)OC1=C(C=CC(=C1)OC)C2=N[C@H]([C@H](N2C(=O)N3CCNC(=O)C3)C4=CC=C(C=C4)Cl)C5=CC=C(C=C5)Cl,CVCL_0243,COc1ccc(C2=N[C@@H](c3ccc(Cl)cc3)[C@@H](c3ccc(Cl)cc3)N2C(=O)N2CCNC(=O)C2)c(OC(C)C)c1
2048,Vinorelbine,Microtubule destabiliser,0.2181836978460104,180,DANG,CCC1=C[C@H]2C[C@@](C3=C(CN(C2)C1)C4=CC=CC=C4N3)(C5=C(C=C6C(=C5)[C@]78CCN9[C@H]7[C@@](C=CC9)([C@H]([C@@]([C@@H]8N6C)(C(=O)OC)O)OC(=O)C)CC)OC)C(=O)OC,CVCL_0243,CCC1=C[C@@H]2CN(C1)Cc1c([nH]c3ccccc13)[C@@](C(=O)OC)(c1cc3c(cc1OC)N(C)[C@H]1[C@@](O)(C(=O)OC)[C@H](OC(C)=O)[C@]4(CC)C=CCN5CC[C@]31[C@@H]54)C2
1013,Nilotinib,ABL,0.2389376697377303,180,DANG,CC1=C(C=C(C=C1)C(=O)NC2=CC(=CC(=C2)C(F)(F)F)N3C=C(N=C3)C)NC4=NC=CC(=N4)C5=CN=CC=C5,CVCL_0243,Cc1cn(-c2cc(NC(=O)c3ccc(C)c(Nc4nccc(-c5cccnc5)n4)c3)cc(C(F)(F)F)c2)cn1
1088,Irinotecan,TOP1,0.2418108397370212,180,DANG,CCC1=C2CN3C(=CC4=C(C3=O)COC(=O)[C@@]4(CC)O)C2=NC5=C1C=C(C=C5)OC(=O)N6CCC(CC6)N7CCCCC7,CVCL_0243,CCc1c2c(nc3ccc(OC(=O)N4CCC(N5CCCCC5)CC4)cc13)-c1cc3c(c(=O)n1C2)COC(=O)[C@]3(O)CC
1529,Pevonedistat,NAE,0.2481941572004792,180,DANG,C1CC2=CC=CC=C2[C@H]1NC3=C4C=CN(C4=NC=N3)[C@@H]5C[C@H]([C@H](C5)O)COS(=O)(=O)N,CVCL_0243,NS(=O)(=O)OC[C@@H]1C[C@@H](n2ccc3c(N[C@H]4CCc5ccccc54)ncnc32)C[C@@H]1O
1177,Niraparib,"PARP1, PARP2",0.2724115348712092,180,DANG,C1C[C@H](CNC1)C2=CC=C(C=C2)N3C=C4C=CC=C(C4=N3)C(=O)N,CVCL_0243,NC(=O)c1cccc2cn(-c3ccc([C@@H]4CCCNC4)cc3)nc12
1941,Sepantronium bromide,BIRC5,0.2837813048127571,180,DANG,CC1=[N+](C2=C(N1CCOC)C(=O)C3=CC=CC=C3C2=O)CC4=NC=CN=C4.[Br-],CVCL_0243,COCCn1c2c([n+](Cc3cnccn3)c1C)C(=O)c1ccccc1C2=O
1259,Talazoparib,"PARP1, PARP2",0.3248631969452956,180,DANG,CC(C)/C=N/NC(=O)C1=CC=C(C=C1)NC(=O)C,CVCL_0243,CC(=O)Nc1ccc(C(=O)N/N=C/C(C)C)cc1
1855,KRAS (G12C) Inhibitor-12,KRAS (G12C),0.3643345989919858,180,DANG,C=CC(=O)N1CCN(CC1)C(=O)CNC2=CC(=C(C=C2O)Cl)I,CVCL_0243,C=CC(=O)N1CCN(C(=O)CNc2cc(I)c(Cl)cc2O)CC1
1239,YK-4-279,RNA helicase A,0.4107082315301334,180,DANG,COC1=CC=C(C=C1)C(=O)CC2(C3=C(C=CC(=C3NC2=O)Cl)Cl)O,CVCL_0243,COc1ccc(C(=O)CC2(O)C(=O)Nc3c(Cl)ccc(Cl)c32)cc1
1799,Ibrutinib,BTK,0.4112809479893351,180,DANG,C=CC(=O)N1CCC[C@H](C1)N2C3=NC=NC(=C3C(=N2)C4=CC=C(C=C4)OC5=CC=CC=C5)N,CVCL_0243,C=CC(=O)N1CCC[C@@H](n2nc(-c3ccc(Oc4ccccc4)cc3)c3c(N)ncnc32)C1
1997,WEHI-539,BCL-XL,0.4583460297024351,180,DANG,C1CC2=C(C=C(C=C2)C3=NC(=C(S3)CCCOC4=CC=C(C=C4)CN)C(=O)O)/C(=N/NC5=NC6=CC=CC=C6S5)/C1,CVCL_0243,NCc1ccc(OCCCc2sc(-c3ccc4c(c3)/C(=N/Nc3nc5ccccc5s3)CCC4)nc2C(=O)O)cc1
1706,AZD5153,BRD4,0.4682412089015954,180,DANG,C[C@@H]1C(=O)N(CCN1CCOC2=CC=C(C=C2)C3CCN(CC3)C4=NN5C(=NN=C5OC)C=C4)C,CVCL_0243,COc1nnc2ccc(N3CCC(c4ccc(OCCN5CCN(C)C(=O)[C@H]5C)cc4)CC3)nn12
1928,I-BRD9,BRD9,0.4959582501411069,180,DANG,CCN1C=C(C2=C(C1=O)C=C(S2)C(=NC3CCS(=O)(=O)CC3)N)C4=CC(=CC=C4)C(F)(F)F,CVCL_0243,CCn1cc(-c2cccc(C(F)(F)F)c2)c2sc(C(N)=NC3CCS(=O)(=O)CC3)cc2c1=O
1720,AZD5991,MCL1,0.5202811796317841,180,DANG,CC1=C2C(=NN1C)CSCC3=NN(C(=C3)CSC4=CC5=CC=CC=C5C(=C4)OCCCC6=C(N(C7=C6C=CC(=C27)Cl)C)C(=O)O)C,CVCL_0243,Cc1c2c(nn1C)CSCc1cc(n(C)n1)CSc1cc(c3ccccc3c1)OCCCc1c(C(=O)O)n(C)c3c-2c(Cl)ccc13
1806,Oxaliplatin,DNA alkylating agent,0.5223215918933392,180,DANG,C1CC[C@H]([C@@H](C1)[NH-])[NH-].C(=O)(C(=O)O)O.[Pt+2],CVCL_0243,N[C@@H]1CCCC[C@H]1N
1819,Docetaxel,Microtubule stabiliser,0.5862245370862521,180,DANG,CC1=C2[C@H](C(=O)[C@@]3([C@H](C[C@@H]4[C@]([C@H]3[C@@H]([C@@](C2(C)C)(C[C@@H]1OC(=O)[C@@H]([C@H](C5=CC=CC=C5)NC(=O)OC(C)(C)C)O)O)OC(=O)C6=CC=CC=C6)(CO4)OC(=O)C)O)C)O,CVCL_0243,CC(=O)O[C@@]12CO[C@@H]1C[C@H](O)[C@@]1(C)C(=O)[C@H](O)C3=C(C)[C@@H](OC(=O)[C@H](O)[C@@H](NC(=O)OC(C)(C)C)c4ccccc4)C[C@@](O)([C@@H](OC(=O)c4ccccc4)[C@@H]12)C3(C)C
1930,Telomerase Inhibitor IX,Telomerase,0.6334784208725311,180,DANG,C1=CC(=CC(=C1)NC(=O)C2=C(C(=CC=C2)O)O)NC(=O)C3=C(C(=CC=C3)O)O,CVCL_0243,O=C(Nc1cccc(NC(=O)c2cccc(O)c2O)c1)c1cccc(O)c1O
1594,OSI-027,"MTORC1, MTORC2",0.6419490852324067,180,DANG,C[C@@]1\2CC[C@H](C1(C)C)C/C2=N\NC(=O)C3=CC=C(C=C3)S(=O)(=O)N4CCCCCC4,CVCL_0243,CC1(C)[C@H]2CC[C@@]1(C)/C(=N/NC(=O)c1ccc(S(=O)(=O)N3CCCCCC3)cc1)C2
1004,Vinblastine,Microtubule destabiliser,0.6646603374009836,180,DANG,CC[C@@]1(CC2C[C@@](C3=C(CCN(C2)C1)C4=CC=CC=C4N3)(C5=C(C=C6C(=C5)[C@]78CCN9[C@H]7[C@@](C=CC9)([C@H]([C@@]([C@@H]8N6C)(C(=O)OC)O)OC(=O)C)CC)OC)C(=O)OC)O,CVCL_0243,CC[C@]1(O)CC2CN(CCc3c([nH]c4ccccc34)[C@@](C(=O)OC)(c3cc4c(cc3OC)N(C)[C@H]3[C@@](O)(C(=O)OC)[C@H](OC(C)=O)[C@]5(CC)C=CCN6CC[C@]43[C@@H]65)C2)C1
1131,PRIMA-1MET,TP53 activation,0.7105356154396008,180,DANG,COCC1(C(=O)C2CCN1CC2)CO,CVCL_0243,COCC1(CO)C(=O)C2CCN1CC2
1849,Sabutoclax,"BCL2,  BCL-XL,  BFL1, MCL1",0.8782984216419351,180,DANG,CC1=CC2=C(C(=C(C=C2C(=C1C3=C(C4=CC(=C(C(=C4C=C3C)C(=O)NC[C@H](C)C5=CC=CC=C5)O)O)O)O)O)O)C(=O)NC[C@H](C)C6=CC=CC=C6,CVCL_0243,Cc1cc2c(C(=O)NC[C@H](C)c3ccccc3)c(O)c(O)cc2c(O)c1-c1c(C)cc2c(C(=O)NC[C@H](C)c3ccccc3)c(O)c(O)cc2c1O
1626,OTX015,"BRD2, BRD3, BRD4",0.9820037044100072,180,DANG,CC1=C(SC2=C1C(=N[C@H](C3=NN=C(N32)C)CC(=O)NC4=CC=C(C=C4)O)C5=CC=C(C=C5)Cl)C,CVCL_0243,Cc1sc2c(c1C)C(c1ccc(Cl)cc1)=N[C@@H](CC(=O)Nc1ccc(O)cc1)c1nnc(C)n1-2
1598,LGK974,PORCN,-2.3362067981347923,179,HPAC,CC1=CC(=CN=C1C2=CC(=NC=C2)C)CC(=O)NC3=NC=C(C=C3)C4=NC=CN=C4,CVCL_3517,Cc1cc(-c2ncc(CC(=O)Nc3ccc(-c4cnccn4)cn3)cc2C)ccn1
1622,Wnt-C59,PORCN,-1.7590553508799494,179,HPAC,CC1=NC=CC(=C1)C2=CC=C(C=C2)CC(=O)NC3=CC=C(C=C3)C4=CN=CC=C4,CVCL_3517,Cc1cc(-c2ccc(CC(=O)Nc3ccc(-c4cccnc4)cc3)cc2)ccn1
1576,IWP-2,PORCN,-1.7570739955430037,179,HPAC,CC1=CC2=C(C=C1)N=C(S2)NC(=O)CSC3=NC4=C(C(=O)N3C5=CC=CC=C5)SCC4,CVCL_3517,Cc1ccc2nc(NC(=O)CSc3nc4c(c(=O)n3-c3ccccc3)SCC4)sc2c1
1853,OF-1,"BRPF1B, BRPF2",-1.0227843896308209,179,HPAC,CC1=C(C=CC(=C1)Br)S(=O)(=O)NC2=CC3=C(C=C2OC)N(C(=O)N3C)C,CVCL_3517,COc1cc2c(cc1NS(=O)(=O)c1ccc(Br)cc1C)n(C)c(=O)n2C
1736,Selumetinib,"MEK1, MEK2",-0.809727751896479,179,HPAC,CN1C=NC2=C1C=C(C(=C2F)NC3=C(C=C(C=C3)Br)Cl)C(=O)NOCCO,CVCL_3517,Cn1cnc2c(F)c(Nc3ccc(Br)cc3Cl)c(C(=O)NOCCO)cc21
1091,BMS-536924,"IGF1R, IR",-0.7070125925534778,179,HPAC,CC1=CC(=CC2=C1N=C(N2)C3=C(C=CNC3=O)NC[C@H](C4=CC(=CC=C4)Cl)O)N5CCOCC5,CVCL_3517,Cc1cc(N2CCOCC2)cc2[nH]c(-c3c(NC[C@@H](O)c4cccc(Cl)c4)cc[nH]c3=O)nc12
1564,SCH772984,"ERK1, ERK2",-0.6321116176976957,179,HPAC,C1CN(C[C@@H]1C(=O)NC2=CC3=C(C=C2)NN=C3C4=CC=NC=C4)CC(=O)N5CCN(CC5)C6=CC=C(C=C6)C7=NC=CC=N7,CVCL_3517,O=C(Nc1ccc2[nH]nc(-c3ccncc3)c2c1)[C@@H]1CCN(CC(=O)N2CCN(c3ccc(-c4ncccn4)cc3)CC2)C1
1372,Trametinib,"MEK1, MEK2",-0.5708310498499688,179,HPAC,CC1=C2C(=C(N(C1=O)C)NC3=C(C=C(C=C3)I)F)C(=O)N(C(=O)N2C4=CC=CC(=C4)NC(=O)C)C5CC5,CVCL_3517,CC(=O)Nc1cccc(-n2c(=O)n(C3CC3)c(=O)c3c(Nc4ccc(I)cc4F)n(C)c(=O)c(C)c32)c1
1908,Ulixertinib,"ERK1, ERK2",-0.2966295366661643,179,HPAC,CC(C)NC1=NC=C(C(=C1)C2=CNC(=C2)C(=O)N[C@H](CO)C3=CC(=CC=C3)Cl)Cl,CVCL_3517,CC(C)Nc1cc(-c2c[nH]c(C(=O)N[C@H](CO)c3cccc(Cl)c3)c2)c(Cl)cn1
1634,AGI-6780,IDH2 R140Q mutant,-0.2804549076889208,179,HPAC,C1CC1NS(=O)(=O)C2=CC(=C(C=C2)C3=CSC=C3)NC(=O)NC4=CC=CC(=C4)C(F)(F)F,CVCL_3517,O=C(Nc1cccc(C(F)(F)F)c1)Nc1cc(S(=O)(=O)NC2CC2)ccc1-c1ccsc1
1941,Sepantronium bromide,BIRC5,-0.2606281730861399,179,HPAC,CC1=[N+](C2=C(N1CCOC)C(=O)C3=CC=CC=C3C2=O)CC4=NC=CN=C4.[Br-],CVCL_3517,COCCn1c2c([n+](Cc3cnccn3)c1C)C(=O)c1ccccc1C2=O
1629,ML323,"USP1, UAF1",-0.2493472506956848,179,HPAC,CC1=CN=C(N=C1NCC2=CC=C(C=C2)N3C=CN=N3)C4=CC=CC=C4C(C)C,CVCL_3517,Cc1cnc(-c2ccccc2C(C)C)nc1NCc1ccc(-n2ccnn2)cc1
2040,Foretinib,"MET, KDR, TIE2, VEGFR3/FLT4, RON, PDGFR, FGFR1, EGFR",-0.2290793525664184,179,HPAC,COC1=CC2=C(C=CN=C2C=C1OCCCN3CCOCC3)OC4=C(C=C(C=C4)NC(=O)C5(CC5)C(=O)NC6=CC=C(C=C6)F)F,CVCL_3517,COc1cc2c(Oc3ccc(NC(=O)C4(C(=O)Nc5ccc(F)cc5)CC4)cc3F)ccnc2cc1OCCCN1CCOCC1
1909,Venetoclax,BCL2,-0.1072337629535261,179,HPAC,CC1(CCC(=C(C1)C2=CC=C(C=C2)Cl)CN3CCN(CC3)C4=CC(=C(C=C4)C(=O)NS(=O)(=O)C5=CC(=C(C=C5)NCC6CCOCC6)[N+](=O)[O-])OC7=CN=C8C(=C7)C=CN8)C,CVCL_3517,CC1(C)CCC(CN2CCN(c3ccc(C(=O)NS(=O)(=O)c4ccc(NCC5CCOCC5)c([N+](=O)[O-])c4)c(Oc4cnc5[nH]ccc5c4)c3)CC2)=C(c2ccc(Cl)cc2)C1
1618,GSK2606414,PERK,-0.0985176408934874,179,HPAC,CN1C=C(C2=C(N=CN=C21)N)C3=CC4=C(C=C3)N(CC4)C(=O)CC5=CC(=CC=C5)C(F)(F)F,CVCL_3517,Cn1cc(-c2ccc3c(c2)CCN3C(=O)Cc2cccc(C(F)(F)F)c2)c2c(N)ncnc21
1918,AZD8186,"PI3Kalpha, PI3Kbeta",-0.073045503131131,179,HPAC,C[C@H](C1=CC(=CC2=C1OC(=CC2=O)N3CCOCC3)C(=O)N(C)C)NC4=CC(=CC(=C4)F)F,CVCL_3517,C[C@@H](Nc1cc(F)cc(F)c1)c1cc(C(=O)N(C)C)cc2c(=O)cc(N3CCOCC3)oc12
1613,VE-822,ATR,-0.0566955386112711,179,HPAC,CC(C)S(=O)(=O)C1=CC=C(C=C1)C2=CN=C(C(=N2)C3=CC(=NO3)C4=CC=C(C=C4)CNC)N,CVCL_3517,CNCc1ccc(-c2cc(-c3nc(-c4ccc(S(=O)(=O)C(C)C)cc4)cnc3N)on2)cc1
1631,PRT062607,SYK,-0.0418475004029037,179,HPAC,C1CC[C@H]([C@H](C1)N)NC2=NC=C(C(=N2)NC3=CC(=CC=C3)N4N=CC=N4)C(=O)N,CVCL_3517,NC(=O)c1cnc(N[C@@H]2CCCC[C@@H]2N)nc1Nc1cccc(-n2nccn2)c1
1940,WIKI4,"TNKS1, TNKS2",-0.0224705769191411,179,HPAC,COC1=CC=C(C=C1)N2C(=NN=C2SCCCN3C(=O)C4=CC=CC5=C4C(=CC=C5)C3=O)C6=CC=NC=C6,CVCL_3517,COc1ccc(-n2c(SCCCN3C(=O)c4cccc5cccc(c45)C3=O)nnc2-c2ccncc2)cc1
1510,Linsitinib,IGF1R,-0.0185491113969361,179,HPAC,CC1(CC(C1)C2=NC(=C3N2C=CN=C3N)C4=CC5=C(C=C4)C=CC(=N5)C6=CC=CC=C6)O,CVCL_3517,CC1(O)CC(c2nc(-c3ccc4ccc(-c5ccccc5)nc4c3)c3c(N)nccn23)C1
1051,Alisertib,AURKA,0.0756544100969413,179,HPAC,COC1=C(C(=CC=C1)F)C2=NCC3=CN=C(N=C3C4=C2C=C(C=C4)Cl)NC5=CC(=C(C=C5)C(=O)O)OC,CVCL_3517,COc1cc(Nc2ncc3c(n2)-c2ccc(Cl)cc2C(c2c(F)cccc2OC)=NC3)ccc1C(=O)O
2096,VX-11e,ERK2,0.0978032728711023,179,HPAC,CC1=CN=C(N=C1C2=CNC(=C2)C(=O)N[C@H](CO)C3=CC(=CC=C3)Cl)NC4=C(C=C(C=C4)F)Cl,CVCL_3517,Cc1cnc(Nc2ccc(F)cc2Cl)nc1-c1c[nH]c(C(=O)N[C@H](CO)c2cccc(Cl)c2)c1
1046,Wee1 Inhibitor,"WEE1, CHEK1",0.1135220059708132,179,HPAC,C1=CC=C(C(=C1)C2=CC3=C(C4=C(N3)C=CC(=C4)O)C5=C2C(=O)NC5=O)Cl,CVCL_3517,O=C1NC(=O)c2c1c(-c1ccccc1Cl)cc1[nH]c3ccc(O)cc3c21
1933,P22077,"USP7, USP47",0.164461658234808,179,HPAC,CC(=O)C1=CC(=C(S1)SC2=C(C=C(C=C2)F)F)[N+](=O)[O-],CVCL_3517,CC(=O)c1cc([N+](=O)[O-])c(Sc2ccc(F)cc2F)s1
1557,LCL161,"XIAP, IAP1, IAP2",0.1852788904239015,179,HPAC,C[C@@H](C(=O)N[C@@H](C1CCCCC1)C(=O)N2CCC[C@H]2C3=NC(=CS3)C(=O)C4=CC=C(C=C4)F)NC,CVCL_3517,CN[C@@H](C)C(=O)N[C@H](C(=O)N1CCC[C@H]1c1nc(C(=O)c2ccc(F)cc2)cs1)C1CCCCC1
1199,Tamoxifen,ESR1,0.2064242657986494,179,HPAC,CC/C(=C(\C1=CC=CC=C1)/C2=CC=C(C=C2)OCCN(C)C)/C3=CC=CC=C3,CVCL_3517,CC/C(=C(\c1ccccc1)c1ccc(OCCN(C)C)cc1)c1ccccc1
1915,AZD3759,EGFR,0.2357990062109566,179,HPAC,C[C@@H]1CN(CCN1C(=O)OC2=C(C=C3C(=C2)C(=NC=N3)NC4=C(C(=CC=C4)Cl)F)OC)C,CVCL_3517,COc1cc2ncnc(Nc3cccc(Cl)c3F)c2cc1OC(=O)N1CCN(C)C[C@H]1C
1179,MK-1775,"WEE1, PLK1",0.2459337633925276,179,HPAC,CC(C)(C1=NC(=CC=C1)N2C3=NC(=NC=C3C(=O)N2CC=C)NC4=CC=C(C=C4)N5CCN(CC5)C)O,CVCL_3517,C=CCn1c(=O)c2cnc(Nc3ccc(N4CCN(C)CC4)cc3)nc2n1-c1cccc(C(C)(C)O)n1
1022,AZD7762,"CHEK1, CHEK2",0.2638081274318745,179,HPAC,C1C[C@@H](CNC1)NC(=O)C2=C(C=C(S2)C3=CC(=CC=C3)F)NC(=O)N,CVCL_3517,NC(=O)Nc1cc(-c2cccc(F)c2)sc1C(=O)N[C@H]1CCCNC1
1561,Taselisib,PI3K (beta sparing),0.2644504215024019,179,HPAC,CC1=NN(C(=N1)C2=CN3CCOC4=C(C3=N2)C=CC(=C4)C5=CN(N=C5)C(C)(C)C(=O)N)C(C)C,CVCL_3517,Cc1nc(-c2cn3c(n2)-c2ccc(-c4cnn(C(C)(C)C(N)=O)c4)cc2OCC3)n(C(C)C)n1
1706,AZD5153,BRD4,0.2707989040936178,179,HPAC,C[C@@H]1C(=O)N(CCN1CCOC2=CC=C(C=C2)C3CCN(CC3)C4=NN5C(=NN=C5OC)C=C4)C,CVCL_3517,COc1nnc2ccc(N3CCC(c4ccc(OCCN5CCN(C)C(=O)[C@H]5C)cc4)CC3)nn12
1529,Pevonedistat,NAE,0.2772912450132181,179,HPAC,C1CC2=CC=CC=C2[C@H]1NC3=C4C=CN(C4=NC=N3)[C@@H]5C[C@H]([C@H](C5)O)COS(=O)(=O)N,CVCL_3517,NS(=O)(=O)OC[C@@H]1C[C@@H](n2ccc3c(N[C@H]4CCc5ccccc54)ncnc32)C[C@@H]1O
1034,Staurosporine,Broad spectrum kinase inhibitor,0.2808476727485495,179,HPAC,C[C@@]12[C@@H]([C@@H](C[C@H](O1)N3C4=CC=CC=C4C5=C6C(=C7C8=CC=CC=C8N2C7=C53)CNC6=O)NC)OC,CVCL_3517,CN[C@@H]1C[C@@H]2O[C@@](C)([C@@H]1OC)n1c3ccccc3c3c4c(c5c6ccccc6n2c5c31)C(=O)NC4
1932,NVP-ADW742,IGF1R,0.2847299108908853,179,HPAC,C1CCN(C1)CC2CC(C2)N3C=C(C4=C(N=CN=C43)N)C5=CC(=CC=C5)OCC6=CC=CC=C6,CVCL_3517,Nc1ncnc2c1c(-c1cccc(OCc3ccccc3)c1)cn2C1CC(CN2CCCC2)C1
1507,Ruxolitinib,"JAK1, JAK2",0.3210264848951572,179,HPAC,C1CCC(C1)[C@@H](CC#N)N2C=C(C=N2)C3=C4C=CNC4=NC=N3,CVCL_3517,N#CC[C@H](C1CCCC1)n1cc(-c2ncnc3[nH]ccc23)cn1
1917,AZD6738,ATR,0.3230064711637309,179,HPAC,C[C@@H]1COCCN1C2=NC(=NC(=C2)C3(CC3)[S@](=N)(=O)C)C4=C5C=CNC5=NC=C4,CVCL_3517,C[C@@H]1COCCN1c1cc(C2([S@](C)(=N)=O)CC2)nc(-c2ccnc3[nH]ccc23)n1
1036,PLX-4720,BRAF,0.3355378043048733,179,HPAC,CCCS(=O)(=O)NC1=C(C(=C(C=C1)F)C(=O)C2=CNC3=C2C=C(C=N3)Cl)F,CVCL_3517,CCCS(=O)(=O)Nc1ccc(F)c(C(=O)c2c[nH]c3ncc(Cl)cc23)c1F
1578,Leflunomide,Pyrimidine synthesis inhibitor,0.3678844850447089,179,HPAC,CC1=C(C=NO1)C(=O)NC2=CC=C(C=C2)C(F)(F)F,CVCL_3517,Cc1oncc1C(=O)Nc1ccc(C(F)(F)F)cc1
1549,Sapitinib,"EGFR, ERBB2, ERBB3",0.3716421537655219,179,HPAC,CNC(=O)CN1CCC(CC1)OC2=C(C=C3C(=C2)C(=NC=N3)NC4=C(C(=CC=C4)Cl)F)OC,CVCL_3517,CNC(=O)CN1CCC(Oc2cc3c(Nc4cccc(Cl)c4F)ncnc3cc2OC)CC1
1910,ABT737,"BCL2, BCL-XL,  BCL-W, BCL-B, BFL1",0.3974752426402287,179,HPAC,CN(C)CC[C@H](CSC1=CC=CC=C1)NC2=C(C=C(C=C2)S(=O)(=O)NC(=O)C3=CC=C(C=C3)N4CCN(CC4)CC5=CC=CC=C5C6=CC=C(C=C6)Cl)[N+](=O)[O-],CVCL_3517,CN(C)CC[C@H](CSc1ccccc1)Nc1ccc(S(=O)(=O)NC(=O)c2ccc(N3CCN(Cc4ccccc4-c4ccc(Cl)cc4)CC3)cc2)cc1[N+](=O)[O-]
1011,Navitoclax,"BCL2, BCL-XL, BCL-W",0.4149979429612245,179,HPAC,CC1(CCC(=C(C1)CN2CCN(CC2)C3=CC=C(C=C3)C(=O)NS(=O)(=O)C4=CC(=C(C=C4)N[C@H](CCN5CCOCC5)CSC6=CC=CC=C6)S(=O)(=O)C(F)(F)F)C7=CC=C(C=C7)Cl)C,CVCL_3517,CC1(C)CCC(c2ccc(Cl)cc2)=C(CN2CCN(c3ccc(C(=O)NS(=O)(=O)c4ccc(N[C@H](CCN5CCOCC5)CSc5ccccc5)c(S(=O)(=O)C(F)(F)F)c4)cc3)CC2)C1
1085,Sorafenib,"PDGFR, KIT, VEGFR, RAF",0.4458374583791143,179,HPAC,CNC(=O)C1=NC=CC(=C1)OC2=CC=C(C=C2)NC(=O)NC3=CC(=C(C=C3)Cl)C(F)(F)F,CVCL_3517,CNC(=O)c1cc(Oc2ccc(NC(=O)Nc3ccc(Cl)c(C(F)(F)F)c3)cc2)ccn1
1168,Erlotinib,EGFR,0.4487208231296218,179,HPAC,COCCOC1=C(C=C2C(=C1)C(=NC=N2)NC3=CC=CC(=C3)C#C)OCCOC,CVCL_3517,C#Cc1cccc(Nc2ncnc3cc(OCCOC)c(OCCOC)cc23)c1
1852,LY2109761,TGFB1,0.4535261055822697,179,HPAC,C1CC2=C(C(=NN2C1)C3=CC=CC=N3)C4=C5C=CC(=CC5=NC=C4)OCCN6CCOCC6,CVCL_3517,c1ccc(-c2nn3c(c2-c2ccnc4cc(OCCN5CCOCC5)ccc24)CCC3)nc1
1593,Entinostat,"HDAC1, HDAC3",0.4593439346610394,179,HPAC,C1=CC=C(C(=C1)N)NC(=O)C2=CC=C(C=C2)CNC(=O)OCC3=CN=CC=C3,CVCL_3517,Nc1ccccc1NC(=O)c1ccc(CNC(=O)OCc2cccnc2)cc1
1614,WZ4003,"NUAK1, NUAK2",0.4894435681782256,179,HPAC,CCC(=O)NC1=CC(=CC=C1)OC2=NC(=NC=C2Cl)NC3=C(C=C(C=C3)N4CCN(CC4)C)OC,CVCL_3517,CCC(=O)Nc1cccc(Oc2nc(Nc3ccc(N4CCN(C)CC4)cc3OC)ncc2Cl)c1
1441,AZD2014,"mTORC1, mTORC2",0.5214297910716557,179,HPAC,C[C@H]1COCCN1C2=NC(=NC3=C2C=CC(=N3)C4=CC(=CC=C4)C(=O)NC)N5CCOC[C@@H]5C,CVCL_3517,CNC(=O)c1cccc(-c2ccc3c(N4CCOC[C@@H]4C)nc(N4CCOC[C@@H]4C)nc3n2)c1
1626,OTX015,"BRD2, BRD3, BRD4",0.5383360182659158,179,HPAC,CC1=C(SC2=C1C(=N[C@H](C3=NN=C(N32)C)CC(=O)NC4=CC=C(C=C4)O)C5=CC=C(C=C5)Cl)C,CVCL_3517,Cc1sc2c(c1C)C(c1ccc(Cl)cc1)=N[C@@H](CC(=O)Nc1ccc(O)cc1)c1nnc(C)n1-2
1060,PD0325901,"MEK1, MEK2",0.548635539925118,179,HPAC,C1=CC(=C(C=C1I)F)NC2=C(C=CC(=C2F)F)C(=O)NOC[C@@H](CO)O,CVCL_3517,O=C(NOC[C@H](O)CO)c1ccc(F)c(F)c1Nc1ccc(I)cc1F
1926,GNE-317,PI3Kalpha,0.5503304690648292,179,HPAC,CC1=C(SC2=C1N=C(N=C2N3CCOCC3)C4=CN=C(N=C4)N)C5(COC5)OC,CVCL_3517,COC1(c2sc3c(N4CCOCC4)nc(-c4cnc(N)nc4)nc3c2C)COC1
1239,YK-4-279,RNA helicase A,0.5802432717691776,179,HPAC,COC1=CC=C(C=C1)C(=O)CC2(C3=C(C=CC(=C3NC2=O)Cl)Cl)O,CVCL_3517,COc1ccc(C(=O)CC2(O)C(=O)Nc3c(Cl)ccc(Cl)c32)cc1
1855,KRAS (G12C) Inhibitor-12,KRAS (G12C),0.5834701502362584,179,HPAC,C=CC(=O)N1CCN(CC1)C(=O)CNC2=CC(=C(C=C2O)Cl)I,CVCL_3517,C=CC(=O)N1CCN(C(=O)CNc2cc(I)c(Cl)cc2O)CC1
1373,Dabrafenib,BRAF,0.597128680176909,179,HPAC,CC(C)(C)C1=NC(=C(S1)C2=NC(=NC=C2)N)C3=C(C(=CC=C3)NS(=O)(=O)C4=C(C=CC=C4F)F)F,CVCL_3517,CC(C)(C)c1nc(-c2cccc(NS(=O)(=O)c3c(F)cccc3F)c2F)c(-c2ccnc(N)n2)s1
1083,Crizotinib,"MET, ALK, ROS1",0.5994364141195946,179,HPAC,C[C@H](C1=C(C=CC(=C1Cl)F)Cl)OC2=C(N=CC(=C2)C3=CN(N=C3)C4CCNCC4)N,CVCL_3517,C[C@@H](Oc1cc(-c2cnn(C3CCNCC3)c2)cnc1N)c1c(Cl)ccc(F)c1Cl
1620,PFI3,"Polybromo 1, SMARCA4, SMARCA2",0.6063020107666988,179,HPAC,C1[C@@H]2CN([C@H]1CN2C3=CC=CC=N3)/C=C/C(=O)C4=CC=CC=C4O,CVCL_3517,O=C(/C=C/N1C[C@H]2C[C@@H]1CN2c1ccccn1)c1ccccc1O
1401,AZD5438,CDK2,0.6531876862510683,179,HPAC,CC1=NC=C(N1C(C)C)C2=NC(=NC=C2)NC3=CC=C(C=C3)S(=O)(=O)C,CVCL_3517,Cc1ncc(-c2ccnc(Nc3ccc(S(C)(=O)=O)cc3)n2)n1C(C)C
1463,AZD1332,"NTRK1, NTRK2, NTRK3",0.6597428014330443,179,HPAC,CC(C)OC1=NNC(=C1)NC2=NC(=NC=C2Cl)NC(C)C3=NC=C(C=C3)F,CVCL_3517,CC(C)Oc1cc(Nc2nc(NC(C)c3ccc(F)cn3)ncc2Cl)[nH]n1
1854,MN-64,"TNKS1, TNKS2",0.6769567266858124,179,HPAC,CC(C)C1=CC=C(C=C1)C2=CC(=O)C3=CC=CC=C3O2,CVCL_3517,CC(C)c1ccc(-c2cc(=O)c3ccccc3o2)cc1
1093,GSK1904529A,"IGF1R, IR",0.7148216279422357,179,HPAC,CCC1=CC(=C(C=C1N2CCC(CC2)N3CCN(CC3)S(=O)(=O)C)OC)NC4=NC=CC(=N4)C5=C(N=C6N5C=CC=C6)C7=CC(=C(C=C7)OC)C(=O)NC8=C(C=CC=C8F)F,CVCL_3517,CCc1cc(Nc2nccc(-c3c(-c4ccc(OC)c(C(=O)Nc5c(F)cccc5F)c4)nc4ccccn34)n2)c(OC)cc1N1CCC(N2CCN(S(C)(=O)=O)CC2)CC1
1635,Picolinici-acid,Inflammatory related,0.7173291515308161,179,HPAC,C1=CC=NC(=C1)C(=O)O,CVCL_3517,O=C(O)c1ccccn1
1799,Ibrutinib,BTK,0.7203935005127248,179,HPAC,C=CC(=O)N1CCC[C@H](C1)N2C3=NC=NC(=C3C(=N2)C4=CC=C(C=C4)OC5=CC=CC=C5)N,CVCL_3517,C=CC(=O)N1CCC[C@@H](n2nc(-c3ccc(Oc4ccccc4)cc3)c3c(N)ncnc32)C1
1089,Oxaliplatin,DNA alkylating agent,0.7481662784005777,179,HPAC,C1CC[C@H]([C@@H](C1)N)N.C(=O)(C(=O)O)O.[Pt],CVCL_3517,N[C@@H]1CCCC[C@H]1N
1007,Docetaxel,Microtubule stabiliser,0.7738258615064727,179,HPAC,CC1=C2[C@H](C(=O)[C@@]3([C@H](C[C@@H]4[C@]([C@H]3[C@@H]([C@@](C2(C)C)(C[C@@H]1OC(=O)[C@@H]([C@H](C5=CC=CC=C5)NC(=O)OC(C)(C)C)O)O)OC(=O)C6=CC=CC=C6)(CO4)OC(=O)C)O)C)O,CVCL_3517,CC(=O)O[C@@]12CO[C@@H]1C[C@H](O)[C@@]1(C)C(=O)[C@H](O)C3=C(C)[C@@H](OC(=O)[C@H](O)[C@@H](NC(=O)OC(C)(C)C)c4ccccc4)C[C@@](O)([C@@H](OC(=O)c4ccccc4)[C@@H]12)C3(C)C
1032,Afatinib,"ERBB2, EGFR",0.7861263279839338,179,HPAC,CN(C)C/C=C/C(=O)NC1=C(C=C2C(=C1)C(=NC=N2)NC3=CC(=C(C=C3)F)Cl)O[C@H]4CCOC4,CVCL_3517,CN(C)C/C=C/C(=O)Nc1cc2c(Nc3ccc(F)c(Cl)c3)ncnc2cc1O[C@H]1CCOC1
1624,I-BET-762,"BRD2, BRD3, BRD4",0.8061885009656613,179,HPAC,CCNC(=O)C[C@H]1C2=NN=C(N2C3=C(C=C(C=C3)OC)C(=N1)C4=CC=C(C=C4)Cl)C,CVCL_3517,CCNC(=O)C[C@@H]1N=C(c2ccc(Cl)cc2)c2cc(OC)ccc2-n2c(C)nnc21
1068,Obatoclax Mesylate,"BCL2, BCL-XL, BCL-W, MCL1",0.8415545946808217,179,HPAC,CC1=CC(=C(N1)/C=C\2/C(=C/C(=C/3\C=C4C=CC=CC4=N3)/N2)OC)C,CVCL_3517,COc1c/c(=C2\C=c3ccccc3=N2)[nH]/c1=C\c1[nH]c(C)cc1C
1177,Niraparib,"PARP1, PARP2",0.8457762456755923,179,HPAC,C1C[C@H](CNC1)C2=CC=C(C=C2)N3C=C4C=CC=C(C4=N3)C(=O)N,CVCL_3517,NC(=O)c1cccc2cn(-c3ccc([C@@H]4CCCNC4)cc3)nc12
1180,Dinaciclib,"CDK1, CDK2, CDK5, CDK9",0.8537946001587661,179,HPAC,CCC1=C2N=C(C=C(N2N=C1)NCC3=C[N+](=CC=C3)[O-])N4CCCC[C@H]4CCO,CVCL_3517,CCc1cnn2c(NCc3ccc[n+]([O-])c3)cc(N3CCCC[C@H]3CCO)nc12
2043,BIBR-1532,TERT,0.9171960807191868,179,HPAC,C/C(=C\C(=O)NC1=CC=CC=C1C(=O)O)/C2=CC3=CC=CC=C3C=C2,CVCL_3517,C/C(=C\C(=O)Nc1ccccc1C(=O)O)c1ccc2ccccc2c1
1237,EPZ004777,DOT1L,0.956946655584158,179,HPAC,CC(C)N(CCCNC(=O)NC1=CC=C(C=C1)C(C)(C)C)C[C@@H]2[C@H]([C@H]([C@@H](O2)N3C=CC4=C(N=CN=C43)N)O)O,CVCL_3517,CC(C)N(CCCNC(=O)Nc1ccc(C(C)(C)C)cc1)C[C@H]1O[C@@H](n2ccc3c(N)ncnc32)[C@H](O)[C@@H]1O
1615,CZC24832,PI3Kgamma,0.9590901879752916,179,HPAC,CC(C)(C)NS(=O)(=O)C1=CN=CC(=C1)C2=CN3C(=NC(=N3)N)C(=C2)F,CVCL_3517,CC(C)(C)NS(=O)(=O)c1cncc(-c2cc(F)c3nc(N)nn3c2)c1
1936,Savolitinib,MET,0.972236948315096,179,HPAC,C[C@@H](C1=CN2C=CN=C2C=C1)N3C4=NC(=CN=C4N=N3)C5=CN(N=C5)C,CVCL_3517,C[C@@H](c1ccc2nccn2c1)n1nnc2ncc(-c3cnn(C)c3)nc21
1997,WEHI-539,BCL-XL,0.9727275343930804,179,HPAC,C1CC2=C(C=C(C=C2)C3=NC(=C(S3)CCCOC4=CC=C(C=C4)CN)C(=O)O)/C(=N/NC5=NC6=CC=CC=C6S5)/C1,CVCL_3517,NCc1ccc(OCCCc2sc(-c3ccc4c(c3)/C(=N/Nc3nc5ccccc5s3)CCC4)nc2C(=O)O)cc1
2047,Ulixertinib,"ERK1, ERK2",0.979697139260276,179,HPAC,CC(C)NC1=NC=C(C(=C1)C2=CNC(=C2)C(=O)N[C@H](CO)C3=CC(=CC=C3)Cl)Cl,CVCL_3517,CC(C)Nc1cc(-c2c[nH]c(C(=O)N[C@H](CO)c3cccc(Cl)c3)c2)c(Cl)cn1
1249,BMS-345541,"IKK-1, IKK-2",0.9860936798431796,179,HPAC,CC1=CC2=C(C=C1)N=C(C3=NC=C(N23)C)NCCN.Cl,CVCL_3517,Cc1ccc2nc(NCCN)c3ncc(C)n3c2c1
1013,Nilotinib,ABL,0.994148800352224,179,HPAC,CC1=C(C=C(C=C1)C(=O)NC2=CC(=CC(=C2)C(F)(F)F)N3C=C(N=C3)C)NC4=NC=CC(=N4)C5=CN=CC=C5,CVCL_3517,Cc1cn(-c2cc(NC(=O)c3ccc(C)c(Nc4nccc(-c5cccnc5)n4)c3)cc(C(F)(F)F)c2)cn1
1017,Olaparib,"PARP1, PARP2",1.0207620966774835,179,HPAC,C1CC1C(=O)N2CCN(CC2)C(=O)C3=C(C=CC(=C3)CC4=NNC(=O)C5=CC=CC=C54)F,CVCL_3517,O=C(c1cc(Cc2n[nH]c(=O)c3ccccc23)ccc1F)N1CCN(C(=O)C2CC2)CC1
1084,Rapamycin,MTORC1,1.0311353493952842,179,HPAC,CC1=NC(=C(N1)[N+](=O)[O-])N(CCN2CCOCC2)CC3=CC=CC=C3F,CVCL_3517,Cc1nc(N(CCN2CCOCC2)Cc2ccccc2F)c([N+](=O)[O-])[nH]1
1912,Afuresertib,"AKT1, AKT2, AKT3",1.033194948217547,179,HPAC,CN1C(=C(C=N1)Cl)C2=C(SC(=C2)C(=O)N[C@@H](CC3=CC(=CC=C3)F)CN)Cl,CVCL_3517,Cn1ncc(Cl)c1-c1cc(C(=O)N[C@H](CN)Cc2cccc(F)c2)sc1Cl
1720,AZD5991,MCL1,1.0440604089439494,179,HPAC,CC1=C2C(=NN1C)CSCC3=NN(C(=C3)CSC4=CC5=CC=CC=C5C(=C4)OCCCC6=C(N(C7=C6C=CC(=C27)Cl)C)C(=O)O)C,CVCL_3517,Cc1c2c(nn1C)CSCc1cc(n(C)n1)CSc1cc(c3ccccc3c1)OCCCc1c(C(=O)O)n(C)c3c-2c(Cl)ccc13
1873,Buparlisib,"PI3Kalpha, PI3Kdelta, PI3Kbeta, PI3Kgamma",1.0578860379988098,179,HPAC,C1COCCN1C2=NC(=NC(=C2)C3=CN=C(C=C3C(F)(F)F)N)N4CCOCC4,CVCL_3517,Nc1cc(C(F)(F)F)c(-c2cc(N3CCOCC3)nc(N3CCOCC3)n2)cn1
1058,Pictilisib,PI3K (class 1),1.0633638684879747,179,HPAC,CS(=O)(=O)N1CCN(CC1)CC2=CC3=C(S2)C(=NC(=N3)C4=C5C=NNC5=CC=C4)N6CCOCC6,CVCL_3517,CS(=O)(=O)N1CCN(Cc2cc3nc(-c4cccc5[nH]ncc45)nc(N4CCOCC4)c3s2)CC1
1268,XAV939,"TNKS1, TNKS2",1.111512532856635,179,HPAC,C1CSCC2=C1N=C(NC2=O)C3=CC=C(C=C3)C(F)(F)F,CVCL_3517,O=c1[nH]c(-c2ccc(C(F)(F)F)cc2)nc2c1CSCC2
1088,Irinotecan,TOP1,1.1201203999780498,179,HPAC,CCC1=C2CN3C(=CC4=C(C3=O)COC(=O)[C@@]4(CC)O)C2=NC5=C1C=C(C=C5)OC(=O)N6CCC(CC6)N7CCCCC7,CVCL_3517,CCc1c2c(nc3ccc(OC(=O)N4CCC(N5CCCCC5)CC4)cc13)-c1cc3c(c(=O)n1C2)COC(=O)[C@]3(O)CC
1819,Docetaxel,Microtubule stabiliser,1.1218228513775157,179,HPAC,CC1=C2[C@H](C(=O)[C@@]3([C@H](C[C@@H]4[C@]([C@H]3[C@@H]([C@@](C2(C)C)(C[C@@H]1OC(=O)[C@@H]([C@H](C5=CC=CC=C5)NC(=O)OC(C)(C)C)O)O)OC(=O)C6=CC=CC=C6)(CO4)OC(=O)C)O)C)O,CVCL_3517,CC(=O)O[C@@]12CO[C@@H]1C[C@H](O)[C@@]1(C)C(=O)[C@H](O)C3=C(C)[C@@H](OC(=O)[C@H](O)[C@@H](NC(=O)OC(C)(C)C)c4ccccc4)C[C@@](O)([C@@H](OC(=O)c4ccccc4)[C@@H]12)C3(C)C
1259,Talazoparib,"PARP1, PARP2",1.1339414122430729,179,HPAC,CC(C)/C=N/NC(=O)C1=CC=C(C=C1)NC(=O)C,CVCL_3517,CC(=O)Nc1ccc(C(=O)N/N=C/C(C)C)cc1
1862,MG-132,"Proteasome, CAPN1",1.137083278045554,179,HPAC,CC(C)C[C@@H](C=O)NC(=O)[C@H](CC(C)C)NC(=O)[C@H](CC(C)C)NC(=O)OCC1=CC=CC=C1,CVCL_3517,CC(C)C[C@@H](C=O)NC(=O)[C@H](CC(C)C)NC(=O)[C@H](CC(C)C)NC(=O)OCc1ccccc1
1849,Sabutoclax,"BCL2,  BCL-XL,  BFL1, MCL1",1.1385811281179616,179,HPAC,CC1=CC2=C(C(=C(C=C2C(=C1C3=C(C4=CC(=C(C(=C4C=C3C)C(=O)NC[C@H](C)C5=CC=CC=C5)O)O)O)O)O)O)C(=O)NC[C@H](C)C6=CC=CC=C6,CVCL_3517,Cc1cc2c(C(=O)NC[C@H](C)c3ccccc3)c(O)c(O)cc2c(O)c1-c1c(C)cc2c(C(=O)NC[C@H](C)c3ccccc3)c(O)c(O)cc2c1O
1080,Paclitaxel,Microtubule stabiliser,1.1567365747732876,179,HPAC,CC1=C2[C@H](C(=O)[C@@]3([C@H](C[C@@H]4[C@]([C@H]3[C@@H]([C@@](C2(C)C)(C[C@@H]1OC(=O)[C@@H]([C@H](C5=CC=CC=C5)NC(=O)C6=CC=CC=C6)O)O)OC(=O)C7=CC=CC=C7)(CO4)OC(=O)C)O)C)OC(=O)C,CVCL_3517,CC(=O)O[C@H]1C(=O)[C@]2(C)[C@@H](O)C[C@H]3OC[C@@]3(OC(C)=O)[C@H]2[C@H](OC(=O)c2ccccc2)[C@]2(O)C[C@H](OC(=O)[C@H](O)[C@@H](NC(=O)c3ccccc3)c3ccccc3)C(C)=C1C2(C)C
1913,AGI-5198,IDH1 (R132H),1.1898294043365538,179,HPAC,CC1=CC=CC=C1C(C(=O)NC2CCCCC2)N(C3=CC(=CC=C3)F)C(=O)CN4C=CN=C4C,CVCL_3517,Cc1ccccc1C(C(=O)NC1CCCCC1)N(C(=O)Cn1ccnc1C)c1cccc(F)c1
1057,Dactolisib,"PI3K (class 1), MTORC1, MTORC2",1.189888318963446,179,HPAC,CC(C)(C#N)C1=CC=C(C=C1)N2C3=C4C=C(C=CC4=NC=C3N(C2=O)C)C5=CC6=CC=CC=C6N=C5,CVCL_3517,Cn1c(=O)n(-c2ccc(C(C)(C)C#N)cc2)c2c3cc(-c4cnc5ccccc5c4)ccc3ncc21
1806,Oxaliplatin,DNA alkylating agent,1.1931281833642975,179,HPAC,C1CC[C@H]([C@@H](C1)[NH-])[NH-].C(=O)(C(=O)O)O.[Pt+2],CVCL_3517,N[C@@H]1CCCC[C@H]1N
2045,AMG-319,PI3K (beta sparing),1.207871003597888,179,HPAC,C[C@@H](C1=C(N=C2C=C(C=CC2=C1)F)C3=CC=CC=N3)NC4=NC=NC5=C4NC=N5,CVCL_3517,C[C@H](Nc1ncnc2nc[nH]c12)c1cc2ccc(F)cc2nc1-c1ccccn1
1916,AZD5363,"AKT1, AKT2, AKT3, ROCK2",1.2409593210497745,179,HPAC,C1CN(CCC1(C(=O)N[C@@H](CCO)C2=CC=C(C=C2)Cl)N)C3=NC=NC4=C3C=CN4,CVCL_3517,NC1(C(=O)N[C@@H](CCO)c2ccc(Cl)cc2)CCN(c2ncnc3[nH]ccc23)CC1
1922,Cediranib,"VEGFR, FLT1, FLT2, FLT3, FLT4, KIT, PDGFRB",1.2449136587365293,179,HPAC,CC1=CC2=C(N1)C=CC(=C2F)OC3=NC=NC4=CC(=C(C=C43)OC)OCCCN5CCCC5,CVCL_3517,COc1cc2c(Oc3ccc4[nH]c(C)cc4c3F)ncnc2cc1OCCCN1CCCC1
2109,AZ6102,"TNKS1, TNKS2",1.2462791843647378,179,HPAC,CCC1=CC2=C(C=C1OC(=O)C(C)(C)C)OC(=C(C2=O)OC3=CC=C(C=C3)I)C(F)(F)F,CVCL_3517,CCc1cc2c(=O)c(Oc3ccc(I)cc3)c(C(F)(F)F)oc2cc1OC(=O)C(C)(C)C
1375,Temozolomide,DNA alkylating agent,1.2462921040378818,179,HPAC,CN1C(=O)N2C=NC(=C2N=N1)C(=O)N,CVCL_3517,Cn1nnc2c(C(N)=O)ncn2c1=O
1553,Uprosertib,"AKT1, AKT2, AKT3",1.2968659054945255,179,HPAC,CN1C(=C(C=N1)Cl)C2=C(OC(=C2)C(=O)N[C@@H](CC3=CC(=C(C=C3)F)F)CN)Cl,CVCL_3517,Cn1ncc(Cl)c1-c1cc(C(=O)N[C@H](CN)Cc2ccc(F)c(F)c2)oc1Cl
1621,PCI-34051,"HDAC8, HDAC6, HDAC1",1.3199480611346646,179,HPAC,COC1=CC=C(C=C1)CN2C=CC3=C2C=C(C=C3)C(=O)NO,CVCL_3517,COc1ccc(Cn2ccc3ccc(C(=O)NO)cc32)cc1
1996,MIM1,MCL1,1.36607788709393,179,HPAC,CC(C)[C@H]1CSC(=N1)N2[C@H](CSC2=S)C(C)C,CVCL_3517,CC(C)[C@H]1CSC(N2C(=S)SC[C@@H]2C(C)C)=N1
1625,RVX-208,BRD4,1.3715510730593274,179,HPAC,C1=CC(=C(C=C1N=C=O)F)F,CVCL_3517,O=C=Nc1ccc(F)c(F)c1
1512,Cyclophosphamide,Alkylating agent,1.3934700896572896,179,HPAC,C1CNP(=O)(OC1)N(CCCl)CCCl,CVCL_3517,O=P1(N(CCCl)CCCl)NCCCO1
1511,Epirubicin,Anthracycline,1.4114540542824423,179,HPAC,C[C@H]1[C@@H]([C@H](C[C@@H](O1)O[C@H]2C[C@@](CC3=C2C(=C4C(=C3O)C(=O)C5=C(C4=O)C(=CC=C5)OC)O)(C(=O)CO)O)N)O,CVCL_3517,COc1cccc2c1C(=O)c1c(O)c3c(c(O)c1C2=O)C[C@@](O)(C(=O)CO)C[C@@H]3O[C@H]1C[C@H](N)[C@@H](O)[C@H](C)O1
1786,AZD4547,"FGFR1, FGFR2, FGFR3",1.4253854522396607,179,HPAC,C[C@@H]1CN(C[C@@H](N1)C)C2=CC=C(C=C2)C(=O)NC3=NNC(=C3)CCC4=CC(=CC(=C4)OC)OC,CVCL_3517,COc1cc(CCc2cc(NC(=O)c3ccc(N4C[C@H](C)N[C@H](C)C4)cc3)n[nH]2)cc(OC)c1
1012,Vorinostat,"HDAC inhibitor Class I, IIa, IIb, IV",1.4470594434571773,179,HPAC,C1=CC=C(C=C1)NC(=O)CCCCCCC(=O)NO,CVCL_3517,O=C(CCCCCCC(=O)Nc1ccccc1)NO
1003,Camptothecin,TOP1,1.4767110454341907,179,HPAC,CC[C@@]1(C2=C(COC1=O)C(=O)N3CC4=CC5=CC=CC=C5N=C4C3=C2)O,CVCL_3517,CC[C@@]1(O)C(=O)OCc2c1cc1n(c2=O)Cc2cc3ccccc3nc2-1
1928,I-BRD9,BRD9,1.4919277208733306,179,HPAC,CCN1C=C(C2=C(C1=O)C=C(S2)C(=NC3CCS(=O)(=O)CC3)N)C4=CC(=CC=C4)C(F)(F)F,CVCL_3517,CCn1cc(-c2cccc(C(F)(F)F)c2)c2sc(C(N)=NC3CCS(=O)(=O)CC3)cc2c1=O
1630,Entospletinib,SYK,1.5327126431589726,179,HPAC,C1COCCN1C2=CC=C(C=C2)NC3=NC(=CN4C3=NC=C4)C5=CC6=C(C=C5)C=NN6,CVCL_3517,c1cn2cc(-c3ccc4cn[nH]c4c3)nc(Nc3ccc(N4CCOCC4)cc3)c2n1
1190,Gemcitabine,Pyrimidine antimetabolite,1.5622996275275838,179,HPAC,C1=CN(C(=O)N=C1N)[C@H]2C([C@@H]([C@H](O2)CO)O)(F)F,CVCL_3517,Nc1ccn([C@@H]2O[C@H](CO)[C@@H](O)C2(F)F)c(=O)n1
1073,5-Fluorouracil,Antimetabolite (DNA & RNA),1.5670839431151322,179,HPAC,C1=C(C(=O)NC(=O)N1)F,CVCL_3517,O=c1[nH]cc(F)c(=O)[nH]1
2170,AT13148,AKT1,1.5784555960586093,179,HPAC,C1=CC(=CC=C1C2=CNN=C2)[C@@](CN)(C3=CC=C(C=C3)Cl)O,CVCL_3517,NC[C@@](O)(c1ccc(Cl)cc1)c1ccc(-c2cn[nH]c2)cc1
2048,Vinorelbine,Microtubule destabiliser,1.6585511641161037,179,HPAC,CCC1=C[C@H]2C[C@@](C3=C(CN(C2)C1)C4=CC=CC=C4N3)(C5=C(C=C6C(=C5)[C@]78CCN9[C@H]7[C@@](C=CC9)([C@H]([C@@]([C@@H]8N6C)(C(=O)OC)O)OC(=O)C)CC)OC)C(=O)OC,CVCL_3517,CCC1=C[C@@H]2CN(C1)Cc1c([nH]c3ccccc13)[C@@](C(=O)OC)(c1cc3c(cc1OC)N(C)[C@H]1[C@@](O)(C(=O)OC)[C@H](OC(C)=O)[C@]4(CC)C=CCN5CC[C@]31[C@@H]54)C2
1079,Dasatinib,"ABL, SRC, Ephrins, PDGFR, KIT",1.6594782453193384,179,HPAC,CC1=C(C(=CC=C1)Cl)NC(=O)C2=CN=C(S2)NC3=CC(=NC(=N3)C)N4CCN(CC4)CCO,CVCL_3517,Cc1nc(Nc2ncc(C(=O)Nc3c(C)cccc3Cl)s2)cc(N2CCN(CCO)CC2)n1
1563,EPZ5676,DOT1L,1.6613628772163993,179,HPAC,CC(C)N(C[C@@H]1[C@H]([C@H]([C@@H](O1)N2C=NC3=C(N=CN=C32)N)O)O)C4CC(C4)CCC5=NC6=C(N5)C=C(C=C6)C(C)(C)C,CVCL_3517,CC(C)N(C[C@H]1O[C@@H](n2cnc3c(N)ncnc32)[C@H](O)[C@@H]1O)C1CC(CCc2nc3ccc(C(C)(C)C)cc3[nH]2)C1
1131,PRIMA-1MET,TP53 activation,1.680747520371351,179,HPAC,COCC1(C(=O)C2CCN1CC2)CO,CVCL_3517,COCC1(CO)C(=O)C2CCN1CC2
1053,MK-2206,"AKT1, AKT2",1.7103622640870415,179,HPAC,C1CC(C1)(C2=CC=C(C=C2)C3=C(C=C4C(=N3)C=CN5C4=NNC5=O)C6=CC=CC=C6)N.Cl.Cl,CVCL_3517,NC1(c2ccc(-c3nc4ccn5c(=O)[nH]nc5c4cc3-c3ccccc3)cc2)CCC1
2107,LJI308,"RSK2, RSK1, RSK3",1.7165959045252364,179,HPAC,C1COCCN1C2=CC=C(C=C2)C3=C(C=NC=C3)C4=CC(=C(C(=C4)F)O)F,CVCL_3517,Oc1c(F)cc(-c2cnccc2-c2ccc(N3CCOCC3)cc2)cc1F
1010,Gefitinib,EGFR,1.730088815042944,179,HPAC,COC1=C(C=C2C(=C1)N=CN=C2NC3=CC(=C(C=C3)F)Cl)OCCCN4CCOCC4,CVCL_3517,COc1cc2ncnc(Nc3ccc(F)c(Cl)c3)c2cc1OCCCN1CCOCC1
1047,Nutlin-3a (-),MDM2,1.7346210138565084,179,HPAC,CC(C)OC1=C(C=CC(=C1)OC)C2=N[C@H]([C@H](N2C(=O)N3CCNC(=O)C3)C4=CC=C(C=C4)Cl)C5=CC=C(C=C5)Cl,CVCL_3517,COc1ccc(C2=N[C@@H](c3ccc(Cl)cc3)[C@@H](c3ccc(Cl)cc3)N2C(=O)N2CCNC(=O)C2)c(OC(C)C)c1
1931,MIRA-1,TP53,1.7421111592891472,179,HPAC,CCC(=O)OCN1C(=O)C=CC1=O,CVCL_3517,CCC(=O)OCN1C(=O)C=CC1=O
1049,PD173074,"FGFR1, FGFR2, FGFR3",1.7725198974981622,179,HPAC,CCN(CC)CCCCNC1=NC2=NC(=C(C=C2C=N1)C3=CC(=CC(=C3)OC)OC)NC(=O)NC(C)(C)C,CVCL_3517,CCN(CC)CCCCNc1ncc2cc(-c3cc(OC)cc(OC)c3)c(NC(=O)NC(C)(C)C)nc2n1
1560,Alpelisib,PI3Kalpha,1.7959410100161732,179,HPAC,CC1=C(SC(=N1)NC(=O)N2CCC[C@H]2C(=O)N)C3=CC(=NC=C3)C(C)(C)C(F)(F)F,CVCL_3517,Cc1nc(NC(=O)N2CCC[C@H]2C(N)=O)sc1-c1ccnc(C(C)(C)C(F)(F)F)c1
2044,Pyridostatin,G-quadruplex stabiliser,1.818686843665955,179,HPAC,C1=CC=C2C(=C1)C(=CC(=N2)NC(=O)C3=CC(=CC(=N3)C(=O)NC4=NC5=CC=CC=C5C(=C4)OCCN)OCCN)OCCN,CVCL_3517,NCCOc1cc(C(=O)Nc2cc(OCCN)c3ccccc3n2)nc(C(=O)Nc2cc(OCCN)c3ccccc3n2)c1
1924,Ipatasertib,"AKT1, AKT, AKT3",1.8228203616212035,179,HPAC,C[C@@H]1C[C@H](C2=C1C(=NC=N2)N3CCN(CC3)C(=O)[C@H](CNC(C)C)C4=CC=C(C=C4)Cl)O,CVCL_3517,CC(C)NC[C@@H](C(=O)N1CCN(c2ncnc3c2[C@H](C)C[C@H]3O)CC1)c1ccc(Cl)cc1
1006,Cytarabine,Antimetabolite,1.8270959295373688,179,HPAC,C1=CN(C(=O)N=C1N)[C@H]2[C@H]([C@@H]([C@H](O2)CO)O)O,CVCL_3517,Nc1ccn([C@@H]2O[C@H](CO)[C@@H](O)[C@@H]2O)c(=O)n1
1200,Fulvestrant,ESR,1.8317248226673764,179,HPAC,C[C@]12CC[C@H]3[C@H]([C@@H]1CC[C@@H]2O)[C@@H](CC4=C3C=CC(=C4)O)CCCCCCCCCS(=O)CCCC(C(F)(F)F)(F)F,CVCL_3517,C[C@]12CC[C@@H]3c4ccc(O)cc4C[C@@H](CCCCCCCCC[S+]([O-])CCCC(F)(F)C(F)(F)F)[C@H]3[C@@H]1CC[C@@H]2O
1919,Osimertinib,EGFR,1.9355181965064712,179,HPAC,CN1C=C(C2=CC=CC=C21)C3=NC(=NC=C3)NC4=C(C=C(C(=C4)NC(=O)C=C)N(C)CCN(C)C)OC,CVCL_3517,C=CC(=O)Nc1cc(Nc2nccc(-c3cn(C)c4ccccc34)n2)c(OC)cc1N(C)CCN(C)C
2111,VE821,ATR,1.9444192710621893,179,HPAC,CS(=O)(=O)C1=CC=C(C=C1)C2=CN=C(C(=N2)C(=O)NC3=CC=CC=C3)N,CVCL_3517,CS(=O)(=O)c1ccc(-c2cnc(N)c(C(=O)Nc3ccccc3)n2)cc1
1250,AZ960,"JAK2, JAK3",1.9511572869566904,179,HPAC,CC1=CC(=NN1)NC2=C(C=C(C(=N2)N[C@@H](C)C3=CC=C(C=C3)F)C#N)F,CVCL_3517,Cc1cc(Nc2nc(N[C@@H](C)c3ccc(F)cc3)c(C#N)cc2F)n[nH]1
1054,Palbociclib,"CDK4, CDK6",2.043761704154921,179,HPAC,CC1=C(C(=O)N(C2=NC(=NC=C12)NC3=NC=C(C=C3)N4CCNCC4)C5CCCC5)C(=O)C,CVCL_3517,CC(=O)c1c(C)c2cnc(Nc3ccc(N4CCNCC4)cn3)nc2n(C2CCCC2)c1=O
1627,GSK343,EZH2,2.0557622194670127,179,HPAC,CCCC1=C(C(=O)NC(=C1)C)CNC(=O)C2=C3C=NN(C3=CC(=C2)C4=CC(=NC=C4)N5CCN(CC5)C)C(C)C,CVCL_3517,CCCc1cc(C)[nH]c(=O)c1CNC(=O)c1cc(-c2ccnc(N3CCN(C)CC3)c2)cc2c1cnn2C(C)C
1939,UMI-77,MCL1,2.06684882307579,179,HPAC,C1=CC=C2C(=C1)C(=CC(=C2O)SCC(=O)O)NS(=O)(=O)C3=CC=C(C=C3)Br,CVCL_3517,O=C(O)CSc1cc(NS(=O)(=O)c2ccc(Br)cc2)c2ccccc2c1O
2046,MK-8776,"CHEK1, CHEK2, CDK2",2.1665362263682333,179,HPAC,CN1C=C(C=N1)C2=C3N=C(C(=C(N3N=C2)N)Br)C4CCCNC4,CVCL_3517,Cn1cc(-c2cnn3c(N)c(Br)c(C4CCCNC4)nc23)cn1
1558,Lapatinib,"EGFR, ERBB2",2.2389916246961383,179,HPAC,CS(=O)(=O)CCNCC1=CC=C(O1)C2=CC3=C(C=C2)N=CN=C3NC4=CC(=C(C=C4)OCC5=CC(=CC=C5)F)Cl,CVCL_3517,CS(=O)(=O)CCNCc1ccc(-c2ccc3ncnc(Nc4ccc(OCc5cccc(F)c5)c(Cl)c4)c3c2)o1
2106,Uprosertib,"AKT1, AKT2, AKT3",2.2585662916049847,179,HPAC,CN1C(=C(C=N1)Cl)C2=C(OC(=C2)C(=O)N[C@@H](CC3=CC(=C(C=C3)F)F)CN)Cl,CVCL_3517,Cn1ncc(Cl)c1-c1cc(C(=O)N[C@H](CN)Cc2ccc(F)c(F)c2)oc1Cl
2110,GSK591,PMRT5,2.391667290285473,179,HPAC,C1CC(C1)NC2=NC=CC(=C2)C(=O)NC[C@@H](CN3CCC4=CC=CC=C4C3)O,CVCL_3517,O=C(NC[C@H](O)CN1CCc2ccccc2C1)c1ccnc(NC2CCC2)c1
1930,Telomerase Inhibitor IX,Telomerase,2.5476952374580404,179,HPAC,C1=CC(=CC(=C1)NC(=O)C2=C(C(=CC=C2)O)O)NC(=O)C3=C(C(=CC=C3)O)O,CVCL_3517,O=C(Nc1cccc(NC(=O)c2cccc(O)c2O)c1)c1cccc(O)c1O
1925,GDC0810,"ESR1, ESR2",2.5871120174438804,179,HPAC,CC/C(=C(/C1=CC=C(C=C1)/C=C/C(=O)O)\C2=CC3=C(C=C2)NN=C3)/C4=C(C=C(C=C4)F)Cl,CVCL_3517,CC/C(=C(/c1ccc(/C=C/C(=O)O)cc1)c1ccc2[nH]ncc2c1)c1ccc(F)cc1Cl
1927,GSK2578215A,LRRK2,2.6423551408657904,179,HPAC,C1=CC=C(C=C1)COC2=C(C=C(C=C2)C3=CC(=NC=C3)F)C(=O)NC4=CN=CC=C4,CVCL_3517,O=C(Nc1cccnc1)c1cc(-c2ccnc(F)c2)ccc1OCc1ccccc1
1004,Vinblastine,Microtubule destabiliser,2.7144271045634185,179,HPAC,CC[C@@]1(CC2C[C@@](C3=C(CCN(C2)C1)C4=CC=CC=C4N3)(C5=C(C=C6C(=C5)[C@]78CCN9[C@H]7[C@@](C=CC9)([C@H]([C@@]([C@@H]8N6C)(C(=O)OC)O)OC(=O)C)CC)OC)C(=O)OC)O,CVCL_3517,CC[C@]1(O)CC2CN(CCc3c([nH]c4ccccc34)[C@@](C(=O)OC)(c3cc4c(cc3OC)N(C)[C@H]3[C@@](O)(C(=O)OC)[C@H](OC(C)=O)[C@]5(CC)C=CCN6CC[C@]43[C@@H]65)C2)C1
1559,Luminespib,HSP90,3.321290050966605,179,HPAC,CN1C2=CC=CC=C2C(C1=O)(CC(=O)C3=CC=C(C=C3)Cl)O,CVCL_3517,CN1C(=O)C(O)(CC(=O)c2ccc(Cl)cc2)c2ccccc21
1598,LGK974,PORCN,-2.337051715831041,180,HPAFII,CC1=CC(=CN=C1C2=CC(=NC=C2)C)CC(=O)NC3=NC=C(C=C3)C4=NC=CN=C4,CVCL_0313,Cc1cc(-c2ncc(CC(=O)Nc3ccc(-c4cnccn4)cn3)cc2C)ccn1
2096,VX-11e,ERK2,-1.2007131548478476,180,HPAFII,CC1=CN=C(N=C1C2=CNC(=C2)C(=O)N[C@H](CO)C3=CC(=CC=C3)Cl)NC4=C(C=C(C=C4)F)Cl,CVCL_0313,Cc1cnc(Nc2ccc(F)cc2Cl)nc1-c1c[nH]c(C(=O)N[C@H](CO)c2cccc(Cl)c2)c1
1011,Navitoclax,"BCL2, BCL-XL, BCL-W",-1.1638167722541253,180,HPAFII,CC1(CCC(=C(C1)CN2CCN(CC2)C3=CC=C(C=C3)C(=O)NS(=O)(=O)C4=CC(=C(C=C4)N[C@H](CCN5CCOCC5)CSC6=CC=CC=C6)S(=O)(=O)C(F)(F)F)C7=CC=C(C=C7)Cl)C,CVCL_0313,CC1(C)CCC(c2ccc(Cl)cc2)=C(CN2CCN(c3ccc(C(=O)NS(=O)(=O)c4ccc(N[C@H](CCN5CCOCC5)CSc5ccccc5)c(S(=O)(=O)C(F)(F)F)c4)cc3)CC2)C1
1372,Trametinib,"MEK1, MEK2",-1.0863333735755796,180,HPAFII,CC1=C2C(=C(N(C1=O)C)NC3=C(C=C(C=C3)I)F)C(=O)N(C(=O)N2C4=CC=CC(=C4)NC(=O)C)C5CC5,CVCL_0313,CC(=O)Nc1cccc(-n2c(=O)n(C3CC3)c(=O)c3c(Nc4ccc(I)cc4F)n(C)c(=O)c(C)c32)c1
1736,Selumetinib,"MEK1, MEK2",-0.8720292952667302,180,HPAFII,CN1C=NC2=C1C=C(C(=C2F)NC3=C(C=C(C=C3)Br)Cl)C(=O)NOCCO,CVCL_0313,Cn1cnc2c(F)c(Nc3ccc(Br)cc3Cl)c(C(=O)NOCCO)cc21
1908,Ulixertinib,"ERK1, ERK2",-0.8607157427517788,180,HPAFII,CC(C)NC1=NC=C(C(=C1)C2=CNC(=C2)C(=O)N[C@H](CO)C3=CC(=CC=C3)Cl)Cl,CVCL_0313,CC(C)Nc1cc(-c2c[nH]c(C(=O)N[C@H](CO)c3cccc(Cl)c3)c2)c(Cl)cn1
1622,Wnt-C59,PORCN,-0.8371679338491756,180,HPAFII,CC1=NC=CC(=C1)C2=CC=C(C=C2)CC(=O)NC3=CC=C(C=C3)C4=CN=CC=C4,CVCL_0313,Cc1cc(-c2ccc(CC(=O)Nc3ccc(-c4cccnc4)cc3)cc2)ccn1
1635,Picolinici-acid,Inflammatory related,-0.804877217588164,180,HPAFII,C1=CC=NC(=C1)C(=O)O,CVCL_0313,O=C(O)c1ccccn1
1939,UMI-77,MCL1,-0.7786383462247056,180,HPAFII,C1=CC=C2C(=C1)C(=CC(=C2O)SCC(=O)O)NS(=O)(=O)C3=CC=C(C=C3)Br,CVCL_0313,O=C(O)CSc1cc(NS(=O)(=O)c2ccc(Br)cc2)c2ccccc2c1O
1564,SCH772984,"ERK1, ERK2",-0.7341760076908143,180,HPAFII,C1CN(C[C@@H]1C(=O)NC2=CC3=C(C=C2)NN=C3C4=CC=NC=C4)CC(=O)N5CCN(CC5)C6=CC=C(C=C6)C7=NC=CC=N7,CVCL_0313,O=C(Nc1ccc2[nH]nc(-c3ccncc3)c2c1)[C@@H]1CCN(CC(=O)N2CCN(c3ccc(-c4ncccn4)cc3)CC2)C1
1910,ABT737,"BCL2, BCL-XL,  BCL-W, BCL-B, BFL1",-0.6992324454071167,180,HPAFII,CN(C)CC[C@H](CSC1=CC=CC=C1)NC2=C(C=C(C=C2)S(=O)(=O)NC(=O)C3=CC=C(C=C3)N4CCN(CC4)CC5=CC=CC=C5C6=CC=C(C=C6)Cl)[N+](=O)[O-],CVCL_0313,CN(C)CC[C@H](CSc1ccccc1)Nc1ccc(S(=O)(=O)NC(=O)c2ccc(N3CCN(Cc4ccccc4-c4ccc(Cl)cc4)CC3)cc2)cc1[N+](=O)[O-]
1940,WIKI4,"TNKS1, TNKS2",-0.5867253579712565,180,HPAFII,COC1=CC=C(C=C1)N2C(=NN=C2SCCCN3C(=O)C4=CC=CC5=C4C(=CC=C5)C3=O)C6=CC=NC=C6,CVCL_0313,COc1ccc(-n2c(SCCCN3C(=O)c4cccc5cccc(c45)C3=O)nnc2-c2ccncc2)cc1
1997,WEHI-539,BCL-XL,-0.5037228421667925,180,HPAFII,C1CC2=C(C=C(C=C2)C3=NC(=C(S3)CCCOC4=CC=C(C=C4)CN)C(=O)O)/C(=N/NC5=NC6=CC=CC=C6S5)/C1,CVCL_0313,NCc1ccc(OCCCc2sc(-c3ccc4c(c3)/C(=N/Nc3nc5ccccc5s3)CCC4)nc2C(=O)O)cc1
1060,PD0325901,"MEK1, MEK2",-0.4651546635152092,180,HPAFII,C1=CC(=C(C=C1I)F)NC2=C(C=CC(=C2F)F)C(=O)NOC[C@@H](CO)O,CVCL_0313,O=C(NOC[C@H](O)CO)c1ccc(F)c(F)c1Nc1ccc(I)cc1F
1441,AZD2014,"mTORC1, mTORC2",-0.427467521899649,180,HPAFII,C[C@H]1COCCN1C2=NC(=NC3=C2C=CC(=N3)C4=CC(=CC=C4)C(=O)NC)N5CCOC[C@@H]5C,CVCL_0313,CNC(=O)c1cccc(-c2ccc3c(N4CCOC[C@@H]4C)nc(N4CCOC[C@@H]4C)nc3n2)c1
1926,GNE-317,PI3Kalpha,-0.4267439780259384,180,HPAFII,CC1=C(SC2=C1N=C(N=C2N3CCOCC3)C4=CN=C(N=C4)N)C5(COC5)OC,CVCL_0313,COC1(c2sc3c(N4CCOCC4)nc(-c4cnc(N)nc4)nc3c2C)COC1
1853,OF-1,"BRPF1B, BRPF2",-0.3440662600461874,180,HPAFII,CC1=C(C=CC(=C1)Br)S(=O)(=O)NC2=CC3=C(C=C2OC)N(C(=O)N3C)C,CVCL_0313,COc1cc2c(cc1NS(=O)(=O)c1ccc(Br)cc1C)n(C)c(=O)n2C
2047,Ulixertinib,"ERK1, ERK2",-0.3041477363381122,180,HPAFII,CC(C)NC1=NC=C(C(=C1)C2=CNC(=C2)C(=O)N[C@H](CO)C3=CC(=CC=C3)Cl)Cl,CVCL_0313,CC(C)Nc1cc(-c2c[nH]c(C(=O)N[C@H](CO)c3cccc(Cl)c3)c2)c(Cl)cn1
1576,IWP-2,PORCN,-0.2577042606309852,180,HPAFII,CC1=CC2=C(C=C1)N=C(S2)NC(=O)CSC3=NC4=C(C(=O)N3C5=CC=CC=C5)SCC4,CVCL_0313,Cc1ccc2nc(NC(=O)CSc3nc4c(c(=O)n3-c3ccccc3)SCC4)sc2c1
1852,LY2109761,TGFB1,-0.2033541432425439,180,HPAFII,C1CC2=C(C(=NN2C1)C3=CC=CC=N3)C4=C5C=CC(=CC5=NC=C4)OCCN6CCOCC6,CVCL_0313,c1ccc(-c2nn3c(c2-c2ccnc4cc(OCCN5CCOCC5)ccc24)CCC3)nc1
1057,Dactolisib,"PI3K (class 1), MTORC1, MTORC2",-0.0746066072305854,180,HPAFII,CC(C)(C#N)C1=CC=C(C=C1)N2C3=C4C=C(C=CC4=NC=C3N(C2=O)C)C5=CC6=CC=CC=C6N=C5,CVCL_0313,Cn1c(=O)n(-c2ccc(C(C)(C)C#N)cc2)c2c3cc(-c4cnc5ccccc5c4)ccc3ncc21
1909,Venetoclax,BCL2,0.0174465518007278,180,HPAFII,CC1(CCC(=C(C1)C2=CC=C(C=C2)Cl)CN3CCN(CC3)C4=CC(=C(C=C4)C(=O)NS(=O)(=O)C5=CC(=C(C=C5)NCC6CCOCC6)[N+](=O)[O-])OC7=CN=C8C(=C7)C=CN8)C,CVCL_0313,CC1(C)CCC(CN2CCN(c3ccc(C(=O)NS(=O)(=O)c4ccc(NCC5CCOCC5)c([N+](=O)[O-])c4)c(Oc4cnc5[nH]ccc5c4)c3)CC2)=C(c2ccc(Cl)cc2)C1
1855,KRAS (G12C) Inhibitor-12,KRAS (G12C),0.0228873279173244,180,HPAFII,C=CC(=O)N1CCN(CC1)C(=O)CNC2=CC(=C(C=C2O)Cl)I,CVCL_0313,C=CC(=O)N1CCN(C(=O)CNc2cc(I)c(Cl)cc2O)CC1
1941,Sepantronium bromide,BIRC5,0.094370704855852,180,HPAFII,CC1=[N+](C2=C(N1CCOC)C(=O)C3=CC=CC=C3C2=O)CC4=NC=CN=C4.[Br-],CVCL_0313,COCCn1c2c([n+](Cc3cnccn3)c1C)C(=O)c1ccccc1C2=O
1058,Pictilisib,PI3K (class 1),0.1013011223102562,180,HPAFII,CS(=O)(=O)N1CCN(CC1)CC2=CC3=C(S2)C(=NC(=N3)C4=C5C=NNC5=CC=C4)N6CCOCC6,CVCL_0313,CS(=O)(=O)N1CCN(Cc2cc3nc(-c4cccc5[nH]ncc45)nc(N4CCOCC4)c3s2)CC1
1168,Erlotinib,EGFR,0.1187452576763932,180,HPAFII,COCCOC1=C(C=C2C(=C1)C(=NC=N2)NC3=CC=CC(=C3)C#C)OCCOC,CVCL_0313,C#Cc1cccc(Nc2ncnc3cc(OCCOC)c(OCCOC)cc23)c1
1375,Temozolomide,DNA alkylating agent,0.1264586572062256,180,HPAFII,CN1C(=O)N2C=NC(=C2N=N1)C(=O)N,CVCL_0313,Cn1nnc2c(C(N)=O)ncn2c1=O
1091,BMS-536924,"IGF1R, IR",0.2121497565654516,180,HPAFII,CC1=CC(=CC2=C1N=C(N2)C3=C(C=CNC3=O)NC[C@H](C4=CC(=CC=C4)Cl)O)N5CCOCC5,CVCL_0313,Cc1cc(N2CCOCC2)cc2[nH]c(-c3c(NC[C@@H](O)c4cccc(Cl)c4)cc[nH]c3=O)nc12
2040,Foretinib,"MET, KDR, TIE2, VEGFR3/FLT4, RON, PDGFR, FGFR1, EGFR",0.2418447005997172,180,HPAFII,COC1=CC2=C(C=CN=C2C=C1OCCCN3CCOCC3)OC4=C(C=C(C=C4)NC(=O)C5(CC5)C(=O)NC6=CC=C(C=C6)F)F,CVCL_0313,COc1cc2c(Oc3ccc(NC(=O)C4(C(=O)Nc5ccc(F)cc5)CC4)cc3F)ccnc2cc1OCCCN1CCOCC1
1631,PRT062607,SYK,0.2582876494655681,180,HPAFII,C1CC[C@H]([C@H](C1)N)NC2=NC=C(C(=N2)NC3=CC(=CC=C3)N4N=CC=N4)C(=O)N,CVCL_0313,NC(=O)c1cnc(N[C@@H]2CCCC[C@@H]2N)nc1Nc1cccc(-n2nccn2)c1
1918,AZD8186,"PI3Kalpha, PI3Kbeta",0.261333255742084,180,HPAFII,C[C@H](C1=CC(=CC2=C1OC(=CC2=O)N3CCOCC3)C(=O)N(C)C)NC4=CC(=CC(=C4)F)F,CVCL_0313,C[C@@H](Nc1cc(F)cc(F)c1)c1cc(C(=O)N(C)C)cc2c(=O)cc(N3CCOCC3)oc12
1079,Dasatinib,"ABL, SRC, Ephrins, PDGFR, KIT",0.2670548995778389,180,HPAFII,CC1=C(C(=CC=C1)Cl)NC(=O)C2=CN=C(S2)NC3=CC(=NC(=N3)C)N4CCN(CC4)CCO,CVCL_0313,Cc1nc(Nc2ncc(C(=O)Nc3c(C)cccc3Cl)s2)cc(N2CCN(CCO)CC2)n1
1549,Sapitinib,"EGFR, ERBB2, ERBB3",0.2786067623238021,180,HPAFII,CNC(=O)CN1CCC(CC1)OC2=C(C=C3C(=C2)C(=NC=N3)NC4=C(C(=CC=C4)Cl)F)OC,CVCL_0313,CNC(=O)CN1CCC(Oc2cc3c(Nc4cccc(Cl)c4F)ncnc3cc2OC)CC1
1862,MG-132,"Proteasome, CAPN1",0.3125951353529606,180,HPAFII,CC(C)C[C@@H](C=O)NC(=O)[C@H](CC(C)C)NC(=O)[C@H](CC(C)C)NC(=O)OCC1=CC=CC=C1,CVCL_0313,CC(C)C[C@@H](C=O)NC(=O)[C@H](CC(C)C)NC(=O)[C@H](CC(C)C)NC(=O)OCc1ccccc1
1917,AZD6738,ATR,0.3232286430591101,180,HPAFII,C[C@@H]1COCCN1C2=NC(=NC(=C2)C3(CC3)[S@](=N)(=O)C)C4=C5C=CNC5=NC=C4,CVCL_0313,C[C@@H]1COCCN1c1cc(C2([S@](C)(=N)=O)CC2)nc(-c2ccnc3[nH]ccc23)n1
1463,AZD1332,"NTRK1, NTRK2, NTRK3",0.3451719802269468,180,HPAFII,CC(C)OC1=NNC(=C1)NC2=NC(=NC=C2Cl)NC(C)C3=NC=C(C=C3)F,CVCL_0313,CC(C)Oc1cc(Nc2nc(NC(C)c3ccc(F)cn3)ncc2Cl)[nH]n1
1915,AZD3759,EGFR,0.374184121171512,180,HPAFII,C[C@@H]1CN(CCN1C(=O)OC2=C(C=C3C(=C2)C(=NC=N3)NC4=C(C(=CC=C4)Cl)F)OC)C,CVCL_0313,COc1cc2ncnc(Nc3cccc(Cl)c3F)c2cc1OC(=O)N1CCN(C)C[C@H]1C
1557,LCL161,"XIAP, IAP1, IAP2",0.3895885855887979,180,HPAFII,C[C@@H](C(=O)N[C@@H](C1CCCCC1)C(=O)N2CCC[C@H]2C3=NC(=CS3)C(=O)C4=CC=C(C=C4)F)NC,CVCL_0313,CN[C@@H](C)C(=O)N[C@H](C(=O)N1CCC[C@H]1c1nc(C(=O)c2ccc(F)cc2)cs1)C1CCCCC1
1179,MK-1775,"WEE1, PLK1",0.4403472117189399,180,HPAFII,CC(C)(C1=NC(=CC=C1)N2C3=NC(=NC=C3C(=O)N2CC=C)NC4=CC=C(C=C4)N5CCN(CC5)C)O,CVCL_0313,C=CCn1c(=O)c2cnc(Nc3ccc(N4CCN(C)CC4)cc3)nc2n1-c1cccc(C(C)(C)O)n1
1259,Talazoparib,"PARP1, PARP2",0.4472071257399296,180,HPAFII,CC(C)/C=N/NC(=O)C1=CC=C(C=C1)NC(=O)C,CVCL_0313,CC(=O)Nc1ccc(C(=O)N/N=C/C(C)C)cc1
1924,Ipatasertib,"AKT1, AKT, AKT3",0.4492736533488499,180,HPAFII,C[C@@H]1C[C@H](C2=C1C(=NC=N2)N3CCN(CC3)C(=O)[C@H](CNC(C)C)C4=CC=C(C=C4)Cl)O,CVCL_0313,CC(C)NC[C@@H](C(=O)N1CCN(c2ncnc3c2[C@H](C)C[C@H]3O)CC1)c1ccc(Cl)cc1
1996,MIM1,MCL1,0.4565788089230312,180,HPAFII,CC(C)[C@H]1CSC(=N1)N2[C@H](CSC2=S)C(C)C,CVCL_0313,CC(C)[C@H]1CSC(N2C(=S)SC[C@@H]2C(C)C)=N1
1089,Oxaliplatin,DNA alkylating agent,0.4818338572121503,180,HPAFII,C1CC[C@H]([C@@H](C1)N)N.C(=O)(C(=O)O)O.[Pt],CVCL_0313,N[C@@H]1CCCC[C@H]1N
1373,Dabrafenib,BRAF,0.4891942062660749,180,HPAFII,CC(C)(C)C1=NC(=C(S1)C2=NC(=NC=C2)N)C3=C(C(=CC=C3)NS(=O)(=O)C4=C(C=CC=C4F)F)F,CVCL_0313,CC(C)(C)c1nc(-c2cccc(NS(=O)(=O)c3c(F)cccc3F)c2F)c(-c2ccnc(N)n2)s1
1022,AZD7762,"CHEK1, CHEK2",0.4892208519244965,180,HPAFII,C1C[C@@H](CNC1)NC(=O)C2=C(C=C(S2)C3=CC(=CC=C3)F)NC(=O)N,CVCL_0313,NC(=O)Nc1cc(-c2cccc(F)c2)sc1C(=O)N[C@H]1CCCNC1
1873,Buparlisib,"PI3Kalpha, PI3Kdelta, PI3Kbeta, PI3Kgamma",0.5082221016733766,180,HPAFII,C1COCCN1C2=NC(=NC(=C2)C3=CN=C(C=C3C(F)(F)F)N)N4CCOCC4,CVCL_0313,Nc1cc(C(F)(F)F)c(-c2cc(N3CCOCC3)nc(N3CCOCC3)n2)cn1
1032,Afatinib,"ERBB2, EGFR",0.508498222864377,180,HPAFII,CN(C)C/C=C/C(=O)NC1=C(C=C2C(=C1)C(=NC=N2)NC3=CC(=C(C=C3)F)Cl)O[C@H]4CCOC4,CVCL_0313,CN(C)C/C=C/C(=O)Nc1cc2c(Nc3ccc(F)c(Cl)c3)ncnc2cc1O[C@H]1CCOC1
1083,Crizotinib,"MET, ALK, ROS1",0.5098451705377011,180,HPAFII,C[C@H](C1=C(C=CC(=C1Cl)F)Cl)OC2=C(N=CC(=C2)C3=CN(N=C3)C4CCNCC4)N,CVCL_0313,C[C@@H](Oc1cc(-c2cnn(C3CCNCC3)c2)cnc1N)c1c(Cl)ccc(F)c1Cl
1629,ML323,"USP1, UAF1",0.5707934006042616,180,HPAFII,CC1=CN=C(N=C1NCC2=CC=C(C=C2)N3C=CN=N3)C4=CC=CC=C4C(C)C,CVCL_0313,Cc1cnc(-c2ccccc2C(C)C)nc1NCc1ccc(-n2ccnn2)cc1
1620,PFI3,"Polybromo 1, SMARCA4, SMARCA2",0.5902218769222314,180,HPAFII,C1[C@@H]2CN([C@H]1CN2C3=CC=CC=N3)/C=C/C(=O)C4=CC=CC=C4O,CVCL_0313,O=C(/C=C/N1C[C@H]2C[C@@H]1CN2c1ccccn1)c1ccccc1O
1080,Paclitaxel,Microtubule stabiliser,0.5982684922798879,180,HPAFII,CC1=C2[C@H](C(=O)[C@@]3([C@H](C[C@@H]4[C@]([C@H]3[C@@H]([C@@](C2(C)C)(C[C@@H]1OC(=O)[C@@H]([C@H](C5=CC=CC=C5)NC(=O)C6=CC=CC=C6)O)O)OC(=O)C7=CC=CC=C7)(CO4)OC(=O)C)O)C)OC(=O)C,CVCL_0313,CC(=O)O[C@H]1C(=O)[C@]2(C)[C@@H](O)C[C@H]3OC[C@@]3(OC(C)=O)[C@H]2[C@H](OC(=O)c2ccccc2)[C@]2(O)C[C@H](OC(=O)[C@H](O)[C@@H](NC(=O)c3ccccc3)c3ccccc3)C(C)=C1C2(C)C
1268,XAV939,"TNKS1, TNKS2",0.6322524294566071,180,HPAFII,C1CSCC2=C1N=C(NC2=O)C3=CC=C(C=C3)C(F)(F)F,CVCL_0313,O=c1[nH]c(-c2ccc(C(F)(F)F)cc2)nc2c1CSCC2
1561,Taselisib,PI3K (beta sparing),0.637661137108908,180,HPAFII,CC1=NN(C(=N1)C2=CN3CCOC4=C(C3=N2)C=CC(=C4)C5=CN(N=C5)C(C)(C)C(=O)N)C(C)C,CVCL_0313,Cc1nc(-c2cn3c(n2)-c2ccc(-c4cnn(C(C)(C)C(N)=O)c4)cc2OCC3)n(C(C)C)n1
2045,AMG-319,PI3K (beta sparing),0.6753749622445632,180,HPAFII,C[C@@H](C1=C(N=C2C=C(C=CC2=C1)F)C3=CC=CC=N3)NC4=NC=NC5=C4NC=N5,CVCL_0313,C[C@H](Nc1ncnc2nc[nH]c12)c1cc2ccc(F)cc2nc1-c1ccccn1
1180,Dinaciclib,"CDK1, CDK2, CDK5, CDK9",0.6914708939205674,180,HPAFII,CCC1=C2N=C(C=C(N2N=C1)NCC3=C[N+](=CC=C3)[O-])N4CCCC[C@H]4CCO,CVCL_0313,CCc1cnn2c(NCc3ccc[n+]([O-])c3)cc(N3CCCC[C@H]3CCO)nc12
1049,PD173074,"FGFR1, FGFR2, FGFR3",0.7049393228523028,180,HPAFII,CCN(CC)CCCCNC1=NC2=NC(=C(C=C2C=N1)C3=CC(=CC(=C3)OC)OC)NC(=O)NC(C)(C)C,CVCL_0313,CCN(CC)CCCCNc1ncc2cc(-c3cc(OC)cc(OC)c3)c(NC(=O)NC(C)(C)C)nc2n1
1931,MIRA-1,TP53,0.7213048979364401,180,HPAFII,CCC(=O)OCN1C(=O)C=CC1=O,CVCL_0313,CCC(=O)OCN1C(=O)C=CC1=O
1553,Uprosertib,"AKT1, AKT2, AKT3",0.724237575189855,180,HPAFII,CN1C(=C(C=N1)Cl)C2=C(OC(=C2)C(=O)N[C@@H](CC3=CC(=C(C=C3)F)F)CN)Cl,CVCL_0313,Cn1ncc(Cl)c1-c1cc(C(=O)N[C@H](CN)Cc2ccc(F)c(F)c2)oc1Cl
1786,AZD4547,"FGFR1, FGFR2, FGFR3",0.7405542436164404,180,HPAFII,C[C@@H]1CN(C[C@@H](N1)C)C2=CC=C(C=C2)C(=O)NC3=NNC(=C3)CCC4=CC(=CC(=C4)OC)OC,CVCL_0313,COc1cc(CCc2cc(NC(=O)c3ccc(N4C[C@H](C)N[C@H](C)C4)cc3)n[nH]2)cc(OC)c1
1190,Gemcitabine,Pyrimidine antimetabolite,0.7449893028218889,180,HPAFII,C1=CN(C(=O)N=C1N)[C@H]2C([C@@H]([C@H](O2)CO)O)(F)F,CVCL_0313,Nc1ccn([C@@H]2O[C@H](CO)[C@@H](O)C2(F)F)c(=O)n1
2044,Pyridostatin,G-quadruplex stabiliser,0.7489931966843613,180,HPAFII,C1=CC=C2C(=C1)C(=CC(=N2)NC(=O)C3=CC(=CC(=N3)C(=O)NC4=NC5=CC=CC=C5C(=C4)OCCN)OCCN)OCCN,CVCL_0313,NCCOc1cc(C(=O)Nc2cc(OCCN)c3ccccc3n2)nc(C(=O)Nc2cc(OCCN)c3ccccc3n2)c1
1013,Nilotinib,ABL,0.7498297906179765,180,HPAFII,CC1=C(C=C(C=C1)C(=O)NC2=CC(=CC(=C2)C(F)(F)F)N3C=C(N=C3)C)NC4=NC=CC(=N4)C5=CN=CC=C5,CVCL_0313,Cc1cn(-c2cc(NC(=O)c3ccc(C)c(Nc4nccc(-c5cccnc5)n4)c3)cc(C(F)(F)F)c2)cn1
1047,Nutlin-3a (-),MDM2,0.7860700081643209,180,HPAFII,CC(C)OC1=C(C=CC(=C1)OC)C2=N[C@H]([C@H](N2C(=O)N3CCNC(=O)C3)C4=CC=C(C=C4)Cl)C5=CC=C(C=C5)Cl,CVCL_0313,COc1ccc(C2=N[C@@H](c3ccc(Cl)cc3)[C@@H](c3ccc(Cl)cc3)N2C(=O)N2CCNC(=O)C2)c(OC(C)C)c1
1912,Afuresertib,"AKT1, AKT2, AKT3",0.7871308876823914,180,HPAFII,CN1C(=C(C=N1)Cl)C2=C(SC(=C2)C(=O)N[C@@H](CC3=CC(=CC=C3)F)CN)Cl,CVCL_0313,Cn1ncc(Cl)c1-c1cc(C(=O)N[C@H](CN)Cc2cccc(F)c2)sc1Cl
1819,Docetaxel,Microtubule stabiliser,0.7887954897586733,180,HPAFII,CC1=C2[C@H](C(=O)[C@@]3([C@H](C[C@@H]4[C@]([C@H]3[C@@H]([C@@](C2(C)C)(C[C@@H]1OC(=O)[C@@H]([C@H](C5=CC=CC=C5)NC(=O)OC(C)(C)C)O)O)OC(=O)C6=CC=CC=C6)(CO4)OC(=O)C)O)C)O,CVCL_0313,CC(=O)O[C@@]12CO[C@@H]1C[C@H](O)[C@@]1(C)C(=O)[C@H](O)C3=C(C)[C@@H](OC(=O)[C@H](O)[C@@H](NC(=O)OC(C)(C)C)c4ccccc4)C[C@@](O)([C@@H](OC(=O)c4ccccc4)[C@@H]12)C3(C)C
1618,GSK2606414,PERK,0.7994619975061682,180,HPAFII,CN1C=C(C2=C(N=CN=C21)N)C3=CC4=C(C=C3)N(CC4)C(=O)CC5=CC(=CC=C5)C(F)(F)F,CVCL_0313,Cn1cc(-c2ccc3c(c2)CCN3C(=O)Cc2cccc(C(F)(F)F)c2)c2c(N)ncnc21
1615,CZC24832,PI3Kgamma,0.7995876337576155,180,HPAFII,CC(C)(C)NS(=O)(=O)C1=CN=CC(=C1)C2=CN3C(=NC(=N3)N)C(=C2)F,CVCL_0313,CC(C)(C)NS(=O)(=O)c1cncc(-c2cc(F)c3nc(N)nn3c2)c1
1720,AZD5991,MCL1,0.8138877741695341,180,HPAFII,CC1=C2C(=NN1C)CSCC3=NN(C(=C3)CSC4=CC5=CC=CC=C5C(=C4)OCCCC6=C(N(C7=C6C=CC(=C27)Cl)C)C(=O)O)C,CVCL_0313,Cc1c2c(nn1C)CSCc1cc(n(C)n1)CSc1cc(c3ccccc3c1)OCCCc1c(C(=O)O)n(C)c3c-2c(Cl)ccc13
1558,Lapatinib,"EGFR, ERBB2",0.8144200457890266,180,HPAFII,CS(=O)(=O)CCNCC1=CC=C(O1)C2=CC3=C(C=C2)N=CN=C3NC4=CC(=C(C=C4)OCC5=CC(=CC=C5)F)Cl,CVCL_0313,CS(=O)(=O)CCNCc1ccc(-c2ccc3ncnc(Nc4ccc(OCc5cccc(F)c5)c(Cl)c4)c3c2)o1
1932,NVP-ADW742,IGF1R,0.8292794368891356,180,HPAFII,C1CCN(C1)CC2CC(C2)N3C=C(C4=C(N=CN=C43)N)C5=CC(=CC=C5)OCC6=CC=CC=C6,CVCL_0313,Nc1ncnc2c1c(-c1cccc(OCc3ccccc3)c1)cn2C1CC(CN2CCCC2)C1
2106,Uprosertib,"AKT1, AKT2, AKT3",0.8349260002995593,180,HPAFII,CN1C(=C(C=N1)Cl)C2=C(OC(=C2)C(=O)N[C@@H](CC3=CC(=C(C=C3)F)F)CN)Cl,CVCL_0313,Cn1ncc(Cl)c1-c1cc(C(=O)N[C@H](CN)Cc2ccc(F)c(F)c2)oc1Cl
1916,AZD5363,"AKT1, AKT2, AKT3, ROCK2",0.8413584379088985,180,HPAFII,C1CN(CCC1(C(=O)N[C@@H](CCO)C2=CC=C(C=C2)Cl)N)C3=NC=NC4=C3C=CN4,CVCL_0313,NC1(C(=O)N[C@@H](CCO)c2ccc(Cl)cc2)CCN(c2ncnc3[nH]ccc23)CC1
1006,Cytarabine,Antimetabolite,0.8581993789600872,180,HPAFII,C1=CN(C(=O)N=C1N)[C@H]2[C@H]([C@@H]([C@H](O2)CO)O)O,CVCL_0313,Nc1ccn([C@@H]2O[C@H](CO)[C@@H](O)[C@@H]2O)c(=O)n1
1003,Camptothecin,TOP1,0.8844590215515566,180,HPAFII,CC[C@@]1(C2=C(COC1=O)C(=O)N3CC4=CC5=CC=CC=C5N=C4C3=C2)O,CVCL_0313,CC[C@@]1(O)C(=O)OCc2c1cc1n(c2=O)Cc2cc3ccccc3nc2-1
1007,Docetaxel,Microtubule stabiliser,0.8981353999850259,180,HPAFII,CC1=C2[C@H](C(=O)[C@@]3([C@H](C[C@@H]4[C@]([C@H]3[C@@H]([C@@](C2(C)C)(C[C@@H]1OC(=O)[C@@H]([C@H](C5=CC=CC=C5)NC(=O)OC(C)(C)C)O)O)OC(=O)C6=CC=CC=C6)(CO4)OC(=O)C)O)C)O,CVCL_0313,CC(=O)O[C@@]12CO[C@@H]1C[C@H](O)[C@@]1(C)C(=O)[C@H](O)C3=C(C)[C@@H](OC(=O)[C@H](O)[C@@H](NC(=O)OC(C)(C)C)c4ccccc4)C[C@@](O)([C@@H](OC(=O)c4ccccc4)[C@@H]12)C3(C)C
1563,EPZ5676,DOT1L,0.8989105181875886,180,HPAFII,CC(C)N(C[C@@H]1[C@H]([C@H]([C@@H](O1)N2C=NC3=C(N=CN=C32)N)O)O)C4CC(C4)CCC5=NC6=C(N5)C=C(C=C6)C(C)(C)C,CVCL_0313,CC(C)N(C[C@H]1O[C@@H](n2cnc3c(N)ncnc32)[C@H](O)[C@@H]1O)C1CC(CCc2nc3ccc(C(C)(C)C)cc3[nH]2)C1
1927,GSK2578215A,LRRK2,0.9052659066432076,180,HPAFII,C1=CC=C(C=C1)COC2=C(C=C(C=C2)C3=CC(=NC=C3)F)C(=O)NC4=CN=CC=C4,CVCL_0313,O=C(Nc1cccnc1)c1cc(-c2ccnc(F)c2)ccc1OCc1ccccc1
1010,Gefitinib,EGFR,0.9466189865513982,180,HPAFII,COC1=C(C=C2C(=C1)N=CN=C2NC3=CC(=C(C=C3)F)Cl)OCCCN4CCOCC4,CVCL_0313,COc1cc2ncnc(Nc3ccc(F)c(Cl)c3)c2cc1OCCCN1CCOCC1
1199,Tamoxifen,ESR1,0.973022435908244,180,HPAFII,CC/C(=C(\C1=CC=CC=C1)/C2=CC=C(C=C2)OCCN(C)C)/C3=CC=CC=C3,CVCL_0313,CC/C(=C(\c1ccccc1)c1ccc(OCCN(C)C)cc1)c1ccccc1
1930,Telomerase Inhibitor IX,Telomerase,0.9780891847284384,180,HPAFII,C1=CC(=CC(=C1)NC(=O)C2=C(C(=CC=C2)O)O)NC(=O)C3=C(C(=CC=C3)O)O,CVCL_0313,O=C(Nc1cccc(NC(=O)c2cccc(O)c2O)c1)c1cccc(O)c1O
1913,AGI-5198,IDH1 (R132H),0.9916873507322682,180,HPAFII,CC1=CC=CC=C1C(C(=O)NC2CCCCC2)N(C3=CC(=CC=C3)F)C(=O)CN4C=CN=C4C,CVCL_0313,Cc1ccccc1C(C(=O)NC1CCCCC1)N(C(=O)Cn1ccnc1C)c1cccc(F)c1
1919,Osimertinib,EGFR,1.001246377611841,180,HPAFII,CN1C=C(C2=CC=CC=C21)C3=NC(=NC=C3)NC4=C(C=C(C(=C4)NC(=O)C=C)N(C)CCN(C)C)OC,CVCL_0313,C=CC(=O)Nc1cc(Nc2nccc(-c3cn(C)c4ccccc34)n2)c(OC)cc1N(C)CCN(C)C
1200,Fulvestrant,ESR,1.0019285272372147,180,HPAFII,C[C@]12CC[C@H]3[C@H]([C@@H]1CC[C@@H]2O)[C@@H](CC4=C3C=CC(=C4)O)CCCCCCCCCS(=O)CCCC(C(F)(F)F)(F)F,CVCL_0313,C[C@]12CC[C@@H]3c4ccc(O)cc4C[C@@H](CCCCCCCCC[S+]([O-])CCCC(F)(F)C(F)(F)F)[C@H]3[C@@H]1CC[C@@H]2O
1529,Pevonedistat,NAE,1.00722708640505,180,HPAFII,C1CC2=CC=CC=C2[C@H]1NC3=C4C=CN(C4=NC=N3)[C@@H]5C[C@H]([C@H](C5)O)COS(=O)(=O)N,CVCL_0313,NS(=O)(=O)OC[C@@H]1C[C@@H](n2ccc3c(N[C@H]4CCc5ccccc54)ncnc32)C[C@@H]1O
1627,GSK343,EZH2,1.01001331789641,180,HPAFII,CCCC1=C(C(=O)NC(=C1)C)CNC(=O)C2=C3C=NN(C3=CC(=C2)C4=CC(=NC=C4)N5CCN(CC5)C)C(C)C,CVCL_0313,CCCc1cc(C)[nH]c(=O)c1CNC(=O)c1cc(-c2ccnc(N3CCN(C)CC3)c2)cc2c1cnn2C(C)C
1634,AGI-6780,IDH2 R140Q mutant,1.0103785872733924,180,HPAFII,C1CC1NS(=O)(=O)C2=CC(=C(C=C2)C3=CSC=C3)NC(=O)NC4=CC=CC(=C4)C(F)(F)F,CVCL_0313,O=C(Nc1cccc(C(F)(F)F)c1)Nc1cc(S(=O)(=O)NC2CC2)ccc1-c1ccsc1
1806,Oxaliplatin,DNA alkylating agent,1.0470277933230183,180,HPAFII,C1CC[C@H]([C@@H](C1)[NH-])[NH-].C(=O)(C(=O)O)O.[Pt+2],CVCL_0313,N[C@@H]1CCCC[C@H]1N
1936,Savolitinib,MET,1.048731671292913,180,HPAFII,C[C@@H](C1=CN2C=CN=C2C=C1)N3C4=NC(=CN=C4N=N3)C5=CN(N=C5)C,CVCL_0313,C[C@@H](c1ccc2nccn2c1)n1nnc2ncc(-c3cnn(C)c3)nc21
2107,LJI308,"RSK2, RSK1, RSK3",1.0834137247635507,180,HPAFII,C1COCCN1C2=CC=C(C=C2)C3=C(C=NC=C3)C4=CC(=C(C(=C4)F)O)F,CVCL_0313,Oc1c(F)cc(-c2cnccc2-c2ccc(N3CCOCC3)cc2)cc1F
1706,AZD5153,BRD4,1.092969623868678,180,HPAFII,C[C@@H]1C(=O)N(CCN1CCOC2=CC=C(C=C2)C3CCN(CC3)C4=NN5C(=NN=C5OC)C=C4)C,CVCL_0313,COc1nnc2ccc(N3CCC(c4ccc(OCCN5CCN(C)C(=O)[C@H]5C)cc4)CC3)nn12
1085,Sorafenib,"PDGFR, KIT, VEGFR, RAF",1.1024043696994308,180,HPAFII,CNC(=O)C1=NC=CC(=C1)OC2=CC=C(C=C2)NC(=O)NC3=CC(=C(C=C3)Cl)C(F)(F)F,CVCL_0313,CNC(=O)c1cc(Oc2ccc(NC(=O)Nc3ccc(Cl)c(C(F)(F)F)c3)cc2)ccn1
1084,Rapamycin,MTORC1,1.1053742191256422,180,HPAFII,CC1=NC(=C(N1)[N+](=O)[O-])N(CCN2CCOCC2)CC3=CC=CC=C3F,CVCL_0313,Cc1nc(N(CCN2CCOCC2)Cc2ccccc2F)c([N+](=O)[O-])[nH]1
1088,Irinotecan,TOP1,1.1090586738624306,180,HPAFII,CCC1=C2CN3C(=CC4=C(C3=O)COC(=O)[C@@]4(CC)O)C2=NC5=C1C=C(C=C5)OC(=O)N6CCC(CC6)N7CCCCC7,CVCL_0313,CCc1c2c(nc3ccc(OC(=O)N4CCC(N5CCCCC5)CC4)cc13)-c1cc3c(c(=O)n1C2)COC(=O)[C@]3(O)CC
1928,I-BRD9,BRD9,1.110209672179109,180,HPAFII,CCN1C=C(C2=C(C1=O)C=C(S2)C(=NC3CCS(=O)(=O)CC3)N)C4=CC(=CC=C4)C(F)(F)F,CVCL_0313,CCn1cc(-c2cccc(C(F)(F)F)c2)c2sc(C(N)=NC3CCS(=O)(=O)CC3)cc2c1=O
1036,PLX-4720,BRAF,1.1201596994863026,180,HPAFII,CCCS(=O)(=O)NC1=C(C(=C(C=C1)F)C(=O)C2=CNC3=C2C=C(C=N3)Cl)F,CVCL_0313,CCCS(=O)(=O)Nc1ccc(F)c(C(=O)c2c[nH]c3ncc(Cl)cc23)c1F
1046,Wee1 Inhibitor,"WEE1, CHEK1",1.1369528940490556,180,HPAFII,C1=CC=C(C(=C1)C2=CC3=C(C4=C(N3)C=CC(=C4)O)C5=C2C(=O)NC5=O)Cl,CVCL_0313,O=C1NC(=O)c2c1c(-c1ccccc1Cl)cc1[nH]c3ccc(O)cc3c21
1922,Cediranib,"VEGFR, FLT1, FLT2, FLT3, FLT4, KIT, PDGFRB",1.137445531418486,180,HPAFII,CC1=CC2=C(N1)C=CC(=C2F)OC3=NC=NC4=CC(=C(C=C43)OC)OCCCN5CCCC5,CVCL_0313,COc1cc2c(Oc3ccc4[nH]c(C)cc4c3F)ncnc2cc1OCCCN1CCCC1
1559,Luminespib,HSP90,1.1409282280192723,180,HPAFII,CN1C2=CC=CC=C2C(C1=O)(CC(=O)C3=CC=C(C=C3)Cl)O,CVCL_0313,CN1C(=O)C(O)(CC(=O)c2ccc(Cl)cc2)c2ccccc21
1237,EPZ004777,DOT1L,1.1440068166969373,180,HPAFII,CC(C)N(CCCNC(=O)NC1=CC=C(C=C1)C(C)(C)C)C[C@@H]2[C@H]([C@H]([C@@H](O2)N3C=CC4=C(N=CN=C43)N)O)O,CVCL_0313,CC(C)N(CCCNC(=O)Nc1ccc(C(C)(C)C)cc1)C[C@H]1O[C@@H](n2ccc3c(N)ncnc32)[C@H](O)[C@@H]1O
1630,Entospletinib,SYK,1.1477882030779825,180,HPAFII,C1COCCN1C2=CC=C(C=C2)NC3=NC(=CN4C3=NC=C4)C5=CC6=C(C=C5)C=NN6,CVCL_0313,c1cn2cc(-c3ccc4cn[nH]c4c3)nc(Nc3ccc(N4CCOCC4)cc3)c2n1
1073,5-Fluorouracil,Antimetabolite (DNA & RNA),1.1500569901042192,180,HPAFII,C1=C(C(=O)NC(=O)N1)F,CVCL_0313,O=c1[nH]cc(F)c(=O)[nH]1
1512,Cyclophosphamide,Alkylating agent,1.1568680693322797,180,HPAFII,C1CNP(=O)(OC1)N(CCCl)CCCl,CVCL_0313,O=P1(N(CCCl)CCCl)NCCCO1
1017,Olaparib,"PARP1, PARP2",1.1584360820076405,180,HPAFII,C1CC1C(=O)N2CCN(CC2)C(=O)C3=C(C=CC(=C3)CC4=NNC(=O)C5=CC=CC=C54)F,CVCL_0313,O=C(c1cc(Cc2n[nH]c(=O)c3ccccc23)ccc1F)N1CCN(C(=O)C2CC2)CC1
1799,Ibrutinib,BTK,1.162192772637212,180,HPAFII,C=CC(=O)N1CCC[C@H](C1)N2C3=NC=NC(=C3C(=N2)C4=CC=C(C=C4)OC5=CC=CC=C5)N,CVCL_0313,C=CC(=O)N1CCC[C@@H](n2nc(-c3ccc(Oc4ccccc4)cc3)c3c(N)ncnc32)C1
2043,BIBR-1532,TERT,1.1846885289561917,180,HPAFII,C/C(=C\C(=O)NC1=CC=CC=C1C(=O)O)/C2=CC3=CC=CC=C3C=C2,CVCL_0313,C/C(=C\C(=O)Nc1ccccc1C(=O)O)c1ccc2ccccc2c1
1401,AZD5438,CDK2,1.1912544821449065,180,HPAFII,CC1=NC=C(N1C(C)C)C2=NC(=NC=C2)NC3=CC=C(C=C3)S(=O)(=O)C,CVCL_0313,Cc1ncc(-c2ccnc(Nc3ccc(S(C)(=O)=O)cc3)n2)n1C(C)C
1177,Niraparib,"PARP1, PARP2",1.2345229164501148,180,HPAFII,C1C[C@H](CNC1)C2=CC=C(C=C2)N3C=C4C=CC=C(C4=N3)C(=O)N,CVCL_0313,NC(=O)c1cccc2cn(-c3ccc([C@@H]4CCCNC4)cc3)nc12
1068,Obatoclax Mesylate,"BCL2, BCL-XL, BCL-W, MCL1",1.2522120386868043,180,HPAFII,CC1=CC(=C(N1)/C=C\2/C(=C/C(=C/3\C=C4C=CC=CC4=N3)/N2)OC)C,CVCL_0313,COc1c/c(=C2\C=c3ccccc3=N2)[nH]/c1=C\c1[nH]c(C)cc1C
1614,WZ4003,"NUAK1, NUAK2",1.2731645827651132,180,HPAFII,CCC(=O)NC1=CC(=CC=C1)OC2=NC(=NC=C2Cl)NC3=C(C=C(C=C3)N4CCN(CC4)C)OC,CVCL_0313,CCC(=O)Nc1cccc(Oc2nc(Nc3ccc(N4CCN(C)CC4)cc3OC)ncc2Cl)c1
1933,P22077,"USP7, USP47",1.2792840660101357,180,HPAFII,CC(=O)C1=CC(=C(S1)SC2=C(C=C(C=C2)F)F)[N+](=O)[O-],CVCL_0313,CC(=O)c1cc([N+](=O)[O-])c(Sc2ccc(F)cc2F)s1
2048,Vinorelbine,Microtubule destabiliser,1.2870353034821556,180,HPAFII,CCC1=C[C@H]2C[C@@](C3=C(CN(C2)C1)C4=CC=CC=C4N3)(C5=C(C=C6C(=C5)[C@]78CCN9[C@H]7[C@@](C=CC9)([C@H]([C@@]([C@@H]8N6C)(C(=O)OC)O)OC(=O)C)CC)OC)C(=O)OC,CVCL_0313,CCC1=C[C@@H]2CN(C1)Cc1c([nH]c3ccccc13)[C@@](C(=O)OC)(c1cc3c(cc1OC)N(C)[C@H]1[C@@](O)(C(=O)OC)[C@H](OC(C)=O)[C@]4(CC)C=CCN5CC[C@]31[C@@H]54)C2
1004,Vinblastine,Microtubule destabiliser,1.3095393928662298,180,HPAFII,CC[C@@]1(CC2C[C@@](C3=C(CCN(C2)C1)C4=CC=CC=C4N3)(C5=C(C=C6C(=C5)[C@]78CCN9[C@H]7[C@@](C=CC9)([C@H]([C@@]([C@@H]8N6C)(C(=O)OC)O)OC(=O)C)CC)OC)C(=O)OC)O,CVCL_0313,CC[C@]1(O)CC2CN(CCc3c([nH]c4ccccc34)[C@@](C(=O)OC)(c3cc4c(cc3OC)N(C)[C@H]3[C@@](O)(C(=O)OC)[C@H](OC(C)=O)[C@]5(CC)C=CCN6CC[C@]43[C@@H]65)C2)C1
1854,MN-64,"TNKS1, TNKS2",1.319851612903262,180,HPAFII,CC(C)C1=CC=C(C=C1)C2=CC(=O)C3=CC=CC=C3O2,CVCL_0313,CC(C)c1ccc(-c2cc(=O)c3ccccc3o2)cc1
1560,Alpelisib,PI3Kalpha,1.3342047280255307,180,HPAFII,CC1=C(SC(=N1)NC(=O)N2CCC[C@H]2C(=O)N)C3=CC(=NC=C3)C(C)(C)C(F)(F)F,CVCL_0313,Cc1nc(NC(=O)N2CCC[C@H]2C(N)=O)sc1-c1ccnc(C(C)(C)C(F)(F)F)c1
2110,GSK591,PMRT5,1.356790022275381,180,HPAFII,C1CC(C1)NC2=NC=CC(=C2)C(=O)NC[C@@H](CN3CCC4=CC=CC=C4C3)O,CVCL_0313,O=C(NC[C@H](O)CN1CCc2ccccc2C1)c1ccnc(NC2CCC2)c1
1625,RVX-208,BRD4,1.376490675630642,180,HPAFII,C1=CC(=C(C=C1N=C=O)F)F,CVCL_0313,O=C=Nc1ccc(F)c(F)c1
1250,AZ960,"JAK2, JAK3",1.4184797744221995,180,HPAFII,CC1=CC(=NN1)NC2=C(C=C(C(=N2)N[C@@H](C)C3=CC=C(C=C3)F)C#N)F,CVCL_0313,Cc1cc(Nc2nc(N[C@@H](C)c3ccc(F)cc3)c(C#N)cc2F)n[nH]1
1621,PCI-34051,"HDAC8, HDAC6, HDAC1",1.4227328155566388,180,HPAFII,COC1=CC=C(C=C1)CN2C=CC3=C2C=C(C=C3)C(=O)NO,CVCL_0313,COc1ccc(Cn2ccc3ccc(C(=O)NO)cc32)cc1
1626,OTX015,"BRD2, BRD3, BRD4",1.4413023951941304,180,HPAFII,CC1=C(SC2=C1C(=N[C@H](C3=NN=C(N32)C)CC(=O)NC4=CC=C(C=C4)O)C5=CC=C(C=C5)Cl)C,CVCL_0313,Cc1sc2c(c1C)C(c1ccc(Cl)cc1)=N[C@@H](CC(=O)Nc1ccc(O)cc1)c1nnc(C)n1-2
2046,MK-8776,"CHEK1, CHEK2, CDK2",1.4608739212427089,180,HPAFII,CN1C=C(C=N1)C2=C3N=C(C(=C(N3N=C2)N)Br)C4CCCNC4,CVCL_0313,Cn1cc(-c2cnn3c(N)c(Br)c(C4CCCNC4)nc23)cn1
1034,Staurosporine,Broad spectrum kinase inhibitor,1.4617142035991424,180,HPAFII,C[C@@]12[C@@H]([C@@H](C[C@H](O1)N3C4=CC=CC=C4C5=C6C(=C7C8=CC=CC=C8N2C7=C53)CNC6=O)NC)OC,CVCL_0313,CN[C@@H]1C[C@@H]2O[C@@](C)([C@@H]1OC)n1c3ccccc3c3c4c(c5c6ccccc6n2c5c31)C(=O)NC4
1507,Ruxolitinib,"JAK1, JAK2",1.4761861939828005,180,HPAFII,C1CCC(C1)[C@@H](CC#N)N2C=C(C=N2)C3=C4C=CNC4=NC=N3,CVCL_0313,N#CC[C@H](C1CCCC1)n1cc(-c2ncnc3[nH]ccc23)cn1
1131,PRIMA-1MET,TP53 activation,1.5045854859939034,180,HPAFII,COCC1(C(=O)C2CCN1CC2)CO,CVCL_0313,COCC1(CO)C(=O)C2CCN1CC2
1051,Alisertib,AURKA,1.5164175039151992,180,HPAFII,COC1=C(C(=CC=C1)F)C2=NCC3=CN=C(N=C3C4=C2C=C(C=C4)Cl)NC5=CC(=C(C=C5)C(=O)O)OC,CVCL_0313,COc1cc(Nc2ncc3c(n2)-c2ccc(Cl)cc2C(c2c(F)cccc2OC)=NC3)ccc1C(=O)O
1093,GSK1904529A,"IGF1R, IR",1.5364117742531325,180,HPAFII,CCC1=CC(=C(C=C1N2CCC(CC2)N3CCN(CC3)S(=O)(=O)C)OC)NC4=NC=CC(=N4)C5=C(N=C6N5C=CC=C6)C7=CC(=C(C=C7)OC)C(=O)NC8=C(C=CC=C8F)F,CVCL_0313,CCc1cc(Nc2nccc(-c3c(-c4ccc(OC)c(C(=O)Nc5c(F)cccc5F)c4)nc4ccccn34)n2)c(OC)cc1N1CCC(N2CCN(S(C)(=O)=O)CC2)CC1
1510,Linsitinib,IGF1R,1.5680997927871685,180,HPAFII,CC1(CC(C1)C2=NC(=C3N2C=CN=C3N)C4=CC5=C(C=C4)C=CC(=N5)C6=CC=CC=C6)O,CVCL_0313,CC1(O)CC(c2nc(-c3ccc4ccc(-c5ccccc5)nc4c3)c3c(N)nccn23)C1
1925,GDC0810,"ESR1, ESR2",1.5982512700360283,180,HPAFII,CC/C(=C(/C1=CC=C(C=C1)/C=C/C(=O)O)\C2=CC3=C(C=C2)NN=C3)/C4=C(C=C(C=C4)F)Cl,CVCL_0313,CC/C(=C(/c1ccc(/C=C/C(=O)O)cc1)c1ccc2[nH]ncc2c1)c1ccc(F)cc1Cl
1054,Palbociclib,"CDK4, CDK6",1.6120819689800137,180,HPAFII,CC1=C(C(=O)N(C2=NC(=NC=C12)NC3=NC=C(C=C3)N4CCNCC4)C5CCCC5)C(=O)C,CVCL_0313,CC(=O)c1c(C)c2cnc(Nc3ccc(N4CCNCC4)cn3)nc2n(C2CCCC2)c1=O
1239,YK-4-279,RNA helicase A,1.6198932142014155,180,HPAFII,COC1=CC=C(C=C1)C(=O)CC2(C3=C(C=CC(=C3NC2=O)Cl)Cl)O,CVCL_0313,COc1ccc(C(=O)CC2(O)C(=O)Nc3c(Cl)ccc(Cl)c32)cc1
1613,VE-822,ATR,1.6241792923690432,180,HPAFII,CC(C)S(=O)(=O)C1=CC=C(C=C1)C2=CN=C(C(=N2)C3=CC(=NO3)C4=CC=C(C=C4)CNC)N,CVCL_0313,CNCc1ccc(-c2cc(-c3nc(-c4ccc(S(=O)(=O)C(C)C)cc4)cnc3N)on2)cc1
1849,Sabutoclax,"BCL2,  BCL-XL,  BFL1, MCL1",1.6469603169404308,180,HPAFII,CC1=CC2=C(C(=C(C=C2C(=C1C3=C(C4=CC(=C(C(=C4C=C3C)C(=O)NC[C@H](C)C5=CC=CC=C5)O)O)O)O)O)O)C(=O)NC[C@H](C)C6=CC=CC=C6,CVCL_0313,Cc1cc2c(C(=O)NC[C@H](C)c3ccccc3)c(O)c(O)cc2c(O)c1-c1c(C)cc2c(C(=O)NC[C@H](C)c3ccccc3)c(O)c(O)cc2c1O
1578,Leflunomide,Pyrimidine synthesis inhibitor,1.6556154704593056,180,HPAFII,CC1=C(C=NO1)C(=O)NC2=CC=C(C=C2)C(F)(F)F,CVCL_0313,Cc1oncc1C(=O)Nc1ccc(C(F)(F)F)cc1
1012,Vorinostat,"HDAC inhibitor Class I, IIa, IIb, IV",1.664451409963025,180,HPAFII,C1=CC=C(C=C1)NC(=O)CCCCCCC(=O)NO,CVCL_0313,O=C(CCCCCCC(=O)Nc1ccccc1)NO
2111,VE821,ATR,1.6729629065729257,180,HPAFII,CS(=O)(=O)C1=CC=C(C=C1)C2=CN=C(C(=N2)C(=O)NC3=CC=CC=C3)N,CVCL_0313,CS(=O)(=O)c1ccc(-c2cnc(N)c(C(=O)Nc3ccccc3)n2)cc1
1511,Epirubicin,Anthracycline,1.728015725834022,180,HPAFII,C[C@H]1[C@@H]([C@H](C[C@@H](O1)O[C@H]2C[C@@](CC3=C2C(=C4C(=C3O)C(=O)C5=C(C4=O)C(=CC=C5)OC)O)(C(=O)CO)O)N)O,CVCL_0313,COc1cccc2c1C(=O)c1c(O)c3c(c(O)c1C2=O)C[C@@](O)(C(=O)CO)C[C@@H]3O[C@H]1C[C@H](N)[C@@H](O)[C@H](C)O1
1053,MK-2206,"AKT1, AKT2",1.7512899241133388,180,HPAFII,C1CC(C1)(C2=CC=C(C=C2)C3=C(C=C4C(=N3)C=CN5C4=NNC5=O)C6=CC=CC=C6)N.Cl.Cl,CVCL_0313,NC1(c2ccc(-c3nc4ccn5c(=O)[nH]nc5c4cc3-c3ccccc3)cc2)CCC1
2170,AT13148,AKT1,1.8408454756350987,180,HPAFII,C1=CC(=CC=C1C2=CNN=C2)[C@@](CN)(C3=CC=C(C=C3)Cl)O,CVCL_0313,NC[C@@](O)(c1ccc(Cl)cc1)c1ccc(-c2cn[nH]c2)cc1
1248,Daporinad,NAMPT,1.9011486624307408,180,HPAFII,C1CN(CCC1CCCCNC(=O)/C=C/C2=CN=CC=C2)C(=O)C3=CC=CC=C3,CVCL_0313,O=C(/C=C/c1cccnc1)NCCCCC1CCN(C(=O)c2ccccc2)CC1
1624,I-BET-762,"BRD2, BRD3, BRD4",1.980892371064744,180,HPAFII,CCNC(=O)C[C@H]1C2=NN=C(N2C3=C(C=C(C=C3)OC)C(=N1)C4=CC=C(C=C4)Cl)C,CVCL_0313,CCNC(=O)C[C@@H]1N=C(c2ccc(Cl)cc2)c2cc(OC)ccc2-n2c(C)nnc21
1249,BMS-345541,"IKK-1, IKK-2",2.0336208986053537,180,HPAFII,CC1=CC2=C(C=C1)N=C(C3=NC=C(N23)C)NCCN.Cl,CVCL_0313,Cc1ccc2nc(NCCN)c3ncc(C)n3c2c1
1593,Entinostat,"HDAC1, HDAC3",2.0465241952955893,180,HPAFII,C1=CC=C(C(=C1)N)NC(=O)C2=CC=C(C=C2)CNC(=O)OCC3=CN=CC=C3,CVCL_0313,Nc1ccccc1NC(=O)c1ccc(CNC(=O)OCc2cccnc2)cc1
2109,AZ6102,"TNKS1, TNKS2",2.877697930159896,180,HPAFII,CCC1=CC2=C(C=C1OC(=O)C(C)(C)C)OC(=C(C2=O)OC3=CC=C(C=C3)I)C(F)(F)F,CVCL_0313,CCc1cc2c(=O)c(Oc3ccc(I)cc3)c(C(F)(F)F)oc2cc1OC(=O)C(C)(C)C
2044,Pyridostatin,G-quadruplex stabiliser,-0.983750274330456,102,Hs766T,C1=CC=C2C(=C1)C(=CC(=N2)NC(=O)C3=CC(=CC(=N3)C(=O)NC4=NC5=CC=CC=C5C(=C4)OCCN)OCCN)OCCN,CVCL_0334,NCCOc1cc(C(=O)Nc2cc(OCCN)c3ccccc3n2)nc(C(=O)Nc2cc(OCCN)c3ccccc3n2)c1
1927,GSK2578215A,LRRK2,-0.8553333267117027,102,Hs766T,C1=CC=C(C=C1)COC2=C(C=C(C=C2)C3=CC(=NC=C3)F)C(=O)NC4=CN=CC=C4,CVCL_0334,O=C(Nc1cccnc1)c1cc(-c2ccnc(F)c2)ccc1OCc1ccccc1
1926,GNE-317,PI3Kalpha,-0.8125474187573815,102,Hs766T,CC1=C(SC2=C1N=C(N=C2N3CCOCC3)C4=CN=C(N=C4)N)C5(COC5)OC,CVCL_0334,COC1(c2sc3c(N4CCOCC4)nc(-c4cnc(N)nc4)nc3c2C)COC1
1057,Dactolisib,"PI3K (class 1), MTORC1, MTORC2",-0.7599011583215077,102,Hs766T,CC(C)(C#N)C1=CC=C(C=C1)N2C3=C4C=C(C=CC4=NC=C3N(C2=O)C)C5=CC6=CC=CC=C6N=C5,CVCL_0334,Cn1c(=O)n(-c2ccc(C(C)(C)C#N)cc2)c2c3cc(-c4cnc5ccccc5c4)ccc3ncc21
1060,PD0325901,"MEK1, MEK2",-0.6495259315499593,102,Hs766T,C1=CC(=C(C=C1I)F)NC2=C(C=CC(=C2F)F)C(=O)NOC[C@@H](CO)O,CVCL_0334,O=C(NOC[C@H](O)CO)c1ccc(F)c(F)c1Nc1ccc(I)cc1F
1036,PLX-4720,BRAF,-0.5545120972090689,102,Hs766T,CCCS(=O)(=O)NC1=C(C(=C(C=C1)F)C(=O)C2=CNC3=C2C=C(C=N3)Cl)F,CVCL_0334,CCCS(=O)(=O)Nc1ccc(F)c(C(=O)c2c[nH]c3ncc(Cl)cc23)c1F
1918,AZD8186,"PI3Kalpha, PI3Kbeta",-0.5155653342012685,102,Hs766T,C[C@H](C1=CC(=CC2=C1OC(=CC2=O)N3CCOCC3)C(=O)N(C)C)NC4=CC(=CC(=C4)F)F,CVCL_0334,C[C@@H](Nc1cc(F)cc(F)c1)c1cc(C(=O)N(C)C)cc2c(=O)cc(N3CCOCC3)oc12
1022,AZD7762,"CHEK1, CHEK2",-0.4535071093510652,102,Hs766T,C1C[C@@H](CNC1)NC(=O)C2=C(C=C(S2)C3=CC(=CC=C3)F)NC(=O)N,CVCL_0334,NC(=O)Nc1cc(-c2cccc(F)c2)sc1C(=O)N[C@H]1CCCNC1
1199,Tamoxifen,ESR1,-0.4272674558488884,102,Hs766T,CC/C(=C(\C1=CC=CC=C1)/C2=CC=C(C=C2)OCCN(C)C)/C3=CC=CC=C3,CVCL_0334,CC/C(=C(\c1ccccc1)c1ccc(OCCN(C)C)cc1)c1ccccc1
1564,SCH772984,"ERK1, ERK2",-0.2999371936147639,102,Hs766T,C1CN(C[C@@H]1C(=O)NC2=CC3=C(C=C2)NN=C3C4=CC=NC=C4)CC(=O)N5CCN(CC5)C6=CC=C(C=C6)C7=NC=CC=N7,CVCL_0334,O=C(Nc1ccc2[nH]nc(-c3ccncc3)c2c1)[C@@H]1CCN(CC(=O)N2CCN(c3ccc(-c4ncccn4)cc3)CC2)C1
1372,Trametinib,"MEK1, MEK2",-0.2954663148384704,102,Hs766T,CC1=C2C(=C(N(C1=O)C)NC3=C(C=C(C=C3)I)F)C(=O)N(C(=O)N2C4=CC=CC(=C4)NC(=O)C)C5CC5,CVCL_0334,CC(=O)Nc1cccc(-n2c(=O)n(C3CC3)c(=O)c3c(Nc4ccc(I)cc4F)n(C)c(=O)c(C)c32)c1
1558,Lapatinib,"EGFR, ERBB2",-0.1723301551751943,102,Hs766T,CS(=O)(=O)CCNCC1=CC=C(O1)C2=CC3=C(C=C2)N=CN=C3NC4=CC(=C(C=C4)OCC5=CC(=CC=C5)F)Cl,CVCL_0334,CS(=O)(=O)CCNCc1ccc(-c2ccc3ncnc(Nc4ccc(OCc5cccc(F)c5)c(Cl)c4)c3c2)o1
1908,Ulixertinib,"ERK1, ERK2",-0.1711269445340964,102,Hs766T,CC(C)NC1=NC=C(C(=C1)C2=CNC(=C2)C(=O)N[C@H](CO)C3=CC(=CC=C3)Cl)Cl,CVCL_0334,CC(C)Nc1cc(-c2c[nH]c(C(=O)N[C@H](CO)c3cccc(Cl)c3)c2)c(Cl)cn1
1053,MK-2206,"AKT1, AKT2",-0.0470083740377596,102,Hs766T,C1CC(C1)(C2=CC=C(C=C2)C3=C(C=C4C(=N3)C=CN5C4=NNC5=O)C6=CC=CC=C6)N.Cl.Cl,CVCL_0334,NC1(c2ccc(-c3nc4ccn5c(=O)[nH]nc5c4cc3-c3ccccc3)cc2)CCC1
2046,MK-8776,"CHEK1, CHEK2, CDK2",-0.0294985135671165,102,Hs766T,CN1C=C(C=N1)C2=C3N=C(C(=C(N3N=C2)N)Br)C4CCCNC4,CVCL_0334,Cn1cc(-c2cnn3c(N)c(Br)c(C4CCCNC4)nc23)cn1
1997,WEHI-539,BCL-XL,-0.0085656774955933,102,Hs766T,C1CC2=C(C=C(C=C2)C3=NC(=C(S3)CCCOC4=CC=C(C=C4)CN)C(=O)O)/C(=N/NC5=NC6=CC=CC=C6S5)/C1,CVCL_0334,NCc1ccc(OCCCc2sc(-c3ccc4c(c3)/C(=N/Nc3nc5ccccc5s3)CCC4)nc2C(=O)O)cc1
2110,GSK591,PMRT5,-0.0056793935529836,102,Hs766T,C1CC(C1)NC2=NC=CC(=C2)C(=O)NC[C@@H](CN3CCC4=CC=CC=C4C3)O,CVCL_0334,O=C(NC[C@H](O)CN1CCc2ccccc2C1)c1ccnc(NC2CCC2)c1
1079,Dasatinib,"ABL, SRC, Ephrins, PDGFR, KIT",0.0739310780709189,102,Hs766T,CC1=C(C(=CC=C1)Cl)NC(=O)C2=CN=C(S2)NC3=CC(=NC(=N3)C)N4CCN(CC4)CCO,CVCL_0334,Cc1nc(Nc2ncc(C(=O)Nc3c(C)cccc3Cl)s2)cc(N2CCN(CCO)CC2)n1
1046,Wee1 Inhibitor,"WEE1, CHEK1",0.1162082290803181,102,Hs766T,C1=CC=C(C(=C1)C2=CC3=C(C4=C(N3)C=CC(=C4)O)C5=C2C(=O)NC5=O)Cl,CVCL_0334,O=C1NC(=O)c2c1c(-c1ccccc1Cl)cc1[nH]c3ccc(O)cc3c21
1011,Navitoclax,"BCL2, BCL-XL, BCL-W",0.1375156524041917,102,Hs766T,CC1(CCC(=C(C1)CN2CCN(CC2)C3=CC=C(C=C3)C(=O)NS(=O)(=O)C4=CC(=C(C=C4)N[C@H](CCN5CCOCC5)CSC6=CC=CC=C6)S(=O)(=O)C(F)(F)F)C7=CC=C(C=C7)Cl)C,CVCL_0334,CC1(C)CCC(c2ccc(Cl)cc2)=C(CN2CCN(c3ccc(C(=O)NS(=O)(=O)c4ccc(N[C@H](CCN5CCOCC5)CSc5ccccc5)c(S(=O)(=O)C(F)(F)F)c4)cc3)CC2)C1
1091,BMS-536924,"IGF1R, IR",0.240364953286403,102,Hs766T,CC1=CC(=CC2=C1N=C(N2)C3=C(C=CNC3=O)NC[C@H](C4=CC(=CC=C4)Cl)O)N5CCOCC5,CVCL_0334,Cc1cc(N2CCOCC2)cc2[nH]c(-c3c(NC[C@@H](O)c4cccc(Cl)c4)cc[nH]c3=O)nc12
1084,Rapamycin,MTORC1,0.2405675003246708,102,Hs766T,CC1=NC(=C(N1)[N+](=O)[O-])N(CCN2CCOCC2)CC3=CC=CC=C3F,CVCL_0334,Cc1nc(N(CCN2CCOCC2)Cc2ccccc2F)c([N+](=O)[O-])[nH]1
1924,Ipatasertib,"AKT1, AKT, AKT3",0.2460475756741011,102,Hs766T,C[C@@H]1C[C@H](C2=C1C(=NC=N2)N3CCN(CC3)C(=O)[C@H](CNC(C)C)C4=CC=C(C=C4)Cl)O,CVCL_0334,CC(C)NC[C@@H](C(=O)N1CCN(c2ncnc3c2[C@H](C)C[C@H]3O)CC1)c1ccc(Cl)cc1
1910,ABT737,"BCL2, BCL-XL,  BCL-W, BCL-B, BFL1",0.2461825090639022,102,Hs766T,CN(C)CC[C@H](CSC1=CC=CC=C1)NC2=C(C=C(C=C2)S(=O)(=O)NC(=O)C3=CC=C(C=C3)N4CCN(CC4)CC5=CC=CC=C5C6=CC=C(C=C6)Cl)[N+](=O)[O-],CVCL_0334,CN(C)CC[C@H](CSc1ccccc1)Nc1ccc(S(=O)(=O)NC(=O)c2ccc(N3CCN(Cc4ccccc4-c4ccc(Cl)cc4)CC3)cc2)cc1[N+](=O)[O-]
1093,GSK1904529A,"IGF1R, IR",0.2601969332650987,102,Hs766T,CCC1=CC(=C(C=C1N2CCC(CC2)N3CCN(CC3)S(=O)(=O)C)OC)NC4=NC=CC(=N4)C5=C(N=C6N5C=CC=C6)C7=CC(=C(C=C7)OC)C(=O)NC8=C(C=CC=C8F)F,CVCL_0334,CCc1cc(Nc2nccc(-c3c(-c4ccc(OC)c(C(=O)Nc5c(F)cccc5F)c4)nc4ccccn34)n2)c(OC)cc1N1CCC(N2CCN(S(C)(=O)=O)CC2)CC1
1922,Cediranib,"VEGFR, FLT1, FLT2, FLT3, FLT4, KIT, PDGFRB",0.3026032365730368,102,Hs766T,CC1=CC2=C(N1)C=CC(=C2F)OC3=NC=NC4=CC(=C(C=C43)OC)OCCCN5CCCC5,CVCL_0334,COc1cc2c(Oc3ccc4[nH]c(C)cc4c3F)ncnc2cc1OCCCN1CCCC1
2040,Foretinib,"MET, KDR, TIE2, VEGFR3/FLT4, RON, PDGFR, FGFR1, EGFR",0.3727078070682883,102,Hs766T,COC1=CC2=C(C=CN=C2C=C1OCCCN3CCOCC3)OC4=C(C=C(C=C4)NC(=O)C5(CC5)C(=O)NC6=CC=C(C=C6)F)F,CVCL_0334,COc1cc2c(Oc3ccc(NC(=O)C4(C(=O)Nc5ccc(F)cc5)CC4)cc3F)ccnc2cc1OCCCN1CCOCC1
1917,AZD6738,ATR,0.4049151249203196,102,Hs766T,C[C@@H]1COCCN1C2=NC(=NC(=C2)C3(CC3)[S@](=N)(=O)C)C4=C5C=CNC5=NC=C4,CVCL_0334,C[C@@H]1COCCN1c1cc(C2([S@](C)(=N)=O)CC2)nc(-c2ccnc3[nH]ccc23)n1
2047,Ulixertinib,"ERK1, ERK2",0.4642712900093905,102,Hs766T,CC(C)NC1=NC=C(C(=C1)C2=CNC(=C2)C(=O)N[C@H](CO)C3=CC(=CC=C3)Cl)Cl,CVCL_0334,CC(C)Nc1cc(-c2c[nH]c(C(=O)N[C@H](CO)c3cccc(Cl)c3)c2)c(Cl)cn1
2045,AMG-319,PI3K (beta sparing),0.465995087126059,102,Hs766T,C[C@@H](C1=C(N=C2C=C(C=CC2=C1)F)C3=CC=CC=N3)NC4=NC=NC5=C4NC=N5,CVCL_0334,C[C@H](Nc1ncnc2nc[nH]c12)c1cc2ccc(F)cc2nc1-c1ccccn1
1054,Palbociclib,"CDK4, CDK6",0.4816231245818864,102,Hs766T,CC1=C(C(=O)N(C2=NC(=NC=C12)NC3=NC=C(C=C3)N4CCNCC4)C5CCCC5)C(=O)C,CVCL_0334,CC(=O)c1c(C)c2cnc(Nc3ccc(N4CCNCC4)cn3)nc2n(C2CCCC2)c1=O
1080,Paclitaxel,Microtubule stabiliser,0.4886424617276729,102,Hs766T,CC1=C2[C@H](C(=O)[C@@]3([C@H](C[C@@H]4[C@]([C@H]3[C@@H]([C@@](C2(C)C)(C[C@@H]1OC(=O)[C@@H]([C@H](C5=CC=CC=C5)NC(=O)C6=CC=CC=C6)O)O)OC(=O)C7=CC=CC=C7)(CO4)OC(=O)C)O)C)OC(=O)C,CVCL_0334,CC(=O)O[C@H]1C(=O)[C@]2(C)[C@@H](O)C[C@H]3OC[C@@]3(OC(C)=O)[C@H]2[C@H](OC(=O)c2ccccc2)[C@]2(O)C[C@H](OC(=O)[C@H](O)[C@@H](NC(=O)c3ccccc3)c3ccccc3)C(C)=C1C2(C)C
1012,Vorinostat,"HDAC inhibitor Class I, IIa, IIb, IV",0.4970856757933984,102,Hs766T,C1=CC=C(C=C1)NC(=O)CCCCCCC(=O)NO,CVCL_0334,O=C(CCCCCCC(=O)Nc1ccccc1)NO
1912,Afuresertib,"AKT1, AKT2, AKT3",0.5043804175415718,102,Hs766T,CN1C(=C(C=N1)Cl)C2=C(SC(=C2)C(=O)N[C@@H](CC3=CC(=CC=C3)F)CN)Cl,CVCL_0334,Cn1ncc(Cl)c1-c1cc(C(=O)N[C@H](CN)Cc2cccc(F)c2)sc1Cl
2170,AT13148,AKT1,0.5242684953477736,102,Hs766T,C1=CC(=CC=C1C2=CNN=C2)[C@@](CN)(C3=CC=C(C=C3)Cl)O,CVCL_0334,NC[C@@](O)(c1ccc(Cl)cc1)c1ccc(-c2cn[nH]c2)cc1
2096,VX-11e,ERK2,0.5622645178113,102,Hs766T,CC1=CN=C(N=C1C2=CNC(=C2)C(=O)N[C@H](CO)C3=CC(=CC=C3)Cl)NC4=C(C=C(C=C4)F)Cl,CVCL_0334,Cc1cnc(Nc2ccc(F)cc2Cl)nc1-c1c[nH]c(C(=O)N[C@H](CO)c2cccc(Cl)c2)c1
1085,Sorafenib,"PDGFR, KIT, VEGFR, RAF",0.5692340623021701,102,Hs766T,CNC(=O)C1=NC=CC(=C1)OC2=CC=C(C=C2)NC(=O)NC3=CC(=C(C=C3)Cl)C(F)(F)F,CVCL_0334,CNC(=O)c1cc(Oc2ccc(NC(=O)Nc3ccc(Cl)c(C(F)(F)F)c3)cc2)ccn1
1013,Nilotinib,ABL,0.5754029659627072,102,Hs766T,CC1=C(C=C(C=C1)C(=O)NC2=CC(=CC(=C2)C(F)(F)F)N3C=C(N=C3)C)NC4=NC=CC(=N4)C5=CN=CC=C5,CVCL_0334,Cc1cn(-c2cc(NC(=O)c3ccc(C)c(Nc4nccc(-c5cccnc5)n4)c3)cc(C(F)(F)F)c2)cn1
1058,Pictilisib,PI3K (class 1),0.589778465561014,102,Hs766T,CS(=O)(=O)N1CCN(CC1)CC2=CC3=C(S2)C(=NC(=N3)C4=C5C=NNC5=CC=C4)N6CCOCC6,CVCL_0334,CS(=O)(=O)N1CCN(Cc2cc3nc(-c4cccc5[nH]ncc45)nc(N4CCOCC4)c3s2)CC1
1549,Sapitinib,"EGFR, ERBB2, ERBB3",0.6416319537883951,102,Hs766T,CNC(=O)CN1CCC(CC1)OC2=C(C=C3C(=C2)C(=NC=N3)NC4=C(C(=CC=C4)Cl)F)OC,CVCL_0334,CNC(=O)CN1CCC(Oc2cc3c(Nc4cccc(Cl)c4F)ncnc3cc2OC)CC1
1916,AZD5363,"AKT1, AKT2, AKT3, ROCK2",0.6851295737965482,102,Hs766T,C1CN(CCC1(C(=O)N[C@@H](CCO)C2=CC=C(C=C2)Cl)N)C3=NC=NC4=C3C=CN4,CVCL_0334,NC1(C(=O)N[C@@H](CCO)c2ccc(Cl)cc2)CCN(c2ncnc3[nH]ccc23)CC1
1373,Dabrafenib,BRAF,0.7452608224007374,102,Hs766T,CC(C)(C)C1=NC(=C(S1)C2=NC(=NC=C2)N)C3=C(C(=CC=C3)NS(=O)(=O)C4=C(C=CC=C4F)F)F,CVCL_0334,CC(C)(C)c1nc(-c2cccc(NS(=O)(=O)c3c(F)cccc3F)c2F)c(-c2ccnc(N)n2)s1
1049,PD173074,"FGFR1, FGFR2, FGFR3",0.7957704257094675,102,Hs766T,CCN(CC)CCCCNC1=NC2=NC(=C(C=C2C=N1)C3=CC(=CC(=C3)OC)OC)NC(=O)NC(C)(C)C,CVCL_0334,CCN(CC)CCCCNc1ncc2cc(-c3cc(OC)cc(OC)c3)c(NC(=O)NC(C)(C)C)nc2n1
1010,Gefitinib,EGFR,0.8392209175005693,102,Hs766T,COC1=C(C=C2C(=C1)N=CN=C2NC3=CC(=C(C=C3)F)Cl)OCCCN4CCOCC4,CVCL_0334,COc1cc2ncnc(Nc3ccc(F)c(Cl)c3)c2cc1OCCCN1CCOCC1
1939,UMI-77,MCL1,0.8455483834183217,102,Hs766T,C1=CC=C2C(=C1)C(=CC(=C2O)SCC(=O)O)NS(=O)(=O)C3=CC=C(C=C3)Br,CVCL_0334,O=C(O)CSc1cc(NS(=O)(=O)c2ccc(Br)cc2)c2ccccc2c1O
1239,YK-4-279,RNA helicase A,0.8478981152598531,102,Hs766T,COC1=CC=C(C=C1)C(=O)CC2(C3=C(C=CC(=C3NC2=O)Cl)Cl)O,CVCL_0334,COc1ccc(C(=O)CC2(O)C(=O)Nc3c(Cl)ccc(Cl)c32)cc1
1941,Sepantronium bromide,BIRC5,0.8682922675527152,102,Hs766T,CC1=[N+](C2=C(N1CCOC)C(=O)C3=CC=CC=C3C2=O)CC4=NC=CN=C4.[Br-],CVCL_0334,COCCn1c2c([n+](Cc3cnccn3)c1C)C(=O)c1ccccc1C2=O
1919,Osimertinib,EGFR,0.8997546593145912,102,Hs766T,CN1C=C(C2=CC=CC=C21)C3=NC(=NC=C3)NC4=C(C=C(C(=C4)NC(=O)C=C)N(C)CCN(C)C)OC,CVCL_0334,C=CC(=O)Nc1cc(Nc2nccc(-c3cn(C)c4ccccc34)n2)c(OC)cc1N(C)CCN(C)C
1237,EPZ004777,DOT1L,0.905979240259876,102,Hs766T,CC(C)N(CCCNC(=O)NC1=CC=C(C=C1)C(C)(C)C)C[C@@H]2[C@H]([C@H]([C@@H](O2)N3C=CC4=C(N=CN=C43)N)O)O,CVCL_0334,CC(C)N(CCCNC(=O)Nc1ccc(C(C)(C)C)cc1)C[C@H]1O[C@@H](n2ccc3c(N)ncnc32)[C@H](O)[C@@H]1O
1034,Staurosporine,Broad spectrum kinase inhibitor,0.919111309930571,102,Hs766T,C[C@@]12[C@@H]([C@@H](C[C@H](O1)N3C4=CC=CC=C4C5=C6C(=C7C8=CC=CC=C8N2C7=C53)CNC6=O)NC)OC,CVCL_0334,CN[C@@H]1C[C@@H]2O[C@@](C)([C@@H]1OC)n1c3ccccc3c3c4c(c5c6ccccc6n2c5c31)C(=O)NC4
1375,Temozolomide,DNA alkylating agent,0.9269852346592726,102,Hs766T,CN1C(=O)N2C=NC(=C2N=N1)C(=O)N,CVCL_0334,Cn1nnc2c(C(N)=O)ncn2c1=O
1512,Cyclophosphamide,Alkylating agent,0.9289748361945116,102,Hs766T,C1CNP(=O)(OC1)N(CCCl)CCCl,CVCL_0334,O=P1(N(CCCl)CCCl)NCCCO1
1017,Olaparib,"PARP1, PARP2",0.9501630311499704,102,Hs766T,C1CC1C(=O)N2CCN(CC2)C(=O)C3=C(C=CC(=C3)CC4=NNC(=O)C5=CC=CC=C54)F,CVCL_0334,O=C(c1cc(Cc2n[nH]c(=O)c3ccccc23)ccc1F)N1CCN(C(=O)C2CC2)CC1
1179,MK-1775,"WEE1, PLK1",0.9555623488931612,102,Hs766T,CC(C)(C1=NC(=CC=C1)N2C3=NC(=NC=C3C(=O)N2CC=C)NC4=CC=C(C=C4)N5CCN(CC5)C)O,CVCL_0334,C=CCn1c(=O)c2cnc(Nc3ccc(N4CCN(C)CC4)cc3)nc2n1-c1cccc(C(C)(C)O)n1
1928,I-BRD9,BRD9,0.9809022246982964,102,Hs766T,CCN1C=C(C2=C(C1=O)C=C(S2)C(=NC3CCS(=O)(=O)CC3)N)C4=CC(=CC=C4)C(F)(F)F,CVCL_0334,CCn1cc(-c2cccc(C(F)(F)F)c2)c2sc(C(N)=NC3CCS(=O)(=O)CC3)cc2c1=O
1873,Buparlisib,"PI3Kalpha, PI3Kdelta, PI3Kbeta, PI3Kgamma",1.0149705338843027,102,Hs766T,C1COCCN1C2=NC(=NC(=C2)C3=CN=C(C=C3C(F)(F)F)N)N4CCOCC4,CVCL_0334,Nc1cc(C(F)(F)F)c(-c2cc(N3CCOCC3)nc(N3CCOCC3)n2)cn1
1561,Taselisib,PI3K (beta sparing),1.1139779333257027,102,Hs766T,CC1=NN(C(=N1)C2=CN3CCOC4=C(C3=N2)C=CC(=C4)C5=CN(N=C5)C(C)(C)C(=O)N)C(C)C,CVCL_0334,Cc1nc(-c2cn3c(n2)-c2ccc(-c4cnn(C(C)(C)C(N)=O)c4)cc2OCC3)n(C(C)C)n1
1915,AZD3759,EGFR,1.177145861974439,102,Hs766T,C[C@@H]1CN(CCN1C(=O)OC2=C(C=C3C(=C2)C(=NC=N3)NC4=C(C(=CC=C4)Cl)F)OC)C,CVCL_0334,COc1cc2ncnc(Nc3cccc(Cl)c3F)c2cc1OC(=O)N1CCN(C)C[C@H]1C
1200,Fulvestrant,ESR,1.2007080136958574,102,Hs766T,C[C@]12CC[C@H]3[C@H]([C@@H]1CC[C@@H]2O)[C@@H](CC4=C3C=CC(=C4)O)CCCCCCCCCS(=O)CCCC(C(F)(F)F)(F)F,CVCL_0334,C[C@]12CC[C@@H]3c4ccc(O)cc4C[C@@H](CCCCCCCCC[S+]([O-])CCCC(F)(F)C(F)(F)F)[C@H]3[C@@H]1CC[C@@H]2O
1089,Oxaliplatin,DNA alkylating agent,1.2234123153011178,102,Hs766T,C1CC[C@H]([C@@H](C1)N)N.C(=O)(C(=O)O)O.[Pt],CVCL_0334,N[C@@H]1CCCC[C@H]1N
1931,MIRA-1,TP53,1.2322691878809249,102,Hs766T,CCC(=O)OCN1C(=O)C=CC1=O,CVCL_0334,CCC(=O)OCN1C(=O)C=CC1=O
2111,VE821,ATR,1.2444899098952007,102,Hs766T,CS(=O)(=O)C1=CC=C(C=C1)C2=CN=C(C(=N2)C(=O)NC3=CC=CC=C3)N,CVCL_0334,CS(=O)(=O)c1ccc(-c2cnc(N)c(C(=O)Nc3ccccc3)n2)cc1
1560,Alpelisib,PI3Kalpha,1.2666019106920514,102,Hs766T,CC1=C(SC(=N1)NC(=O)N2CCC[C@H]2C(=O)N)C3=CC(=NC=C3)C(C)(C)C(F)(F)F,CVCL_0334,Cc1nc(NC(=O)N2CCC[C@H]2C(N)=O)sc1-c1ccnc(C(C)(C)C(F)(F)F)c1
1925,GDC0810,"ESR1, ESR2",1.2765104094830733,102,Hs766T,CC/C(=C(/C1=CC=C(C=C1)/C=C/C(=O)O)\C2=CC3=C(C=C2)NN=C3)/C4=C(C=C(C=C4)F)Cl,CVCL_0334,CC/C(=C(/c1ccc(/C=C/C(=O)O)cc1)c1ccc2[nH]ncc2c1)c1ccc(F)cc1Cl
1930,Telomerase Inhibitor IX,Telomerase,1.3198996096612667,102,Hs766T,C1=CC(=CC(=C1)NC(=O)C2=C(C(=CC=C2)O)O)NC(=O)C3=C(C(=CC=C3)O)O,CVCL_0334,O=C(Nc1cccc(NC(=O)c2cccc(O)c2O)c1)c1cccc(O)c1O
1862,MG-132,"Proteasome, CAPN1",1.3844348952760164,102,Hs766T,CC(C)C[C@@H](C=O)NC(=O)[C@H](CC(C)C)NC(=O)[C@H](CC(C)C)NC(=O)OCC1=CC=CC=C1,CVCL_0334,CC(C)C[C@@H](C=O)NC(=O)[C@H](CC(C)C)NC(=O)[C@H](CC(C)C)NC(=O)OCc1ccccc1
2043,BIBR-1532,TERT,1.4089226833244195,102,Hs766T,C/C(=C\C(=O)NC1=CC=CC=C1C(=O)O)/C2=CC3=CC=CC=C3C=C2,CVCL_0334,C/C(=C\C(=O)Nc1ccccc1C(=O)O)c1ccc2ccccc2c1
1909,Venetoclax,BCL2,1.4280131280069448,102,Hs766T,CC1(CCC(=C(C1)C2=CC=C(C=C2)Cl)CN3CCN(CC3)C4=CC(=C(C=C4)C(=O)NS(=O)(=O)C5=CC(=C(C=C5)NCC6CCOCC6)[N+](=O)[O-])OC7=CN=C8C(=C7)C=CN8)C,CVCL_0334,CC1(C)CCC(CN2CCN(c3ccc(C(=O)NS(=O)(=O)c4ccc(NCC5CCOCC5)c([N+](=O)[O-])c4)c(Oc4cnc5[nH]ccc5c4)c3)CC2)=C(c2ccc(Cl)cc2)C1
1913,AGI-5198,IDH1 (R132H),1.4381502047624477,102,Hs766T,CC1=CC=CC=C1C(C(=O)NC2CCCCC2)N(C3=CC(=CC=C3)F)C(=O)CN4C=CN=C4C,CVCL_0334,Cc1ccccc1C(C(=O)NC1CCCCC1)N(C(=O)Cn1ccnc1C)c1cccc(F)c1
1933,P22077,"USP7, USP47",1.4488220819847482,102,Hs766T,CC(=O)C1=CC(=C(S1)SC2=C(C=C(C=C2)F)F)[N+](=O)[O-],CVCL_0334,CC(=O)c1cc([N+](=O)[O-])c(Sc2ccc(F)cc2F)s1
1563,EPZ5676,DOT1L,1.4595496519082158,102,Hs766T,CC(C)N(C[C@@H]1[C@H]([C@H]([C@@H](O1)N2C=NC3=C(N=CN=C32)N)O)O)C4CC(C4)CCC5=NC6=C(N5)C=C(C=C6)C(C)(C)C,CVCL_0334,CC(C)N(C[C@H]1O[C@@H](n2cnc3c(N)ncnc32)[C@H](O)[C@@H]1O)C1CC(CCc2nc3ccc(C(C)(C)C)cc3[nH]2)C1
1073,5-Fluorouracil,Antimetabolite (DNA & RNA),1.4639072240591755,102,Hs766T,C1=C(C(=O)NC(=O)N1)F,CVCL_0334,O=c1[nH]cc(F)c(=O)[nH]1
1259,Talazoparib,"PARP1, PARP2",1.5234167584351532,102,Hs766T,CC(C)/C=N/NC(=O)C1=CC=C(C=C1)NC(=O)C,CVCL_0334,CC(=O)Nc1ccc(C(=O)N/N=C/C(C)C)cc1
1032,Afatinib,"ERBB2, EGFR",1.541143227323741,102,Hs766T,CN(C)C/C=C/C(=O)NC1=C(C=C2C(=C1)C(=NC=N2)NC3=CC(=C(C=C3)F)Cl)O[C@H]4CCOC4,CVCL_0334,CN(C)C/C=C/C(=O)Nc1cc2c(Nc3ccc(F)c(Cl)c3)ncnc2cc1O[C@H]1CCOC1
1786,AZD4547,"FGFR1, FGFR2, FGFR3",1.5582163968503735,102,Hs766T,C[C@@H]1CN(C[C@@H](N1)C)C2=CC=C(C=C2)C(=O)NC3=NNC(=C3)CCC4=CC(=CC(=C4)OC)OC,CVCL_0334,COc1cc(CCc2cc(NC(=O)c3ccc(N4C[C@H](C)N[C@H](C)C4)cc3)n[nH]2)cc(OC)c1
1511,Epirubicin,Anthracycline,1.5848423285231714,102,Hs766T,C[C@H]1[C@@H]([C@H](C[C@@H](O1)O[C@H]2C[C@@](CC3=C2C(=C4C(=C3O)C(=O)C5=C(C4=O)C(=CC=C5)OC)O)(C(=O)CO)O)N)O,CVCL_0334,COc1cccc2c1C(=O)c1c(O)c3c(c(O)c1C2=O)C[C@@](O)(C(=O)CO)C[C@@H]3O[C@H]1C[C@H](N)[C@@H](O)[C@H](C)O1
1940,WIKI4,"TNKS1, TNKS2",1.586967164741901,102,Hs766T,COC1=CC=C(C=C1)N2C(=NN=C2SCCCN3C(=O)C4=CC=CC5=C4C(=CC=C5)C3=O)C6=CC=NC=C6,CVCL_0334,COc1ccc(-n2c(SCCCN3C(=O)c4cccc5cccc(c45)C3=O)nnc2-c2ccncc2)cc1
1047,Nutlin-3a (-),MDM2,1.651786155348447,102,Hs766T,CC(C)OC1=C(C=CC(=C1)OC)C2=N[C@H]([C@H](N2C(=O)N3CCNC(=O)C3)C4=CC=C(C=C4)Cl)C5=CC=C(C=C5)Cl,CVCL_0334,COc1ccc(C2=N[C@@H](c3ccc(Cl)cc3)[C@@H](c3ccc(Cl)cc3)N2C(=O)N2CCNC(=O)C2)c(OC(C)C)c1
2107,LJI308,"RSK2, RSK1, RSK3",1.6575454955102271,102,Hs766T,C1COCCN1C2=CC=C(C=C2)C3=C(C=NC=C3)C4=CC(=C(C(=C4)F)O)F,CVCL_0334,Oc1c(F)cc(-c2cnccc2-c2ccc(N3CCOCC3)cc2)cc1F
1936,Savolitinib,MET,1.6675133783310652,102,Hs766T,C[C@@H](C1=CN2C=CN=C2C=C1)N3C4=NC(=CN=C4N=N3)C5=CN(N=C5)C,CVCL_0334,C[C@@H](c1ccc2nccn2c1)n1nnc2ncc(-c3cnn(C)c3)nc21
1529,Pevonedistat,NAE,1.6727983492143434,102,Hs766T,C1CC2=CC=CC=C2[C@H]1NC3=C4C=CN(C4=NC=N3)[C@@H]5C[C@H]([C@H](C5)O)COS(=O)(=O)N,CVCL_0334,NS(=O)(=O)OC[C@@H]1C[C@@H](n2ccc3c(N[C@H]4CCc5ccccc54)ncnc32)C[C@@H]1O
1168,Erlotinib,EGFR,1.683243942790121,102,Hs766T,COCCOC1=C(C=C2C(=C1)C(=NC=N2)NC3=CC=CC(=C3)C#C)OCCOC,CVCL_0334,C#Cc1cccc(Nc2ncnc3cc(OCCOC)c(OCCOC)cc23)c1
1004,Vinblastine,Microtubule destabiliser,1.7500483496988906,102,Hs766T,CC[C@@]1(CC2C[C@@](C3=C(CCN(C2)C1)C4=CC=CC=C4N3)(C5=C(C=C6C(=C5)[C@]78CCN9[C@H]7[C@@](C=CC9)([C@H]([C@@]([C@@H]8N6C)(C(=O)OC)O)OC(=O)C)CC)OC)C(=O)OC)O,CVCL_0334,CC[C@]1(O)CC2CN(CCc3c([nH]c4ccccc34)[C@@](C(=O)OC)(c3cc4c(cc3OC)N(C)[C@H]3[C@@](O)(C(=O)OC)[C@H](OC(C)=O)[C@]5(CC)C=CCN6CC[C@]43[C@@H]65)C2)C1
1003,Camptothecin,TOP1,1.7814501057863343,102,Hs766T,CC[C@@]1(C2=C(COC1=O)C(=O)N3CC4=CC5=CC=CC=C5N=C4C3=C2)O,CVCL_0334,CC[C@@]1(O)C(=O)OCc2c1cc1n(c2=O)Cc2cc3ccccc3nc2-1
2106,Uprosertib,"AKT1, AKT2, AKT3",1.8535029508429228,102,Hs766T,CN1C(=C(C=N1)Cl)C2=C(OC(=C2)C(=O)N[C@@H](CC3=CC(=C(C=C3)F)F)CN)Cl,CVCL_0334,Cn1ncc(Cl)c1-c1cc(C(=O)N[C@H](CN)Cc2ccc(F)c(F)c2)oc1Cl
1006,Cytarabine,Antimetabolite,1.8764403022702147,102,Hs766T,C1=CN(C(=O)N=C1N)[C@H]2[C@H]([C@@H]([C@H](O2)CO)O)O,CVCL_0334,Nc1ccn([C@@H]2O[C@H](CO)[C@@H](O)[C@@H]2O)c(=O)n1
1190,Gemcitabine,Pyrimidine antimetabolite,1.9225049533193688,102,Hs766T,C1=CN(C(=O)N=C1N)[C@H]2C([C@@H]([C@H](O2)CO)O)(F)F,CVCL_0334,Nc1ccn([C@@H]2O[C@H](CO)[C@@H](O)C2(F)F)c(=O)n1
1510,Linsitinib,IGF1R,1.9276531186438788,102,Hs766T,CC1(CC(C1)C2=NC(=C3N2C=CN=C3N)C4=CC5=C(C=C4)C=CC(=N5)C6=CC=CC=C6)O,CVCL_0334,CC1(O)CC(c2nc(-c3ccc4ccc(-c5ccccc5)nc4c3)c3c(N)nccn23)C1
1996,MIM1,MCL1,1.9503399374877584,102,Hs766T,CC(C)[C@H]1CSC(=N1)N2[C@H](CSC2=S)C(C)C,CVCL_0334,CC(C)[C@H]1CSC(N2C(=S)SC[C@@H]2C(C)C)=N1
1088,Irinotecan,TOP1,1.963086431897873,102,Hs766T,CCC1=C2CN3C(=CC4=C(C3=O)COC(=O)[C@@]4(CC)O)C2=NC5=C1C=C(C=C5)OC(=O)N6CCC(CC6)N7CCCCC7,CVCL_0334,CCc1c2c(nc3ccc(OC(=O)N4CCC(N5CCCCC5)CC4)cc13)-c1cc3c(c(=O)n1C2)COC(=O)[C@]3(O)CC
1932,NVP-ADW742,IGF1R,2.110121445634276,102,Hs766T,C1CCN(C1)CC2CC(C2)N3C=C(C4=C(N=CN=C43)N)C5=CC(=CC=C5)OCC6=CC=CC=C6,CVCL_0334,Nc1ncnc2c1c(-c1cccc(OCc3ccccc3)c1)cn2C1CC(CN2CCCC2)C1
1559,Luminespib,HSP90,2.114477415931765,102,Hs766T,CN1C2=CC=CC=C2C(C1=O)(CC(=O)C3=CC=C(C=C3)Cl)O,CVCL_0334,CN1C(=O)C(O)(CC(=O)c2ccc(Cl)cc2)c2ccccc21
1598,LGK974,PORCN,2.180340228525335,102,Hs766T,CC1=CC(=CN=C1C2=CC(=NC=C2)C)CC(=O)NC3=NC=C(C=C3)C4=NC=CN=C4,CVCL_0334,Cc1cc(-c2ncc(CC(=O)Nc3ccc(-c4cnccn4)cn3)cc2C)ccn1
2048,Vinorelbine,Microtubule destabiliser,2.206034203828352,102,Hs766T,CCC1=C[C@H]2C[C@@](C3=C(CN(C2)C1)C4=CC=CC=C4N3)(C5=C(C=C6C(=C5)[C@]78CCN9[C@H]7[C@@](C=CC9)([C@H]([C@@]([C@@H]8N6C)(C(=O)OC)O)OC(=O)C)CC)OC)C(=O)OC,CVCL_0334,CCC1=C[C@@H]2CN(C1)Cc1c([nH]c3ccccc13)[C@@](C(=O)OC)(c1cc3c(cc1OC)N(C)[C@H]1[C@@](O)(C(=O)OC)[C@H](OC(C)=O)[C@]4(CC)C=CCN5CC[C@]31[C@@H]54)C2
1248,Daporinad,NAMPT,2.3642554475745263,102,Hs766T,C1CN(CCC1CCCCNC(=O)/C=C/C2=CN=CC=C2)C(=O)C3=CC=CC=C3,CVCL_0334,O=C(/C=C/c1cccnc1)NCCCCC1CCN(C(=O)c2ccccc2)CC1
1007,Docetaxel,Microtubule stabiliser,2.6431835202675,102,Hs766T,CC1=C2[C@H](C(=O)[C@@]3([C@H](C[C@@H]4[C@]([C@H]3[C@@H]([C@@](C2(C)C)(C[C@@H]1OC(=O)[C@@H]([C@H](C5=CC=CC=C5)NC(=O)OC(C)(C)C)O)O)OC(=O)C6=CC=CC=C6)(CO4)OC(=O)C)O)C)O,CVCL_0334,CC(=O)O[C@@]12CO[C@@H]1C[C@H](O)[C@@]1(C)C(=O)[C@H](O)C3=C(C)[C@@H](OC(=O)[C@H](O)[C@@H](NC(=O)OC(C)(C)C)c4ccccc4)C[C@@](O)([C@@H](OC(=O)c4ccccc4)[C@@H]12)C3(C)C
2109,AZ6102,"TNKS1, TNKS2",4.307776304296584,102,Hs766T,CCC1=CC2=C(C=C1OC(=O)C(C)(C)C)OC(=C(C2=O)OC3=CC=C(C=C3)I)C(F)(F)F,CVCL_0334,CCc1cc2c(=O)c(Oc3ccc(I)cc3)c(C(F)(F)F)oc2cc1OC(=O)C(C)(C)C
1079,Dasatinib,"ABL, SRC, Ephrins, PDGFR, KIT",-1.1155275245198817,179,HuPT3,CC1=C(C(=CC=C1)Cl)NC(=O)C2=CN=C(S2)NC3=CC(=NC(=N3)C)N4CCN(CC4)CCO,CVCL_1299,Cc1nc(Nc2ncc(C(=O)Nc3c(C)cccc3Cl)s2)cc(N2CCN(CCO)CC2)n1
1091,BMS-536924,"IGF1R, IR",-0.8623644970097027,179,HuPT3,CC1=CC(=CC2=C1N=C(N2)C3=C(C=CNC3=O)NC[C@H](C4=CC(=CC=C4)Cl)O)N5CCOCC5,CVCL_1299,Cc1cc(N2CCOCC2)cc2[nH]c(-c3c(NC[C@@H](O)c4cccc(Cl)c4)cc[nH]c3=O)nc12
1786,AZD4547,"FGFR1, FGFR2, FGFR3",-0.77118805682044,179,HuPT3,C[C@@H]1CN(C[C@@H](N1)C)C2=CC=C(C=C2)C(=O)NC3=NNC(=C3)CCC4=CC(=CC(=C4)OC)OC,CVCL_1299,COc1cc(CCc2cc(NC(=O)c3ccc(N4C[C@H](C)N[C@H](C)C4)cc3)n[nH]2)cc(OC)c1
1131,PRIMA-1MET,TP53 activation,-0.7059403211613104,179,HuPT3,COCC1(C(=O)C2CCN1CC2)CO,CVCL_1299,COCC1(CO)C(=O)C2CCN1CC2
1933,P22077,"USP7, USP47",-0.6490564623653059,179,HuPT3,CC(=O)C1=CC(=C(S1)SC2=C(C=C(C=C2)F)F)[N+](=O)[O-],CVCL_1299,CC(=O)c1cc([N+](=O)[O-])c(Sc2ccc(F)cc2F)s1
1510,Linsitinib,IGF1R,-0.6110629516281116,179,HuPT3,CC1(CC(C1)C2=NC(=C3N2C=CN=C3N)C4=CC5=C(C=C4)C=CC(=N5)C6=CC=CC=C6)O,CVCL_1299,CC1(O)CC(c2nc(-c3ccc4ccc(-c5ccccc5)nc4c3)c3c(N)nccn23)C1
1736,Selumetinib,"MEK1, MEK2",-0.4930216955151905,179,HuPT3,CN1C=NC2=C1C=C(C(=C2F)NC3=C(C=C(C=C3)Br)Cl)C(=O)NOCCO,CVCL_1299,Cn1cnc2c(F)c(Nc3ccc(Br)cc3Cl)c(C(=O)NOCCO)cc21
1060,PD0325901,"MEK1, MEK2",-0.4889940408585964,179,HuPT3,C1=CC(=C(C=C1I)F)NC2=C(C=CC(=C2F)F)C(=O)NOC[C@@H](CO)O,CVCL_1299,O=C(NOC[C@H](O)CO)c1ccc(F)c(F)c1Nc1ccc(I)cc1F
1083,Crizotinib,"MET, ALK, ROS1",-0.4719966908497474,179,HuPT3,C[C@H](C1=C(C=CC(=C1Cl)F)Cl)OC2=C(N=CC(=C2)C3=CN(N=C3)C4CCNCC4)N,CVCL_1299,C[C@@H](Oc1cc(-c2cnn(C3CCNCC3)c2)cnc1N)c1c(Cl)ccc(F)c1Cl
1930,Telomerase Inhibitor IX,Telomerase,-0.4555177429281721,179,HuPT3,C1=CC(=CC(=C1)NC(=O)C2=C(C(=CC=C2)O)O)NC(=O)C3=C(C(=CC=C3)O)O,CVCL_1299,O=C(Nc1cccc(NC(=O)c2cccc(O)c2O)c1)c1cccc(O)c1O
1862,MG-132,"Proteasome, CAPN1",-0.4271620185758712,179,HuPT3,CC(C)C[C@@H](C=O)NC(=O)[C@H](CC(C)C)NC(=O)[C@H](CC(C)C)NC(=O)OCC1=CC=CC=C1,CVCL_1299,CC(C)C[C@@H](C=O)NC(=O)[C@H](CC(C)C)NC(=O)[C@H](CC(C)C)NC(=O)OCc1ccccc1
1529,Pevonedistat,NAE,-0.4166682195251822,179,HuPT3,C1CC2=CC=CC=C2[C@H]1NC3=C4C=CN(C4=NC=N3)[C@@H]5C[C@H]([C@H](C5)O)COS(=O)(=O)N,CVCL_1299,NS(=O)(=O)OC[C@@H]1C[C@@H](n2ccc3c(N[C@H]4CCc5ccccc54)ncnc32)C[C@@H]1O
1564,SCH772984,"ERK1, ERK2",-0.3559876328550972,179,HuPT3,C1CN(C[C@@H]1C(=O)NC2=CC3=C(C=C2)NN=C3C4=CC=NC=C4)CC(=O)N5CCN(CC5)C6=CC=C(C=C6)C7=NC=CC=N7,CVCL_1299,O=C(Nc1ccc2[nH]nc(-c3ccncc3)c2c1)[C@@H]1CCN(CC(=O)N2CCN(c3ccc(-c4ncccn4)cc3)CC2)C1
1918,AZD8186,"PI3Kalpha, PI3Kbeta",-0.3441164280745616,179,HuPT3,C[C@H](C1=CC(=CC2=C1OC(=CC2=O)N3CCOCC3)C(=O)N(C)C)NC4=CC(=CC(=C4)F)F,CVCL_1299,C[C@@H](Nc1cc(F)cc(F)c1)c1cc(C(=O)N(C)C)cc2c(=O)cc(N3CCOCC3)oc12
1022,AZD7762,"CHEK1, CHEK2",-0.3390667340976794,179,HuPT3,C1C[C@@H](CNC1)NC(=O)C2=C(C=C(S2)C3=CC(=CC=C3)F)NC(=O)N,CVCL_1299,NC(=O)Nc1cc(-c2cccc(F)c2)sc1C(=O)N[C@H]1CCCNC1
1917,AZD6738,ATR,-0.3330688463270606,179,HuPT3,C[C@@H]1COCCN1C2=NC(=NC(=C2)C3(CC3)[S@](=N)(=O)C)C4=C5C=CNC5=NC=C4,CVCL_1299,C[C@@H]1COCCN1c1cc(C2([S@](C)(=N)=O)CC2)nc(-c2ccnc3[nH]ccc23)n1
2096,VX-11e,ERK2,-0.321612340163046,179,HuPT3,CC1=CN=C(N=C1C2=CNC(=C2)C(=O)N[C@H](CO)C3=CC(=CC=C3)Cl)NC4=C(C=C(C=C4)F)Cl,CVCL_1299,Cc1cnc(Nc2ccc(F)cc2Cl)nc1-c1c[nH]c(C(=O)N[C@H](CO)c2cccc(Cl)c2)c1
1372,Trametinib,"MEK1, MEK2",-0.2541465366464112,179,HuPT3,CC1=C2C(=C(N(C1=O)C)NC3=C(C=C(C=C3)I)F)C(=O)N(C(=O)N2C4=CC=CC(=C4)NC(=O)C)C5CC5,CVCL_1299,CC(=O)Nc1cccc(-n2c(=O)n(C3CC3)c(=O)c3c(Nc4ccc(I)cc4F)n(C)c(=O)c(C)c32)c1
1941,Sepantronium bromide,BIRC5,-0.244856765240416,179,HuPT3,CC1=[N+](C2=C(N1CCOC)C(=O)C3=CC=CC=C3C2=O)CC4=NC=CN=C4.[Br-],CVCL_1299,COCCn1c2c([n+](Cc3cnccn3)c1C)C(=O)c1ccccc1C2=O
1908,Ulixertinib,"ERK1, ERK2",-0.238136670543196,179,HuPT3,CC(C)NC1=NC=C(C(=C1)C2=CNC(=C2)C(=O)N[C@H](CO)C3=CC(=CC=C3)Cl)Cl,CVCL_1299,CC(C)Nc1cc(-c2c[nH]c(C(=O)N[C@H](CO)c3cccc(Cl)c3)c2)c(Cl)cn1
1549,Sapitinib,"EGFR, ERBB2, ERBB3",-0.2345778442038754,179,HuPT3,CNC(=O)CN1CCC(CC1)OC2=C(C=C3C(=C2)C(=NC=N3)NC4=C(C(=CC=C4)Cl)F)OC,CVCL_1299,CNC(=O)CN1CCC(Oc2cc3c(Nc4cccc(Cl)c4F)ncnc3cc2OC)CC1
2046,MK-8776,"CHEK1, CHEK2, CDK2",-0.2161183564119714,179,HuPT3,CN1C=C(C=N1)C2=C3N=C(C(=C(N3N=C2)N)Br)C4CCCNC4,CVCL_1299,Cn1cc(-c2cnn3c(N)c(Br)c(C4CCCNC4)nc23)cn1
1089,Oxaliplatin,DNA alkylating agent,-0.2070637552672324,179,HuPT3,C1CC[C@H]([C@@H](C1)N)N.C(=O)(C(=O)O)O.[Pt],CVCL_1299,N[C@@H]1CCCC[C@H]1N
1046,Wee1 Inhibitor,"WEE1, CHEK1",-0.200844310735634,179,HuPT3,C1=CC=C(C(=C1)C2=CC3=C(C4=C(N3)C=CC(=C4)O)C5=C2C(=O)NC5=O)Cl,CVCL_1299,O=C1NC(=O)c2c1c(-c1ccccc1Cl)cc1[nH]c3ccc(O)cc3c21
1630,Entospletinib,SYK,-0.1976383225169241,179,HuPT3,C1COCCN1C2=CC=C(C=C2)NC3=NC(=CN4C3=NC=C4)C5=CC6=C(C=C5)C=NN6,CVCL_1299,c1cn2cc(-c3ccc4cn[nH]c4c3)nc(Nc3ccc(N4CCOCC4)cc3)c2n1
1997,WEHI-539,BCL-XL,-0.1941839037141225,179,HuPT3,C1CC2=C(C=C(C=C2)C3=NC(=C(S3)CCCOC4=CC=C(C=C4)CN)C(=O)O)/C(=N/NC5=NC6=CC=CC=C6S5)/C1,CVCL_1299,NCc1ccc(OCCCc2sc(-c3ccc4c(c3)/C(=N/Nc3nc5ccccc5s3)CCC4)nc2C(=O)O)cc1
1928,I-BRD9,BRD9,-0.1399014001669336,179,HuPT3,CCN1C=C(C2=C(C1=O)C=C(S2)C(=NC3CCS(=O)(=O)CC3)N)C4=CC(=CC=C4)C(F)(F)F,CVCL_1299,CCn1cc(-c2cccc(C(F)(F)F)c2)c2sc(C(N)=NC3CCS(=O)(=O)CC3)cc2c1=O
1620,PFI3,"Polybromo 1, SMARCA4, SMARCA2",-0.1282503014775512,179,HuPT3,C1[C@@H]2CN([C@H]1CN2C3=CC=CC=N3)/C=C/C(=O)C4=CC=CC=C4O,CVCL_1299,O=C(/C=C/N1C[C@H]2C[C@@H]1CN2c1ccccn1)c1ccccc1O
1940,WIKI4,"TNKS1, TNKS2",-0.1273391691263203,179,HuPT3,COC1=CC=C(C=C1)N2C(=NN=C2SCCCN3C(=O)C4=CC=CC5=C4C(=CC=C5)C3=O)C6=CC=NC=C6,CVCL_1299,COc1ccc(-n2c(SCCCN3C(=O)c4cccc5cccc(c45)C3=O)nnc2-c2ccncc2)cc1
1463,AZD1332,"NTRK1, NTRK2, NTRK3",-0.1190892952965014,179,HuPT3,CC(C)OC1=NNC(=C1)NC2=NC(=NC=C2Cl)NC(C)C3=NC=C(C=C3)F,CVCL_1299,CC(C)Oc1cc(Nc2nc(NC(C)c3ccc(F)cn3)ncc2Cl)[nH]n1
1017,Olaparib,"PARP1, PARP2",-0.0901193604388189,179,HuPT3,C1CC1C(=O)N2CCN(CC2)C(=O)C3=C(C=CC(=C3)CC4=NNC(=O)C5=CC=CC=C54)F,CVCL_1299,O=C(c1cc(Cc2n[nH]c(=O)c3ccccc23)ccc1F)N1CCN(C(=O)C2CC2)CC1
1560,Alpelisib,PI3Kalpha,-0.0586746230091155,179,HuPT3,CC1=C(SC(=N1)NC(=O)N2CCC[C@H]2C(=O)N)C3=CC(=NC=C3)C(C)(C)C(F)(F)F,CVCL_1299,Cc1nc(NC(=O)N2CCC[C@H]2C(N)=O)sc1-c1ccnc(C(C)(C)C(F)(F)F)c1
1625,RVX-208,BRD4,-0.0521213222425377,179,HuPT3,C1=CC(=C(C=C1N=C=O)F)F,CVCL_1299,O=C=Nc1ccc(F)c(F)c1
1932,NVP-ADW742,IGF1R,0.0023899731613355,179,HuPT3,C1CCN(C1)CC2CC(C2)N3C=C(C4=C(N=CN=C43)N)C5=CC(=CC=C5)OCC6=CC=CC=C6,CVCL_1299,Nc1ncnc2c1c(-c1cccc(OCc3ccccc3)c1)cn2C1CC(CN2CCCC2)C1
1557,LCL161,"XIAP, IAP1, IAP2",0.0058930334328186,179,HuPT3,C[C@@H](C(=O)N[C@@H](C1CCCCC1)C(=O)N2CCC[C@H]2C3=NC(=CS3)C(=O)C4=CC=C(C=C4)F)NC,CVCL_1299,CN[C@@H](C)C(=O)N[C@H](C(=O)N1CCC[C@H]1c1nc(C(=O)c2ccc(F)cc2)cs1)C1CCCCC1
2047,Ulixertinib,"ERK1, ERK2",0.0193092660097893,179,HuPT3,CC(C)NC1=NC=C(C(=C1)C2=CNC(=C2)C(=O)N[C@H](CO)C3=CC(=CC=C3)Cl)Cl,CVCL_1299,CC(C)Nc1cc(-c2c[nH]c(C(=O)N[C@H](CO)c3cccc(Cl)c3)c2)c(Cl)cn1
1179,MK-1775,"WEE1, PLK1",0.0290865918654636,179,HuPT3,CC(C)(C1=NC(=CC=C1)N2C3=NC(=NC=C3C(=O)N2CC=C)NC4=CC=C(C=C4)N5CCN(CC5)C)O,CVCL_1299,C=CCn1c(=O)c2cnc(Nc3ccc(N4CCN(C)CC4)cc3)nc2n1-c1cccc(C(C)(C)O)n1
1936,Savolitinib,MET,0.0417092624155189,179,HuPT3,C[C@@H](C1=CN2C=CN=C2C=C1)N3C4=NC(=CN=C4N=N3)C5=CN(N=C5)C,CVCL_1299,C[C@@H](c1ccc2nccn2c1)n1nnc2ncc(-c3cnn(C)c3)nc21
1375,Temozolomide,DNA alkylating agent,0.0462827828957009,179,HuPT3,CN1C(=O)N2C=NC(=C2N=N1)C(=O)N,CVCL_1299,Cn1nnc2c(C(N)=O)ncn2c1=O
1563,EPZ5676,DOT1L,0.1186981147506746,179,HuPT3,CC(C)N(C[C@@H]1[C@H]([C@H]([C@@H](O1)N2C=NC3=C(N=CN=C32)N)O)O)C4CC(C4)CCC5=NC6=C(N5)C=C(C=C6)C(C)(C)C,CVCL_1299,CC(C)N(C[C@H]1O[C@@H](n2cnc3c(N)ncnc32)[C@H](O)[C@@H]1O)C1CC(CCc2nc3ccc(C(C)(C)C)cc3[nH]2)C1
1806,Oxaliplatin,DNA alkylating agent,0.1198420018251271,179,HuPT3,C1CC[C@H]([C@@H](C1)[NH-])[NH-].C(=O)(C(=O)O)O.[Pt+2],CVCL_1299,N[C@@H]1CCCC[C@H]1N
1007,Docetaxel,Microtubule stabiliser,0.1418894797510149,179,HuPT3,CC1=C2[C@H](C(=O)[C@@]3([C@H](C[C@@H]4[C@]([C@H]3[C@@H]([C@@](C2(C)C)(C[C@@H]1OC(=O)[C@@H]([C@H](C5=CC=CC=C5)NC(=O)OC(C)(C)C)O)O)OC(=O)C6=CC=CC=C6)(CO4)OC(=O)C)O)C)O,CVCL_1299,CC(=O)O[C@@]12CO[C@@H]1C[C@H](O)[C@@]1(C)C(=O)[C@H](O)C3=C(C)[C@@H](OC(=O)[C@H](O)[C@@H](NC(=O)OC(C)(C)C)c4ccccc4)C[C@@](O)([C@@H](OC(=O)c4ccccc4)[C@@H]12)C3(C)C
1012,Vorinostat,"HDAC inhibitor Class I, IIa, IIb, IV",0.1451503204369884,179,HuPT3,C1=CC=C(C=C1)NC(=O)CCCCCCC(=O)NO,CVCL_1299,O=C(CCCCCCC(=O)Nc1ccccc1)NO
1034,Staurosporine,Broad spectrum kinase inhibitor,0.1531059879994841,179,HuPT3,C[C@@]12[C@@H]([C@@H](C[C@H](O1)N3C4=CC=CC=C4C5=C6C(=C7C8=CC=CC=C8N2C7=C53)CNC6=O)NC)OC,CVCL_1299,CN[C@@H]1C[C@@H]2O[C@@](C)([C@@H]1OC)n1c3ccccc3c3c4c(c5c6ccccc6n2c5c31)C(=O)NC4
1626,OTX015,"BRD2, BRD3, BRD4",0.1603734867175484,179,HuPT3,CC1=C(SC2=C1C(=N[C@H](C3=NN=C(N32)C)CC(=O)NC4=CC=C(C=C4)O)C5=CC=C(C=C5)Cl)C,CVCL_1299,Cc1sc2c(c1C)C(c1ccc(Cl)cc1)=N[C@@H](CC(=O)Nc1ccc(O)cc1)c1nnc(C)n1-2
2043,BIBR-1532,TERT,0.1620664225058598,179,HuPT3,C/C(=C\C(=O)NC1=CC=CC=C1C(=O)O)/C2=CC3=CC=CC=C3C=C2,CVCL_1299,C/C(=C\C(=O)Nc1ccccc1C(=O)O)c1ccc2ccccc2c1
1996,MIM1,MCL1,0.2348186917529369,179,HuPT3,CC(C)[C@H]1CSC(=N1)N2[C@H](CSC2=S)C(C)C,CVCL_1299,CC(C)[C@H]1CSC(N2C(=S)SC[C@@H]2C(C)C)=N1
1051,Alisertib,AURKA,0.257534685275344,179,HuPT3,COC1=C(C(=CC=C1)F)C2=NCC3=CN=C(N=C3C4=C2C=C(C=C4)Cl)NC5=CC(=C(C=C5)C(=O)O)OC,CVCL_1299,COc1cc(Nc2ncc3c(n2)-c2ccc(Cl)cc2C(c2c(F)cccc2OC)=NC3)ccc1C(=O)O
1511,Epirubicin,Anthracycline,0.2649462709116285,179,HuPT3,C[C@H]1[C@@H]([C@H](C[C@@H](O1)O[C@H]2C[C@@](CC3=C2C(=C4C(=C3O)C(=O)C5=C(C4=O)C(=CC=C5)OC)O)(C(=O)CO)O)N)O,CVCL_1299,COc1cccc2c1C(=O)c1c(O)c3c(c(O)c1C2=O)C[C@@](O)(C(=O)CO)C[C@@H]3O[C@H]1C[C@H](N)[C@@H](O)[C@H](C)O1
1559,Luminespib,HSP90,0.2766585778509992,179,HuPT3,CN1C2=CC=CC=C2C(C1=O)(CC(=O)C3=CC=C(C=C3)Cl)O,CVCL_1299,CN1C(=O)C(O)(CC(=O)c2ccc(Cl)cc2)c2ccccc21
1720,AZD5991,MCL1,0.277136586700409,179,HuPT3,CC1=C2C(=NN1C)CSCC3=NN(C(=C3)CSC4=CC5=CC=CC=C5C(=C4)OCCCC6=C(N(C7=C6C=CC(=C27)Cl)C)C(=O)O)C,CVCL_1299,Cc1c2c(nn1C)CSCc1cc(n(C)n1)CSc1cc(c3ccccc3c1)OCCCc1c(C(=O)O)n(C)c3c-2c(Cl)ccc13
1049,PD173074,"FGFR1, FGFR2, FGFR3",0.2811517146202196,179,HuPT3,CCN(CC)CCCCNC1=NC2=NC(=C(C=C2C=N1)C3=CC(=CC(=C3)OC)OC)NC(=O)NC(C)(C)C,CVCL_1299,CCN(CC)CCCCNc1ncc2cc(-c3cc(OC)cc(OC)c3)c(NC(=O)NC(C)(C)C)nc2n1
1593,Entinostat,"HDAC1, HDAC3",0.2908107561129768,179,HuPT3,C1=CC=C(C(=C1)N)NC(=O)C2=CC=C(C=C2)CNC(=O)OCC3=CN=CC=C3,CVCL_1299,Nc1ccccc1NC(=O)c1ccc(CNC(=O)OCc2cccnc2)cc1
1054,Palbociclib,"CDK4, CDK6",0.3631890392946849,179,HuPT3,CC1=C(C(=O)N(C2=NC(=NC=C12)NC3=NC=C(C=C3)N4CCNCC4)C5CCCC5)C(=O)C,CVCL_1299,CC(=O)c1c(C)c2cnc(Nc3ccc(N4CCNCC4)cn3)nc2n(C2CCCC2)c1=O
1621,PCI-34051,"HDAC8, HDAC6, HDAC1",0.4028911509722099,179,HuPT3,COC1=CC=C(C=C1)CN2C=CC3=C2C=C(C=C3)C(=O)NO,CVCL_1299,COc1ccc(Cn2ccc3ccc(C(=O)NO)cc32)cc1
1177,Niraparib,"PARP1, PARP2",0.417872912631664,179,HuPT3,C1C[C@H](CNC1)C2=CC=C(C=C2)N3C=C4C=CC=C(C4=N3)C(=O)N,CVCL_1299,NC(=O)c1cccc2cn(-c3ccc([C@@H]4CCCNC4)cc3)nc12
1924,Ipatasertib,"AKT1, AKT, AKT3",0.4233286897607247,179,HuPT3,C[C@@H]1C[C@H](C2=C1C(=NC=N2)N3CCN(CC3)C(=O)[C@H](CNC(C)C)C4=CC=C(C=C4)Cl)O,CVCL_1299,CC(C)NC[C@@H](C(=O)N1CCN(c2ncnc3c2[C@H](C)C[C@H]3O)CC1)c1ccc(Cl)cc1
1259,Talazoparib,"PARP1, PARP2",0.4385975140674111,179,HuPT3,CC(C)/C=N/NC(=O)C1=CC=C(C=C1)NC(=O)C,CVCL_1299,CC(=O)Nc1ccc(C(=O)N/N=C/C(C)C)cc1
1926,GNE-317,PI3Kalpha,0.4549825992721097,179,HuPT3,CC1=C(SC2=C1N=C(N=C2N3CCOCC3)C4=CN=C(N=C4)N)C5(COC5)OC,CVCL_1299,COC1(c2sc3c(N4CCOCC4)nc(-c4cnc(N)nc4)nc3c2C)COC1
1512,Cyclophosphamide,Alkylating agent,0.4613122026193546,179,HuPT3,C1CNP(=O)(OC1)N(CCCl)CCCl,CVCL_1299,O=P1(N(CCCl)CCCl)NCCCO1
1085,Sorafenib,"PDGFR, KIT, VEGFR, RAF",0.4817165674269121,179,HuPT3,CNC(=O)C1=NC=CC(=C1)OC2=CC=C(C=C2)NC(=O)NC3=CC(=C(C=C3)Cl)C(F)(F)F,CVCL_1299,CNC(=O)c1cc(Oc2ccc(NC(=O)Nc3ccc(Cl)c(C(F)(F)F)c3)cc2)ccn1
1912,Afuresertib,"AKT1, AKT2, AKT3",0.483697367983422,179,HuPT3,CN1C(=C(C=N1)Cl)C2=C(SC(=C2)C(=O)N[C@@H](CC3=CC(=CC=C3)F)CN)Cl,CVCL_1299,Cn1ncc(Cl)c1-c1cc(C(=O)N[C@H](CN)Cc2cccc(F)c2)sc1Cl
1854,MN-64,"TNKS1, TNKS2",0.4875319442180816,179,HuPT3,CC(C)C1=CC=C(C=C1)C2=CC(=O)C3=CC=CC=C3O2,CVCL_1299,CC(C)c1ccc(-c2cc(=O)c3ccccc3o2)cc1
1631,PRT062607,SYK,0.5013127420623905,179,HuPT3,C1CC[C@H]([C@H](C1)N)NC2=NC=C(C(=N2)NC3=CC(=CC=C3)N4N=CC=N4)C(=O)N,CVCL_1299,NC(=O)c1cnc(N[C@@H]2CCCC[C@@H]2N)nc1Nc1cccc(-n2nccn2)c1
1006,Cytarabine,Antimetabolite,0.5060344439202065,179,HuPT3,C1=CN(C(=O)N=C1N)[C@H]2[C@H]([C@@H]([C@H](O2)CO)O)O,CVCL_1299,Nc1ccn([C@@H]2O[C@H](CO)[C@@H](O)[C@@H]2O)c(=O)n1
1849,Sabutoclax,"BCL2,  BCL-XL,  BFL1, MCL1",0.5237969288520091,179,HuPT3,CC1=CC2=C(C(=C(C=C2C(=C1C3=C(C4=CC(=C(C(=C4C=C3C)C(=O)NC[C@H](C)C5=CC=CC=C5)O)O)O)O)O)O)C(=O)NC[C@H](C)C6=CC=CC=C6,CVCL_1299,Cc1cc2c(C(=O)NC[C@H](C)c3ccccc3)c(O)c(O)cc2c(O)c1-c1c(C)cc2c(C(=O)NC[C@H](C)c3ccccc3)c(O)c(O)cc2c1O
1919,Osimertinib,EGFR,0.525823268070623,179,HuPT3,CN1C=C(C2=CC=CC=C21)C3=NC(=NC=C3)NC4=C(C=C(C(=C4)NC(=O)C=C)N(C)CCN(C)C)OC,CVCL_1299,C=CC(=O)Nc1cc(Nc2nccc(-c3cn(C)c4ccccc34)n2)c(OC)cc1N(C)CCN(C)C
1003,Camptothecin,TOP1,0.5610280056166537,179,HuPT3,CC[C@@]1(C2=C(COC1=O)C(=O)N3CC4=CC5=CC=CC=C5N=C4C3=C2)O,CVCL_1299,CC[C@@]1(O)C(=O)OCc2c1cc1n(c2=O)Cc2cc3ccccc3nc2-1
1073,5-Fluorouracil,Antimetabolite (DNA & RNA),0.5749888481244068,179,HuPT3,C1=C(C(=O)NC(=O)N1)F,CVCL_1299,O=c1[nH]cc(F)c(=O)[nH]1
1706,AZD5153,BRD4,0.5799892666657115,179,HuPT3,C[C@@H]1C(=O)N(CCN1CCOC2=CC=C(C=C2)C3CCN(CC3)C4=NN5C(=NN=C5OC)C=C4)C,CVCL_1299,COc1nnc2ccc(N3CCC(c4ccc(OCCN5CCN(C)C(=O)[C@H]5C)cc4)CC3)nn12
1931,MIRA-1,TP53,0.5846936137051552,179,HuPT3,CCC(=O)OCN1C(=O)C=CC1=O,CVCL_1299,CCC(=O)OCN1C(=O)C=CC1=O
1190,Gemcitabine,Pyrimidine antimetabolite,0.6008922370272421,179,HuPT3,C1=CN(C(=O)N=C1N)[C@H]2C([C@@H]([C@H](O2)CO)O)(F)F,CVCL_1299,Nc1ccn([C@@H]2O[C@H](CO)[C@@H](O)C2(F)F)c(=O)n1
1561,Taselisib,PI3K (beta sparing),0.6305375232133352,179,HuPT3,CC1=NN(C(=N1)C2=CN3CCOC4=C(C3=N2)C=CC(=C4)C5=CN(N=C5)C(C)(C)C(=O)N)C(C)C,CVCL_1299,Cc1nc(-c2cn3c(n2)-c2ccc(-c4cnn(C(C)(C)C(N)=O)c4)cc2OCC3)n(C(C)C)n1
1058,Pictilisib,PI3K (class 1),0.641843084914904,179,HuPT3,CS(=O)(=O)N1CCN(CC1)CC2=CC3=C(S2)C(=NC(=N3)C4=C5C=NNC5=CC=C4)N6CCOCC6,CVCL_1299,CS(=O)(=O)N1CCN(Cc2cc3nc(-c4cccc5[nH]ncc45)nc(N4CCOCC4)c3s2)CC1
1032,Afatinib,"ERBB2, EGFR",0.644012101831443,179,HuPT3,CN(C)C/C=C/C(=O)NC1=C(C=C2C(=C1)C(=NC=N2)NC3=CC(=C(C=C3)F)Cl)O[C@H]4CCOC4,CVCL_1299,CN(C)C/C=C/C(=O)Nc1cc2c(Nc3ccc(F)c(Cl)c3)ncnc2cc1O[C@H]1CCOC1
1199,Tamoxifen,ESR1,0.649437904490955,179,HuPT3,CC/C(=C(\C1=CC=CC=C1)/C2=CC=C(C=C2)OCCN(C)C)/C3=CC=CC=C3,CVCL_1299,CC/C(=C(\c1ccccc1)c1ccc(OCCN(C)C)cc1)c1ccccc1
1913,AGI-5198,IDH1 (R132H),0.6652261279182348,179,HuPT3,CC1=CC=CC=C1C(C(=O)NC2CCCCC2)N(C3=CC(=CC=C3)F)C(=O)CN4C=CN=C4C,CVCL_1299,Cc1ccccc1C(C(=O)NC1CCCCC1)N(C(=O)Cn1ccnc1C)c1cccc(F)c1
1558,Lapatinib,"EGFR, ERBB2",0.6675316179541091,179,HuPT3,CS(=O)(=O)CCNCC1=CC=C(O1)C2=CC3=C(C=C2)N=CN=C3NC4=CC(=C(C=C4)OCC5=CC(=CC=C5)F)Cl,CVCL_1299,CS(=O)(=O)CCNCc1ccc(-c2ccc3ncnc(Nc4ccc(OCc5cccc(F)c5)c(Cl)c4)c3c2)o1
2048,Vinorelbine,Microtubule destabiliser,0.677851787246147,179,HuPT3,CCC1=C[C@H]2C[C@@](C3=C(CN(C2)C1)C4=CC=CC=C4N3)(C5=C(C=C6C(=C5)[C@]78CCN9[C@H]7[C@@](C=CC9)([C@H]([C@@]([C@@H]8N6C)(C(=O)OC)O)OC(=O)C)CC)OC)C(=O)OC,CVCL_1299,CCC1=C[C@@H]2CN(C1)Cc1c([nH]c3ccccc13)[C@@](C(=O)OC)(c1cc3c(cc1OC)N(C)[C@H]1[C@@](O)(C(=O)OC)[C@H](OC(C)=O)[C@]4(CC)C=CCN5CC[C@]31[C@@H]54)C2
1168,Erlotinib,EGFR,0.6849276871613837,179,HuPT3,COCCOC1=C(C=C2C(=C1)C(=NC=N2)NC3=CC=CC(=C3)C#C)OCCOC,CVCL_1299,C#Cc1cccc(Nc2ncnc3cc(OCCOC)c(OCCOC)cc23)c1
1004,Vinblastine,Microtubule destabiliser,0.7183760939932705,179,HuPT3,CC[C@@]1(CC2C[C@@](C3=C(CCN(C2)C1)C4=CC=CC=C4N3)(C5=C(C=C6C(=C5)[C@]78CCN9[C@H]7[C@@](C=CC9)([C@H]([C@@]([C@@H]8N6C)(C(=O)OC)O)OC(=O)C)CC)OC)C(=O)OC)O,CVCL_1299,CC[C@]1(O)CC2CN(CCc3c([nH]c4ccccc34)[C@@](C(=O)OC)(c3cc4c(cc3OC)N(C)[C@H]3[C@@](O)(C(=O)OC)[C@H](OC(C)=O)[C@]5(CC)C=CCN6CC[C@]43[C@@H]65)C2)C1
1819,Docetaxel,Microtubule stabiliser,0.7233512291637592,179,HuPT3,CC1=C2[C@H](C(=O)[C@@]3([C@H](C[C@@H]4[C@]([C@H]3[C@@H]([C@@](C2(C)C)(C[C@@H]1OC(=O)[C@@H]([C@H](C5=CC=CC=C5)NC(=O)OC(C)(C)C)O)O)OC(=O)C6=CC=CC=C6)(CO4)OC(=O)C)O)C)O,CVCL_1299,CC(=O)O[C@@]12CO[C@@H]1C[C@H](O)[C@@]1(C)C(=O)[C@H](O)C3=C(C)[C@@H](OC(=O)[C@H](O)[C@@H](NC(=O)OC(C)(C)C)c4ccccc4)C[C@@](O)([C@@H](OC(=O)c4ccccc4)[C@@H]12)C3(C)C
1910,ABT737,"BCL2, BCL-XL,  BCL-W, BCL-B, BFL1",0.7358185319930575,179,HuPT3,CN(C)CC[C@H](CSC1=CC=CC=C1)NC2=C(C=C(C=C2)S(=O)(=O)NC(=O)C3=CC=C(C=C3)N4CCN(CC4)CC5=CC=CC=C5C6=CC=C(C=C6)Cl)[N+](=O)[O-],CVCL_1299,CN(C)CC[C@H](CSc1ccccc1)Nc1ccc(S(=O)(=O)NC(=O)c2ccc(N3CCN(Cc4ccccc4-c4ccc(Cl)cc4)CC3)cc2)cc1[N+](=O)[O-]
2040,Foretinib,"MET, KDR, TIE2, VEGFR3/FLT4, RON, PDGFR, FGFR1, EGFR",0.7430100765770897,179,HuPT3,COC1=CC2=C(C=CN=C2C=C1OCCCN3CCOCC3)OC4=C(C=C(C=C4)NC(=O)C5(CC5)C(=O)NC6=CC=C(C=C6)F)F,CVCL_1299,COc1cc2c(Oc3ccc(NC(=O)C4(C(=O)Nc5ccc(F)cc5)CC4)cc3F)ccnc2cc1OCCCN1CCOCC1
1624,I-BET-762,"BRD2, BRD3, BRD4",0.7520843446180225,179,HuPT3,CCNC(=O)C[C@H]1C2=NN=C(N2C3=C(C=C(C=C3)OC)C(=N1)C4=CC=C(C=C4)Cl)C,CVCL_1299,CCNC(=O)C[C@@H]1N=C(c2ccc(Cl)cc2)c2cc(OC)ccc2-n2c(C)nnc21
1047,Nutlin-3a (-),MDM2,0.7609574320060212,179,HuPT3,CC(C)OC1=C(C=CC(=C1)OC)C2=N[C@H]([C@H](N2C(=O)N3CCNC(=O)C3)C4=CC=C(C=C4)Cl)C5=CC=C(C=C5)Cl,CVCL_1299,COc1ccc(C2=N[C@@H](c3ccc(Cl)cc3)[C@@H](c3ccc(Cl)cc3)N2C(=O)N2CCNC(=O)C2)c(OC(C)C)c1
1084,Rapamycin,MTORC1,0.7641838032672339,179,HuPT3,CC1=NC(=C(N1)[N+](=O)[O-])N(CCN2CCOCC2)CC3=CC=CC=C3F,CVCL_1299,Cc1nc(N(CCN2CCOCC2)Cc2ccccc2F)c([N+](=O)[O-])[nH]1
1622,Wnt-C59,PORCN,0.7677238889299075,179,HuPT3,CC1=NC=CC(=C1)C2=CC=C(C=C2)CC(=O)NC3=CC=C(C=C3)C4=CN=CC=C4,CVCL_1299,Cc1cc(-c2ccc(CC(=O)Nc3ccc(-c4cccnc4)cc3)cc2)ccn1
2107,LJI308,"RSK2, RSK1, RSK3",0.7683633379043863,179,HuPT3,C1COCCN1C2=CC=C(C=C2)C3=C(C=NC=C3)C4=CC(=C(C(=C4)F)O)F,CVCL_1299,Oc1c(F)cc(-c2cnccc2-c2ccc(N3CCOCC3)cc2)cc1F
1922,Cediranib,"VEGFR, FLT1, FLT2, FLT3, FLT4, KIT, PDGFRB",0.7697831108782615,179,HuPT3,CC1=CC2=C(N1)C=CC(=C2F)OC3=NC=NC4=CC(=C(C=C43)OC)OCCCN5CCCC5,CVCL_1299,COc1cc2c(Oc3ccc4[nH]c(C)cc4c3F)ncnc2cc1OCCCN1CCCC1
1010,Gefitinib,EGFR,0.7896871962491322,179,HuPT3,COC1=C(C=C2C(=C1)N=CN=C2NC3=CC(=C(C=C3)F)Cl)OCCCN4CCOCC4,CVCL_1299,COc1cc2ncnc(Nc3ccc(F)c(Cl)c3)c2cc1OCCCN1CCOCC1
1915,AZD3759,EGFR,0.798723622574161,179,HuPT3,C[C@@H]1CN(CCN1C(=O)OC2=C(C=C3C(=C2)C(=NC=N3)NC4=C(C(=CC=C4)Cl)F)OC)C,CVCL_1299,COc1cc2ncnc(Nc3cccc(Cl)c3F)c2cc1OC(=O)N1CCN(C)C[C@H]1C
1627,GSK343,EZH2,0.7991170226688067,179,HuPT3,CCCC1=C(C(=O)NC(=C1)C)CNC(=O)C2=C3C=NN(C3=CC(=C2)C4=CC(=NC=C4)N5CCN(CC5)C)C(C)C,CVCL_1299,CCCc1cc(C)[nH]c(=O)c1CNC(=O)c1cc(-c2ccnc(N3CCN(C)CC3)c2)cc2c1cnn2C(C)C
1013,Nilotinib,ABL,0.801557999280614,179,HuPT3,CC1=C(C=C(C=C1)C(=O)NC2=CC(=CC(=C2)C(F)(F)F)N3C=C(N=C3)C)NC4=NC=CC(=N4)C5=CN=CC=C5,CVCL_1299,Cc1cn(-c2cc(NC(=O)c3ccc(C)c(Nc4nccc(-c5cccnc5)n4)c3)cc(C(F)(F)F)c2)cn1
1925,GDC0810,"ESR1, ESR2",0.8103772890173961,179,HuPT3,CC/C(=C(/C1=CC=C(C=C1)/C=C/C(=O)O)\C2=CC3=C(C=C2)NN=C3)/C4=C(C=C(C=C4)F)Cl,CVCL_1299,CC/C(=C(/c1ccc(/C=C/C(=O)O)cc1)c1ccc2[nH]ncc2c1)c1ccc(F)cc1Cl
1239,YK-4-279,RNA helicase A,0.8218456149377719,179,HuPT3,COC1=CC=C(C=C1)C(=O)CC2(C3=C(C=CC(=C3NC2=O)Cl)Cl)O,CVCL_1299,COc1ccc(C(=O)CC2(O)C(=O)Nc3c(Cl)ccc(Cl)c32)cc1
1088,Irinotecan,TOP1,0.8446268537232321,179,HuPT3,CCC1=C2CN3C(=CC4=C(C3=O)COC(=O)[C@@]4(CC)O)C2=NC5=C1C=C(C=C5)OC(=O)N6CCC(CC6)N7CCCCC7,CVCL_1299,CCc1c2c(nc3ccc(OC(=O)N4CCC(N5CCCCC5)CC4)cc13)-c1cc3c(c(=O)n1C2)COC(=O)[C@]3(O)CC
1634,AGI-6780,IDH2 R140Q mutant,0.8658318674644853,179,HuPT3,C1CC1NS(=O)(=O)C2=CC(=C(C=C2)C3=CSC=C3)NC(=O)NC4=CC=CC(=C4)C(F)(F)F,CVCL_1299,O=C(Nc1cccc(C(F)(F)F)c1)Nc1cc(S(=O)(=O)NC2CC2)ccc1-c1ccsc1
1553,Uprosertib,"AKT1, AKT2, AKT3",0.876294398107455,179,HuPT3,CN1C(=C(C=N1)Cl)C2=C(OC(=C2)C(=O)N[C@@H](CC3=CC(=C(C=C3)F)F)CN)Cl,CVCL_1299,Cn1ncc(Cl)c1-c1cc(C(=O)N[C@H](CN)Cc2ccc(F)c(F)c2)oc1Cl
1373,Dabrafenib,BRAF,0.885010967104608,179,HuPT3,CC(C)(C)C1=NC(=C(S1)C2=NC(=NC=C2)N)C3=C(C(=CC=C3)NS(=O)(=O)C4=C(C=CC=C4F)F)F,CVCL_1299,CC(C)(C)c1nc(-c2cccc(NS(=O)(=O)c3c(F)cccc3F)c2F)c(-c2ccnc(N)n2)s1
1909,Venetoclax,BCL2,0.8864216184989469,179,HuPT3,CC1(CCC(=C(C1)C2=CC=C(C=C2)Cl)CN3CCN(CC3)C4=CC(=C(C=C4)C(=O)NS(=O)(=O)C5=CC(=C(C=C5)NCC6CCOCC6)[N+](=O)[O-])OC7=CN=C8C(=C7)C=CN8)C,CVCL_1299,CC1(C)CCC(CN2CCN(c3ccc(C(=O)NS(=O)(=O)c4ccc(NCC5CCOCC5)c([N+](=O)[O-])c4)c(Oc4cnc5[nH]ccc5c4)c3)CC2)=C(c2ccc(Cl)cc2)C1
1635,Picolinici-acid,Inflammatory related,0.8960851266706382,179,HuPT3,C1=CC=NC(=C1)C(=O)O,CVCL_1299,O=C(O)c1ccccn1
1853,OF-1,"BRPF1B, BRPF2",0.918058897846046,179,HuPT3,CC1=C(C=CC(=C1)Br)S(=O)(=O)NC2=CC3=C(C=C2OC)N(C(=O)N3C)C,CVCL_1299,COc1cc2c(cc1NS(=O)(=O)c1ccc(Br)cc1C)n(C)c(=O)n2C
1615,CZC24832,PI3Kgamma,0.9289512770753708,179,HuPT3,CC(C)(C)NS(=O)(=O)C1=CN=CC(=C1)C2=CN3C(=NC(=N3)N)C(=C2)F,CVCL_1299,CC(C)(C)NS(=O)(=O)c1cncc(-c2cc(F)c3nc(N)nn3c2)c1
1916,AZD5363,"AKT1, AKT2, AKT3, ROCK2",0.935735084069336,179,HuPT3,C1CN(CCC1(C(=O)N[C@@H](CCO)C2=CC=C(C=C2)Cl)N)C3=NC=NC4=C3C=CN4,CVCL_1299,NC1(C(=O)N[C@@H](CCO)c2ccc(Cl)cc2)CCN(c2ncnc3[nH]ccc23)CC1
2044,Pyridostatin,G-quadruplex stabiliser,0.94017454909557,179,HuPT3,C1=CC=C2C(=C1)C(=CC(=N2)NC(=O)C3=CC(=CC(=N3)C(=O)NC4=NC5=CC=CC=C5C(=C4)OCCN)OCCN)OCCN,CVCL_1299,NCCOc1cc(C(=O)Nc2cc(OCCN)c3ccccc3n2)nc(C(=O)Nc2cc(OCCN)c3ccccc3n2)c1
1036,PLX-4720,BRAF,0.942920132731439,179,HuPT3,CCCS(=O)(=O)NC1=C(C(=C(C=C1)F)C(=O)C2=CNC3=C2C=C(C=N3)Cl)F,CVCL_1299,CCCS(=O)(=O)Nc1ccc(F)c(C(=O)c2c[nH]c3ncc(Cl)cc23)c1F
1237,EPZ004777,DOT1L,0.948639782194872,179,HuPT3,CC(C)N(CCCNC(=O)NC1=CC=C(C=C1)C(C)(C)C)C[C@@H]2[C@H]([C@H]([C@@H](O2)N3C=CC4=C(N=CN=C43)N)O)O,CVCL_1299,CC(C)N(CCCNC(=O)Nc1ccc(C(C)(C)C)cc1)C[C@H]1O[C@@H](n2ccc3c(N)ncnc32)[C@H](O)[C@@H]1O
1598,LGK974,PORCN,0.9617992137322972,179,HuPT3,CC1=CC(=CN=C1C2=CC(=NC=C2)C)CC(=O)NC3=NC=C(C=C3)C4=NC=CN=C4,CVCL_1299,Cc1cc(-c2ncc(CC(=O)Nc3ccc(-c4cnccn4)cn3)cc2C)ccn1
1249,BMS-345541,"IKK-1, IKK-2",0.962622802277828,179,HuPT3,CC1=CC2=C(C=C1)N=C(C3=NC=C(N23)C)NCCN.Cl,CVCL_1299,Cc1ccc2nc(NCCN)c3ncc(C)n3c2c1
1927,GSK2578215A,LRRK2,0.9734378955466436,179,HuPT3,C1=CC=C(C=C1)COC2=C(C=C(C=C2)C3=CC(=NC=C3)F)C(=O)NC4=CN=CC=C4,CVCL_1299,O=C(Nc1cccnc1)c1cc(-c2ccnc(F)c2)ccc1OCc1ccccc1
1873,Buparlisib,"PI3Kalpha, PI3Kdelta, PI3Kbeta, PI3Kgamma",1.004580901720017,179,HuPT3,C1COCCN1C2=NC(=NC(=C2)C3=CN=C(C=C3C(F)(F)F)N)N4CCOCC4,CVCL_1299,Nc1cc(C(F)(F)F)c(-c2cc(N3CCOCC3)nc(N3CCOCC3)n2)cn1
1852,LY2109761,TGFB1,1.010376509520604,179,HuPT3,C1CC2=C(C(=NN2C1)C3=CC=CC=N3)C4=C5C=CC(=CC5=NC=C4)OCCN6CCOCC6,CVCL_1299,c1ccc(-c2nn3c(c2-c2ccnc4cc(OCCN5CCOCC5)ccc24)CCC3)nc1
1250,AZ960,"JAK2, JAK3",1.0130399589559016,179,HuPT3,CC1=CC(=NN1)NC2=C(C=C(C(=N2)N[C@@H](C)C3=CC=C(C=C3)F)C#N)F,CVCL_1299,Cc1cc(Nc2nc(N[C@@H](C)c3ccc(F)cc3)c(C#N)cc2F)n[nH]1
1578,Leflunomide,Pyrimidine synthesis inhibitor,1.0168046393195211,179,HuPT3,CC1=C(C=NO1)C(=O)NC2=CC=C(C=C2)C(F)(F)F,CVCL_1299,Cc1oncc1C(=O)Nc1ccc(C(F)(F)F)cc1
1011,Navitoclax,"BCL2, BCL-XL, BCL-W",1.0448981277212723,179,HuPT3,CC1(CCC(=C(C1)CN2CCN(CC2)C3=CC=C(C=C3)C(=O)NS(=O)(=O)C4=CC(=C(C=C4)N[C@H](CCN5CCOCC5)CSC6=CC=CC=C6)S(=O)(=O)C(F)(F)F)C7=CC=C(C=C7)Cl)C,CVCL_1299,CC1(C)CCC(c2ccc(Cl)cc2)=C(CN2CCN(c3ccc(C(=O)NS(=O)(=O)c4ccc(N[C@H](CCN5CCOCC5)CSc5ccccc5)c(S(=O)(=O)C(F)(F)F)c4)cc3)CC2)C1
2045,AMG-319,PI3K (beta sparing),1.0683928277287051,179,HuPT3,C[C@@H](C1=C(N=C2C=C(C=CC2=C1)F)C3=CC=CC=N3)NC4=NC=NC5=C4NC=N5,CVCL_1299,C[C@H](Nc1ncnc2nc[nH]c12)c1cc2ccc(F)cc2nc1-c1ccccn1
1576,IWP-2,PORCN,1.0815314822896027,179,HuPT3,CC1=CC2=C(C=C1)N=C(S2)NC(=O)CSC3=NC4=C(C(=O)N3C5=CC=CC=C5)SCC4,CVCL_1299,Cc1ccc2nc(NC(=O)CSc3nc4c(c(=O)n3-c3ccccc3)SCC4)sc2c1
1200,Fulvestrant,ESR,1.117246332936107,179,HuPT3,C[C@]12CC[C@H]3[C@H]([C@@H]1CC[C@@H]2O)[C@@H](CC4=C3C=CC(=C4)O)CCCCCCCCCS(=O)CCCC(C(F)(F)F)(F)F,CVCL_1299,C[C@]12CC[C@@H]3c4ccc(O)cc4C[C@@H](CCCCCCCCC[S+]([O-])CCCC(F)(F)C(F)(F)F)[C@H]3[C@@H]1CC[C@@H]2O
1053,MK-2206,"AKT1, AKT2",1.1178033387454636,179,HuPT3,C1CC(C1)(C2=CC=C(C=C2)C3=C(C=C4C(=N3)C=CN5C4=NNC5=O)C6=CC=CC=C6)N.Cl.Cl,CVCL_1299,NC1(c2ccc(-c3nc4ccn5c(=O)[nH]nc5c4cc3-c3ccccc3)cc2)CCC1
1799,Ibrutinib,BTK,1.118240586924257,179,HuPT3,C=CC(=O)N1CCC[C@H](C1)N2C3=NC=NC(=C3C(=N2)C4=CC=C(C=C4)OC5=CC=CC=C5)N,CVCL_1299,C=CC(=O)N1CCC[C@@H](n2nc(-c3ccc(Oc4ccccc4)cc3)c3c(N)ncnc32)C1
1939,UMI-77,MCL1,1.1610167435952117,179,HuPT3,C1=CC=C2C(=C1)C(=CC(=C2O)SCC(=O)O)NS(=O)(=O)C3=CC=C(C=C3)Br,CVCL_1299,O=C(O)CSc1cc(NS(=O)(=O)c2ccc(Br)cc2)c2ccccc2c1O
2110,GSK591,PMRT5,1.188098357449282,179,HuPT3,C1CC(C1)NC2=NC=CC(=C2)C(=O)NC[C@@H](CN3CCC4=CC=CC=C4C3)O,CVCL_1299,O=C(NC[C@H](O)CN1CCc2ccccc2C1)c1ccnc(NC2CCC2)c1
1507,Ruxolitinib,"JAK1, JAK2",1.1903176905761517,179,HuPT3,C1CCC(C1)[C@@H](CC#N)N2C=C(C=N2)C3=C4C=CNC4=NC=N3,CVCL_1299,N#CC[C@H](C1CCCC1)n1cc(-c2ncnc3[nH]ccc23)cn1
2106,Uprosertib,"AKT1, AKT2, AKT3",1.2686029660172369,179,HuPT3,CN1C(=C(C=N1)Cl)C2=C(OC(=C2)C(=O)N[C@@H](CC3=CC(=C(C=C3)F)F)CN)Cl,CVCL_1299,Cn1ncc(Cl)c1-c1cc(C(=O)N[C@H](CN)Cc2ccc(F)c(F)c2)oc1Cl
1618,GSK2606414,PERK,1.2695334747585432,179,HuPT3,CN1C=C(C2=C(N=CN=C21)N)C3=CC4=C(C=C3)N(CC4)C(=O)CC5=CC(=CC=C5)C(F)(F)F,CVCL_1299,Cn1cc(-c2ccc3c(c2)CCN3C(=O)Cc2cccc(C(F)(F)F)c2)c2c(N)ncnc21
1268,XAV939,"TNKS1, TNKS2",1.2962036553823202,179,HuPT3,C1CSCC2=C1N=C(NC2=O)C3=CC=C(C=C3)C(F)(F)F,CVCL_1299,O=c1[nH]c(-c2ccc(C(F)(F)F)cc2)nc2c1CSCC2
1093,GSK1904529A,"IGF1R, IR",1.3088225488729124,179,HuPT3,CCC1=CC(=C(C=C1N2CCC(CC2)N3CCN(CC3)S(=O)(=O)C)OC)NC4=NC=CC(=N4)C5=C(N=C6N5C=CC=C6)C7=CC(=C(C=C7)OC)C(=O)NC8=C(C=CC=C8F)F,CVCL_1299,CCc1cc(Nc2nccc(-c3c(-c4ccc(OC)c(C(=O)Nc5c(F)cccc5F)c4)nc4ccccn34)n2)c(OC)cc1N1CCC(N2CCN(S(C)(=O)=O)CC2)CC1
1057,Dactolisib,"PI3K (class 1), MTORC1, MTORC2",1.3095892841722718,179,HuPT3,CC(C)(C#N)C1=CC=C(C=C1)N2C3=C4C=C(C=CC4=NC=C3N(C2=O)C)C5=CC6=CC=CC=C6N=C5,CVCL_1299,Cn1c(=O)n(-c2ccc(C(C)(C)C#N)cc2)c2c3cc(-c4cnc5ccccc5c4)ccc3ncc21
1080,Paclitaxel,Microtubule stabiliser,1.3450116271917774,179,HuPT3,CC1=C2[C@H](C(=O)[C@@]3([C@H](C[C@@H]4[C@]([C@H]3[C@@H]([C@@](C2(C)C)(C[C@@H]1OC(=O)[C@@H]([C@H](C5=CC=CC=C5)NC(=O)C6=CC=CC=C6)O)O)OC(=O)C7=CC=CC=C7)(CO4)OC(=O)C)O)C)OC(=O)C,CVCL_1299,CC(=O)O[C@H]1C(=O)[C@]2(C)[C@@H](O)C[C@H]3OC[C@@]3(OC(C)=O)[C@H]2[C@H](OC(=O)c2ccccc2)[C@]2(O)C[C@H](OC(=O)[C@H](O)[C@@H](NC(=O)c3ccccc3)c3ccccc3)C(C)=C1C2(C)C
1180,Dinaciclib,"CDK1, CDK2, CDK5, CDK9",1.3793645299602304,179,HuPT3,CCC1=C2N=C(C=C(N2N=C1)NCC3=C[N+](=CC=C3)[O-])N4CCCC[C@H]4CCO,CVCL_1299,CCc1cnn2c(NCc3ccc[n+]([O-])c3)cc(N3CCCC[C@H]3CCO)nc12
2111,VE821,ATR,1.3829424728425734,179,HuPT3,CS(=O)(=O)C1=CC=C(C=C1)C2=CN=C(C(=N2)C(=O)NC3=CC=CC=C3)N,CVCL_1299,CS(=O)(=O)c1ccc(-c2cnc(N)c(C(=O)Nc3ccccc3)n2)cc1
1614,WZ4003,"NUAK1, NUAK2",1.3905427653609337,179,HuPT3,CCC(=O)NC1=CC(=CC=C1)OC2=NC(=NC=C2Cl)NC3=C(C=C(C=C3)N4CCN(CC4)C)OC,CVCL_1299,CCC(=O)Nc1cccc(Oc2nc(Nc3ccc(N4CCN(C)CC4)cc3OC)ncc2Cl)c1
2170,AT13148,AKT1,1.3965366127027212,179,HuPT3,C1=CC(=CC=C1C2=CNN=C2)[C@@](CN)(C3=CC=C(C=C3)Cl)O,CVCL_1299,NC[C@@](O)(c1ccc(Cl)cc1)c1ccc(-c2cn[nH]c2)cc1
1613,VE-822,ATR,1.4759269936403685,179,HuPT3,CC(C)S(=O)(=O)C1=CC=C(C=C1)C2=CN=C(C(=N2)C3=CC(=NO3)C4=CC=C(C=C4)CNC)N,CVCL_1299,CNCc1ccc(-c2cc(-c3nc(-c4ccc(S(=O)(=O)C(C)C)cc4)cnc3N)on2)cc1
1855,KRAS (G12C) Inhibitor-12,KRAS (G12C),1.65241645264377,179,HuPT3,C=CC(=O)N1CCN(CC1)C(=O)CNC2=CC(=C(C=C2O)Cl)I,CVCL_1299,C=CC(=O)N1CCN(C(=O)CNc2cc(I)c(Cl)cc2O)CC1
1068,Obatoclax Mesylate,"BCL2, BCL-XL, BCL-W, MCL1",1.682143127013907,179,HuPT3,CC1=CC(=C(N1)/C=C\2/C(=C/C(=C/3\C=C4C=CC=CC4=N3)/N2)OC)C,CVCL_1299,COc1c/c(=C2\C=c3ccccc3=N2)[nH]/c1=C\c1[nH]c(C)cc1C
1441,AZD2014,"mTORC1, mTORC2",1.685308496185654,179,HuPT3,C[C@H]1COCCN1C2=NC(=NC3=C2C=CC(=N3)C4=CC(=CC=C4)C(=O)NC)N5CCOC[C@@H]5C,CVCL_1299,CNC(=O)c1cccc(-c2ccc3c(N4CCOC[C@@H]4C)nc(N4CCOC[C@@H]4C)nc3n2)c1
1401,AZD5438,CDK2,1.7216517841910013,179,HuPT3,CC1=NC=C(N1C(C)C)C2=NC(=NC=C2)NC3=CC=C(C=C3)S(=O)(=O)C,CVCL_1299,Cc1ncc(-c2ccnc(Nc3ccc(S(C)(=O)=O)cc3)n2)n1C(C)C
1629,ML323,"USP1, UAF1",1.7776368481092442,179,HuPT3,CC1=CN=C(N=C1NCC2=CC=C(C=C2)N3C=CN=N3)C4=CC=CC=C4C(C)C,CVCL_1299,Cc1cnc(-c2ccccc2C(C)C)nc1NCc1ccc(-n2ccnn2)cc1
2109,AZ6102,"TNKS1, TNKS2",1.7961172939604313,179,HuPT3,CCC1=CC2=C(C=C1OC(=O)C(C)(C)C)OC(=C(C2=O)OC3=CC=C(C=C3)I)C(F)(F)F,CVCL_1299,CCc1cc2c(=O)c(Oc3ccc(I)cc3)c(C(F)(F)F)oc2cc1OC(=O)C(C)(C)C
1598,LGK974,PORCN,-1.115238940470532,179,HuPT4,CC1=CC(=CN=C1C2=CC(=NC=C2)C)CC(=O)NC3=NC=C(C=C3)C4=NC=CN=C4,CVCL_1300,Cc1cc(-c2ncc(CC(=O)Nc3ccc(-c4cnccn4)cn3)cc2C)ccn1
1853,OF-1,"BRPF1B, BRPF2",-1.064142676243622,179,HuPT4,CC1=C(C=CC(=C1)Br)S(=O)(=O)NC2=CC3=C(C=C2OC)N(C(=O)N3C)C,CVCL_1300,COc1cc2c(cc1NS(=O)(=O)c1ccc(Br)cc1C)n(C)c(=O)n2C
1940,WIKI4,"TNKS1, TNKS2",-0.9568150731340984,179,HuPT4,COC1=CC=C(C=C1)N2C(=NN=C2SCCCN3C(=O)C4=CC=CC5=C4C(=CC=C5)C3=O)C6=CC=NC=C6,CVCL_1300,COc1ccc(-n2c(SCCCN3C(=O)c4cccc5cccc(c45)C3=O)nnc2-c2ccncc2)cc1
1168,Erlotinib,EGFR,-0.9359025794085082,179,HuPT4,COCCOC1=C(C=C2C(=C1)C(=NC=N2)NC3=CC=CC(=C3)C#C)OCCOC,CVCL_1300,C#Cc1cccc(Nc2ncnc3cc(OCCOC)c(OCCOC)cc23)c1
1190,Gemcitabine,Pyrimidine antimetabolite,-0.8915240995067248,179,HuPT4,C1=CN(C(=O)N=C1N)[C@H]2C([C@@H]([C@H](O2)CO)O)(F)F,CVCL_1300,Nc1ccn([C@@H]2O[C@H](CO)[C@@H](O)C2(F)F)c(=O)n1
1034,Staurosporine,Broad spectrum kinase inhibitor,-0.8128421639347841,179,HuPT4,C[C@@]12[C@@H]([C@@H](C[C@H](O1)N3C4=CC=CC=C4C5=C6C(=C7C8=CC=CC=C8N2C7=C53)CNC6=O)NC)OC,CVCL_1300,CN[C@@H]1C[C@@H]2O[C@@](C)([C@@H]1OC)n1c3ccccc3c3c4c(c5c6ccccc6n2c5c31)C(=O)NC4
1862,MG-132,"Proteasome, CAPN1",-0.7052750990508568,179,HuPT4,CC(C)C[C@@H](C=O)NC(=O)[C@H](CC(C)C)NC(=O)[C@H](CC(C)C)NC(=O)OCC1=CC=CC=C1,CVCL_1300,CC(C)C[C@@H](C=O)NC(=O)[C@H](CC(C)C)NC(=O)[C@H](CC(C)C)NC(=O)OCc1ccccc1
1003,Camptothecin,TOP1,-0.6175422918565419,179,HuPT4,CC[C@@]1(C2=C(COC1=O)C(=O)N3CC4=CC5=CC=CC=C5N=C4C3=C2)O,CVCL_1300,CC[C@@]1(O)C(=O)OCc2c1cc1n(c2=O)Cc2cc3ccccc3nc2-1
1913,AGI-5198,IDH1 (R132H),-0.5650825742216399,179,HuPT4,CC1=CC=CC=C1C(C(=O)NC2CCCCC2)N(C3=CC(=CC=C3)F)C(=O)CN4C=CN=C4C,CVCL_1300,Cc1ccccc1C(C(=O)NC1CCCCC1)N(C(=O)Cn1ccnc1C)c1cccc(F)c1
2043,BIBR-1532,TERT,-0.5270963605778666,179,HuPT4,C/C(=C\C(=O)NC1=CC=CC=C1C(=O)O)/C2=CC3=CC=CC=C3C=C2,CVCL_1300,C/C(=C\C(=O)Nc1ccccc1C(=O)O)c1ccc2ccccc2c1
1010,Gefitinib,EGFR,-0.517581449638656,179,HuPT4,COC1=C(C=C2C(=C1)N=CN=C2NC3=CC(=C(C=C3)F)Cl)OCCCN4CCOCC4,CVCL_1300,COc1cc2ncnc(Nc3ccc(F)c(Cl)c3)c2cc1OCCCN1CCOCC1
1786,AZD4547,"FGFR1, FGFR2, FGFR3",-0.4794014747652785,179,HuPT4,C[C@@H]1CN(C[C@@H](N1)C)C2=CC=C(C=C2)C(=O)NC3=NNC(=C3)CCC4=CC(=CC(=C4)OC)OC,CVCL_1300,COc1cc(CCc2cc(NC(=O)c3ccc(N4C[C@H](C)N[C@H](C)C4)cc3)n[nH]2)cc(OC)c1
1088,Irinotecan,TOP1,-0.4137837384127601,179,HuPT4,CCC1=C2CN3C(=CC4=C(C3=O)COC(=O)[C@@]4(CC)O)C2=NC5=C1C=C(C=C5)OC(=O)N6CCC(CC6)N7CCCCC7,CVCL_1300,CCc1c2c(nc3ccc(OC(=O)N4CCC(N5CCCCC5)CC4)cc13)-c1cc3c(c(=O)n1C2)COC(=O)[C@]3(O)CC
1507,Ruxolitinib,"JAK1, JAK2",-0.3863686514845081,179,HuPT4,C1CCC(C1)[C@@H](CC#N)N2C=C(C=N2)C3=C4C=CNC4=NC=N3,CVCL_1300,N#CC[C@H](C1CCCC1)n1cc(-c2ncnc3[nH]ccc23)cn1
1936,Savolitinib,MET,-0.3272268656377499,179,HuPT4,C[C@@H](C1=CN2C=CN=C2C=C1)N3C4=NC(=CN=C4N=N3)C5=CN(N=C5)C,CVCL_1300,C[C@@H](c1ccc2nccn2c1)n1nnc2ncc(-c3cnn(C)c3)nc21
1933,P22077,"USP7, USP47",-0.3208094685846555,179,HuPT4,CC(=O)C1=CC(=C(S1)SC2=C(C=C(C=C2)F)F)[N+](=O)[O-],CVCL_1300,CC(=O)c1cc([N+](=O)[O-])c(Sc2ccc(F)cc2F)s1
1268,XAV939,"TNKS1, TNKS2",-0.2898556307912232,179,HuPT4,C1CSCC2=C1N=C(NC2=O)C3=CC=C(C=C3)C(F)(F)F,CVCL_1300,O=c1[nH]c(-c2ccc(C(F)(F)F)cc2)nc2c1CSCC2
1908,Ulixertinib,"ERK1, ERK2",-0.2692309457001555,179,HuPT4,CC(C)NC1=NC=C(C(=C1)C2=CNC(=C2)C(=O)N[C@H](CO)C3=CC(=CC=C3)Cl)Cl,CVCL_1300,CC(C)Nc1cc(-c2c[nH]c(C(=O)N[C@H](CO)c3cccc(Cl)c3)c2)c(Cl)cn1
1557,LCL161,"XIAP, IAP1, IAP2",-0.2598239488628618,179,HuPT4,C[C@@H](C(=O)N[C@@H](C1CCCCC1)C(=O)N2CCC[C@H]2C3=NC(=CS3)C(=O)C4=CC=C(C=C4)F)NC,CVCL_1300,CN[C@@H](C)C(=O)N[C@H](C(=O)N1CCC[C@H]1c1nc(C(=O)c2ccc(F)cc2)cs1)C1CCCCC1
1997,WEHI-539,BCL-XL,-0.1995670145729046,179,HuPT4,C1CC2=C(C=C(C=C2)C3=NC(=C(S3)CCCOC4=CC=C(C=C4)CN)C(=O)O)/C(=N/NC5=NC6=CC=CC=C6S5)/C1,CVCL_1300,NCc1ccc(OCCCc2sc(-c3ccc4c(c3)/C(=N/Nc3nc5ccccc5s3)CCC4)nc2C(=O)O)cc1
1563,EPZ5676,DOT1L,-0.1797152215296956,179,HuPT4,CC(C)N(C[C@@H]1[C@H]([C@H]([C@@H](O1)N2C=NC3=C(N=CN=C32)N)O)O)C4CC(C4)CCC5=NC6=C(N5)C=C(C=C6)C(C)(C)C,CVCL_1300,CC(C)N(C[C@H]1O[C@@H](n2cnc3c(N)ncnc32)[C@H](O)[C@@H]1O)C1CC(CCc2nc3ccc(C(C)(C)C)cc3[nH]2)C1
1529,Pevonedistat,NAE,-0.1602985832167167,179,HuPT4,C1CC2=CC=CC=C2[C@H]1NC3=C4C=CN(C4=NC=N3)[C@@H]5C[C@H]([C@H](C5)O)COS(=O)(=O)N,CVCL_1300,NS(=O)(=O)OC[C@@H]1C[C@@H](n2ccc3c(N[C@H]4CCc5ccccc54)ncnc32)C[C@@H]1O
1237,EPZ004777,DOT1L,-0.1528927823232188,179,HuPT4,CC(C)N(CCCNC(=O)NC1=CC=C(C=C1)C(C)(C)C)C[C@@H]2[C@H]([C@H]([C@@H](O2)N3C=CC4=C(N=CN=C43)N)O)O,CVCL_1300,CC(C)N(CCCNC(=O)Nc1ccc(C(C)(C)C)cc1)C[C@H]1O[C@@H](n2ccc3c(N)ncnc32)[C@H](O)[C@@H]1O
1006,Cytarabine,Antimetabolite,-0.1246039555511879,179,HuPT4,C1=CN(C(=O)N=C1N)[C@H]2[C@H]([C@@H]([C@H](O2)CO)O)O,CVCL_1300,Nc1ccn([C@@H]2O[C@H](CO)[C@@H](O)[C@@H]2O)c(=O)n1
1578,Leflunomide,Pyrimidine synthesis inhibitor,-0.0992461721927199,179,HuPT4,CC1=C(C=NO1)C(=O)NC2=CC=C(C=C2)C(F)(F)F,CVCL_1300,Cc1oncc1C(=O)Nc1ccc(C(F)(F)F)cc1
1200,Fulvestrant,ESR,-0.079347731562617,179,HuPT4,C[C@]12CC[C@H]3[C@H]([C@@H]1CC[C@@H]2O)[C@@H](CC4=C3C=CC(=C4)O)CCCCCCCCCS(=O)CCCC(C(F)(F)F)(F)F,CVCL_1300,C[C@]12CC[C@@H]3c4ccc(O)cc4C[C@@H](CCCCCCCCC[S+]([O-])CCCC(F)(F)C(F)(F)F)[C@H]3[C@@H]1CC[C@@H]2O
1011,Navitoclax,"BCL2, BCL-XL, BCL-W",-0.0757325418178143,179,HuPT4,CC1(CCC(=C(C1)CN2CCN(CC2)C3=CC=C(C=C3)C(=O)NS(=O)(=O)C4=CC(=C(C=C4)N[C@H](CCN5CCOCC5)CSC6=CC=CC=C6)S(=O)(=O)C(F)(F)F)C7=CC=C(C=C7)Cl)C,CVCL_1300,CC1(C)CCC(c2ccc(Cl)cc2)=C(CN2CCN(c3ccc(C(=O)NS(=O)(=O)c4ccc(N[C@H](CCN5CCOCC5)CSc5ccccc5)c(S(=O)(=O)C(F)(F)F)c4)cc3)CC2)C1
1051,Alisertib,AURKA,-0.06776042842003,179,HuPT4,COC1=C(C(=CC=C1)F)C2=NCC3=CN=C(N=C3C4=C2C=C(C=C4)Cl)NC5=CC(=C(C=C5)C(=O)O)OC,CVCL_1300,COc1cc(Nc2ncc3c(n2)-c2ccc(Cl)cc2C(c2c(F)cccc2OC)=NC3)ccc1C(=O)O
1576,IWP-2,PORCN,-0.0598158840178187,179,HuPT4,CC1=CC2=C(C=C1)N=C(S2)NC(=O)CSC3=NC4=C(C(=O)N3C5=CC=CC=C5)SCC4,CVCL_1300,Cc1ccc2nc(NC(=O)CSc3nc4c(c(=O)n3-c3ccccc3)SCC4)sc2c1
1013,Nilotinib,ABL,-0.0442327672337583,179,HuPT4,CC1=C(C=C(C=C1)C(=O)NC2=CC(=CC(=C2)C(F)(F)F)N3C=C(N=C3)C)NC4=NC=CC(=N4)C5=CN=CC=C5,CVCL_1300,Cc1cn(-c2cc(NC(=O)c3ccc(C)c(Nc4nccc(-c5cccnc5)n4)c3)cc(C(F)(F)F)c2)cn1
1372,Trametinib,"MEK1, MEK2",-0.0237808717881166,179,HuPT4,CC1=C2C(=C(N(C1=O)C)NC3=C(C=C(C=C3)I)F)C(=O)N(C(=O)N2C4=CC=CC(=C4)NC(=O)C)C5CC5,CVCL_1300,CC(=O)Nc1cccc(-n2c(=O)n(C3CC3)c(=O)c3c(Nc4ccc(I)cc4F)n(C)c(=O)c(C)c32)c1
2044,Pyridostatin,G-quadruplex stabiliser,-0.0042612896117154,179,HuPT4,C1=CC=C2C(=C1)C(=CC(=N2)NC(=O)C3=CC(=CC(=N3)C(=O)NC4=NC5=CC=CC=C5C(=C4)OCCN)OCCN)OCCN,CVCL_1300,NCCOc1cc(C(=O)Nc2cc(OCCN)c3ccccc3n2)nc(C(=O)Nc2cc(OCCN)c3ccccc3n2)c1
1720,AZD5991,MCL1,0.0412920649205498,179,HuPT4,CC1=C2C(=NN1C)CSCC3=NN(C(=C3)CSC4=CC5=CC=CC=C5C(=C4)OCCCC6=C(N(C7=C6C=CC(=C27)Cl)C)C(=O)O)C,CVCL_1300,Cc1c2c(nn1C)CSCc1cc(n(C)n1)CSc1cc(c3ccccc3c1)OCCCc1c(C(=O)O)n(C)c3c-2c(Cl)ccc13
1259,Talazoparib,"PARP1, PARP2",0.0433323119142288,179,HuPT4,CC(C)/C=N/NC(=O)C1=CC=C(C=C1)NC(=O)C,CVCL_1300,CC(=O)Nc1ccc(C(=O)N/N=C/C(C)C)cc1
2107,LJI308,"RSK2, RSK1, RSK3",0.0811694210462797,179,HuPT4,C1COCCN1C2=CC=C(C=C2)C3=C(C=NC=C3)C4=CC(=C(C(=C4)F)O)F,CVCL_1300,Oc1c(F)cc(-c2cnccc2-c2ccc(N3CCOCC3)cc2)cc1F
1931,MIRA-1,TP53,0.10021136536289,179,HuPT4,CCC(=O)OCN1C(=O)C=CC1=O,CVCL_1300,CCC(=O)OCN1C(=O)C=CC1=O
1852,LY2109761,TGFB1,0.1220832564973444,179,HuPT4,C1CC2=C(C(=NN2C1)C3=CC=CC=N3)C4=C5C=CC(=CC5=NC=C4)OCCN6CCOCC6,CVCL_1300,c1ccc(-c2nn3c(c2-c2ccnc4cc(OCCN5CCOCC5)ccc24)CCC3)nc1
1926,GNE-317,PI3Kalpha,0.1297223584439376,179,HuPT4,CC1=C(SC2=C1N=C(N=C2N3CCOCC3)C4=CN=C(N=C4)N)C5(COC5)OC,CVCL_1300,COC1(c2sc3c(N4CCOCC4)nc(-c4cnc(N)nc4)nc3c2C)COC1
1079,Dasatinib,"ABL, SRC, Ephrins, PDGFR, KIT",0.1408584456126983,179,HuPT4,CC1=C(C(=CC=C1)Cl)NC(=O)C2=CN=C(S2)NC3=CC(=NC(=N3)C)N4CCN(CC4)CCO,CVCL_1300,Cc1nc(Nc2ncc(C(=O)Nc3c(C)cccc3Cl)s2)cc(N2CCN(CCO)CC2)n1
1093,GSK1904529A,"IGF1R, IR",0.155571080115685,179,HuPT4,CCC1=CC(=C(C=C1N2CCC(CC2)N3CCN(CC3)S(=O)(=O)C)OC)NC4=NC=CC(=N4)C5=C(N=C6N5C=CC=C6)C7=CC(=C(C=C7)OC)C(=O)NC8=C(C=CC=C8F)F,CVCL_1300,CCc1cc(Nc2nccc(-c3c(-c4ccc(OC)c(C(=O)Nc5c(F)cccc5F)c4)nc4ccccn34)n2)c(OC)cc1N1CCC(N2CCN(S(C)(=O)=O)CC2)CC1
1017,Olaparib,"PARP1, PARP2",0.1563164591453519,179,HuPT4,C1CC1C(=O)N2CCN(CC2)C(=O)C3=C(C=CC(=C3)CC4=NNC(=O)C5=CC=CC=C54)F,CVCL_1300,O=C(c1cc(Cc2n[nH]c(=O)c3ccccc23)ccc1F)N1CCN(C(=O)C2CC2)CC1
1941,Sepantronium bromide,BIRC5,0.1595803831769438,179,HuPT4,CC1=[N+](C2=C(N1CCOC)C(=O)C3=CC=CC=C3C2=O)CC4=NC=CN=C4.[Br-],CVCL_1300,COCCn1c2c([n+](Cc3cnccn3)c1C)C(=O)c1ccccc1C2=O
2048,Vinorelbine,Microtubule destabiliser,0.173186759309402,179,HuPT4,CCC1=C[C@H]2C[C@@](C3=C(CN(C2)C1)C4=CC=CC=C4N3)(C5=C(C=C6C(=C5)[C@]78CCN9[C@H]7[C@@](C=CC9)([C@H]([C@@]([C@@H]8N6C)(C(=O)OC)O)OC(=O)C)CC)OC)C(=O)OC,CVCL_1300,CCC1=C[C@@H]2CN(C1)Cc1c([nH]c3ccccc13)[C@@](C(=O)OC)(c1cc3c(cc1OC)N(C)[C@H]1[C@@](O)(C(=O)OC)[C@H](OC(C)=O)[C@]4(CC)C=CCN5CC[C@]31[C@@H]54)C2
1909,Venetoclax,BCL2,0.1772300181300086,179,HuPT4,CC1(CCC(=C(C1)C2=CC=C(C=C2)Cl)CN3CCN(CC3)C4=CC(=C(C=C4)C(=O)NS(=O)(=O)C5=CC(=C(C=C5)NCC6CCOCC6)[N+](=O)[O-])OC7=CN=C8C(=C7)C=CN8)C,CVCL_1300,CC1(C)CCC(CN2CCN(c3ccc(C(=O)NS(=O)(=O)c4ccc(NCC5CCOCC5)c([N+](=O)[O-])c4)c(Oc4cnc5[nH]ccc5c4)c3)CC2)=C(c2ccc(Cl)cc2)C1
2096,VX-11e,ERK2,0.1913994013192864,179,HuPT4,CC1=CN=C(N=C1C2=CNC(=C2)C(=O)N[C@H](CO)C3=CC(=CC=C3)Cl)NC4=C(C=C(C=C4)F)Cl,CVCL_1300,Cc1cnc(Nc2ccc(F)cc2Cl)nc1-c1c[nH]c(C(=O)N[C@H](CO)c2cccc(Cl)c2)c1
1918,AZD8186,"PI3Kalpha, PI3Kbeta",0.202489610564328,179,HuPT4,C[C@H](C1=CC(=CC2=C1OC(=CC2=O)N3CCOCC3)C(=O)N(C)C)NC4=CC(=CC(=C4)F)F,CVCL_1300,C[C@@H](Nc1cc(F)cc(F)c1)c1cc(C(=O)N(C)C)cc2c(=O)cc(N3CCOCC3)oc12
1919,Osimertinib,EGFR,0.210832563625503,179,HuPT4,CN1C=C(C2=CC=CC=C21)C3=NC(=NC=C3)NC4=C(C=C(C(=C4)NC(=O)C=C)N(C)CCN(C)C)OC,CVCL_1300,C=CC(=O)Nc1cc(Nc2nccc(-c3cn(C)c4ccccc34)n2)c(OC)cc1N(C)CCN(C)C
1463,AZD1332,"NTRK1, NTRK2, NTRK3",0.2209611053684752,179,HuPT4,CC(C)OC1=NNC(=C1)NC2=NC(=NC=C2Cl)NC(C)C3=NC=C(C=C3)F,CVCL_1300,CC(C)Oc1cc(Nc2nc(NC(C)c3ccc(F)cn3)ncc2Cl)[nH]n1
2110,GSK591,PMRT5,0.2367550836698291,179,HuPT4,C1CC(C1)NC2=NC=CC(=C2)C(=O)NC[C@@H](CN3CCC4=CC=CC=C4C3)O,CVCL_1300,O=C(NC[C@H](O)CN1CCc2ccccc2C1)c1ccnc(NC2CCC2)c1
1625,RVX-208,BRD4,0.2404550337443924,179,HuPT4,C1=CC(=C(C=C1N=C=O)F)F,CVCL_1300,O=C=Nc1ccc(F)c(F)c1
1085,Sorafenib,"PDGFR, KIT, VEGFR, RAF",0.2608301525553299,179,HuPT4,CNC(=O)C1=NC=CC(=C1)OC2=CC=C(C=C2)NC(=O)NC3=CC(=C(C=C3)Cl)C(F)(F)F,CVCL_1300,CNC(=O)c1cc(Oc2ccc(NC(=O)Nc3ccc(Cl)c(C(F)(F)F)c3)cc2)ccn1
1819,Docetaxel,Microtubule stabiliser,0.2634111458373037,179,HuPT4,CC1=C2[C@H](C(=O)[C@@]3([C@H](C[C@@H]4[C@]([C@H]3[C@@H]([C@@](C2(C)C)(C[C@@H]1OC(=O)[C@@H]([C@H](C5=CC=CC=C5)NC(=O)OC(C)(C)C)O)O)OC(=O)C6=CC=CC=C6)(CO4)OC(=O)C)O)C)O,CVCL_1300,CC(=O)O[C@@]12CO[C@@H]1C[C@H](O)[C@@]1(C)C(=O)[C@H](O)C3=C(C)[C@@H](OC(=O)[C@H](O)[C@@H](NC(=O)OC(C)(C)C)c4ccccc4)C[C@@](O)([C@@H](OC(=O)c4ccccc4)[C@@H]12)C3(C)C
1927,GSK2578215A,LRRK2,0.2662621205447964,179,HuPT4,C1=CC=C(C=C1)COC2=C(C=C(C=C2)C3=CC(=NC=C3)F)C(=O)NC4=CN=CC=C4,CVCL_1300,O=C(Nc1cccnc1)c1cc(-c2ccnc(F)c2)ccc1OCc1ccccc1
1549,Sapitinib,"EGFR, ERBB2, ERBB3",0.2785388022568904,179,HuPT4,CNC(=O)CN1CCC(CC1)OC2=C(C=C3C(=C2)C(=NC=N3)NC4=C(C(=CC=C4)Cl)F)OC,CVCL_1300,CNC(=O)CN1CCC(Oc2cc3c(Nc4cccc(Cl)c4F)ncnc3cc2OC)CC1
1131,PRIMA-1MET,TP53 activation,0.2790322669768537,179,HuPT4,COCC1(C(=O)C2CCN1CC2)CO,CVCL_1300,COCC1(CO)C(=O)C2CCN1CC2
2109,AZ6102,"TNKS1, TNKS2",0.2983863624223388,179,HuPT4,CCC1=CC2=C(C=C1OC(=O)C(C)(C)C)OC(=C(C2=O)OC3=CC=C(C=C3)I)C(F)(F)F,CVCL_1300,CCc1cc2c(=O)c(Oc3ccc(I)cc3)c(C(F)(F)F)oc2cc1OC(=O)C(C)(C)C
1375,Temozolomide,DNA alkylating agent,0.3178561044931605,179,HuPT4,CN1C(=O)N2C=NC(=C2N=N1)C(=O)N,CVCL_1300,Cn1nnc2c(C(N)=O)ncn2c1=O
1512,Cyclophosphamide,Alkylating agent,0.3518355200297027,179,HuPT4,C1CNP(=O)(OC1)N(CCCl)CCCl,CVCL_1300,O=P1(N(CCCl)CCCl)NCCCO1
1091,BMS-536924,"IGF1R, IR",0.3535455636517323,179,HuPT4,CC1=CC(=CC2=C1N=C(N2)C3=C(C=CNC3=O)NC[C@H](C4=CC(=CC=C4)Cl)O)N5CCOCC5,CVCL_1300,Cc1cc(N2CCOCC2)cc2[nH]c(-c3c(NC[C@@H](O)c4cccc(Cl)c4)cc[nH]c3=O)nc12
1401,AZD5438,CDK2,0.3622960285323392,179,HuPT4,CC1=NC=C(N1C(C)C)C2=NC(=NC=C2)NC3=CC=C(C=C3)S(=O)(=O)C,CVCL_1300,Cc1ncc(-c2ccnc(Nc3ccc(S(C)(=O)=O)cc3)n2)n1C(C)C
1621,PCI-34051,"HDAC8, HDAC6, HDAC1",0.367337803082817,179,HuPT4,COC1=CC=C(C=C1)CN2C=CC3=C2C=C(C=C3)C(=O)NO,CVCL_1300,COc1ccc(Cn2ccc3ccc(C(=O)NO)cc32)cc1
1873,Buparlisib,"PI3Kalpha, PI3Kdelta, PI3Kbeta, PI3Kgamma",0.3759517658810649,179,HuPT4,C1COCCN1C2=NC(=NC(=C2)C3=CN=C(C=C3C(F)(F)F)N)N4CCOCC4,CVCL_1300,Nc1cc(C(F)(F)F)c(-c2cc(N3CCOCC3)nc(N3CCOCC3)n2)cn1
1996,MIM1,MCL1,0.3767151821704805,179,HuPT4,CC(C)[C@H]1CSC(=N1)N2[C@H](CSC2=S)C(C)C,CVCL_1300,CC(C)[C@H]1CSC(N2C(=S)SC[C@@H]2C(C)C)=N1
1915,AZD3759,EGFR,0.3797419287770145,179,HuPT4,C[C@@H]1CN(CCN1C(=O)OC2=C(C=C3C(=C2)C(=NC=N3)NC4=C(C(=CC=C4)Cl)F)OC)C,CVCL_1300,COc1cc2ncnc(Nc3cccc(Cl)c3F)c2cc1OC(=O)N1CCN(C)C[C@H]1C
1180,Dinaciclib,"CDK1, CDK2, CDK5, CDK9",0.3851524580974426,179,HuPT4,CCC1=C2N=C(C=C(N2N=C1)NCC3=C[N+](=CC=C3)[O-])N4CCCC[C@H]4CCO,CVCL_1300,CCc1cnn2c(NCc3ccc[n+]([O-])c3)cc(N3CCCC[C@H]3CCO)nc12
1049,PD173074,"FGFR1, FGFR2, FGFR3",0.4018553364357962,179,HuPT4,CCN(CC)CCCCNC1=NC2=NC(=C(C=C2C=N1)C3=CC(=CC(=C3)OC)OC)NC(=O)NC(C)(C)C,CVCL_1300,CCN(CC)CCCCNc1ncc2cc(-c3cc(OC)cc(OC)c3)c(NC(=O)NC(C)(C)C)nc2n1
1007,Docetaxel,Microtubule stabiliser,0.4146680317618101,179,HuPT4,CC1=C2[C@H](C(=O)[C@@]3([C@H](C[C@@H]4[C@]([C@H]3[C@@H]([C@@](C2(C)C)(C[C@@H]1OC(=O)[C@@H]([C@H](C5=CC=CC=C5)NC(=O)OC(C)(C)C)O)O)OC(=O)C6=CC=CC=C6)(CO4)OC(=O)C)O)C)O,CVCL_1300,CC(=O)O[C@@]12CO[C@@H]1C[C@H](O)[C@@]1(C)C(=O)[C@H](O)C3=C(C)[C@@H](OC(=O)[C@H](O)[C@@H](NC(=O)OC(C)(C)C)c4ccccc4)C[C@@](O)([C@@H](OC(=O)c4ccccc4)[C@@H]12)C3(C)C
1620,PFI3,"Polybromo 1, SMARCA4, SMARCA2",0.4260890278588572,179,HuPT4,C1[C@@H]2CN([C@H]1CN2C3=CC=CC=N3)/C=C/C(=O)C4=CC=CC=C4O,CVCL_1300,O=C(/C=C/N1C[C@H]2C[C@@H]1CN2c1ccccn1)c1ccccc1O
2045,AMG-319,PI3K (beta sparing),0.4330240181982976,179,HuPT4,C[C@@H](C1=C(N=C2C=C(C=CC2=C1)F)C3=CC=CC=N3)NC4=NC=NC5=C4NC=N5,CVCL_1300,C[C@H](Nc1ncnc2nc[nH]c12)c1cc2ccc(F)cc2nc1-c1ccccn1
1917,AZD6738,ATR,0.441901703016587,179,HuPT4,C[C@@H]1COCCN1C2=NC(=NC(=C2)C3(CC3)[S@](=N)(=O)C)C4=C5C=CNC5=NC=C4,CVCL_1300,C[C@@H]1COCCN1c1cc(C2([S@](C)(=N)=O)CC2)nc(-c2ccnc3[nH]ccc23)n1
1047,Nutlin-3a (-),MDM2,0.4433348944677409,179,HuPT4,CC(C)OC1=C(C=CC(=C1)OC)C2=N[C@H]([C@H](N2C(=O)N3CCNC(=O)C3)C4=CC=C(C=C4)Cl)C5=CC=C(C=C5)Cl,CVCL_1300,COc1ccc(C2=N[C@@H](c3ccc(Cl)cc3)[C@@H](c3ccc(Cl)cc3)N2C(=O)N2CCNC(=O)C2)c(OC(C)C)c1
1854,MN-64,"TNKS1, TNKS2",0.4555682016691921,179,HuPT4,CC(C)C1=CC=C(C=C1)C2=CC(=O)C3=CC=CC=C3O2,CVCL_1300,CC(C)c1ccc(-c2cc(=O)c3ccccc3o2)cc1
1060,PD0325901,"MEK1, MEK2",0.4682589084788788,179,HuPT4,C1=CC(=C(C=C1I)F)NC2=C(C=CC(=C2F)F)C(=O)NOC[C@@H](CO)O,CVCL_1300,O=C(NOC[C@H](O)CO)c1ccc(F)c(F)c1Nc1ccc(I)cc1F
1855,KRAS (G12C) Inhibitor-12,KRAS (G12C),0.4930395406505028,179,HuPT4,C=CC(=O)N1CCN(CC1)C(=O)CNC2=CC(=C(C=C2O)Cl)I,CVCL_1300,C=CC(=O)N1CCN(C(=O)CNc2cc(I)c(Cl)cc2O)CC1
1083,Crizotinib,"MET, ALK, ROS1",0.5092311399241807,179,HuPT4,C[C@H](C1=C(C=CC(=C1Cl)F)Cl)OC2=C(N=CC(=C2)C3=CN(N=C3)C4CCNCC4)N,CVCL_1300,C[C@@H](Oc1cc(-c2cnn(C3CCNCC3)c2)cnc1N)c1c(Cl)ccc(F)c1Cl
1560,Alpelisib,PI3Kalpha,0.5187344099153183,179,HuPT4,CC1=C(SC(=N1)NC(=O)N2CCC[C@H]2C(=O)N)C3=CC(=NC=C3)C(C)(C)C(F)(F)F,CVCL_1300,Cc1nc(NC(=O)N2CCC[C@H]2C(N)=O)sc1-c1ccnc(C(C)(C)C(F)(F)F)c1
1177,Niraparib,"PARP1, PARP2",0.5241951832435012,179,HuPT4,C1C[C@H](CNC1)C2=CC=C(C=C2)N3C=C4C=CC=C(C4=N3)C(=O)N,CVCL_1300,NC(=O)c1cccc2cn(-c3ccc([C@@H]4CCCNC4)cc3)nc12
1073,5-Fluorouracil,Antimetabolite (DNA & RNA),0.5248733284994538,179,HuPT4,C1=C(C(=O)NC(=O)N1)F,CVCL_1300,O=c1[nH]cc(F)c(=O)[nH]1
1627,GSK343,EZH2,0.5392614825086209,179,HuPT4,CCCC1=C(C(=O)NC(=C1)C)CNC(=O)C2=C3C=NN(C3=CC(=C2)C4=CC(=NC=C4)N5CCN(CC5)C)C(C)C,CVCL_1300,CCCc1cc(C)[nH]c(=O)c1CNC(=O)c1cc(-c2ccnc(N3CCN(C)CC3)c2)cc2c1cnn2C(C)C
1250,AZ960,"JAK2, JAK3",0.5509483699984399,179,HuPT4,CC1=CC(=NN1)NC2=C(C=C(C(=N2)N[C@@H](C)C3=CC=C(C=C3)F)C#N)F,CVCL_1300,Cc1cc(Nc2nc(N[C@@H](C)c3ccc(F)cc3)c(C#N)cc2F)n[nH]1
1615,CZC24832,PI3Kgamma,0.5747469394009443,179,HuPT4,CC(C)(C)NS(=O)(=O)C1=CN=CC(=C1)C2=CN3C(=NC(=N3)N)C(=C2)F,CVCL_1300,CC(C)(C)NS(=O)(=O)c1cncc(-c2cc(F)c3nc(N)nn3c2)c1
1635,Picolinici-acid,Inflammatory related,0.5771716580297857,179,HuPT4,C1=CC=NC(=C1)C(=O)O,CVCL_1300,O=C(O)c1ccccn1
1089,Oxaliplatin,DNA alkylating agent,0.6088251646284619,179,HuPT4,C1CC[C@H]([C@@H](C1)N)N.C(=O)(C(=O)O)O.[Pt],CVCL_1300,N[C@@H]1CCCC[C@H]1N
1239,YK-4-279,RNA helicase A,0.6158416572237979,179,HuPT4,COC1=CC=C(C=C1)C(=O)CC2(C3=C(C=CC(=C3NC2=O)Cl)Cl)O,CVCL_1300,COc1ccc(C(=O)CC2(O)C(=O)Nc3c(Cl)ccc(Cl)c32)cc1
1054,Palbociclib,"CDK4, CDK6",0.6253861334236099,179,HuPT4,CC1=C(C(=O)N(C2=NC(=NC=C12)NC3=NC=C(C=C3)N4CCNCC4)C5CCCC5)C(=O)C,CVCL_1300,CC(=O)c1c(C)c2cnc(Nc3ccc(N4CCNCC4)cn3)nc2n(C2CCCC2)c1=O
1022,AZD7762,"CHEK1, CHEK2",0.6336878403661051,179,HuPT4,C1C[C@@H](CNC1)NC(=O)C2=C(C=C(S2)C3=CC(=CC=C3)F)NC(=O)N,CVCL_1300,NC(=O)Nc1cc(-c2cccc(F)c2)sc1C(=O)N[C@H]1CCCNC1
2040,Foretinib,"MET, KDR, TIE2, VEGFR3/FLT4, RON, PDGFR, FGFR1, EGFR",0.656396748572978,179,HuPT4,COC1=CC2=C(C=CN=C2C=C1OCCCN3CCOCC3)OC4=C(C=C(C=C4)NC(=O)C5(CC5)C(=O)NC6=CC=C(C=C6)F)F,CVCL_1300,COc1cc2c(Oc3ccc(NC(=O)C4(C(=O)Nc5ccc(F)cc5)CC4)cc3F)ccnc2cc1OCCCN1CCOCC1
1373,Dabrafenib,BRAF,0.6574205784506522,179,HuPT4,CC(C)(C)C1=NC(=C(S1)C2=NC(=NC=C2)N)C3=C(C(=CC=C3)NS(=O)(=O)C4=C(C=CC=C4F)F)F,CVCL_1300,CC(C)(C)c1nc(-c2cccc(NS(=O)(=O)c3c(F)cccc3F)c2F)c(-c2ccnc(N)n2)s1
1736,Selumetinib,"MEK1, MEK2",0.6680630361003742,179,HuPT4,CN1C=NC2=C1C=C(C(=C2F)NC3=C(C=C(C=C3)Br)Cl)C(=O)NOCCO,CVCL_1300,Cn1cnc2c(F)c(Nc3ccc(Br)cc3Cl)c(C(=O)NOCCO)cc21
1624,I-BET-762,"BRD2, BRD3, BRD4",0.6793042606058888,179,HuPT4,CCNC(=O)C[C@H]1C2=NN=C(N2C3=C(C=C(C=C3)OC)C(=N1)C4=CC=C(C=C4)Cl)C,CVCL_1300,CCNC(=O)C[C@@H]1N=C(c2ccc(Cl)cc2)c2cc(OC)ccc2-n2c(C)nnc21
1564,SCH772984,"ERK1, ERK2",0.705608106970168,179,HuPT4,C1CN(C[C@@H]1C(=O)NC2=CC3=C(C=C2)NN=C3C4=CC=NC=C4)CC(=O)N5CCN(CC5)C6=CC=C(C=C6)C7=NC=CC=N7,CVCL_1300,O=C(Nc1ccc2[nH]nc(-c3ccncc3)c2c1)[C@@H]1CCN(CC(=O)N2CCN(c3ccc(-c4ncccn4)cc3)CC2)C1
1799,Ibrutinib,BTK,0.7187089653546899,179,HuPT4,C=CC(=O)N1CCC[C@H](C1)N2C3=NC=NC(=C3C(=N2)C4=CC=C(C=C4)OC5=CC=CC=C5)N,CVCL_1300,C=CC(=O)N1CCC[C@@H](n2nc(-c3ccc(Oc4ccccc4)cc3)c3c(N)ncnc32)C1
1622,Wnt-C59,PORCN,0.7405376265383694,179,HuPT4,CC1=NC=CC(=C1)C2=CC=C(C=C2)CC(=O)NC3=CC=C(C=C3)C4=CN=CC=C4,CVCL_1300,Cc1cc(-c2ccc(CC(=O)Nc3ccc(-c4cccnc4)cc3)cc2)ccn1
1912,Afuresertib,"AKT1, AKT2, AKT3",0.7420930695976614,179,HuPT4,CN1C(=C(C=N1)Cl)C2=C(SC(=C2)C(=O)N[C@@H](CC3=CC(=CC=C3)F)CN)Cl,CVCL_1300,Cn1ncc(Cl)c1-c1cc(C(=O)N[C@H](CN)Cc2cccc(F)c2)sc1Cl
1046,Wee1 Inhibitor,"WEE1, CHEK1",0.7660194131669019,179,HuPT4,C1=CC=C(C(=C1)C2=CC3=C(C4=C(N3)C=CC(=C4)O)C5=C2C(=O)NC5=O)Cl,CVCL_1300,O=C1NC(=O)c2c1c(-c1ccccc1Cl)cc1[nH]c3ccc(O)cc3c21
1058,Pictilisib,PI3K (class 1),0.7660352782611027,179,HuPT4,CS(=O)(=O)N1CCN(CC1)CC2=CC3=C(S2)C(=NC(=N3)C4=C5C=NNC5=CC=C4)N6CCOCC6,CVCL_1300,CS(=O)(=O)N1CCN(Cc2cc3nc(-c4cccc5[nH]ncc45)nc(N4CCOCC4)c3s2)CC1
1629,ML323,"USP1, UAF1",0.8006619403804687,179,HuPT4,CC1=CN=C(N=C1NCC2=CC=C(C=C2)N3C=CN=N3)C4=CC=CC=C4C(C)C,CVCL_1300,Cc1cnc(-c2ccccc2C(C)C)nc1NCc1ccc(-n2ccnn2)cc1
1558,Lapatinib,"EGFR, ERBB2",0.8201076351465209,179,HuPT4,CS(=O)(=O)CCNCC1=CC=C(O1)C2=CC3=C(C=C2)N=CN=C3NC4=CC(=C(C=C4)OCC5=CC(=CC=C5)F)Cl,CVCL_1300,CS(=O)(=O)CCNCc1ccc(-c2ccc3ncnc(Nc4ccc(OCc5cccc(F)c5)c(Cl)c4)c3c2)o1
2046,MK-8776,"CHEK1, CHEK2, CDK2",0.8395191135527647,179,HuPT4,CN1C=C(C=N1)C2=C3N=C(C(=C(N3N=C2)N)Br)C4CCCNC4,CVCL_1300,Cn1cc(-c2cnn3c(N)c(Br)c(C4CCCNC4)nc23)cn1
1916,AZD5363,"AKT1, AKT2, AKT3, ROCK2",0.8457453922399264,179,HuPT4,C1CN(CCC1(C(=O)N[C@@H](CCO)C2=CC=C(C=C2)Cl)N)C3=NC=NC4=C3C=CN4,CVCL_1300,NC1(C(=O)N[C@@H](CCO)c2ccc(Cl)cc2)CCN(c2ncnc3[nH]ccc23)CC1
1924,Ipatasertib,"AKT1, AKT, AKT3",0.8692038464168172,179,HuPT4,C[C@@H]1C[C@H](C2=C1C(=NC=N2)N3CCN(CC3)C(=O)[C@H](CNC(C)C)C4=CC=C(C=C4)Cl)O,CVCL_1300,CC(C)NC[C@@H](C(=O)N1CCN(c2ncnc3c2[C@H](C)C[C@H]3O)CC1)c1ccc(Cl)cc1
1925,GDC0810,"ESR1, ESR2",0.8721802972140414,179,HuPT4,CC/C(=C(/C1=CC=C(C=C1)/C=C/C(=O)O)\C2=CC3=C(C=C2)NN=C3)/C4=C(C=C(C=C4)F)Cl,CVCL_1300,CC/C(=C(/c1ccc(/C=C/C(=O)O)cc1)c1ccc2[nH]ncc2c1)c1ccc(F)cc1Cl
1510,Linsitinib,IGF1R,0.8780018548601681,179,HuPT4,CC1(CC(C1)C2=NC(=C3N2C=CN=C3N)C4=CC5=C(C=C4)C=CC(=N5)C6=CC=CC=C6)O,CVCL_1300,CC1(O)CC(c2nc(-c3ccc4ccc(-c5ccccc5)nc4c3)c3c(N)nccn23)C1
1618,GSK2606414,PERK,0.878699454765514,179,HuPT4,CN1C=C(C2=C(N=CN=C21)N)C3=CC4=C(C=C3)N(CC4)C(=O)CC5=CC(=CC=C5)C(F)(F)F,CVCL_1300,Cn1cc(-c2ccc3c(c2)CCN3C(=O)Cc2cccc(C(F)(F)F)c2)c2c(N)ncnc21
1928,I-BRD9,BRD9,0.8873950665627177,179,HuPT4,CCN1C=C(C2=C(C1=O)C=C(S2)C(=NC3CCS(=O)(=O)CC3)N)C4=CC(=CC=C4)C(F)(F)F,CVCL_1300,CCn1cc(-c2cccc(C(F)(F)F)c2)c2sc(C(N)=NC3CCS(=O)(=O)CC3)cc2c1=O
2170,AT13148,AKT1,0.9022505201620724,179,HuPT4,C1=CC(=CC=C1C2=CNN=C2)[C@@](CN)(C3=CC=C(C=C3)Cl)O,CVCL_1300,NC[C@@](O)(c1ccc(Cl)cc1)c1ccc(-c2cn[nH]c2)cc1
1626,OTX015,"BRD2, BRD3, BRD4",0.905981177467824,179,HuPT4,CC1=C(SC2=C1C(=N[C@H](C3=NN=C(N32)C)CC(=O)NC4=CC=C(C=C4)O)C5=CC=C(C=C5)Cl)C,CVCL_1300,Cc1sc2c(c1C)C(c1ccc(Cl)cc1)=N[C@@H](CC(=O)Nc1ccc(O)cc1)c1nnc(C)n1-2
1511,Epirubicin,Anthracycline,0.9080559953506184,179,HuPT4,C[C@H]1[C@@H]([C@H](C[C@@H](O1)O[C@H]2C[C@@](CC3=C2C(=C4C(=C3O)C(=O)C5=C(C4=O)C(=CC=C5)OC)O)(C(=O)CO)O)N)O,CVCL_1300,COc1cccc2c1C(=O)c1c(O)c3c(c(O)c1C2=O)C[C@@](O)(C(=O)CO)C[C@@H]3O[C@H]1C[C@H](N)[C@@H](O)[C@H](C)O1
1806,Oxaliplatin,DNA alkylating agent,0.912310565601116,179,HuPT4,C1CC[C@H]([C@@H](C1)[NH-])[NH-].C(=O)(C(=O)O)O.[Pt+2],CVCL_1300,N[C@@H]1CCCC[C@H]1N
1932,NVP-ADW742,IGF1R,0.9221073860822232,179,HuPT4,C1CCN(C1)CC2CC(C2)N3C=C(C4=C(N=CN=C43)N)C5=CC(=CC=C5)OCC6=CC=CC=C6,CVCL_1300,Nc1ncnc2c1c(-c1cccc(OCc3ccccc3)c1)cn2C1CC(CN2CCCC2)C1
1080,Paclitaxel,Microtubule stabiliser,0.9345295392215008,179,HuPT4,CC1=C2[C@H](C(=O)[C@@]3([C@H](C[C@@H]4[C@]([C@H]3[C@@H]([C@@](C2(C)C)(C[C@@H]1OC(=O)[C@@H]([C@H](C5=CC=CC=C5)NC(=O)C6=CC=CC=C6)O)O)OC(=O)C7=CC=CC=C7)(CO4)OC(=O)C)O)C)OC(=O)C,CVCL_1300,CC(=O)O[C@H]1C(=O)[C@]2(C)[C@@H](O)C[C@H]3OC[C@@]3(OC(C)=O)[C@H]2[C@H](OC(=O)c2ccccc2)[C@]2(O)C[C@H](OC(=O)[C@H](O)[C@@H](NC(=O)c3ccccc3)c3ccccc3)C(C)=C1C2(C)C
1179,MK-1775,"WEE1, PLK1",0.9504333949692996,179,HuPT4,CC(C)(C1=NC(=CC=C1)N2C3=NC(=NC=C3C(=O)N2CC=C)NC4=CC=C(C=C4)N5CCN(CC5)C)O,CVCL_1300,C=CCn1c(=O)c2cnc(Nc3ccc(N4CCN(C)CC4)cc3)nc2n1-c1cccc(C(C)(C)O)n1
1199,Tamoxifen,ESR1,0.952071766834366,179,HuPT4,CC/C(=C(\C1=CC=CC=C1)/C2=CC=C(C=C2)OCCN(C)C)/C3=CC=CC=C3,CVCL_1300,CC/C(=C(\c1ccccc1)c1ccc(OCCN(C)C)cc1)c1ccccc1
1706,AZD5153,BRD4,0.9804145326026728,179,HuPT4,C[C@@H]1C(=O)N(CCN1CCOC2=CC=C(C=C2)C3CCN(CC3)C4=NN5C(=NN=C5OC)C=C4)C,CVCL_1300,COc1nnc2ccc(N3CCC(c4ccc(OCCN5CCN(C)C(=O)[C@H]5C)cc4)CC3)nn12
1910,ABT737,"BCL2, BCL-XL,  BCL-W, BCL-B, BFL1",0.9910825152098066,179,HuPT4,CN(C)CC[C@H](CSC1=CC=CC=C1)NC2=C(C=C(C=C2)S(=O)(=O)NC(=O)C3=CC=C(C=C3)N4CCN(CC4)CC5=CC=CC=C5C6=CC=C(C=C6)Cl)[N+](=O)[O-],CVCL_1300,CN(C)CC[C@H](CSc1ccccc1)Nc1ccc(S(=O)(=O)NC(=O)c2ccc(N3CCN(Cc4ccccc4-c4ccc(Cl)cc4)CC3)cc2)cc1[N+](=O)[O-]
1032,Afatinib,"ERBB2, EGFR",0.9917225992591956,179,HuPT4,CN(C)C/C=C/C(=O)NC1=C(C=C2C(=C1)C(=NC=N2)NC3=CC(=C(C=C3)F)Cl)O[C@H]4CCOC4,CVCL_1300,CN(C)C/C=C/C(=O)Nc1cc2c(Nc3ccc(F)c(Cl)c3)ncnc2cc1O[C@H]1CCOC1
1036,PLX-4720,BRAF,1.010560385164786,179,HuPT4,CCCS(=O)(=O)NC1=C(C(=C(C=C1)F)C(=O)C2=CNC3=C2C=C(C=N3)Cl)F,CVCL_1300,CCCS(=O)(=O)Nc1ccc(F)c(C(=O)c2c[nH]c3ncc(Cl)cc23)c1F
1922,Cediranib,"VEGFR, FLT1, FLT2, FLT3, FLT4, KIT, PDGFRB",1.0106531029012271,179,HuPT4,CC1=CC2=C(N1)C=CC(=C2F)OC3=NC=NC4=CC(=C(C=C43)OC)OCCCN5CCCC5,CVCL_1300,COc1cc2c(Oc3ccc4[nH]c(C)cc4c3F)ncnc2cc1OCCCN1CCCC1
1084,Rapamycin,MTORC1,1.028337027870657,179,HuPT4,CC1=NC(=C(N1)[N+](=O)[O-])N(CCN2CCOCC2)CC3=CC=CC=C3F,CVCL_1300,Cc1nc(N(CCN2CCOCC2)Cc2ccccc2F)c([N+](=O)[O-])[nH]1
2047,Ulixertinib,"ERK1, ERK2",1.043012463391545,179,HuPT4,CC(C)NC1=NC=C(C(=C1)C2=CNC(=C2)C(=O)N[C@H](CO)C3=CC(=CC=C3)Cl)Cl,CVCL_1300,CC(C)Nc1cc(-c2c[nH]c(C(=O)N[C@H](CO)c3cccc(Cl)c3)c2)c(Cl)cn1
1939,UMI-77,MCL1,1.080241178604152,179,HuPT4,C1=CC=C2C(=C1)C(=CC(=C2O)SCC(=O)O)NS(=O)(=O)C3=CC=C(C=C3)Br,CVCL_1300,O=C(O)CSc1cc(NS(=O)(=O)c2ccc(Br)cc2)c2ccccc2c1O
1613,VE-822,ATR,1.0864488197044593,179,HuPT4,CC(C)S(=O)(=O)C1=CC=C(C=C1)C2=CN=C(C(=N2)C3=CC(=NO3)C4=CC=C(C=C4)CNC)N,CVCL_1300,CNCc1ccc(-c2cc(-c3nc(-c4ccc(S(=O)(=O)C(C)C)cc4)cnc3N)on2)cc1
1004,Vinblastine,Microtubule destabiliser,1.122405939613606,179,HuPT4,CC[C@@]1(CC2C[C@@](C3=C(CCN(C2)C1)C4=CC=CC=C4N3)(C5=C(C=C6C(=C5)[C@]78CCN9[C@H]7[C@@](C=CC9)([C@H]([C@@]([C@@H]8N6C)(C(=O)OC)O)OC(=O)C)CC)OC)C(=O)OC)O,CVCL_1300,CC[C@]1(O)CC2CN(CCc3c([nH]c4ccccc34)[C@@](C(=O)OC)(c3cc4c(cc3OC)N(C)[C@H]3[C@@](O)(C(=O)OC)[C@H](OC(C)=O)[C@]5(CC)C=CCN6CC[C@]43[C@@H]65)C2)C1
2111,VE821,ATR,1.168298099761206,179,HuPT4,CS(=O)(=O)C1=CC=C(C=C1)C2=CN=C(C(=N2)C(=O)NC3=CC=CC=C3)N,CVCL_1300,CS(=O)(=O)c1ccc(-c2cnc(N)c(C(=O)Nc3ccccc3)n2)cc1
1561,Taselisib,PI3K (beta sparing),1.177493988420105,179,HuPT4,CC1=NN(C(=N1)C2=CN3CCOC4=C(C3=N2)C=CC(=C4)C5=CN(N=C5)C(C)(C)C(=O)N)C(C)C,CVCL_1300,Cc1nc(-c2cn3c(n2)-c2ccc(-c4cnn(C(C)(C)C(N)=O)c4)cc2OCC3)n(C(C)C)n1
1249,BMS-345541,"IKK-1, IKK-2",1.256554915519117,179,HuPT4,CC1=CC2=C(C=C1)N=C(C3=NC=C(N23)C)NCCN.Cl,CVCL_1300,Cc1ccc2nc(NCCN)c3ncc(C)n3c2c1
1068,Obatoclax Mesylate,"BCL2, BCL-XL, BCL-W, MCL1",1.3190982752628206,179,HuPT4,CC1=CC(=C(N1)/C=C\2/C(=C/C(=C/3\C=C4C=CC=CC4=N3)/N2)OC)C,CVCL_1300,COc1c/c(=C2\C=c3ccccc3=N2)[nH]/c1=C\c1[nH]c(C)cc1C
1553,Uprosertib,"AKT1, AKT2, AKT3",1.3619819696291406,179,HuPT4,CN1C(=C(C=N1)Cl)C2=C(OC(=C2)C(=O)N[C@@H](CC3=CC(=C(C=C3)F)F)CN)Cl,CVCL_1300,Cn1ncc(Cl)c1-c1cc(C(=O)N[C@H](CN)Cc2ccc(F)c(F)c2)oc1Cl
1012,Vorinostat,"HDAC inhibitor Class I, IIa, IIb, IV",1.3956432422912357,179,HuPT4,C1=CC=C(C=C1)NC(=O)CCCCCCC(=O)NO,CVCL_1300,O=C(CCCCCCC(=O)Nc1ccccc1)NO
1614,WZ4003,"NUAK1, NUAK2",1.4049428166872246,179,HuPT4,CCC(=O)NC1=CC(=CC=C1)OC2=NC(=NC=C2Cl)NC3=C(C=C(C=C3)N4CCN(CC4)C)OC,CVCL_1300,CCC(=O)Nc1cccc(Oc2nc(Nc3ccc(N4CCN(C)CC4)cc3OC)ncc2Cl)c1
1631,PRT062607,SYK,1.4452170856232132,179,HuPT4,C1CC[C@H]([C@H](C1)N)NC2=NC=C(C(=N2)NC3=CC(=CC=C3)N4N=CC=N4)C(=O)N,CVCL_1300,NC(=O)c1cnc(N[C@@H]2CCCC[C@@H]2N)nc1Nc1cccc(-n2nccn2)c1
1634,AGI-6780,IDH2 R140Q mutant,1.470557164809288,179,HuPT4,C1CC1NS(=O)(=O)C2=CC(=C(C=C2)C3=CSC=C3)NC(=O)NC4=CC=CC(=C4)C(F)(F)F,CVCL_1300,O=C(Nc1cccc(C(F)(F)F)c1)Nc1cc(S(=O)(=O)NC2CC2)ccc1-c1ccsc1
1630,Entospletinib,SYK,1.4822187152373447,179,HuPT4,C1COCCN1C2=CC=C(C=C2)NC3=NC(=CN4C3=NC=C4)C5=CC6=C(C=C5)C=NN6,CVCL_1300,c1cn2cc(-c3ccc4cn[nH]c4c3)nc(Nc3ccc(N4CCOCC4)cc3)c2n1
1057,Dactolisib,"PI3K (class 1), MTORC1, MTORC2",1.482712483502385,179,HuPT4,CC(C)(C#N)C1=CC=C(C=C1)N2C3=C4C=C(C=CC4=NC=C3N(C2=O)C)C5=CC6=CC=CC=C6N=C5,CVCL_1300,Cn1c(=O)n(-c2ccc(C(C)(C)C#N)cc2)c2c3cc(-c4cnc5ccccc5c4)ccc3ncc21
2106,Uprosertib,"AKT1, AKT2, AKT3",1.5140697859121952,179,HuPT4,CN1C(=C(C=N1)Cl)C2=C(OC(=C2)C(=O)N[C@@H](CC3=CC(=C(C=C3)F)F)CN)Cl,CVCL_1300,Cn1ncc(Cl)c1-c1cc(C(=O)N[C@H](CN)Cc2ccc(F)c(F)c2)oc1Cl
1053,MK-2206,"AKT1, AKT2",1.521441230089445,179,HuPT4,C1CC(C1)(C2=CC=C(C=C2)C3=C(C=C4C(=N3)C=CN5C4=NNC5=O)C6=CC=CC=C6)N.Cl.Cl,CVCL_1300,NC1(c2ccc(-c3nc4ccn5c(=O)[nH]nc5c4cc3-c3ccccc3)cc2)CCC1
1593,Entinostat,"HDAC1, HDAC3",1.6268840714541373,179,HuPT4,C1=CC=C(C(=C1)N)NC(=O)C2=CC=C(C=C2)CNC(=O)OCC3=CN=CC=C3,CVCL_1300,Nc1ccccc1NC(=O)c1ccc(CNC(=O)OCc2cccnc2)cc1
1441,AZD2014,"mTORC1, mTORC2",1.6880739614287603,179,HuPT4,C[C@H]1COCCN1C2=NC(=NC3=C2C=CC(=N3)C4=CC(=CC=C4)C(=O)NC)N5CCOC[C@@H]5C,CVCL_1300,CNC(=O)c1cccc(-c2ccc3c(N4CCOC[C@@H]4C)nc(N4CCOC[C@@H]4C)nc3n2)c1
1930,Telomerase Inhibitor IX,Telomerase,1.857750400364456,179,HuPT4,C1=CC(=CC(=C1)NC(=O)C2=C(C(=CC=C2)O)O)NC(=O)C3=C(C(=CC=C3)O)O,CVCL_1300,O=C(Nc1cccc(NC(=O)c2cccc(O)c2O)c1)c1cccc(O)c1O
1849,Sabutoclax,"BCL2,  BCL-XL,  BFL1, MCL1",1.9155620425445363,179,HuPT4,CC1=CC2=C(C(=C(C=C2C(=C1C3=C(C4=CC(=C(C(=C4C=C3C)C(=O)NC[C@H](C)C5=CC=CC=C5)O)O)O)O)O)O)C(=O)NC[C@H](C)C6=CC=CC=C6,CVCL_1300,Cc1cc2c(C(=O)NC[C@H](C)c3ccccc3)c(O)c(O)cc2c(O)c1-c1c(C)cc2c(C(=O)NC[C@H](C)c3ccccc3)c(O)c(O)cc2c1O
1559,Luminespib,HSP90,2.420193748653121,179,HuPT4,CN1C2=CC=CC=C2C(C1=O)(CC(=O)C3=CC=C(C=C3)Cl)O,CVCL_1300,CN1C(=O)C(O)(CC(=O)c2ccc(Cl)cc2)c2ccccc21
1996,MIM1,MCL1,-1.4709938658149724,180,KP1N,CC(C)[C@H]1CSC(=N1)N2[C@H](CSC2=S)C(C)C,CVCL_3002,CC(C)[C@H]1CSC(N2C(=S)SC[C@@H]2C(C)C)=N1
1941,Sepantronium bromide,BIRC5,-1.1681516408578647,180,KP1N,CC1=[N+](C2=C(N1CCOC)C(=O)C3=CC=CC=C3C2=O)CC4=NC=CN=C4.[Br-],CVCL_3002,COCCn1c2c([n+](Cc3cnccn3)c1C)C(=O)c1ccccc1C2=O
1093,GSK1904529A,"IGF1R, IR",-0.8809537464362962,180,KP1N,CCC1=CC(=C(C=C1N2CCC(CC2)N3CCN(CC3)S(=O)(=O)C)OC)NC4=NC=CC(=N4)C5=C(N=C6N5C=CC=C6)C7=CC(=C(C=C7)OC)C(=O)NC8=C(C=CC=C8F)F,CVCL_3002,CCc1cc(Nc2nccc(-c3c(-c4ccc(OC)c(C(=O)Nc5c(F)cccc5F)c4)nc4ccccn34)n2)c(OC)cc1N1CCC(N2CCN(S(C)(=O)=O)CC2)CC1
1131,PRIMA-1MET,TP53 activation,-0.8219378067841091,180,KP1N,COCC1(C(=O)C2CCN1CC2)CO,CVCL_3002,COCC1(CO)C(=O)C2CCN1CC2
1939,UMI-77,MCL1,-0.7127612128996077,180,KP1N,C1=CC=C2C(=C1)C(=CC(=C2O)SCC(=O)O)NS(=O)(=O)C3=CC=C(C=C3)Br,CVCL_3002,O=C(O)CSc1cc(NS(=O)(=O)c2ccc(Br)cc2)c2ccccc2c1O
1013,Nilotinib,ABL,-0.6937590815566067,180,KP1N,CC1=C(C=C(C=C1)C(=O)NC2=CC(=CC(=C2)C(F)(F)F)N3C=C(N=C3)C)NC4=NC=CC(=N4)C5=CN=CC=C5,CVCL_3002,Cc1cn(-c2cc(NC(=O)c3ccc(C)c(Nc4nccc(-c5cccnc5)n4)c3)cc(C(F)(F)F)c2)cn1
1933,P22077,"USP7, USP47",-0.5412582353765647,180,KP1N,CC(=O)C1=CC(=C(S1)SC2=C(C=C(C=C2)F)F)[N+](=O)[O-],CVCL_3002,CC(=O)c1cc([N+](=O)[O-])c(Sc2ccc(F)cc2F)s1
1862,MG-132,"Proteasome, CAPN1",-0.4639930338335777,180,KP1N,CC(C)C[C@@H](C=O)NC(=O)[C@H](CC(C)C)NC(=O)[C@H](CC(C)C)NC(=O)OCC1=CC=CC=C1,CVCL_3002,CC(C)C[C@@H](C=O)NC(=O)[C@H](CC(C)C)NC(=O)[C@H](CC(C)C)NC(=O)OCc1ccccc1
2043,BIBR-1532,TERT,-0.307514593999114,180,KP1N,C/C(=C\C(=O)NC1=CC=CC=C1C(=O)O)/C2=CC3=CC=CC=C3C=C2,CVCL_3002,C/C(=C\C(=O)Nc1ccccc1C(=O)O)c1ccc2ccccc2c1
1091,BMS-536924,"IGF1R, IR",-0.2584592631254755,180,KP1N,CC1=CC(=CC2=C1N=C(N2)C3=C(C=CNC3=O)NC[C@H](C4=CC(=CC=C4)Cl)O)N5CCOCC5,CVCL_3002,Cc1cc(N2CCOCC2)cc2[nH]c(-c3c(NC[C@@H](O)c4cccc(Cl)c4)cc[nH]c3=O)nc12
1932,NVP-ADW742,IGF1R,-0.253025004920944,180,KP1N,C1CCN(C1)CC2CC(C2)N3C=C(C4=C(N=CN=C43)N)C5=CC(=CC=C5)OCC6=CC=CC=C6,CVCL_3002,Nc1ncnc2c1c(-c1cccc(OCc3ccccc3)c1)cn2C1CC(CN2CCCC2)C1
1004,Vinblastine,Microtubule destabiliser,-0.2353699540009222,180,KP1N,CC[C@@]1(CC2C[C@@](C3=C(CCN(C2)C1)C4=CC=CC=C4N3)(C5=C(C=C6C(=C5)[C@]78CCN9[C@H]7[C@@](C=CC9)([C@H]([C@@]([C@@H]8N6C)(C(=O)OC)O)OC(=O)C)CC)OC)C(=O)OC)O,CVCL_3002,CC[C@]1(O)CC2CN(CCc3c([nH]c4ccccc34)[C@@](C(=O)OC)(c3cc4c(cc3OC)N(C)[C@H]3[C@@](O)(C(=O)OC)[C@H](OC(C)=O)[C@]5(CC)C=CCN6CC[C@]43[C@@H]65)C2)C1
1927,GSK2578215A,LRRK2,-0.2134135769278361,180,KP1N,C1=CC=C(C=C1)COC2=C(C=C(C=C2)C3=CC(=NC=C3)F)C(=O)NC4=CN=CC=C4,CVCL_3002,O=C(Nc1cccnc1)c1cc(-c2ccnc(F)c2)ccc1OCc1ccccc1
1085,Sorafenib,"PDGFR, KIT, VEGFR, RAF",-0.1996670441224577,180,KP1N,CNC(=O)C1=NC=CC(=C1)OC2=CC=C(C=C2)NC(=O)NC3=CC(=C(C=C3)Cl)C(F)(F)F,CVCL_3002,CNC(=O)c1cc(Oc2ccc(NC(=O)Nc3ccc(Cl)c(C(F)(F)F)c3)cc2)ccn1
1080,Paclitaxel,Microtubule stabiliser,-0.1163578324724677,180,KP1N,CC1=C2[C@H](C(=O)[C@@]3([C@H](C[C@@H]4[C@]([C@H]3[C@@H]([C@@](C2(C)C)(C[C@@H]1OC(=O)[C@@H]([C@H](C5=CC=CC=C5)NC(=O)C6=CC=CC=C6)O)O)OC(=O)C7=CC=CC=C7)(CO4)OC(=O)C)O)C)OC(=O)C,CVCL_3002,CC(=O)O[C@H]1C(=O)[C@]2(C)[C@@H](O)C[C@H]3OC[C@@]3(OC(C)=O)[C@H]2[C@H](OC(=O)c2ccccc2)[C@]2(O)C[C@H](OC(=O)[C@H](O)[C@@H](NC(=O)c3ccccc3)c3ccccc3)C(C)=C1C2(C)C
1558,Lapatinib,"EGFR, ERBB2",-0.1137029917750824,180,KP1N,CS(=O)(=O)CCNCC1=CC=C(O1)C2=CC3=C(C=C2)N=CN=C3NC4=CC(=C(C=C4)OCC5=CC(=CC=C5)F)Cl,CVCL_3002,CS(=O)(=O)CCNCc1ccc(-c2ccc3ncnc(Nc4ccc(OCc5cccc(F)c5)c(Cl)c4)c3c2)o1
1079,Dasatinib,"ABL, SRC, Ephrins, PDGFR, KIT",-0.0912046308872009,180,KP1N,CC1=C(C(=CC=C1)Cl)NC(=O)C2=CN=C(S2)NC3=CC(=NC(=N3)C)N4CCN(CC4)CCO,CVCL_3002,Cc1nc(Nc2ncc(C(=O)Nc3c(C)cccc3Cl)s2)cc(N2CCN(CCO)CC2)n1
1053,MK-2206,"AKT1, AKT2",-0.0690290382323245,180,KP1N,C1CC(C1)(C2=CC=C(C=C2)C3=C(C=C4C(=N3)C=CN5C4=NNC5=O)C6=CC=CC=C6)N.Cl.Cl,CVCL_3002,NC1(c2ccc(-c3nc4ccn5c(=O)[nH]nc5c4cc3-c3ccccc3)cc2)CCC1
1073,5-Fluorouracil,Antimetabolite (DNA & RNA),-0.0644782016893661,180,KP1N,C1=C(C(=O)NC(=O)N1)F,CVCL_3002,O=c1[nH]cc(F)c(=O)[nH]1
1007,Docetaxel,Microtubule stabiliser,-0.0612179601596784,180,KP1N,CC1=C2[C@H](C(=O)[C@@]3([C@H](C[C@@H]4[C@]([C@H]3[C@@H]([C@@](C2(C)C)(C[C@@H]1OC(=O)[C@@H]([C@H](C5=CC=CC=C5)NC(=O)OC(C)(C)C)O)O)OC(=O)C6=CC=CC=C6)(CO4)OC(=O)C)O)C)O,CVCL_3002,CC(=O)O[C@@]12CO[C@@H]1C[C@H](O)[C@@]1(C)C(=O)[C@H](O)C3=C(C)[C@@H](OC(=O)[C@H](O)[C@@H](NC(=O)OC(C)(C)C)c4ccccc4)C[C@@](O)([C@@H](OC(=O)c4ccccc4)[C@@H]12)C3(C)C
1559,Luminespib,HSP90,-0.0317184714061281,180,KP1N,CN1C2=CC=CC=C2C(C1=O)(CC(=O)C3=CC=C(C=C3)Cl)O,CVCL_3002,CN1C(=O)C(O)(CC(=O)c2ccc(Cl)cc2)c2ccccc21
1940,WIKI4,"TNKS1, TNKS2",0.0003373790816578,180,KP1N,COC1=CC=C(C=C1)N2C(=NN=C2SCCCN3C(=O)C4=CC=CC5=C4C(=CC=C5)C3=O)C6=CC=NC=C6,CVCL_3002,COc1ccc(-n2c(SCCCN3C(=O)c4cccc5cccc(c45)C3=O)nnc2-c2ccncc2)cc1
1463,AZD1332,"NTRK1, NTRK2, NTRK3",0.0089213904837712,180,KP1N,CC(C)OC1=NNC(=C1)NC2=NC(=NC=C2Cl)NC(C)C3=NC=C(C=C3)F,CVCL_3002,CC(C)Oc1cc(Nc2nc(NC(C)c3ccc(F)cn3)ncc2Cl)[nH]n1
1003,Camptothecin,TOP1,0.0141385097980937,180,KP1N,CC[C@@]1(C2=C(COC1=O)C(=O)N3CC4=CC5=CC=CC=C5N=C4C3=C2)O,CVCL_3002,CC[C@@]1(O)C(=O)OCc2c1cc1n(c2=O)Cc2cc3ccccc3nc2-1
1510,Linsitinib,IGF1R,0.022908044977472,180,KP1N,CC1(CC(C1)C2=NC(=C3N2C=CN=C3N)C4=CC5=C(C=C4)C=CC(=N5)C6=CC=CC=C6)O,CVCL_3002,CC1(O)CC(c2nc(-c3ccc4ccc(-c5ccccc5)nc4c3)c3c(N)nccn23)C1
1006,Cytarabine,Antimetabolite,0.0321701003335133,180,KP1N,C1=CN(C(=O)N=C1N)[C@H]2[C@H]([C@@H]([C@H](O2)CO)O)O,CVCL_3002,Nc1ccn([C@@H]2O[C@H](CO)[C@@H](O)[C@@H]2O)c(=O)n1
1511,Epirubicin,Anthracycline,0.0363087709838377,180,KP1N,C[C@H]1[C@@H]([C@H](C[C@@H](O1)O[C@H]2C[C@@](CC3=C2C(=C4C(=C3O)C(=O)C5=C(C4=O)C(=CC=C5)OC)O)(C(=O)CO)O)N)O,CVCL_3002,COc1cccc2c1C(=O)c1c(O)c3c(c(O)c1C2=O)C[C@@](O)(C(=O)CO)C[C@@H]3O[C@H]1C[C@H](N)[C@@H](O)[C@H](C)O1
1089,Oxaliplatin,DNA alkylating agent,0.0772441329933955,180,KP1N,C1CC[C@H]([C@@H](C1)N)N.C(=O)(C(=O)O)O.[Pt],CVCL_3002,N[C@@H]1CCCC[C@H]1N
1936,Savolitinib,MET,0.0862838548998394,180,KP1N,C[C@@H](C1=CN2C=CN=C2C=C1)N3C4=NC(=CN=C4N=N3)C5=CN(N=C5)C,CVCL_3002,C[C@@H](c1ccc2nccn2c1)n1nnc2ncc(-c3cnn(C)c3)nc21
1706,AZD5153,BRD4,0.1090357468641452,180,KP1N,C[C@@H]1C(=O)N(CCN1CCOC2=CC=C(C=C2)C3CCN(CC3)C4=NN5C(=NN=C5OC)C=C4)C,CVCL_3002,COc1nnc2ccc(N3CCC(c4ccc(OCCN5CCN(C)C(=O)[C@H]5C)cc4)CC3)nn12
1010,Gefitinib,EGFR,0.1365162772949871,180,KP1N,COC1=C(C=C2C(=C1)N=CN=C2NC3=CC(=C(C=C3)F)Cl)OCCCN4CCOCC4,CVCL_3002,COc1cc2ncnc(Nc3ccc(F)c(Cl)c3)c2cc1OCCCN1CCOCC1
1179,MK-1775,"WEE1, PLK1",0.1918881484010564,180,KP1N,CC(C)(C1=NC(=CC=C1)N2C3=NC(=NC=C3C(=O)N2CC=C)NC4=CC=C(C=C4)N5CCN(CC5)C)O,CVCL_3002,C=CCn1c(=O)c2cnc(Nc3ccc(N4CCN(C)CC4)cc3)nc2n1-c1cccc(C(C)(C)O)n1
1239,YK-4-279,RNA helicase A,0.19198798258594,180,KP1N,COC1=CC=C(C=C1)C(=O)CC2(C3=C(C=CC(=C3NC2=O)Cl)Cl)O,CVCL_3002,COc1ccc(C(=O)CC2(O)C(=O)Nc3c(Cl)ccc(Cl)c32)cc1
1249,BMS-345541,"IKK-1, IKK-2",0.194827931294228,180,KP1N,CC1=CC2=C(C=C1)N=C(C3=NC=C(N23)C)NCCN.Cl,CVCL_3002,Cc1ccc2nc(NCCN)c3ncc(C)n3c2c1
1375,Temozolomide,DNA alkylating agent,0.2021163085182368,180,KP1N,CN1C(=O)N2C=NC(=C2N=N1)C(=O)N,CVCL_3002,Cn1nnc2c(C(N)=O)ncn2c1=O
1621,PCI-34051,"HDAC8, HDAC6, HDAC1",0.2036026271432644,180,KP1N,COC1=CC=C(C=C1)CN2C=CC3=C2C=C(C=C3)C(=O)NO,CVCL_3002,COc1ccc(Cn2ccc3ccc(C(=O)NO)cc32)cc1
2044,Pyridostatin,G-quadruplex stabiliser,0.2214400251845809,180,KP1N,C1=CC=C2C(=C1)C(=CC(=N2)NC(=O)C3=CC(=CC(=N3)C(=O)NC4=NC5=CC=CC=C5C(=C4)OCCN)OCCN)OCCN,CVCL_3002,NCCOc1cc(C(=O)Nc2cc(OCCN)c3ccccc3n2)nc(C(=O)Nc2cc(OCCN)c3ccccc3n2)c1
1057,Dactolisib,"PI3K (class 1), MTORC1, MTORC2",0.2497854268945546,180,KP1N,CC(C)(C#N)C1=CC=C(C=C1)N2C3=C4C=C(C=CC4=NC=C3N(C2=O)C)C5=CC6=CC=CC=C6N=C5,CVCL_3002,Cn1c(=O)n(-c2ccc(C(C)(C)C#N)cc2)c2c3cc(-c4cnc5ccccc5c4)ccc3ncc21
1931,MIRA-1,TP53,0.2602073309914186,180,KP1N,CCC(=O)OCN1C(=O)C=CC1=O,CVCL_3002,CCC(=O)OCN1C(=O)C=CC1=O
1373,Dabrafenib,BRAF,0.2714332186399998,180,KP1N,CC(C)(C)C1=NC(=C(S1)C2=NC(=NC=C2)N)C3=C(C(=CC=C3)NS(=O)(=O)C4=C(C=CC=C4F)F)F,CVCL_3002,CC(C)(C)c1nc(-c2cccc(NS(=O)(=O)c3c(F)cccc3F)c2F)c(-c2ccnc(N)n2)s1
1549,Sapitinib,"EGFR, ERBB2, ERBB3",0.273489681905904,180,KP1N,CNC(=O)CN1CCC(CC1)OC2=C(C=C3C(=C2)C(=NC=N3)NC4=C(C(=CC=C4)Cl)F)OC,CVCL_3002,CNC(=O)CN1CCC(Oc2cc3c(Nc4cccc(Cl)c4F)ncnc3cc2OC)CC1
1630,Entospletinib,SYK,0.2903881536798641,180,KP1N,C1COCCN1C2=CC=C(C=C2)NC3=NC(=CN4C3=NC=C4)C5=CC6=C(C=C5)C=NN6,CVCL_3002,c1cn2cc(-c3ccc4cn[nH]c4c3)nc(Nc3ccc(N4CCOCC4)cc3)c2n1
1032,Afatinib,"ERBB2, EGFR",0.3238420782600592,180,KP1N,CN(C)C/C=C/C(=O)NC1=C(C=C2C(=C1)C(=NC=N2)NC3=CC(=C(C=C3)F)Cl)O[C@H]4CCOC4,CVCL_3002,CN(C)C/C=C/C(=O)Nc1cc2c(Nc3ccc(F)c(Cl)c3)ncnc2cc1O[C@H]1CCOC1
1918,AZD8186,"PI3Kalpha, PI3Kbeta",0.3629797006619607,180,KP1N,C[C@H](C1=CC(=CC2=C1OC(=CC2=O)N3CCOCC3)C(=O)N(C)C)NC4=CC(=CC(=C4)F)F,CVCL_3002,C[C@@H](Nc1cc(F)cc(F)c1)c1cc(C(=O)N(C)C)cc2c(=O)cc(N3CCOCC3)oc12
1563,EPZ5676,DOT1L,0.3696030438919875,180,KP1N,CC(C)N(C[C@@H]1[C@H]([C@H]([C@@H](O1)N2C=NC3=C(N=CN=C32)N)O)O)C4CC(C4)CCC5=NC6=C(N5)C=C(C=C6)C(C)(C)C,CVCL_3002,CC(C)N(C[C@H]1O[C@@H](n2cnc3c(N)ncnc32)[C@H](O)[C@@H]1O)C1CC(CCc2nc3ccc(C(C)(C)C)cc3[nH]2)C1
1736,Selumetinib,"MEK1, MEK2",0.3903644754418707,180,KP1N,CN1C=NC2=C1C=C(C(=C2F)NC3=C(C=C(C=C3)Br)Cl)C(=O)NOCCO,CVCL_3002,Cn1cnc2c(F)c(Nc3ccc(Br)cc3Cl)c(C(=O)NOCCO)cc21
1058,Pictilisib,PI3K (class 1),0.4000534706269742,180,KP1N,CS(=O)(=O)N1CCN(CC1)CC2=CC3=C(S2)C(=NC(=N3)C4=C5C=NNC5=CC=C4)N6CCOCC6,CVCL_3002,CS(=O)(=O)N1CCN(Cc2cc3nc(-c4cccc5[nH]ncc45)nc(N4CCOCC4)c3s2)CC1
1873,Buparlisib,"PI3Kalpha, PI3Kdelta, PI3Kbeta, PI3Kgamma",0.4026289252619877,180,KP1N,C1COCCN1C2=NC(=NC(=C2)C3=CN=C(C=C3C(F)(F)F)N)N4CCOCC4,CVCL_3002,Nc1cc(C(F)(F)F)c(-c2cc(N3CCOCC3)nc(N3CCOCC3)n2)cn1
1168,Erlotinib,EGFR,0.4098562921668874,180,KP1N,COCCOC1=C(C=C2C(=C1)C(=NC=N2)NC3=CC=CC(=C3)C#C)OCCOC,CVCL_3002,C#Cc1cccc(Nc2ncnc3cc(OCCOC)c(OCCOC)cc23)c1
1529,Pevonedistat,NAE,0.4120491029295528,180,KP1N,C1CC2=CC=CC=C2[C@H]1NC3=C4C=CN(C4=NC=N3)[C@@H]5C[C@H]([C@H](C5)O)COS(=O)(=O)N,CVCL_3002,NS(=O)(=O)OC[C@@H]1C[C@@H](n2ccc3c(N[C@H]4CCc5ccccc54)ncnc32)C[C@@H]1O
2109,AZ6102,"TNKS1, TNKS2",0.4132242744472953,180,KP1N,CCC1=CC2=C(C=C1OC(=O)C(C)(C)C)OC(=C(C2=O)OC3=CC=C(C=C3)I)C(F)(F)F,CVCL_3002,CCc1cc2c(=O)c(Oc3ccc(I)cc3)c(C(F)(F)F)oc2cc1OC(=O)C(C)(C)C
1054,Palbociclib,"CDK4, CDK6",0.4245734018518831,180,KP1N,CC1=C(C(=O)N(C2=NC(=NC=C12)NC3=NC=C(C=C3)N4CCNCC4)C5CCCC5)C(=O)C,CVCL_3002,CC(=O)c1c(C)c2cnc(Nc3ccc(N4CCNCC4)cn3)nc2n(C2CCCC2)c1=O
1912,Afuresertib,"AKT1, AKT2, AKT3",0.4494287367916296,180,KP1N,CN1C(=C(C=N1)Cl)C2=C(SC(=C2)C(=O)N[C@@H](CC3=CC(=CC=C3)F)CN)Cl,CVCL_3002,Cn1ncc(Cl)c1-c1cc(C(=O)N[C@H](CN)Cc2cccc(F)c2)sc1Cl
1852,LY2109761,TGFB1,0.4593086477139352,180,KP1N,C1CC2=C(C(=NN2C1)C3=CC=CC=N3)C4=C5C=CC(=CC5=NC=C4)OCCN6CCOCC6,CVCL_3002,c1ccc(-c2nn3c(c2-c2ccnc4cc(OCCN5CCOCC5)ccc24)CCC3)nc1
1047,Nutlin-3a (-),MDM2,0.4619385484899105,180,KP1N,CC(C)OC1=C(C=CC(=C1)OC)C2=N[C@H]([C@H](N2C(=O)N3CCNC(=O)C3)C4=CC=C(C=C4)Cl)C5=CC=C(C=C5)Cl,CVCL_3002,COc1ccc(C2=N[C@@H](c3ccc(Cl)cc3)[C@@H](c3ccc(Cl)cc3)N2C(=O)N2CCNC(=O)C2)c(OC(C)C)c1
1084,Rapamycin,MTORC1,0.4698066672713772,180,KP1N,CC1=NC(=C(N1)[N+](=O)[O-])N(CCN2CCOCC2)CC3=CC=CC=C3F,CVCL_3002,Cc1nc(N(CCN2CCOCC2)Cc2ccccc2F)c([N+](=O)[O-])[nH]1
1049,PD173074,"FGFR1, FGFR2, FGFR3",0.4741603861196967,180,KP1N,CCN(CC)CCCCNC1=NC2=NC(=C(C=C2C=N1)C3=CC(=CC(=C3)OC)OC)NC(=O)NC(C)(C)C,CVCL_3002,CCN(CC)CCCCNc1ncc2cc(-c3cc(OC)cc(OC)c3)c(NC(=O)NC(C)(C)C)nc2n1
1615,CZC24832,PI3Kgamma,0.4752997360673245,180,KP1N,CC(C)(C)NS(=O)(=O)C1=CN=CC(=C1)C2=CN3C(=NC(=N3)N)C(=C2)F,CVCL_3002,CC(C)(C)NS(=O)(=O)c1cncc(-c2cc(F)c3nc(N)nn3c2)c1
2107,LJI308,"RSK2, RSK1, RSK3",0.4985362466642584,180,KP1N,C1COCCN1C2=CC=C(C=C2)C3=C(C=NC=C3)C4=CC(=C(C(=C4)F)O)F,CVCL_3002,Oc1c(F)cc(-c2cnccc2-c2ccc(N3CCOCC3)cc2)cc1F
1199,Tamoxifen,ESR1,0.5250920053337544,180,KP1N,CC/C(=C(\C1=CC=CC=C1)/C2=CC=C(C=C2)OCCN(C)C)/C3=CC=CC=C3,CVCL_3002,CC/C(=C(\c1ccccc1)c1ccc(OCCN(C)C)cc1)c1ccccc1
1017,Olaparib,"PARP1, PARP2",0.5399835046640545,180,KP1N,C1CC1C(=O)N2CCN(CC2)C(=O)C3=C(C=CC(=C3)CC4=NNC(=O)C5=CC=CC=C54)F,CVCL_3002,O=C(c1cc(Cc2n[nH]c(=O)c3ccccc23)ccc1F)N1CCN(C(=O)C2CC2)CC1
1190,Gemcitabine,Pyrimidine antimetabolite,0.5600379459509194,180,KP1N,C1=CN(C(=O)N=C1N)[C@H]2C([C@@H]([C@H](O2)CO)O)(F)F,CVCL_3002,Nc1ccn([C@@H]2O[C@H](CO)[C@@H](O)C2(F)F)c(=O)n1
1561,Taselisib,PI3K (beta sparing),0.5628185827192209,180,KP1N,CC1=NN(C(=N1)C2=CN3CCOC4=C(C3=N2)C=CC(=C4)C5=CN(N=C5)C(C)(C)C(=O)N)C(C)C,CVCL_3002,Cc1nc(-c2cn3c(n2)-c2ccc(-c4cnn(C(C)(C)C(N)=O)c4)cc2OCC3)n(C(C)C)n1
1909,Venetoclax,BCL2,0.5686587891357832,180,KP1N,CC1(CCC(=C(C1)C2=CC=C(C=C2)Cl)CN3CCN(CC3)C4=CC(=C(C=C4)C(=O)NS(=O)(=O)C5=CC(=C(C=C5)NCC6CCOCC6)[N+](=O)[O-])OC7=CN=C8C(=C7)C=CN8)C,CVCL_3002,CC1(C)CCC(CN2CCN(c3ccc(C(=O)NS(=O)(=O)c4ccc(NCC5CCOCC5)c([N+](=O)[O-])c4)c(Oc4cnc5[nH]ccc5c4)c3)CC2)=C(c2ccc(Cl)cc2)C1
1786,AZD4547,"FGFR1, FGFR2, FGFR3",0.5831186598594509,180,KP1N,C[C@@H]1CN(C[C@@H](N1)C)C2=CC=C(C=C2)C(=O)NC3=NNC(=C3)CCC4=CC(=CC(=C4)OC)OC,CVCL_3002,COc1cc(CCc2cc(NC(=O)c3ccc(N4C[C@H](C)N[C@H](C)C4)cc3)n[nH]2)cc(OC)c1
1088,Irinotecan,TOP1,0.5889495190652749,180,KP1N,CCC1=C2CN3C(=CC4=C(C3=O)COC(=O)[C@@]4(CC)O)C2=NC5=C1C=C(C=C5)OC(=O)N6CCC(CC6)N7CCCCC7,CVCL_3002,CCc1c2c(nc3ccc(OC(=O)N4CCC(N5CCCCC5)CC4)cc13)-c1cc3c(c(=O)n1C2)COC(=O)[C@]3(O)CC
1578,Leflunomide,Pyrimidine synthesis inhibitor,0.6020920708196233,180,KP1N,CC1=C(C=NO1)C(=O)NC2=CC=C(C=C2)C(F)(F)F,CVCL_3002,Cc1oncc1C(=O)Nc1ccc(C(F)(F)F)cc1
2045,AMG-319,PI3K (beta sparing),0.602263226110193,180,KP1N,C[C@@H](C1=C(N=C2C=C(C=CC2=C1)F)C3=CC=CC=N3)NC4=NC=NC5=C4NC=N5,CVCL_3002,C[C@H](Nc1ncnc2nc[nH]c12)c1cc2ccc(F)cc2nc1-c1ccccn1
2040,Foretinib,"MET, KDR, TIE2, VEGFR3/FLT4, RON, PDGFR, FGFR1, EGFR",0.6120697272209403,180,KP1N,COC1=CC2=C(C=CN=C2C=C1OCCCN3CCOCC3)OC4=C(C=C(C=C4)NC(=O)C5(CC5)C(=O)NC6=CC=C(C=C6)F)F,CVCL_3002,COc1cc2c(Oc3ccc(NC(=O)C4(C(=O)Nc5ccc(F)cc5)CC4)cc3F)ccnc2cc1OCCCN1CCOCC1
1512,Cyclophosphamide,Alkylating agent,0.6226987465851483,180,KP1N,C1CNP(=O)(OC1)N(CCCl)CCCl,CVCL_3002,O=P1(N(CCCl)CCCl)NCCCO1
1034,Staurosporine,Broad spectrum kinase inhibitor,0.6340072867487992,180,KP1N,C[C@@]12[C@@H]([C@@H](C[C@H](O1)N3C4=CC=CC=C4C5=C6C(=C7C8=CC=CC=C8N2C7=C53)CNC6=O)NC)OC,CVCL_3002,CN[C@@H]1C[C@@H]2O[C@@](C)([C@@H]1OC)n1c3ccccc3c3c4c(c5c6ccccc6n2c5c31)C(=O)NC4
1626,OTX015,"BRD2, BRD3, BRD4",0.6547007999728012,180,KP1N,CC1=C(SC2=C1C(=N[C@H](C3=NN=C(N32)C)CC(=O)NC4=CC=C(C=C4)O)C5=CC=C(C=C5)Cl)C,CVCL_3002,Cc1sc2c(c1C)C(c1ccc(Cl)cc1)=N[C@@H](CC(=O)Nc1ccc(O)cc1)c1nnc(C)n1-2
1720,AZD5991,MCL1,0.6652111101083705,180,KP1N,CC1=C2C(=NN1C)CSCC3=NN(C(=C3)CSC4=CC5=CC=CC=C5C(=C4)OCCCC6=C(N(C7=C6C=CC(=C27)Cl)C)C(=O)O)C,CVCL_3002,Cc1c2c(nn1C)CSCc1cc(n(C)n1)CSc1cc(c3ccccc3c1)OCCCc1c(C(=O)O)n(C)c3c-2c(Cl)ccc13
1627,GSK343,EZH2,0.6657294565092856,180,KP1N,CCCC1=C(C(=O)NC(=C1)C)CNC(=O)C2=C3C=NN(C3=CC(=C2)C4=CC(=NC=C4)N5CCN(CC5)C)C(C)C,CVCL_3002,CCCc1cc(C)[nH]c(=O)c1CNC(=O)c1cc(-c2ccnc(N3CCN(C)CC3)c2)cc2c1cnn2C(C)C
1853,OF-1,"BRPF1B, BRPF2",0.6888992810214152,180,KP1N,CC1=C(C=CC(=C1)Br)S(=O)(=O)NC2=CC3=C(C=C2OC)N(C(=O)N3C)C,CVCL_3002,COc1cc2c(cc1NS(=O)(=O)c1ccc(Br)cc1C)n(C)c(=O)n2C
1576,IWP-2,PORCN,0.6894445895350824,180,KP1N,CC1=CC2=C(C=C1)N=C(S2)NC(=O)CSC3=NC4=C(C(=O)N3C5=CC=CC=C5)SCC4,CVCL_3002,Cc1ccc2nc(NC(=O)CSc3nc4c(c(=O)n3-c3ccccc3)SCC4)sc2c1
1046,Wee1 Inhibitor,"WEE1, CHEK1",0.6955198900070977,180,KP1N,C1=CC=C(C(=C1)C2=CC3=C(C4=C(N3)C=CC(=C4)O)C5=C2C(=O)NC5=O)Cl,CVCL_3002,O=C1NC(=O)c2c1c(-c1ccccc1Cl)cc1[nH]c3ccc(O)cc3c21
1250,AZ960,"JAK2, JAK3",0.6983800969672889,180,KP1N,CC1=CC(=NN1)NC2=C(C=C(C(=N2)N[C@@H](C)C3=CC=C(C=C3)F)C#N)F,CVCL_3002,Cc1cc(Nc2nc(N[C@@H](C)c3ccc(F)cc3)c(C#N)cc2F)n[nH]1
1441,AZD2014,"mTORC1, mTORC2",0.7104987706389752,180,KP1N,C[C@H]1COCCN1C2=NC(=NC3=C2C=CC(=N3)C4=CC(=CC=C4)C(=O)NC)N5CCOC[C@@H]5C,CVCL_3002,CNC(=O)c1cccc(-c2ccc3c(N4CCOC[C@@H]4C)nc(N4CCOC[C@@H]4C)nc3n2)c1
1849,Sabutoclax,"BCL2,  BCL-XL,  BFL1, MCL1",0.733778383954876,180,KP1N,CC1=CC2=C(C(=C(C=C2C(=C1C3=C(C4=CC(=C(C(=C4C=C3C)C(=O)NC[C@H](C)C5=CC=CC=C5)O)O)O)O)O)O)C(=O)NC[C@H](C)C6=CC=CC=C6,CVCL_3002,Cc1cc2c(C(=O)NC[C@H](C)c3ccccc3)c(O)c(O)cc2c(O)c1-c1c(C)cc2c(C(=O)NC[C@H](C)c3ccccc3)c(O)c(O)cc2c1O
1372,Trametinib,"MEK1, MEK2",0.7342300387164216,180,KP1N,CC1=C2C(=C(N(C1=O)C)NC3=C(C=C(C=C3)I)F)C(=O)N(C(=O)N2C4=CC=CC(=C4)NC(=O)C)C5CC5,CVCL_3002,CC(=O)Nc1cccc(-n2c(=O)n(C3CC3)c(=O)c3c(Nc4ccc(I)cc4F)n(C)c(=O)c(C)c32)c1
1022,AZD7762,"CHEK1, CHEK2",0.7380031167145386,180,KP1N,C1C[C@@H](CNC1)NC(=O)C2=C(C=C(S2)C3=CC(=CC=C3)F)NC(=O)N,CVCL_3002,NC(=O)Nc1cc(-c2cccc(F)c2)sc1C(=O)N[C@H]1CCCNC1
1625,RVX-208,BRD4,0.7593543697317447,180,KP1N,C1=CC(=C(C=C1N=C=O)F)F,CVCL_3002,O=C=Nc1ccc(F)c(F)c1
1200,Fulvestrant,ESR,0.7595326161173057,180,KP1N,C[C@]12CC[C@H]3[C@H]([C@@H]1CC[C@@H]2O)[C@@H](CC4=C3C=CC(=C4)O)CCCCCCCCCS(=O)CCCC(C(F)(F)F)(F)F,CVCL_3002,C[C@]12CC[C@@H]3c4ccc(O)cc4C[C@@H](CCCCCCCCC[S+]([O-])CCCC(F)(F)C(F)(F)F)[C@H]3[C@@H]1CC[C@@H]2O
1259,Talazoparib,"PARP1, PARP2",0.760563272693537,180,KP1N,CC(C)/C=N/NC(=O)C1=CC=C(C=C1)NC(=O)C,CVCL_3002,CC(=O)Nc1ccc(C(=O)N/N=C/C(C)C)cc1
2111,VE821,ATR,0.7720153921403273,180,KP1N,CS(=O)(=O)C1=CC=C(C=C1)C2=CN=C(C(=N2)C(=O)NC3=CC=CC=C3)N,CVCL_3002,CS(=O)(=O)c1ccc(-c2cnc(N)c(C(=O)Nc3ccccc3)n2)cc1
1913,AGI-5198,IDH1 (R132H),0.8030322146589296,180,KP1N,CC1=CC=CC=C1C(C(=O)NC2CCCCC2)N(C3=CC(=CC=C3)F)C(=O)CN4C=CN=C4C,CVCL_3002,Cc1ccccc1C(C(=O)NC1CCCCC1)N(C(=O)Cn1ccnc1C)c1cccc(F)c1
1011,Navitoclax,"BCL2, BCL-XL, BCL-W",0.8038954108026053,180,KP1N,CC1(CCC(=C(C1)CN2CCN(CC2)C3=CC=C(C=C3)C(=O)NS(=O)(=O)C4=CC(=C(C=C4)N[C@H](CCN5CCOCC5)CSC6=CC=CC=C6)S(=O)(=O)C(F)(F)F)C7=CC=C(C=C7)Cl)C,CVCL_3002,CC1(C)CCC(c2ccc(Cl)cc2)=C(CN2CCN(c3ccc(C(=O)NS(=O)(=O)c4ccc(N[C@H](CCN5CCOCC5)CSc5ccccc5)c(S(=O)(=O)C(F)(F)F)c4)cc3)CC2)C1
1557,LCL161,"XIAP, IAP1, IAP2",0.8105472232302264,180,KP1N,C[C@@H](C(=O)N[C@@H](C1CCCCC1)C(=O)N2CCC[C@H]2C3=NC(=CS3)C(=O)C4=CC=C(C=C4)F)NC,CVCL_3002,CN[C@@H](C)C(=O)N[C@H](C(=O)N1CCC[C@H]1c1nc(C(=O)c2ccc(F)cc2)cs1)C1CCCCC1
1806,Oxaliplatin,DNA alkylating agent,0.8200558774265566,180,KP1N,C1CC[C@H]([C@@H](C1)[NH-])[NH-].C(=O)(C(=O)O)O.[Pt+2],CVCL_3002,N[C@@H]1CCCC[C@H]1N
1799,Ibrutinib,BTK,0.8290312514180307,180,KP1N,C=CC(=O)N1CCC[C@H](C1)N2C3=NC=NC(=C3C(=N2)C4=CC=C(C=C4)OC5=CC=CC=C5)N,CVCL_3002,C=CC(=O)N1CCC[C@@H](n2nc(-c3ccc(Oc4ccccc4)cc3)c3c(N)ncnc32)C1
1620,PFI3,"Polybromo 1, SMARCA4, SMARCA2",0.8304426581190156,180,KP1N,C1[C@@H]2CN([C@H]1CN2C3=CC=CC=N3)/C=C/C(=O)C4=CC=CC=C4O,CVCL_3002,O=C(/C=C/N1C[C@H]2C[C@@H]1CN2c1ccccn1)c1ccccc1O
1068,Obatoclax Mesylate,"BCL2, BCL-XL, BCL-W, MCL1",0.8335122958096524,180,KP1N,CC1=CC(=C(N1)/C=C\2/C(=C/C(=C/3\C=C4C=CC=CC4=N3)/N2)OC)C,CVCL_3002,COc1c/c(=C2\C=c3ccccc3=N2)[nH]/c1=C\c1[nH]c(C)cc1C
1922,Cediranib,"VEGFR, FLT1, FLT2, FLT3, FLT4, KIT, PDGFRB",0.8365846244897964,180,KP1N,CC1=CC2=C(N1)C=CC(=C2F)OC3=NC=NC4=CC(=C(C=C43)OC)OCCCN5CCCC5,CVCL_3002,COc1cc2c(Oc3ccc4[nH]c(C)cc4c3F)ncnc2cc1OCCCN1CCCC1
1553,Uprosertib,"AKT1, AKT2, AKT3",0.8432408271141083,180,KP1N,CN1C(=C(C=N1)Cl)C2=C(OC(=C2)C(=O)N[C@@H](CC3=CC(=C(C=C3)F)F)CN)Cl,CVCL_3002,Cn1ncc(Cl)c1-c1cc(C(=O)N[C@H](CN)Cc2ccc(F)c(F)c2)oc1Cl
1177,Niraparib,"PARP1, PARP2",0.8472416564419876,180,KP1N,C1C[C@H](CNC1)C2=CC=C(C=C2)N3C=C4C=CC=C(C4=N3)C(=O)N,CVCL_3002,NC(=O)c1cccc2cn(-c3ccc([C@@H]4CCCNC4)cc3)nc12
1598,LGK974,PORCN,0.8736018716470213,180,KP1N,CC1=CC(=CN=C1C2=CC(=NC=C2)C)CC(=O)NC3=NC=C(C=C3)C4=NC=CN=C4,CVCL_3002,Cc1cc(-c2ncc(CC(=O)Nc3ccc(-c4cnccn4)cn3)cc2C)ccn1
1819,Docetaxel,Microtubule stabiliser,0.8738438703533219,180,KP1N,CC1=C2[C@H](C(=O)[C@@]3([C@H](C[C@@H]4[C@]([C@H]3[C@@H]([C@@](C2(C)C)(C[C@@H]1OC(=O)[C@@H]([C@H](C5=CC=CC=C5)NC(=O)OC(C)(C)C)O)O)OC(=O)C6=CC=CC=C6)(CO4)OC(=O)C)O)C)O,CVCL_3002,CC(=O)O[C@@]12CO[C@@H]1C[C@H](O)[C@@]1(C)C(=O)[C@H](O)C3=C(C)[C@@H](OC(=O)[C@H](O)[C@@H](NC(=O)OC(C)(C)C)c4ccccc4)C[C@@](O)([C@@H](OC(=O)c4ccccc4)[C@@H]12)C3(C)C
1854,MN-64,"TNKS1, TNKS2",0.8767175714193745,180,KP1N,CC(C)C1=CC=C(C=C1)C2=CC(=O)C3=CC=CC=C3O2,CVCL_3002,CC(C)c1ccc(-c2cc(=O)c3ccccc3o2)cc1
2106,Uprosertib,"AKT1, AKT2, AKT3",0.8931124462585438,180,KP1N,CN1C(=C(C=N1)Cl)C2=C(OC(=C2)C(=O)N[C@@H](CC3=CC(=C(C=C3)F)F)CN)Cl,CVCL_3002,Cn1ncc(Cl)c1-c1cc(C(=O)N[C@H](CN)Cc2ccc(F)c(F)c2)oc1Cl
1507,Ruxolitinib,"JAK1, JAK2",0.8949855792805053,180,KP1N,C1CCC(C1)[C@@H](CC#N)N2C=C(C=N2)C3=C4C=CNC4=NC=N3,CVCL_3002,N#CC[C@H](C1CCCC1)n1cc(-c2ncnc3[nH]ccc23)cn1
2170,AT13148,AKT1,0.8991280374150813,180,KP1N,C1=CC(=CC=C1C2=CNN=C2)[C@@](CN)(C3=CC=C(C=C3)Cl)O,CVCL_3002,NC[C@@](O)(c1ccc(Cl)cc1)c1ccc(-c2cn[nH]c2)cc1
1908,Ulixertinib,"ERK1, ERK2",0.9093131312805997,180,KP1N,CC(C)NC1=NC=C(C(=C1)C2=CNC(=C2)C(=O)N[C@H](CO)C3=CC(=CC=C3)Cl)Cl,CVCL_3002,CC(C)Nc1cc(-c2c[nH]c(C(=O)N[C@H](CO)c3cccc(Cl)c3)c2)c(Cl)cn1
1401,AZD5438,CDK2,0.909667201545185,180,KP1N,CC1=NC=C(N1C(C)C)C2=NC(=NC=C2)NC3=CC=C(C=C3)S(=O)(=O)C,CVCL_3002,Cc1ncc(-c2ccnc(Nc3ccc(S(C)(=O)=O)cc3)n2)n1C(C)C
1268,XAV939,"TNKS1, TNKS2",0.9123329677063952,180,KP1N,C1CSCC2=C1N=C(NC2=O)C3=CC=C(C=C3)C(F)(F)F,CVCL_3002,O=c1[nH]c(-c2ccc(C(F)(F)F)cc2)nc2c1CSCC2
1924,Ipatasertib,"AKT1, AKT, AKT3",0.9570315483935696,180,KP1N,C[C@@H]1C[C@H](C2=C1C(=NC=N2)N3CCN(CC3)C(=O)[C@H](CNC(C)C)C4=CC=C(C=C4)Cl)O,CVCL_3002,CC(C)NC[C@@H](C(=O)N1CCN(c2ncnc3c2[C@H](C)C[C@H]3O)CC1)c1ccc(Cl)cc1
1635,Picolinici-acid,Inflammatory related,0.958787216660184,180,KP1N,C1=CC=NC(=C1)C(=O)O,CVCL_3002,O=C(O)c1ccccn1
1012,Vorinostat,"HDAC inhibitor Class I, IIa, IIb, IV",0.9773662757526984,180,KP1N,C1=CC=C(C=C1)NC(=O)CCCCCCC(=O)NO,CVCL_3002,O=C(CCCCCCC(=O)Nc1ccccc1)NO
1618,GSK2606414,PERK,0.9849506351709476,180,KP1N,CN1C=C(C2=C(N=CN=C21)N)C3=CC4=C(C=C3)N(CC4)C(=O)CC5=CC(=CC=C5)C(F)(F)F,CVCL_3002,Cn1cc(-c2ccc3c(c2)CCN3C(=O)Cc2cccc(C(F)(F)F)c2)c2c(N)ncnc21
2048,Vinorelbine,Microtubule destabiliser,0.9882700259684738,180,KP1N,CCC1=C[C@H]2C[C@@](C3=C(CN(C2)C1)C4=CC=CC=C4N3)(C5=C(C=C6C(=C5)[C@]78CCN9[C@H]7[C@@](C=CC9)([C@H]([C@@]([C@@H]8N6C)(C(=O)OC)O)OC(=O)C)CC)OC)C(=O)OC,CVCL_3002,CCC1=C[C@@H]2CN(C1)Cc1c([nH]c3ccccc13)[C@@](C(=O)OC)(c1cc3c(cc1OC)N(C)[C@H]1[C@@](O)(C(=O)OC)[C@H](OC(C)=O)[C@]4(CC)C=CCN5CC[C@]31[C@@H]54)C2
1051,Alisertib,AURKA,0.9994249681082564,180,KP1N,COC1=C(C(=CC=C1)F)C2=NCC3=CN=C(N=C3C4=C2C=C(C=C4)Cl)NC5=CC(=C(C=C5)C(=O)O)OC,CVCL_3002,COc1cc(Nc2ncc3c(n2)-c2ccc(Cl)cc2C(c2c(F)cccc2OC)=NC3)ccc1C(=O)O
1036,PLX-4720,BRAF,1.0276063255514731,180,KP1N,CCCS(=O)(=O)NC1=C(C(=C(C=C1)F)C(=O)C2=CNC3=C2C=C(C=N3)Cl)F,CVCL_3002,CCCS(=O)(=O)Nc1ccc(F)c(C(=O)c2c[nH]c3ncc(Cl)cc23)c1F
1997,WEHI-539,BCL-XL,1.0289854047118243,180,KP1N,C1CC2=C(C=C(C=C2)C3=NC(=C(S3)CCCOC4=CC=C(C=C4)CN)C(=O)O)/C(=N/NC5=NC6=CC=CC=C6S5)/C1,CVCL_3002,NCc1ccc(OCCCc2sc(-c3ccc4c(c3)/C(=N/Nc3nc5ccccc5s3)CCC4)nc2C(=O)O)cc1
2110,GSK591,PMRT5,1.0597440778314842,180,KP1N,C1CC(C1)NC2=NC=CC(=C2)C(=O)NC[C@@H](CN3CCC4=CC=CC=C4C3)O,CVCL_3002,O=C(NC[C@H](O)CN1CCc2ccccc2C1)c1ccnc(NC2CCC2)c1
1855,KRAS (G12C) Inhibitor-12,KRAS (G12C),1.064217940955502,180,KP1N,C=CC(=O)N1CCN(CC1)C(=O)CNC2=CC(=C(C=C2O)Cl)I,CVCL_3002,C=CC(=O)N1CCN(C(=O)CNc2cc(I)c(Cl)cc2O)CC1
1060,PD0325901,"MEK1, MEK2",1.0648126823772497,180,KP1N,C1=CC(=C(C=C1I)F)NC2=C(C=CC(=C2F)F)C(=O)NOC[C@@H](CO)O,CVCL_3002,O=C(NOC[C@H](O)CO)c1ccc(F)c(F)c1Nc1ccc(I)cc1F
1634,AGI-6780,IDH2 R140Q mutant,1.071272448829153,180,KP1N,C1CC1NS(=O)(=O)C2=CC(=C(C=C2)C3=CSC=C3)NC(=O)NC4=CC=CC(=C4)C(F)(F)F,CVCL_3002,O=C(Nc1cccc(C(F)(F)F)c1)Nc1cc(S(=O)(=O)NC2CC2)ccc1-c1ccsc1
2047,Ulixertinib,"ERK1, ERK2",1.091472487794827,180,KP1N,CC(C)NC1=NC=C(C(=C1)C2=CNC(=C2)C(=O)N[C@H](CO)C3=CC(=CC=C3)Cl)Cl,CVCL_3002,CC(C)Nc1cc(-c2c[nH]c(C(=O)N[C@H](CO)c3cccc(Cl)c3)c2)c(Cl)cn1
1925,GDC0810,"ESR1, ESR2",1.0953157371882432,180,KP1N,CC/C(=C(/C1=CC=C(C=C1)/C=C/C(=O)O)\C2=CC3=C(C=C2)NN=C3)/C4=C(C=C(C=C4)F)Cl,CVCL_3002,CC/C(=C(/c1ccc(/C=C/C(=O)O)cc1)c1ccc2[nH]ncc2c1)c1ccc(F)cc1Cl
1624,I-BET-762,"BRD2, BRD3, BRD4",1.100147095413894,180,KP1N,CCNC(=O)C[C@H]1C2=NN=C(N2C3=C(C=C(C=C3)OC)C(=N1)C4=CC=C(C=C4)Cl)C,CVCL_3002,CCNC(=O)C[C@@H]1N=C(c2ccc(Cl)cc2)c2cc(OC)ccc2-n2c(C)nnc21
1237,EPZ004777,DOT1L,1.1268025652876053,180,KP1N,CC(C)N(CCCNC(=O)NC1=CC=C(C=C1)C(C)(C)C)C[C@@H]2[C@H]([C@H]([C@@H](O2)N3C=CC4=C(N=CN=C43)N)O)O,CVCL_3002,CC(C)N(CCCNC(=O)Nc1ccc(C(C)(C)C)cc1)C[C@H]1O[C@@H](n2ccc3c(N)ncnc32)[C@H](O)[C@@H]1O
1915,AZD3759,EGFR,1.14199963906597,180,KP1N,C[C@@H]1CN(CCN1C(=O)OC2=C(C=C3C(=C2)C(=NC=N3)NC4=C(C(=CC=C4)Cl)F)OC)C,CVCL_3002,COc1cc2ncnc(Nc3cccc(Cl)c3F)c2cc1OC(=O)N1CCN(C)C[C@H]1C
1930,Telomerase Inhibitor IX,Telomerase,1.1457713644719203,180,KP1N,C1=CC(=CC(=C1)NC(=O)C2=C(C(=CC=C2)O)O)NC(=O)C3=C(C(=CC=C3)O)O,CVCL_3002,O=C(Nc1cccc(NC(=O)c2cccc(O)c2O)c1)c1cccc(O)c1O
1614,WZ4003,"NUAK1, NUAK2",1.1507822732746906,180,KP1N,CCC(=O)NC1=CC(=CC=C1)OC2=NC(=NC=C2Cl)NC3=C(C=C(C=C3)N4CCN(CC4)C)OC,CVCL_3002,CCC(=O)Nc1cccc(Oc2nc(Nc3ccc(N4CCN(C)CC4)cc3OC)ncc2Cl)c1
1613,VE-822,ATR,1.1734144642950748,180,KP1N,CC(C)S(=O)(=O)C1=CC=C(C=C1)C2=CN=C(C(=N2)C3=CC(=NO3)C4=CC=C(C=C4)CNC)N,CVCL_3002,CNCc1ccc(-c2cc(-c3nc(-c4ccc(S(=O)(=O)C(C)C)cc4)cnc3N)on2)cc1
1916,AZD5363,"AKT1, AKT2, AKT3, ROCK2",1.1880575697636868,180,KP1N,C1CN(CCC1(C(=O)N[C@@H](CCO)C2=CC=C(C=C2)Cl)N)C3=NC=NC4=C3C=CN4,CVCL_3002,NC1(C(=O)N[C@@H](CCO)c2ccc(Cl)cc2)CCN(c2ncnc3[nH]ccc23)CC1
1180,Dinaciclib,"CDK1, CDK2, CDK5, CDK9",1.1958871626753895,180,KP1N,CCC1=C2N=C(C=C(N2N=C1)NCC3=C[N+](=CC=C3)[O-])N4CCCC[C@H]4CCO,CVCL_3002,CCc1cnn2c(NCc3ccc[n+]([O-])c3)cc(N3CCCC[C@H]3CCO)nc12
1928,I-BRD9,BRD9,1.2057106613054591,180,KP1N,CCN1C=C(C2=C(C1=O)C=C(S2)C(=NC3CCS(=O)(=O)CC3)N)C4=CC(=CC=C4)C(F)(F)F,CVCL_3002,CCn1cc(-c2cccc(C(F)(F)F)c2)c2sc(C(N)=NC3CCS(=O)(=O)CC3)cc2c1=O
2046,MK-8776,"CHEK1, CHEK2, CDK2",1.2198824495237606,180,KP1N,CN1C=C(C=N1)C2=C3N=C(C(=C(N3N=C2)N)Br)C4CCCNC4,CVCL_3002,Cn1cc(-c2cnn3c(N)c(Br)c(C4CCCNC4)nc23)cn1
1594,OSI-027,"MTORC1, MTORC2",1.2232614801578108,180,KP1N,C[C@@]1\2CC[C@H](C1(C)C)C/C2=N\NC(=O)C3=CC=C(C=C3)S(=O)(=O)N4CCCCCC4,CVCL_3002,CC1(C)[C@H]2CC[C@@]1(C)/C(=N/NC(=O)c1ccc(S(=O)(=O)N3CCCCCC3)cc1)C2
1083,Crizotinib,"MET, ALK, ROS1",1.2257846362058202,180,KP1N,C[C@H](C1=C(C=CC(=C1Cl)F)Cl)OC2=C(N=CC(=C2)C3=CN(N=C3)C4CCNCC4)N,CVCL_3002,C[C@@H](Oc1cc(-c2cnn(C3CCNCC3)c2)cnc1N)c1c(Cl)ccc(F)c1Cl
1631,PRT062607,SYK,1.2320227588829624,180,KP1N,C1CC[C@H]([C@H](C1)N)NC2=NC=C(C(=N2)NC3=CC(=CC=C3)N4N=CC=N4)C(=O)N,CVCL_3002,NC(=O)c1cnc(N[C@@H]2CCCC[C@@H]2N)nc1Nc1cccc(-n2nccn2)c1
1560,Alpelisib,PI3Kalpha,1.2441222862460966,180,KP1N,CC1=C(SC(=N1)NC(=O)N2CCC[C@H]2C(=O)N)C3=CC(=NC=C3)C(C)(C)C(F)(F)F,CVCL_3002,Cc1nc(NC(=O)N2CCC[C@H]2C(N)=O)sc1-c1ccnc(C(C)(C)C(F)(F)F)c1
2096,VX-11e,ERK2,1.2471180661878238,180,KP1N,CC1=CN=C(N=C1C2=CNC(=C2)C(=O)N[C@H](CO)C3=CC(=CC=C3)Cl)NC4=C(C=C(C=C4)F)Cl,CVCL_3002,Cc1cnc(Nc2ccc(F)cc2Cl)nc1-c1c[nH]c(C(=O)N[C@H](CO)c2cccc(Cl)c2)c1
1917,AZD6738,ATR,1.3707155913433196,180,KP1N,C[C@@H]1COCCN1C2=NC(=NC(=C2)C3(CC3)[S@](=N)(=O)C)C4=C5C=CNC5=NC=C4,CVCL_3002,C[C@@H]1COCCN1c1cc(C2([S@](C)(=N)=O)CC2)nc(-c2ccnc3[nH]ccc23)n1
1629,ML323,"USP1, UAF1",1.4455319714094792,180,KP1N,CC1=CN=C(N=C1NCC2=CC=C(C=C2)N3C=CN=N3)C4=CC=CC=C4C(C)C,CVCL_3002,Cc1cnc(-c2ccccc2C(C)C)nc1NCc1ccc(-n2ccnn2)cc1
1919,Osimertinib,EGFR,1.4860087766279613,180,KP1N,CN1C=C(C2=CC=CC=C21)C3=NC(=NC=C3)NC4=C(C=C(C(=C4)NC(=O)C=C)N(C)CCN(C)C)OC,CVCL_3002,C=CC(=O)Nc1cc(Nc2nccc(-c3cn(C)c4ccccc34)n2)c(OC)cc1N(C)CCN(C)C
1622,Wnt-C59,PORCN,1.561591922833802,180,KP1N,CC1=NC=CC(=C1)C2=CC=C(C=C2)CC(=O)NC3=CC=C(C=C3)C4=CN=CC=C4,CVCL_3002,Cc1cc(-c2ccc(CC(=O)Nc3ccc(-c4cccnc4)cc3)cc2)ccn1
1910,ABT737,"BCL2, BCL-XL,  BCL-W, BCL-B, BFL1",1.605819164845355,180,KP1N,CN(C)CC[C@H](CSC1=CC=CC=C1)NC2=C(C=C(C=C2)S(=O)(=O)NC(=O)C3=CC=C(C=C3)N4CCN(CC4)CC5=CC=CC=C5C6=CC=C(C=C6)Cl)[N+](=O)[O-],CVCL_3002,CN(C)CC[C@H](CSc1ccccc1)Nc1ccc(S(=O)(=O)NC(=O)c2ccc(N3CCN(Cc4ccccc4-c4ccc(Cl)cc4)CC3)cc2)cc1[N+](=O)[O-]
1564,SCH772984,"ERK1, ERK2",1.619539512571067,180,KP1N,C1CN(C[C@@H]1C(=O)NC2=CC3=C(C=C2)NN=C3C4=CC=NC=C4)CC(=O)N5CCN(CC5)C6=CC=C(C=C6)C7=NC=CC=N7,CVCL_3002,O=C(Nc1ccc2[nH]nc(-c3ccncc3)c2c1)[C@@H]1CCN(CC(=O)N2CCN(c3ccc(-c4ncccn4)cc3)CC2)C1
1593,Entinostat,"HDAC1, HDAC3",1.6511067511262962,180,KP1N,C1=CC=C(C(=C1)N)NC(=O)C2=CC=C(C=C2)CNC(=O)OCC3=CN=CC=C3,CVCL_3002,Nc1ccccc1NC(=O)c1ccc(CNC(=O)OCc2cccnc2)cc1
1926,GNE-317,PI3Kalpha,2.19757764955443,180,KP1N,CC1=C(SC2=C1N=C(N=C2N3CCOCC3)C4=CN=C(N=C4)N)C5(COC5)OC,CVCL_3002,COC1(c2sc3c(N4CCOCC4)nc(-c4cnc(N)nc4)nc3c2C)COC1
1091,BMS-536924,"IGF1R, IR",-0.6369935220936325,179,KP2,CC1=CC(=CC2=C1N=C(N2)C3=C(C=CNC3=O)NC[C@H](C4=CC(=CC=C4)Cl)O)N5CCOCC5,CVCL_3004,Cc1cc(N2CCOCC2)cc2[nH]c(-c3c(NC[C@@H](O)c4cccc(Cl)c4)cc[nH]c3=O)nc12
1034,Staurosporine,Broad spectrum kinase inhibitor,-0.6356785933641013,179,KP2,C[C@@]12[C@@H]([C@@H](C[C@H](O1)N3C4=CC=CC=C4C5=C6C(=C7C8=CC=CC=C8N2C7=C53)CNC6=O)NC)OC,CVCL_3004,CN[C@@H]1C[C@@H]2O[C@@](C)([C@@H]1OC)n1c3ccccc3c3c4c(c5c6ccccc6n2c5c31)C(=O)NC4
1578,Leflunomide,Pyrimidine synthesis inhibitor,-0.6354515917773945,179,KP2,CC1=C(C=NO1)C(=O)NC2=CC=C(C=C2)C(F)(F)F,CVCL_3004,Cc1oncc1C(=O)Nc1ccc(C(F)(F)F)cc1
1060,PD0325901,"MEK1, MEK2",-0.5795136939989668,179,KP2,C1=CC(=C(C=C1I)F)NC2=C(C=CC(=C2F)F)C(=O)NOC[C@@H](CO)O,CVCL_3004,O=C(NOC[C@H](O)CO)c1ccc(F)c(F)c1Nc1ccc(I)cc1F
1736,Selumetinib,"MEK1, MEK2",-0.5107757373948876,179,KP2,CN1C=NC2=C1C=C(C(=C2F)NC3=C(C=C(C=C3)Br)Cl)C(=O)NOCCO,CVCL_3004,Cn1cnc2c(F)c(Nc3ccc(Br)cc3Cl)c(C(=O)NOCCO)cc21
2044,Pyridostatin,G-quadruplex stabiliser,-0.5105821240736688,179,KP2,C1=CC=C2C(=C1)C(=CC(=N2)NC(=O)C3=CC(=CC(=N3)C(=O)NC4=NC5=CC=CC=C5C(=C4)OCCN)OCCN)OCCN,CVCL_3004,NCCOc1cc(C(=O)Nc2cc(OCCN)c3ccccc3n2)nc(C(=O)Nc2cc(OCCN)c3ccccc3n2)c1
1997,WEHI-539,BCL-XL,-0.4039441237368496,179,KP2,C1CC2=C(C=C(C=C2)C3=NC(=C(S3)CCCOC4=CC=C(C=C4)CN)C(=O)O)/C(=N/NC5=NC6=CC=CC=C6S5)/C1,CVCL_3004,NCc1ccc(OCCCc2sc(-c3ccc4c(c3)/C(=N/Nc3nc5ccccc5s3)CCC4)nc2C(=O)O)cc1
1862,MG-132,"Proteasome, CAPN1",-0.317822227577667,179,KP2,CC(C)C[C@@H](C=O)NC(=O)[C@H](CC(C)C)NC(=O)[C@H](CC(C)C)NC(=O)OCC1=CC=CC=C1,CVCL_3004,CC(C)C[C@@H](C=O)NC(=O)[C@H](CC(C)C)NC(=O)[C@H](CC(C)C)NC(=O)OCc1ccccc1
1853,OF-1,"BRPF1B, BRPF2",-0.2762256341412216,179,KP2,CC1=C(C=CC(=C1)Br)S(=O)(=O)NC2=CC3=C(C=C2OC)N(C(=O)N3C)C,CVCL_3004,COc1cc2c(cc1NS(=O)(=O)c1ccc(Br)cc1C)n(C)c(=O)n2C
1598,LGK974,PORCN,-0.2533729418941728,179,KP2,CC1=CC(=CN=C1C2=CC(=NC=C2)C)CC(=O)NC3=NC=C(C=C3)C4=NC=CN=C4,CVCL_3004,Cc1cc(-c2ncc(CC(=O)Nc3ccc(-c4cnccn4)cn3)cc2C)ccn1
2047,Ulixertinib,"ERK1, ERK2",-0.1745080102878107,179,KP2,CC(C)NC1=NC=C(C(=C1)C2=CNC(=C2)C(=O)N[C@H](CO)C3=CC(=CC=C3)Cl)Cl,CVCL_3004,CC(C)Nc1cc(-c2c[nH]c(C(=O)N[C@H](CO)c3cccc(Cl)c3)c2)c(Cl)cn1
1372,Trametinib,"MEK1, MEK2",-0.1654370759276039,179,KP2,CC1=C2C(=C(N(C1=O)C)NC3=C(C=C(C=C3)I)F)C(=O)N(C(=O)N2C4=CC=CC(=C4)NC(=O)C)C5CC5,CVCL_3004,CC(=O)Nc1cccc(-n2c(=O)n(C3CC3)c(=O)c3c(Nc4ccc(I)cc4F)n(C)c(=O)c(C)c32)c1
1627,GSK343,EZH2,-0.164137104209618,179,KP2,CCCC1=C(C(=O)NC(=C1)C)CNC(=O)C2=C3C=NN(C3=CC(=C2)C4=CC(=NC=C4)N5CCN(CC5)C)C(C)C,CVCL_3004,CCCc1cc(C)[nH]c(=O)c1CNC(=O)c1cc(-c2ccnc(N3CCN(C)CC3)c2)cc2c1cnn2C(C)C
2111,VE821,ATR,-0.15044255902984,179,KP2,CS(=O)(=O)C1=CC=C(C=C1)C2=CN=C(C(=N2)C(=O)NC3=CC=CC=C3)N,CVCL_3004,CS(=O)(=O)c1ccc(-c2cnc(N)c(C(=O)Nc3ccccc3)n2)cc1
1910,ABT737,"BCL2, BCL-XL,  BCL-W, BCL-B, BFL1",-0.1378738718345652,179,KP2,CN(C)CC[C@H](CSC1=CC=CC=C1)NC2=C(C=C(C=C2)S(=O)(=O)NC(=O)C3=CC=C(C=C3)N4CCN(CC4)CC5=CC=CC=C5C6=CC=C(C=C6)Cl)[N+](=O)[O-],CVCL_3004,CN(C)CC[C@H](CSc1ccccc1)Nc1ccc(S(=O)(=O)NC(=O)c2ccc(N3CCN(Cc4ccccc4-c4ccc(Cl)cc4)CC3)cc2)cc1[N+](=O)[O-]
1563,EPZ5676,DOT1L,-0.1262130756640541,179,KP2,CC(C)N(C[C@@H]1[C@H]([C@H]([C@@H](O1)N2C=NC3=C(N=CN=C32)N)O)O)C4CC(C4)CCC5=NC6=C(N5)C=C(C=C6)C(C)(C)C,CVCL_3004,CC(C)N(C[C@H]1O[C@@H](n2cnc3c(N)ncnc32)[C@H](O)[C@@H]1O)C1CC(CCc2nc3ccc(C(C)(C)C)cc3[nH]2)C1
2043,BIBR-1532,TERT,-0.1228065281478357,179,KP2,C/C(=C\C(=O)NC1=CC=CC=C1C(=O)O)/C2=CC3=CC=CC=C3C=C2,CVCL_3004,C/C(=C\C(=O)Nc1ccccc1C(=O)O)c1ccc2ccccc2c1
2107,LJI308,"RSK2, RSK1, RSK3",-0.1150018930189084,179,KP2,C1COCCN1C2=CC=C(C=C2)C3=C(C=NC=C3)C4=CC(=C(C(=C4)F)O)F,CVCL_3004,Oc1c(F)cc(-c2cnccc2-c2ccc(N3CCOCC3)cc2)cc1F
1564,SCH772984,"ERK1, ERK2",-0.0895045364849791,179,KP2,C1CN(C[C@@H]1C(=O)NC2=CC3=C(C=C2)NN=C3C4=CC=NC=C4)CC(=O)N5CCN(CC5)C6=CC=C(C=C6)C7=NC=CC=N7,CVCL_3004,O=C(Nc1ccc2[nH]nc(-c3ccncc3)c2c1)[C@@H]1CCN(CC(=O)N2CCN(c3ccc(-c4ncccn4)cc3)CC2)C1
1375,Temozolomide,DNA alkylating agent,-0.0580083284872006,179,KP2,CN1C(=O)N2C=NC(=C2N=N1)C(=O)N,CVCL_3004,Cn1nnc2c(C(N)=O)ncn2c1=O
2170,AT13148,AKT1,-0.0448763691357789,179,KP2,C1=CC(=CC=C1C2=CNN=C2)[C@@](CN)(C3=CC=C(C=C3)Cl)O,CVCL_3004,NC[C@@](O)(c1ccc(Cl)cc1)c1ccc(-c2cn[nH]c2)cc1
2040,Foretinib,"MET, KDR, TIE2, VEGFR3/FLT4, RON, PDGFR, FGFR1, EGFR",0.0065746356989066,179,KP2,COC1=CC2=C(C=CN=C2C=C1OCCCN3CCOCC3)OC4=C(C=C(C=C4)NC(=O)C5(CC5)C(=O)NC6=CC=C(C=C6)F)F,CVCL_3004,COc1cc2c(Oc3ccc(NC(=O)C4(C(=O)Nc5ccc(F)cc5)CC4)cc3F)ccnc2cc1OCCCN1CCOCC1
1079,Dasatinib,"ABL, SRC, Ephrins, PDGFR, KIT",0.0287295959536821,179,KP2,CC1=C(C(=CC=C1)Cl)NC(=O)C2=CN=C(S2)NC3=CC(=NC(=N3)C)N4CCN(CC4)CCO,CVCL_3004,Cc1nc(Nc2ncc(C(=O)Nc3c(C)cccc3Cl)s2)cc(N2CCN(CCO)CC2)n1
2109,AZ6102,"TNKS1, TNKS2",0.0352748006121578,179,KP2,CCC1=CC2=C(C=C1OC(=O)C(C)(C)C)OC(=C(C2=O)OC3=CC=C(C=C3)I)C(F)(F)F,CVCL_3004,CCc1cc2c(=O)c(Oc3ccc(I)cc3)c(C(F)(F)F)oc2cc1OC(=O)C(C)(C)C
1268,XAV939,"TNKS1, TNKS2",0.0627976518994703,179,KP2,C1CSCC2=C1N=C(NC2=O)C3=CC=C(C=C3)C(F)(F)F,CVCL_3004,O=c1[nH]c(-c2ccc(C(F)(F)F)cc2)nc2c1CSCC2
1936,Savolitinib,MET,0.0873995585525761,179,KP2,C[C@@H](C1=CN2C=CN=C2C=C1)N3C4=NC(=CN=C4N=N3)C5=CN(N=C5)C,CVCL_3004,C[C@@H](c1ccc2nccn2c1)n1nnc2ncc(-c3cnn(C)c3)nc21
1622,Wnt-C59,PORCN,0.197819297122918,179,KP2,CC1=NC=CC(=C1)C2=CC=C(C=C2)CC(=O)NC3=CC=C(C=C3)C4=CN=CC=C4,CVCL_3004,Cc1cc(-c2ccc(CC(=O)Nc3ccc(-c4cccnc4)cc3)cc2)ccn1
1615,CZC24832,PI3Kgamma,0.2607911538239139,179,KP2,CC(C)(C)NS(=O)(=O)C1=CN=CC(=C1)C2=CN3C(=NC(=N3)N)C(=C2)F,CVCL_3004,CC(C)(C)NS(=O)(=O)c1cncc(-c2cc(F)c3nc(N)nn3c2)c1
1908,Ulixertinib,"ERK1, ERK2",0.2625222881890482,179,KP2,CC(C)NC1=NC=C(C(=C1)C2=CNC(=C2)C(=O)N[C@H](CO)C3=CC(=CC=C3)Cl)Cl,CVCL_3004,CC(C)Nc1cc(-c2c[nH]c(C(=O)N[C@H](CO)c3cccc(Cl)c3)c2)c(Cl)cn1
1561,Taselisib,PI3K (beta sparing),0.3078217200976664,179,KP2,CC1=NN(C(=N1)C2=CN3CCOC4=C(C3=N2)C=CC(=C4)C5=CN(N=C5)C(C)(C)C(=O)N)C(C)C,CVCL_3004,Cc1nc(-c2cn3c(n2)-c2ccc(-c4cnn(C(C)(C)C(N)=O)c4)cc2OCC3)n(C(C)C)n1
1180,Dinaciclib,"CDK1, CDK2, CDK5, CDK9",0.3241936281739204,179,KP2,CCC1=C2N=C(C=C(N2N=C1)NCC3=C[N+](=CC=C3)[O-])N4CCCC[C@H]4CCO,CVCL_3004,CCc1cnn2c(NCc3ccc[n+]([O-])c3)cc(N3CCCC[C@H]3CCO)nc12
1463,AZD1332,"NTRK1, NTRK2, NTRK3",0.3242538520694116,179,KP2,CC(C)OC1=NNC(=C1)NC2=NC(=NC=C2Cl)NC(C)C3=NC=C(C=C3)F,CVCL_3004,CC(C)Oc1cc(Nc2nc(NC(C)c3ccc(F)cn3)ncc2Cl)[nH]n1
1940,WIKI4,"TNKS1, TNKS2",0.3260334511438532,179,KP2,COC1=CC=C(C=C1)N2C(=NN=C2SCCCN3C(=O)C4=CC=CC5=C4C(=CC=C5)C3=O)C6=CC=NC=C6,CVCL_3004,COc1ccc(-n2c(SCCCN3C(=O)c4cccc5cccc(c45)C3=O)nnc2-c2ccncc2)cc1
1529,Pevonedistat,NAE,0.3417166030392654,179,KP2,C1CC2=CC=CC=C2[C@H]1NC3=C4C=CN(C4=NC=N3)[C@@H]5C[C@H]([C@H](C5)O)COS(=O)(=O)N,CVCL_3004,NS(=O)(=O)OC[C@@H]1C[C@@H](n2ccc3c(N[C@H]4CCc5ccccc54)ncnc32)C[C@@H]1O
1576,IWP-2,PORCN,0.3644110990848132,179,KP2,CC1=CC2=C(C=C1)N=C(S2)NC(=O)CSC3=NC4=C(C(=O)N3C5=CC=CC=C5)SCC4,CVCL_3004,Cc1ccc2nc(NC(=O)CSc3nc4c(c(=O)n3-c3ccccc3)SCC4)sc2c1
1085,Sorafenib,"PDGFR, KIT, VEGFR, RAF",0.3721708084890209,179,KP2,CNC(=O)C1=NC=CC(=C1)OC2=CC=C(C=C2)NC(=O)NC3=CC(=C(C=C3)Cl)C(F)(F)F,CVCL_3004,CNC(=O)c1cc(Oc2ccc(NC(=O)Nc3ccc(Cl)c(C(F)(F)F)c3)cc2)ccn1
2048,Vinorelbine,Microtubule destabiliser,0.3739980551457189,179,KP2,CCC1=C[C@H]2C[C@@](C3=C(CN(C2)C1)C4=CC=CC=C4N3)(C5=C(C=C6C(=C5)[C@]78CCN9[C@H]7[C@@](C=CC9)([C@H]([C@@]([C@@H]8N6C)(C(=O)OC)O)OC(=O)C)CC)OC)C(=O)OC,CVCL_3004,CCC1=C[C@@H]2CN(C1)Cc1c([nH]c3ccccc13)[C@@](C(=O)OC)(c1cc3c(cc1OC)N(C)[C@H]1[C@@](O)(C(=O)OC)[C@H](OC(C)=O)[C@]4(CC)C=CCN5CC[C@]31[C@@H]54)C2
2106,Uprosertib,"AKT1, AKT2, AKT3",0.3892116448354435,179,KP2,CN1C(=C(C=N1)Cl)C2=C(OC(=C2)C(=O)N[C@@H](CC3=CC(=C(C=C3)F)F)CN)Cl,CVCL_3004,Cn1ncc(Cl)c1-c1cc(C(=O)N[C@H](CN)Cc2ccc(F)c(F)c2)oc1Cl
1017,Olaparib,"PARP1, PARP2",0.3900310699345393,179,KP2,C1CC1C(=O)N2CCN(CC2)C(=O)C3=C(C=CC(=C3)CC4=NNC(=O)C5=CC=CC=C54)F,CVCL_3004,O=C(c1cc(Cc2n[nH]c(=O)c3ccccc23)ccc1F)N1CCN(C(=O)C2CC2)CC1
1373,Dabrafenib,BRAF,0.4107165767919351,179,KP2,CC(C)(C)C1=NC(=C(S1)C2=NC(=NC=C2)N)C3=C(C(=CC=C3)NS(=O)(=O)C4=C(C=CC=C4F)F)F,CVCL_3004,CC(C)(C)c1nc(-c2cccc(NS(=O)(=O)c3c(F)cccc3F)c2F)c(-c2ccnc(N)n2)s1
1510,Linsitinib,IGF1R,0.4115178077610832,179,KP2,CC1(CC(C1)C2=NC(=C3N2C=CN=C3N)C4=CC5=C(C=C4)C=CC(=N5)C6=CC=CC=C6)O,CVCL_3004,CC1(O)CC(c2nc(-c3ccc4ccc(-c5ccccc5)nc4c3)c3c(N)nccn23)C1
1932,NVP-ADW742,IGF1R,0.4223157599325976,179,KP2,C1CCN(C1)CC2CC(C2)N3C=C(C4=C(N=CN=C43)N)C5=CC(=CC=C5)OCC6=CC=CC=C6,CVCL_3004,Nc1ncnc2c1c(-c1cccc(OCc3ccccc3)c1)cn2C1CC(CN2CCCC2)C1
1931,MIRA-1,TP53,0.4369114785942628,179,KP2,CCC(=O)OCN1C(=O)C=CC1=O,CVCL_3004,CCC(=O)OCN1C(=O)C=CC1=O
1022,AZD7762,"CHEK1, CHEK2",0.4502483676414492,179,KP2,C1C[C@@H](CNC1)NC(=O)C2=C(C=C(S2)C3=CC(=CC=C3)F)NC(=O)N,CVCL_3004,NC(=O)Nc1cc(-c2cccc(F)c2)sc1C(=O)N[C@H]1CCCNC1
1799,Ibrutinib,BTK,0.4578123006121958,179,KP2,C=CC(=O)N1CCC[C@H](C1)N2C3=NC=NC(=C3C(=N2)C4=CC=C(C=C4)OC5=CC=CC=C5)N,CVCL_3004,C=CC(=O)N1CCC[C@@H](n2nc(-c3ccc(Oc4ccccc4)cc3)c3c(N)ncnc32)C1
1634,AGI-6780,IDH2 R140Q mutant,0.4684165723015434,179,KP2,C1CC1NS(=O)(=O)C2=CC(=C(C=C2)C3=CSC=C3)NC(=O)NC4=CC=CC(=C4)C(F)(F)F,CVCL_3004,O=C(Nc1cccc(C(F)(F)F)c1)Nc1cc(S(=O)(=O)NC2CC2)ccc1-c1ccsc1
1036,PLX-4720,BRAF,0.4725327700939233,179,KP2,CCCS(=O)(=O)NC1=C(C(=C(C=C1)F)C(=O)C2=CNC3=C2C=C(C=N3)Cl)F,CVCL_3004,CCCS(=O)(=O)Nc1ccc(F)c(C(=O)c2c[nH]c3ncc(Cl)cc23)c1F
1549,Sapitinib,"EGFR, ERBB2, ERBB3",0.4936538797771644,179,KP2,CNC(=O)CN1CCC(CC1)OC2=C(C=C3C(=C2)C(=NC=N3)NC4=C(C(=CC=C4)Cl)F)OC,CVCL_3004,CNC(=O)CN1CCC(Oc2cc3c(Nc4cccc(Cl)c4F)ncnc3cc2OC)CC1
1237,EPZ004777,DOT1L,0.5148851895633675,179,KP2,CC(C)N(CCCNC(=O)NC1=CC=C(C=C1)C(C)(C)C)C[C@@H]2[C@H]([C@H]([C@@H](O2)N3C=CC4=C(N=CN=C43)N)O)O,CVCL_3004,CC(C)N(CCCNC(=O)Nc1ccc(C(C)(C)C)cc1)C[C@H]1O[C@@H](n2ccc3c(N)ncnc32)[C@H](O)[C@@H]1O
1080,Paclitaxel,Microtubule stabiliser,0.5353627055959743,179,KP2,CC1=C2[C@H](C(=O)[C@@]3([C@H](C[C@@H]4[C@]([C@H]3[C@@H]([C@@](C2(C)C)(C[C@@H]1OC(=O)[C@@H]([C@H](C5=CC=CC=C5)NC(=O)C6=CC=CC=C6)O)O)OC(=O)C7=CC=CC=C7)(CO4)OC(=O)C)O)C)OC(=O)C,CVCL_3004,CC(=O)O[C@H]1C(=O)[C@]2(C)[C@@H](O)C[C@H]3OC[C@@]3(OC(C)=O)[C@H]2[C@H](OC(=O)c2ccccc2)[C@]2(O)C[C@H](OC(=O)[C@H](O)[C@@H](NC(=O)c3ccccc3)c3ccccc3)C(C)=C1C2(C)C
1046,Wee1 Inhibitor,"WEE1, CHEK1",0.5493727635912496,179,KP2,C1=CC=C(C(=C1)C2=CC3=C(C4=C(N3)C=CC(=C4)O)C5=C2C(=O)NC5=O)Cl,CVCL_3004,O=C1NC(=O)c2c1c(-c1ccccc1Cl)cc1[nH]c3ccc(O)cc3c21
2045,AMG-319,PI3K (beta sparing),0.55702513758052,179,KP2,C[C@@H](C1=C(N=C2C=C(C=CC2=C1)F)C3=CC=CC=N3)NC4=NC=NC5=C4NC=N5,CVCL_3004,C[C@H](Nc1ncnc2nc[nH]c12)c1cc2ccc(F)cc2nc1-c1ccccn1
1011,Navitoclax,"BCL2, BCL-XL, BCL-W",0.5785452587724095,179,KP2,CC1(CCC(=C(C1)CN2CCN(CC2)C3=CC=C(C=C3)C(=O)NS(=O)(=O)C4=CC(=C(C=C4)N[C@H](CCN5CCOCC5)CSC6=CC=CC=C6)S(=O)(=O)C(F)(F)F)C7=CC=C(C=C7)Cl)C,CVCL_3004,CC1(C)CCC(c2ccc(Cl)cc2)=C(CN2CCN(c3ccc(C(=O)NS(=O)(=O)c4ccc(N[C@H](CCN5CCOCC5)CSc5ccccc5)c(S(=O)(=O)C(F)(F)F)c4)cc3)CC2)C1
1179,MK-1775,"WEE1, PLK1",0.583294450272161,179,KP2,CC(C)(C1=NC(=CC=C1)N2C3=NC(=NC=C3C(=O)N2CC=C)NC4=CC=C(C=C4)N5CCN(CC5)C)O,CVCL_3004,C=CCn1c(=O)c2cnc(Nc3ccc(N4CCN(C)CC4)cc3)nc2n1-c1cccc(C(C)(C)O)n1
1854,MN-64,"TNKS1, TNKS2",0.5874487837556209,179,KP2,CC(C)C1=CC=C(C=C1)C2=CC(=O)C3=CC=CC=C3O2,CVCL_3004,CC(C)c1ccc(-c2cc(=O)c3ccccc3o2)cc1
1032,Afatinib,"ERBB2, EGFR",0.6033137894278244,179,KP2,CN(C)C/C=C/C(=O)NC1=C(C=C2C(=C1)C(=NC=N2)NC3=CC(=C(C=C3)F)Cl)O[C@H]4CCOC4,CVCL_3004,CN(C)C/C=C/C(=O)Nc1cc2c(Nc3ccc(F)c(Cl)c3)ncnc2cc1O[C@H]1CCOC1
1873,Buparlisib,"PI3Kalpha, PI3Kdelta, PI3Kbeta, PI3Kgamma",0.6033880064678172,179,KP2,C1COCCN1C2=NC(=NC(=C2)C3=CN=C(C=C3C(F)(F)F)N)N4CCOCC4,CVCL_3004,Nc1cc(C(F)(F)F)c(-c2cc(N3CCOCC3)nc(N3CCOCC3)n2)cn1
1557,LCL161,"XIAP, IAP1, IAP2",0.6272098570223632,179,KP2,C[C@@H](C(=O)N[C@@H](C1CCCCC1)C(=O)N2CCC[C@H]2C3=NC(=CS3)C(=O)C4=CC=C(C=C4)F)NC,CVCL_3004,CN[C@@H](C)C(=O)N[C@H](C(=O)N1CCC[C@H]1c1nc(C(=O)c2ccc(F)cc2)cs1)C1CCCCC1
1512,Cyclophosphamide,Alkylating agent,0.6456476489208705,179,KP2,C1CNP(=O)(OC1)N(CCCl)CCCl,CVCL_3004,O=P1(N(CCCl)CCCl)NCCCO1
2096,VX-11e,ERK2,0.6464976549680124,179,KP2,CC1=CN=C(N=C1C2=CNC(=C2)C(=O)N[C@H](CO)C3=CC(=CC=C3)Cl)NC4=C(C=C(C=C4)F)Cl,CVCL_3004,Cc1cnc(Nc2ccc(F)cc2Cl)nc1-c1c[nH]c(C(=O)N[C@H](CO)c2cccc(Cl)c2)c1
1786,AZD4547,"FGFR1, FGFR2, FGFR3",0.6711526214462455,179,KP2,C[C@@H]1CN(C[C@@H](N1)C)C2=CC=C(C=C2)C(=O)NC3=NNC(=C3)CCC4=CC(=CC(=C4)OC)OC,CVCL_3004,COc1cc(CCc2cc(NC(=O)c3ccc(N4C[C@H](C)N[C@H](C)C4)cc3)n[nH]2)cc(OC)c1
1083,Crizotinib,"MET, ALK, ROS1",0.6769201565253212,179,KP2,C[C@H](C1=C(C=CC(=C1Cl)F)Cl)OC2=C(N=CC(=C2)C3=CN(N=C3)C4CCNCC4)N,CVCL_3004,C[C@@H](Oc1cc(-c2cnn(C3CCNCC3)c2)cnc1N)c1c(Cl)ccc(F)c1Cl
1507,Ruxolitinib,"JAK1, JAK2",0.6904667135510392,179,KP2,C1CCC(C1)[C@@H](CC#N)N2C=C(C=N2)C3=C4C=CNC4=NC=N3,CVCL_3004,N#CC[C@H](C1CCCC1)n1cc(-c2ncnc3[nH]ccc23)cn1
1925,GDC0810,"ESR1, ESR2",0.7093038727664701,179,KP2,CC/C(=C(/C1=CC=C(C=C1)/C=C/C(=O)O)\C2=CC3=C(C=C2)NN=C3)/C4=C(C=C(C=C4)F)Cl,CVCL_3004,CC/C(=C(/c1ccc(/C=C/C(=O)O)cc1)c1ccc2[nH]ncc2c1)c1ccc(F)cc1Cl
1918,AZD8186,"PI3Kalpha, PI3Kbeta",0.7222126914323161,179,KP2,C[C@H](C1=CC(=CC2=C1OC(=CC2=O)N3CCOCC3)C(=O)N(C)C)NC4=CC(=CC(=C4)F)F,CVCL_3004,C[C@@H](Nc1cc(F)cc(F)c1)c1cc(C(=O)N(C)C)cc2c(=O)cc(N3CCOCC3)oc12
1049,PD173074,"FGFR1, FGFR2, FGFR3",0.730337340088865,179,KP2,CCN(CC)CCCCNC1=NC2=NC(=C(C=C2C=N1)C3=CC(=CC(=C3)OC)OC)NC(=O)NC(C)(C)C,CVCL_3004,CCN(CC)CCCCNc1ncc2cc(-c3cc(OC)cc(OC)c3)c(NC(=O)NC(C)(C)C)nc2n1
1852,LY2109761,TGFB1,0.735372860601884,179,KP2,C1CC2=C(C(=NN2C1)C3=CC=CC=N3)C4=C5C=CC(=CC5=NC=C4)OCCN6CCOCC6,CVCL_3004,c1ccc(-c2nn3c(c2-c2ccnc4cc(OCCN5CCOCC5)ccc24)CCC3)nc1
1933,P22077,"USP7, USP47",0.7440160837332506,179,KP2,CC(=O)C1=CC(=C(S1)SC2=C(C=C(C=C2)F)F)[N+](=O)[O-],CVCL_3004,CC(=O)c1cc([N+](=O)[O-])c(Sc2ccc(F)cc2F)s1
1941,Sepantronium bromide,BIRC5,0.7443982121489231,179,KP2,CC1=[N+](C2=C(N1CCOC)C(=O)C3=CC=CC=C3C2=O)CC4=NC=CN=C4.[Br-],CVCL_3004,COCCn1c2c([n+](Cc3cnccn3)c1C)C(=O)c1ccccc1C2=O
1051,Alisertib,AURKA,0.7509718795484875,179,KP2,COC1=C(C(=CC=C1)F)C2=NCC3=CN=C(N=C3C4=C2C=C(C=C4)Cl)NC5=CC(=C(C=C5)C(=O)O)OC,CVCL_3004,COc1cc(Nc2ncc3c(n2)-c2ccc(Cl)cc2C(c2c(F)cccc2OC)=NC3)ccc1C(=O)O
1629,ML323,"USP1, UAF1",0.7649710910702755,179,KP2,CC1=CN=C(N=C1NCC2=CC=C(C=C2)N3C=CN=N3)C4=CC=CC=C4C(C)C,CVCL_3004,Cc1cnc(-c2ccccc2C(C)C)nc1NCc1ccc(-n2ccnn2)cc1
1625,RVX-208,BRD4,0.7802554490721123,179,KP2,C1=CC(=C(C=C1N=C=O)F)F,CVCL_3004,O=C=Nc1ccc(F)c(F)c1
1635,Picolinici-acid,Inflammatory related,0.7823736884191169,179,KP2,C1=CC=NC(=C1)C(=O)O,CVCL_3004,O=C(O)c1ccccn1
1168,Erlotinib,EGFR,0.7922096249459274,179,KP2,COCCOC1=C(C=C2C(=C1)C(=NC=N2)NC3=CC=CC(=C3)C#C)OCCOC,CVCL_3004,C#Cc1cccc(Nc2ncnc3cc(OCCOC)c(OCCOC)cc23)c1
1007,Docetaxel,Microtubule stabiliser,0.7939053616649232,179,KP2,CC1=C2[C@H](C(=O)[C@@]3([C@H](C[C@@H]4[C@]([C@H]3[C@@H]([C@@](C2(C)C)(C[C@@H]1OC(=O)[C@@H]([C@H](C5=CC=CC=C5)NC(=O)OC(C)(C)C)O)O)OC(=O)C6=CC=CC=C6)(CO4)OC(=O)C)O)C)O,CVCL_3004,CC(=O)O[C@@]12CO[C@@H]1C[C@H](O)[C@@]1(C)C(=O)[C@H](O)C3=C(C)[C@@H](OC(=O)[C@H](O)[C@@H](NC(=O)OC(C)(C)C)c4ccccc4)C[C@@](O)([C@@H](OC(=O)c4ccccc4)[C@@H]12)C3(C)C
1200,Fulvestrant,ESR,0.7978123976667707,179,KP2,C[C@]12CC[C@H]3[C@H]([C@@H]1CC[C@@H]2O)[C@@H](CC4=C3C=CC(=C4)O)CCCCCCCCCS(=O)CCCC(C(F)(F)F)(F)F,CVCL_3004,C[C@]12CC[C@@H]3c4ccc(O)cc4C[C@@H](CCCCCCCCC[S+]([O-])CCCC(F)(F)C(F)(F)F)[C@H]3[C@@H]1CC[C@@H]2O
1926,GNE-317,PI3Kalpha,0.8043353266402447,179,KP2,CC1=C(SC2=C1N=C(N=C2N3CCOCC3)C4=CN=C(N=C4)N)C5(COC5)OC,CVCL_3004,COC1(c2sc3c(N4CCOCC4)nc(-c4cnc(N)nc4)nc3c2C)COC1
1259,Talazoparib,"PARP1, PARP2",0.8048527954400142,179,KP2,CC(C)/C=N/NC(=O)C1=CC=C(C=C1)NC(=O)C,CVCL_3004,CC(=O)Nc1ccc(C(=O)N/N=C/C(C)C)cc1
1720,AZD5991,MCL1,0.8390182105980145,179,KP2,CC1=C2C(=NN1C)CSCC3=NN(C(=C3)CSC4=CC5=CC=CC=C5C(=C4)OCCCC6=C(N(C7=C6C=CC(=C27)Cl)C)C(=O)O)C,CVCL_3004,Cc1c2c(nn1C)CSCc1cc(n(C)n1)CSc1cc(c3ccccc3c1)OCCCc1c(C(=O)O)n(C)c3c-2c(Cl)ccc13
1047,Nutlin-3a (-),MDM2,0.8415158681396173,179,KP2,CC(C)OC1=C(C=CC(=C1)OC)C2=N[C@H]([C@H](N2C(=O)N3CCNC(=O)C3)C4=CC=C(C=C4)Cl)C5=CC=C(C=C5)Cl,CVCL_3004,COc1ccc(C2=N[C@@H](c3ccc(Cl)cc3)[C@@H](c3ccc(Cl)cc3)N2C(=O)N2CCNC(=O)C2)c(OC(C)C)c1
1012,Vorinostat,"HDAC inhibitor Class I, IIa, IIb, IV",0.8509244999717764,179,KP2,C1=CC=C(C=C1)NC(=O)CCCCCCC(=O)NO,CVCL_3004,O=C(CCCCCCC(=O)Nc1ccccc1)NO
1401,AZD5438,CDK2,0.8586894548980816,179,KP2,CC1=NC=C(N1C(C)C)C2=NC(=NC=C2)NC3=CC=C(C=C3)S(=O)(=O)C,CVCL_3004,Cc1ncc(-c2ccnc(Nc3ccc(S(C)(=O)=O)cc3)n2)n1C(C)C
1239,YK-4-279,RNA helicase A,0.861761257977948,179,KP2,COC1=CC=C(C=C1)C(=O)CC2(C3=C(C=CC(=C3NC2=O)Cl)Cl)O,CVCL_3004,COc1ccc(C(=O)CC2(O)C(=O)Nc3c(Cl)ccc(Cl)c32)cc1
1560,Alpelisib,PI3Kalpha,0.8745153003840856,179,KP2,CC1=C(SC(=N1)NC(=O)N2CCC[C@H]2C(=O)N)C3=CC(=NC=C3)C(C)(C)C(F)(F)F,CVCL_3004,Cc1nc(NC(=O)N2CCC[C@H]2C(N)=O)sc1-c1ccnc(C(C)(C)C(F)(F)F)c1
1909,Venetoclax,BCL2,0.8789443566608948,179,KP2,CC1(CCC(=C(C1)C2=CC=C(C=C2)Cl)CN3CCN(CC3)C4=CC(=C(C=C4)C(=O)NS(=O)(=O)C5=CC(=C(C=C5)NCC6CCOCC6)[N+](=O)[O-])OC7=CN=C8C(=C7)C=CN8)C,CVCL_3004,CC1(C)CCC(CN2CCN(c3ccc(C(=O)NS(=O)(=O)c4ccc(NCC5CCOCC5)c([N+](=O)[O-])c4)c(Oc4cnc5[nH]ccc5c4)c3)CC2)=C(c2ccc(Cl)cc2)C1
1621,PCI-34051,"HDAC8, HDAC6, HDAC1",0.8941379082890375,179,KP2,COC1=CC=C(C=C1)CN2C=CC3=C2C=C(C=C3)C(=O)NO,CVCL_3004,COc1ccc(Cn2ccc3ccc(C(=O)NO)cc32)cc1
1631,PRT062607,SYK,0.9101336323881292,179,KP2,C1CC[C@H]([C@H](C1)N)NC2=NC=C(C(=N2)NC3=CC(=CC=C3)N4N=CC=N4)C(=O)N,CVCL_3004,NC(=O)c1cnc(N[C@@H]2CCCC[C@@H]2N)nc1Nc1cccc(-n2nccn2)c1
1054,Palbociclib,"CDK4, CDK6",0.9241039461560028,179,KP2,CC1=C(C(=O)N(C2=NC(=NC=C12)NC3=NC=C(C=C3)N4CCNCC4)C5CCCC5)C(=O)C,CVCL_3004,CC(=O)c1c(C)c2cnc(Nc3ccc(N4CCNCC4)cn3)nc2n(C2CCCC2)c1=O
1006,Cytarabine,Antimetabolite,0.938978866681948,179,KP2,C1=CN(C(=O)N=C1N)[C@H]2[C@H]([C@@H]([C@H](O2)CO)O)O,CVCL_3004,Nc1ccn([C@@H]2O[C@H](CO)[C@@H](O)[C@@H]2O)c(=O)n1
1620,PFI3,"Polybromo 1, SMARCA4, SMARCA2",0.9521303808882096,179,KP2,C1[C@@H]2CN([C@H]1CN2C3=CC=CC=N3)/C=C/C(=O)C4=CC=CC=C4O,CVCL_3004,O=C(/C=C/N1C[C@H]2C[C@@H]1CN2c1ccccn1)c1ccccc1O
1004,Vinblastine,Microtubule destabiliser,0.9539238847060992,179,KP2,CC[C@@]1(CC2C[C@@](C3=C(CCN(C2)C1)C4=CC=CC=C4N3)(C5=C(C=C6C(=C5)[C@]78CCN9[C@H]7[C@@](C=CC9)([C@H]([C@@]([C@@H]8N6C)(C(=O)OC)O)OC(=O)C)CC)OC)C(=O)OC)O,CVCL_3004,CC[C@]1(O)CC2CN(CCc3c([nH]c4ccccc34)[C@@](C(=O)OC)(c3cc4c(cc3OC)N(C)[C@H]3[C@@](O)(C(=O)OC)[C@H](OC(C)=O)[C@]5(CC)C=CCN6CC[C@]43[C@@H]65)C2)C1
1922,Cediranib,"VEGFR, FLT1, FLT2, FLT3, FLT4, KIT, PDGFRB",0.9628649566004116,179,KP2,CC1=CC2=C(N1)C=CC(=C2F)OC3=NC=NC4=CC(=C(C=C43)OC)OCCCN5CCCC5,CVCL_3004,COc1cc2c(Oc3ccc4[nH]c(C)cc4c3F)ncnc2cc1OCCCN1CCCC1
1010,Gefitinib,EGFR,0.9667956978538988,179,KP2,COC1=C(C=C2C(=C1)N=CN=C2NC3=CC(=C(C=C3)F)Cl)OCCCN4CCOCC4,CVCL_3004,COc1cc2ncnc(Nc3ccc(F)c(Cl)c3)c2cc1OCCCN1CCOCC1
1013,Nilotinib,ABL,1.0088558269739991,179,KP2,CC1=C(C=C(C=C1)C(=O)NC2=CC(=CC(=C2)C(F)(F)F)N3C=C(N=C3)C)NC4=NC=CC(=N4)C5=CN=CC=C5,CVCL_3004,Cc1cn(-c2cc(NC(=O)c3ccc(C)c(Nc4nccc(-c5cccnc5)n4)c3)cc(C(F)(F)F)c2)cn1
1057,Dactolisib,"PI3K (class 1), MTORC1, MTORC2",1.017117200089579,179,KP2,CC(C)(C#N)C1=CC=C(C=C1)N2C3=C4C=C(C=CC4=NC=C3N(C2=O)C)C5=CC6=CC=CC=C6N=C5,CVCL_3004,Cn1c(=O)n(-c2ccc(C(C)(C)C#N)cc2)c2c3cc(-c4cnc5ccccc5c4)ccc3ncc21
1058,Pictilisib,PI3K (class 1),1.0301440711855645,179,KP2,CS(=O)(=O)N1CCN(CC1)CC2=CC3=C(S2)C(=NC(=N3)C4=C5C=NNC5=CC=C4)N6CCOCC6,CVCL_3004,CS(=O)(=O)N1CCN(Cc2cc3nc(-c4cccc5[nH]ncc45)nc(N4CCOCC4)c3s2)CC1
1084,Rapamycin,MTORC1,1.040291824064297,179,KP2,CC1=NC(=C(N1)[N+](=O)[O-])N(CCN2CCOCC2)CC3=CC=CC=C3F,CVCL_3004,Cc1nc(N(CCN2CCOCC2)Cc2ccccc2F)c([N+](=O)[O-])[nH]1
1927,GSK2578215A,LRRK2,1.0606631338683623,179,KP2,C1=CC=C(C=C1)COC2=C(C=C(C=C2)C3=CC(=NC=C3)F)C(=O)NC4=CN=CC=C4,CVCL_3004,O=C(Nc1cccnc1)c1cc(-c2ccnc(F)c2)ccc1OCc1ccccc1
1088,Irinotecan,TOP1,1.0611518483176223,179,KP2,CCC1=C2CN3C(=CC4=C(C3=O)COC(=O)[C@@]4(CC)O)C2=NC5=C1C=C(C=C5)OC(=O)N6CCC(CC6)N7CCCCC7,CVCL_3004,CCc1c2c(nc3ccc(OC(=O)N4CCC(N5CCCCC5)CC4)cc13)-c1cc3c(c(=O)n1C2)COC(=O)[C@]3(O)CC
1618,GSK2606414,PERK,1.0707476582484785,179,KP2,CN1C=C(C2=C(N=CN=C21)N)C3=CC4=C(C=C3)N(CC4)C(=O)CC5=CC(=CC=C5)C(F)(F)F,CVCL_3004,Cn1cc(-c2ccc3c(c2)CCN3C(=O)Cc2cccc(C(F)(F)F)c2)c2c(N)ncnc21
1068,Obatoclax Mesylate,"BCL2, BCL-XL, BCL-W, MCL1",1.071838945215058,179,KP2,CC1=CC(=C(N1)/C=C\2/C(=C/C(=C/3\C=C4C=CC=CC4=N3)/N2)OC)C,CVCL_3004,COc1c/c(=C2\C=c3ccccc3=N2)[nH]/c1=C\c1[nH]c(C)cc1C
1131,PRIMA-1MET,TP53 activation,1.10570978366295,179,KP2,COCC1(C(=O)C2CCN1CC2)CO,CVCL_3004,COCC1(CO)C(=O)C2CCN1CC2
2110,GSK591,PMRT5,1.119266979297895,179,KP2,C1CC(C1)NC2=NC=CC(=C2)C(=O)NC[C@@H](CN3CCC4=CC=CC=C4C3)O,CVCL_3004,O=C(NC[C@H](O)CN1CCc2ccccc2C1)c1ccnc(NC2CCC2)c1
1613,VE-822,ATR,1.1240512728234635,179,KP2,CC(C)S(=O)(=O)C1=CC=C(C=C1)C2=CN=C(C(=N2)C3=CC(=NO3)C4=CC=C(C=C4)CNC)N,CVCL_3004,CNCc1ccc(-c2cc(-c3nc(-c4ccc(S(=O)(=O)C(C)C)cc4)cnc3N)on2)cc1
1073,5-Fluorouracil,Antimetabolite (DNA & RNA),1.1303602502809922,179,KP2,C1=C(C(=O)NC(=O)N1)F,CVCL_3004,O=c1[nH]cc(F)c(=O)[nH]1
1053,MK-2206,"AKT1, AKT2",1.1315624079017952,179,KP2,C1CC(C1)(C2=CC=C(C=C2)C3=C(C=C4C(=N3)C=CN5C4=NNC5=O)C6=CC=CC=C6)N.Cl.Cl,CVCL_3004,NC1(c2ccc(-c3nc4ccn5c(=O)[nH]nc5c4cc3-c3ccccc3)cc2)CCC1
1806,Oxaliplatin,DNA alkylating agent,1.1564093821105608,179,KP2,C1CC[C@H]([C@@H](C1)[NH-])[NH-].C(=O)(C(=O)O)O.[Pt+2],CVCL_3004,N[C@@H]1CCCC[C@H]1N
1819,Docetaxel,Microtubule stabiliser,1.1655579840595238,179,KP2,CC1=C2[C@H](C(=O)[C@@]3([C@H](C[C@@H]4[C@]([C@H]3[C@@H]([C@@](C2(C)C)(C[C@@H]1OC(=O)[C@@H]([C@H](C5=CC=CC=C5)NC(=O)OC(C)(C)C)O)O)OC(=O)C6=CC=CC=C6)(CO4)OC(=O)C)O)C)O,CVCL_3004,CC(=O)O[C@@]12CO[C@@H]1C[C@H](O)[C@@]1(C)C(=O)[C@H](O)C3=C(C)[C@@H](OC(=O)[C@H](O)[C@@H](NC(=O)OC(C)(C)C)c4ccccc4)C[C@@](O)([C@@H](OC(=O)c4ccccc4)[C@@H]12)C3(C)C
1913,AGI-5198,IDH1 (R132H),1.1657892733636372,179,KP2,CC1=CC=CC=C1C(C(=O)NC2CCCCC2)N(C3=CC(=CC=C3)F)C(=O)CN4C=CN=C4C,CVCL_3004,Cc1ccccc1C(C(=O)NC1CCCCC1)N(C(=O)Cn1ccnc1C)c1cccc(F)c1
1915,AZD3759,EGFR,1.1694463542224267,179,KP2,C[C@@H]1CN(CCN1C(=O)OC2=C(C=C3C(=C2)C(=NC=N3)NC4=C(C(=CC=C4)Cl)F)OC)C,CVCL_3004,COc1cc2ncnc(Nc3cccc(Cl)c3F)c2cc1OC(=O)N1CCN(C)C[C@H]1C
1511,Epirubicin,Anthracycline,1.1746486277875208,179,KP2,C[C@H]1[C@@H]([C@H](C[C@@H](O1)O[C@H]2C[C@@](CC3=C2C(=C4C(=C3O)C(=O)C5=C(C4=O)C(=CC=C5)OC)O)(C(=O)CO)O)N)O,CVCL_3004,COc1cccc2c1C(=O)c1c(O)c3c(c(O)c1C2=O)C[C@@](O)(C(=O)CO)C[C@@H]3O[C@H]1C[C@H](N)[C@@H](O)[C@H](C)O1
1855,KRAS (G12C) Inhibitor-12,KRAS (G12C),1.2044871414151497,179,KP2,C=CC(=O)N1CCN(CC1)C(=O)CNC2=CC(=C(C=C2O)Cl)I,CVCL_3004,C=CC(=O)N1CCN(C(=O)CNc2cc(I)c(Cl)cc2O)CC1
2046,MK-8776,"CHEK1, CHEK2, CDK2",1.2400017909180667,179,KP2,CN1C=C(C=N1)C2=C3N=C(C(=C(N3N=C2)N)Br)C4CCCNC4,CVCL_3004,Cn1cc(-c2cnn3c(N)c(Br)c(C4CCCNC4)nc23)cn1
1912,Afuresertib,"AKT1, AKT2, AKT3",1.2577138214051913,179,KP2,CN1C(=C(C=N1)Cl)C2=C(SC(=C2)C(=O)N[C@@H](CC3=CC(=CC=C3)F)CN)Cl,CVCL_3004,Cn1ncc(Cl)c1-c1cc(C(=O)N[C@H](CN)Cc2cccc(F)c2)sc1Cl
1928,I-BRD9,BRD9,1.2883000731150536,179,KP2,CCN1C=C(C2=C(C1=O)C=C(S2)C(=NC3CCS(=O)(=O)CC3)N)C4=CC(=CC=C4)C(F)(F)F,CVCL_3004,CCn1cc(-c2cccc(C(F)(F)F)c2)c2sc(C(N)=NC3CCS(=O)(=O)CC3)cc2c1=O
1177,Niraparib,"PARP1, PARP2",1.2968117478062493,179,KP2,C1C[C@H](CNC1)C2=CC=C(C=C2)N3C=C4C=CC=C(C4=N3)C(=O)N,CVCL_3004,NC(=O)c1cccc2cn(-c3ccc([C@@H]4CCCNC4)cc3)nc12
1919,Osimertinib,EGFR,1.329152648330595,179,KP2,CN1C=C(C2=CC=CC=C21)C3=NC(=NC=C3)NC4=C(C=C(C(=C4)NC(=O)C=C)N(C)CCN(C)C)OC,CVCL_3004,C=CC(=O)Nc1cc(Nc2nccc(-c3cn(C)c4ccccc34)n2)c(OC)cc1N(C)CCN(C)C
1003,Camptothecin,TOP1,1.3404100711558553,179,KP2,CC[C@@]1(C2=C(COC1=O)C(=O)N3CC4=CC5=CC=CC=C5N=C4C3=C2)O,CVCL_3004,CC[C@@]1(O)C(=O)OCc2c1cc1n(c2=O)Cc2cc3ccccc3nc2-1
1996,MIM1,MCL1,1.3633151802489878,179,KP2,CC(C)[C@H]1CSC(=N1)N2[C@H](CSC2=S)C(C)C,CVCL_3004,CC(C)[C@H]1CSC(N2C(=S)SC[C@@H]2C(C)C)=N1
1089,Oxaliplatin,DNA alkylating agent,1.4082640225708607,179,KP2,C1CC[C@H]([C@@H](C1)N)N.C(=O)(C(=O)O)O.[Pt],CVCL_3004,N[C@@H]1CCCC[C@H]1N
1441,AZD2014,"mTORC1, mTORC2",1.424842680757911,179,KP2,C[C@H]1COCCN1C2=NC(=NC3=C2C=CC(=N3)C4=CC(=CC=C4)C(=O)NC)N5CCOC[C@@H]5C,CVCL_3004,CNC(=O)c1cccc(-c2ccc3c(N4CCOC[C@@H]4C)nc(N4CCOC[C@@H]4C)nc3n2)c1
1939,UMI-77,MCL1,1.4630808432048137,179,KP2,C1=CC=C2C(=C1)C(=CC(=C2O)SCC(=O)O)NS(=O)(=O)C3=CC=C(C=C3)Br,CVCL_3004,O=C(O)CSc1cc(NS(=O)(=O)c2ccc(Br)cc2)c2ccccc2c1O
1553,Uprosertib,"AKT1, AKT2, AKT3",1.473761745526293,179,KP2,CN1C(=C(C=N1)Cl)C2=C(OC(=C2)C(=O)N[C@@H](CC3=CC(=C(C=C3)F)F)CN)Cl,CVCL_3004,Cn1ncc(Cl)c1-c1cc(C(=O)N[C@H](CN)Cc2ccc(F)c(F)c2)oc1Cl
1190,Gemcitabine,Pyrimidine antimetabolite,1.4855486870267307,179,KP2,C1=CN(C(=O)N=C1N)[C@H]2C([C@@H]([C@H](O2)CO)O)(F)F,CVCL_3004,Nc1ccn([C@@H]2O[C@H](CO)[C@@H](O)C2(F)F)c(=O)n1
1593,Entinostat,"HDAC1, HDAC3",1.5679204921738328,179,KP2,C1=CC=C(C(=C1)N)NC(=O)C2=CC=C(C=C2)CNC(=O)OCC3=CN=CC=C3,CVCL_3004,Nc1ccccc1NC(=O)c1ccc(CNC(=O)OCc2cccnc2)cc1
1249,BMS-345541,"IKK-1, IKK-2",1.5983299867593534,179,KP2,CC1=CC2=C(C=C1)N=C(C3=NC=C(N23)C)NCCN.Cl,CVCL_3004,Cc1ccc2nc(NCCN)c3ncc(C)n3c2c1
1924,Ipatasertib,"AKT1, AKT, AKT3",1.6577500205583593,179,KP2,C[C@@H]1C[C@H](C2=C1C(=NC=N2)N3CCN(CC3)C(=O)[C@H](CNC(C)C)C4=CC=C(C=C4)Cl)O,CVCL_3004,CC(C)NC[C@@H](C(=O)N1CCN(c2ncnc3c2[C@H](C)C[C@H]3O)CC1)c1ccc(Cl)cc1
1614,WZ4003,"NUAK1, NUAK2",1.7558922829634962,179,KP2,CCC(=O)NC1=CC(=CC=C1)OC2=NC(=NC=C2Cl)NC3=C(C=C(C=C3)N4CCN(CC4)C)OC,CVCL_3004,CCC(=O)Nc1cccc(Oc2nc(Nc3ccc(N4CCN(C)CC4)cc3OC)ncc2Cl)c1
1706,AZD5153,BRD4,1.7875174752823186,179,KP2,C[C@@H]1C(=O)N(CCN1CCOC2=CC=C(C=C2)C3CCN(CC3)C4=NN5C(=NN=C5OC)C=C4)C,CVCL_3004,COc1nnc2ccc(N3CCC(c4ccc(OCCN5CCN(C)C(=O)[C@H]5C)cc4)CC3)nn12
1849,Sabutoclax,"BCL2,  BCL-XL,  BFL1, MCL1",1.7992928965369523,179,KP2,CC1=CC2=C(C(=C(C=C2C(=C1C3=C(C4=CC(=C(C(=C4C=C3C)C(=O)NC[C@H](C)C5=CC=CC=C5)O)O)O)O)O)O)C(=O)NC[C@H](C)C6=CC=CC=C6,CVCL_3004,Cc1cc2c(C(=O)NC[C@H](C)c3ccccc3)c(O)c(O)cc2c(O)c1-c1c(C)cc2c(C(=O)NC[C@H](C)c3ccccc3)c(O)c(O)cc2c1O
1093,GSK1904529A,"IGF1R, IR",1.8209859813111888,179,KP2,CCC1=CC(=C(C=C1N2CCC(CC2)N3CCN(CC3)S(=O)(=O)C)OC)NC4=NC=CC(=N4)C5=C(N=C6N5C=CC=C6)C7=CC(=C(C=C7)OC)C(=O)NC8=C(C=CC=C8F)F,CVCL_3004,CCc1cc(Nc2nccc(-c3c(-c4ccc(OC)c(C(=O)Nc5c(F)cccc5F)c4)nc4ccccn34)n2)c(OC)cc1N1CCC(N2CCN(S(C)(=O)=O)CC2)CC1
1199,Tamoxifen,ESR1,1.8309622146008289,179,KP2,CC/C(=C(\C1=CC=CC=C1)/C2=CC=C(C=C2)OCCN(C)C)/C3=CC=CC=C3,CVCL_3004,CC/C(=C(\c1ccccc1)c1ccc(OCCN(C)C)cc1)c1ccccc1
1930,Telomerase Inhibitor IX,Telomerase,1.8347431838230035,179,KP2,C1=CC(=CC(=C1)NC(=O)C2=C(C(=CC=C2)O)O)NC(=O)C3=C(C(=CC=C3)O)O,CVCL_3004,O=C(Nc1cccc(NC(=O)c2cccc(O)c2O)c1)c1cccc(O)c1O
1630,Entospletinib,SYK,1.856328178183604,179,KP2,C1COCCN1C2=CC=C(C=C2)NC3=NC(=CN4C3=NC=C4)C5=CC6=C(C=C5)C=NN6,CVCL_3004,c1cn2cc(-c3ccc4cn[nH]c4c3)nc(Nc3ccc(N4CCOCC4)cc3)c2n1
1626,OTX015,"BRD2, BRD3, BRD4",1.9722885595425248,179,KP2,CC1=C(SC2=C1C(=N[C@H](C3=NN=C(N32)C)CC(=O)NC4=CC=C(C=C4)O)C5=CC=C(C=C5)Cl)C,CVCL_3004,Cc1sc2c(c1C)C(c1ccc(Cl)cc1)=N[C@@H](CC(=O)Nc1ccc(O)cc1)c1nnc(C)n1-2
1624,I-BET-762,"BRD2, BRD3, BRD4",1.972545726959728,179,KP2,CCNC(=O)C[C@H]1C2=NN=C(N2C3=C(C=C(C=C3)OC)C(=N1)C4=CC=C(C=C4)Cl)C,CVCL_3004,CCNC(=O)C[C@@H]1N=C(c2ccc(Cl)cc2)c2cc(OC)ccc2-n2c(C)nnc21
1558,Lapatinib,"EGFR, ERBB2",2.010696123807852,179,KP2,CS(=O)(=O)CCNCC1=CC=C(O1)C2=CC3=C(C=C2)N=CN=C3NC4=CC(=C(C=C4)OCC5=CC(=CC=C5)F)Cl,CVCL_3004,CS(=O)(=O)CCNCc1ccc(-c2ccc3ncnc(Nc4ccc(OCc5cccc(F)c5)c(Cl)c4)c3c2)o1
1250,AZ960,"JAK2, JAK3",2.181550120965324,179,KP2,CC1=CC(=NN1)NC2=C(C=C(C(=N2)N[C@@H](C)C3=CC=C(C=C3)F)C#N)F,CVCL_3004,Cc1cc(Nc2nc(N[C@@H](C)c3ccc(F)cc3)c(C#N)cc2F)n[nH]1
1916,AZD5363,"AKT1, AKT2, AKT3, ROCK2",2.2382793178933027,179,KP2,C1CN(CCC1(C(=O)N[C@@H](CCO)C2=CC=C(C=C2)Cl)N)C3=NC=NC4=C3C=CN4,CVCL_3004,NC1(C(=O)N[C@@H](CCO)c2ccc(Cl)cc2)CCN(c2ncnc3[nH]ccc23)CC1
1559,Luminespib,HSP90,2.278432420168877,179,KP2,CN1C2=CC=CC=C2C(C1=O)(CC(=O)C3=CC=C(C=C3)Cl)O,CVCL_3004,CN1C(=O)C(O)(CC(=O)c2ccc(Cl)cc2)c2ccccc21
1917,AZD6738,ATR,2.346684187788991,179,KP2,C[C@@H]1COCCN1C2=NC(=NC(=C2)C3(CC3)[S@](=N)(=O)C)C4=C5C=CNC5=NC=C4,CVCL_3004,C[C@@H]1COCCN1c1cc(C2([S@](C)(=N)=O)CC2)nc(-c2ccnc3[nH]ccc23)n1
1375,Temozolomide,DNA alkylating agent,-0.2275676981864516,180,KP3,CN1C(=O)N2C=NC(=C2N=N1)C(=O)N,CVCL_3005,Cn1nnc2c(C(N)=O)ncn2c1=O
1248,Daporinad,NAMPT,-0.0304500184632454,180,KP3,C1CN(CCC1CCCCNC(=O)/C=C/C2=CN=CC=C2)C(=O)C3=CC=CC=C3,CVCL_3005,O=C(/C=C/c1cccnc1)NCCCCC1CCN(C(=O)c2ccccc2)CC1
2043,BIBR-1532,TERT,0.0168490456604262,180,KP3,C/C(=C\C(=O)NC1=CC=CC=C1C(=O)O)/C2=CC3=CC=CC=C3C=C2,CVCL_3005,C/C(=C\C(=O)Nc1ccccc1C(=O)O)c1ccc2ccccc2c1
1996,MIM1,MCL1,0.0781991941898258,180,KP3,CC(C)[C@H]1CSC(=N1)N2[C@H](CSC2=S)C(C)C,CVCL_3005,CC(C)[C@H]1CSC(N2C(=S)SC[C@@H]2C(C)C)=N1
1073,5-Fluorouracil,Antimetabolite (DNA & RNA),0.1198930568338052,180,KP3,C1=C(C(=O)NC(=O)N1)F,CVCL_3005,O=c1[nH]cc(F)c(=O)[nH]1
1909,Venetoclax,BCL2,0.2114332348847681,180,KP3,CC1(CCC(=C(C1)C2=CC=C(C=C2)Cl)CN3CCN(CC3)C4=CC(=C(C=C4)C(=O)NS(=O)(=O)C5=CC(=C(C=C5)NCC6CCOCC6)[N+](=O)[O-])OC7=CN=C8C(=C7)C=CN8)C,CVCL_3005,CC1(C)CCC(CN2CCN(c3ccc(C(=O)NS(=O)(=O)c4ccc(NCC5CCOCC5)c([N+](=O)[O-])c4)c(Oc4cnc5[nH]ccc5c4)c3)CC2)=C(c2ccc(Cl)cc2)C1
1916,AZD5363,"AKT1, AKT2, AKT3, ROCK2",0.2223016018998617,180,KP3,C1CN(CCC1(C(=O)N[C@@H](CCO)C2=CC=C(C=C2)Cl)N)C3=NC=NC4=C3C=CN4,CVCL_3005,NC1(C(=O)N[C@@H](CCO)c2ccc(Cl)cc2)CCN(c2ncnc3[nH]ccc23)CC1
1510,Linsitinib,IGF1R,0.2441588667604657,180,KP3,CC1(CC(C1)C2=NC(=C3N2C=CN=C3N)C4=CC5=C(C=C4)C=CC(=N5)C6=CC=CC=C6)O,CVCL_3005,CC1(O)CC(c2nc(-c3ccc4ccc(-c5ccccc5)nc4c3)c3c(N)nccn23)C1
1852,LY2109761,TGFB1,0.2968730789526626,180,KP3,C1CC2=C(C(=NN2C1)C3=CC=CC=N3)C4=C5C=CC(=CC5=NC=C4)OCCN6CCOCC6,CVCL_3005,c1ccc(-c2nn3c(c2-c2ccnc4cc(OCCN5CCOCC5)ccc24)CCC3)nc1
1922,Cediranib,"VEGFR, FLT1, FLT2, FLT3, FLT4, KIT, PDGFRB",0.3336941183150876,180,KP3,CC1=CC2=C(N1)C=CC(=C2F)OC3=NC=NC4=CC(=C(C=C43)OC)OCCCN5CCCC5,CVCL_3005,COc1cc2c(Oc3ccc4[nH]c(C)cc4c3F)ncnc2cc1OCCCN1CCCC1
1091,BMS-536924,"IGF1R, IR",0.3561255347820165,180,KP3,CC1=CC(=CC2=C1N=C(N2)C3=C(C=CNC3=O)NC[C@H](C4=CC(=CC=C4)Cl)O)N5CCOCC5,CVCL_3005,Cc1cc(N2CCOCC2)cc2[nH]c(-c3c(NC[C@@H](O)c4cccc(Cl)c4)cc[nH]c3=O)nc12
1036,PLX-4720,BRAF,0.3592021654368901,180,KP3,CCCS(=O)(=O)NC1=C(C(=C(C=C1)F)C(=O)C2=CNC3=C2C=C(C=N3)Cl)F,CVCL_3005,CCCS(=O)(=O)Nc1ccc(F)c(C(=O)c2c[nH]c3ncc(Cl)cc23)c1F
2107,LJI308,"RSK2, RSK1, RSK3",0.4093282474793818,180,KP3,C1COCCN1C2=CC=C(C=C2)C3=C(C=NC=C3)C4=CC(=C(C(=C4)F)O)F,CVCL_3005,Oc1c(F)cc(-c2cnccc2-c2ccc(N3CCOCC3)cc2)cc1F
1931,MIRA-1,TP53,0.4826132382866792,180,KP3,CCC(=O)OCN1C(=O)C=CC1=O,CVCL_3005,CCC(=O)OCN1C(=O)C=CC1=O
2045,AMG-319,PI3K (beta sparing),0.5846596944552337,180,KP3,C[C@@H](C1=C(N=C2C=C(C=CC2=C1)F)C3=CC=CC=N3)NC4=NC=NC5=C4NC=N5,CVCL_3005,C[C@H](Nc1ncnc2nc[nH]c12)c1cc2ccc(F)cc2nc1-c1ccccn1
1915,AZD3759,EGFR,0.5993271149606185,180,KP3,C[C@@H]1CN(CCN1C(=O)OC2=C(C=C3C(=C2)C(=NC=N3)NC4=C(C(=CC=C4)Cl)F)OC)C,CVCL_3005,COc1cc2ncnc(Nc3cccc(Cl)c3F)c2cc1OC(=O)N1CCN(C)C[C@H]1C
1925,GDC0810,"ESR1, ESR2",0.6106812983722056,180,KP3,CC/C(=C(/C1=CC=C(C=C1)/C=C/C(=O)O)\C2=CC3=C(C=C2)NN=C3)/C4=C(C=C(C=C4)F)Cl,CVCL_3005,CC/C(=C(/c1ccc(/C=C/C(=O)O)cc1)c1ccc2[nH]ncc2c1)c1ccc(F)cc1Cl
1618,GSK2606414,PERK,0.6163544726703923,180,KP3,CN1C=C(C2=C(N=CN=C21)N)C3=CC4=C(C=C3)N(CC4)C(=O)CC5=CC(=CC=C5)C(F)(F)F,CVCL_3005,Cn1cc(-c2ccc3c(c2)CCN3C(=O)Cc2cccc(C(F)(F)F)c2)c2c(N)ncnc21
1997,WEHI-539,BCL-XL,0.6310250177853147,180,KP3,C1CC2=C(C=C(C=C2)C3=NC(=C(S3)CCCOC4=CC=C(C=C4)CN)C(=O)O)/C(=N/NC5=NC6=CC=CC=C6S5)/C1,CVCL_3005,NCc1ccc(OCCCc2sc(-c3ccc4c(c3)/C(=N/Nc3nc5ccccc5s3)CCC4)nc2C(=O)O)cc1
1054,Palbociclib,"CDK4, CDK6",0.6432641344386251,180,KP3,CC1=C(C(=O)N(C2=NC(=NC=C12)NC3=NC=C(C=C3)N4CCNCC4)C5CCCC5)C(=O)C,CVCL_3005,CC(=O)c1c(C)c2cnc(Nc3ccc(N4CCNCC4)cn3)nc2n(C2CCCC2)c1=O
1630,Entospletinib,SYK,0.650586382136381,180,KP3,C1COCCN1C2=CC=C(C=C2)NC3=NC(=CN4C3=NC=C4)C5=CC6=C(C=C5)C=NN6,CVCL_3005,c1cn2cc(-c3ccc4cn[nH]c4c3)nc(Nc3ccc(N4CCOCC4)cc3)c2n1
1926,GNE-317,PI3Kalpha,0.6669226185867833,180,KP3,CC1=C(SC2=C1N=C(N=C2N3CCOCC3)C4=CN=C(N=C4)N)C5(COC5)OC,CVCL_3005,COC1(c2sc3c(N4CCOCC4)nc(-c4cnc(N)nc4)nc3c2C)COC1
1079,Dasatinib,"ABL, SRC, Ephrins, PDGFR, KIT",0.6861683695677039,180,KP3,CC1=C(C(=CC=C1)Cl)NC(=O)C2=CN=C(S2)NC3=CC(=NC(=N3)C)N4CCN(CC4)CCO,CVCL_3005,Cc1nc(Nc2ncc(C(=O)Nc3c(C)cccc3Cl)s2)cc(N2CCN(CCO)CC2)n1
1928,I-BRD9,BRD9,0.6885597052809955,180,KP3,CCN1C=C(C2=C(C1=O)C=C(S2)C(=NC3CCS(=O)(=O)CC3)N)C4=CC(=CC=C4)C(F)(F)F,CVCL_3005,CCn1cc(-c2cccc(C(F)(F)F)c2)c2sc(C(N)=NC3CCS(=O)(=O)CC3)cc2c1=O
1854,MN-64,"TNKS1, TNKS2",0.71031201818074,180,KP3,CC(C)C1=CC=C(C=C1)C2=CC(=O)C3=CC=CC=C3O2,CVCL_3005,CC(C)c1ccc(-c2cc(=O)c3ccccc3o2)cc1
1862,MG-132,"Proteasome, CAPN1",0.7276510182863742,180,KP3,CC(C)C[C@@H](C=O)NC(=O)[C@H](CC(C)C)NC(=O)[C@H](CC(C)C)NC(=O)OCC1=CC=CC=C1,CVCL_3005,CC(C)C[C@@H](C=O)NC(=O)[C@H](CC(C)C)NC(=O)[C@H](CC(C)C)NC(=O)OCc1ccccc1
1913,AGI-5198,IDH1 (R132H),0.7639154077783269,180,KP3,CC1=CC=CC=C1C(C(=O)NC2CCCCC2)N(C3=CC(=CC=C3)F)C(=O)CN4C=CN=C4C,CVCL_3005,Cc1ccccc1C(C(=O)NC1CCCCC1)N(C(=O)Cn1ccnc1C)c1cccc(F)c1
1549,Sapitinib,"EGFR, ERBB2, ERBB3",0.7807839878023339,180,KP3,CNC(=O)CN1CCC(CC1)OC2=C(C=C3C(=C2)C(=NC=N3)NC4=C(C(=CC=C4)Cl)F)OC,CVCL_3005,CNC(=O)CN1CCC(Oc2cc3c(Nc4cccc(Cl)c4F)ncnc3cc2OC)CC1
1507,Ruxolitinib,"JAK1, JAK2",0.784070141414,180,KP3,C1CCC(C1)[C@@H](CC#N)N2C=C(C=N2)C3=C4C=CNC4=NC=N3,CVCL_3005,N#CC[C@H](C1CCCC1)n1cc(-c2ncnc3[nH]ccc23)cn1
1940,WIKI4,"TNKS1, TNKS2",0.799518481229591,180,KP3,COC1=CC=C(C=C1)N2C(=NN=C2SCCCN3C(=O)C4=CC=CC5=C4C(=CC=C5)C3=O)C6=CC=NC=C6,CVCL_3005,COc1ccc(-n2c(SCCCN3C(=O)c4cccc5cccc(c45)C3=O)nnc2-c2ccncc2)cc1
1051,Alisertib,AURKA,0.8112435227912671,180,KP3,COC1=C(C(=CC=C1)F)C2=NCC3=CN=C(N=C3C4=C2C=C(C=C4)Cl)NC5=CC(=C(C=C5)C(=O)O)OC,CVCL_3005,COc1cc(Nc2ncc3c(n2)-c2ccc(Cl)cc2C(c2c(F)cccc2OC)=NC3)ccc1C(=O)O
1463,AZD1332,"NTRK1, NTRK2, NTRK3",0.8133303638000734,180,KP3,CC(C)OC1=NNC(=C1)NC2=NC(=NC=C2Cl)NC(C)C3=NC=C(C=C3)F,CVCL_3005,CC(C)Oc1cc(Nc2nc(NC(C)c3ccc(F)cn3)ncc2Cl)[nH]n1
1093,GSK1904529A,"IGF1R, IR",0.8261556705073789,180,KP3,CCC1=CC(=C(C=C1N2CCC(CC2)N3CCN(CC3)S(=O)(=O)C)OC)NC4=NC=CC(=N4)C5=C(N=C6N5C=CC=C6)C7=CC(=C(C=C7)OC)C(=O)NC8=C(C=CC=C8F)F,CVCL_3005,CCc1cc(Nc2nccc(-c3c(-c4ccc(OC)c(C(=O)Nc5c(F)cccc5F)c4)nc4ccccn34)n2)c(OC)cc1N1CCC(N2CCN(S(C)(=O)=O)CC2)CC1
2106,Uprosertib,"AKT1, AKT2, AKT3",0.8342533688791535,180,KP3,CN1C(=C(C=N1)Cl)C2=C(OC(=C2)C(=O)N[C@@H](CC3=CC(=C(C=C3)F)F)CN)Cl,CVCL_3005,Cn1ncc(Cl)c1-c1cc(C(=O)N[C@H](CN)Cc2ccc(F)c(F)c2)oc1Cl
1017,Olaparib,"PARP1, PARP2",0.8354007202768573,180,KP3,C1CC1C(=O)N2CCN(CC2)C(=O)C3=C(C=CC(=C3)CC4=NNC(=O)C5=CC=CC=C54)F,CVCL_3005,O=C(c1cc(Cc2n[nH]c(=O)c3ccccc23)ccc1F)N1CCN(C(=O)C2CC2)CC1
2047,Ulixertinib,"ERK1, ERK2",0.8469179078919273,180,KP3,CC(C)NC1=NC=C(C(=C1)C2=CNC(=C2)C(=O)N[C@H](CO)C3=CC(=CC=C3)Cl)Cl,CVCL_3005,CC(C)Nc1cc(-c2c[nH]c(C(=O)N[C@H](CO)c3cccc(Cl)c3)c2)c(Cl)cn1
1249,BMS-345541,"IKK-1, IKK-2",0.8513662211048949,180,KP3,CC1=CC2=C(C=C1)N=C(C3=NC=C(N23)C)NCCN.Cl,CVCL_3005,Cc1ccc2nc(NCCN)c3ncc(C)n3c2c1
1237,EPZ004777,DOT1L,0.859484212466328,180,KP3,CC(C)N(CCCNC(=O)NC1=CC=C(C=C1)C(C)(C)C)C[C@@H]2[C@H]([C@H]([C@@H](O2)N3C=CC4=C(N=CN=C43)N)O)O,CVCL_3005,CC(C)N(CCCNC(=O)Nc1ccc(C(C)(C)C)cc1)C[C@H]1O[C@@H](n2ccc3c(N)ncnc32)[C@H](O)[C@@H]1O
1268,XAV939,"TNKS1, TNKS2",0.8658620661801442,180,KP3,C1CSCC2=C1N=C(NC2=O)C3=CC=C(C=C3)C(F)(F)F,CVCL_3005,O=c1[nH]c(-c2ccc(C(F)(F)F)cc2)nc2c1CSCC2
1720,AZD5991,MCL1,0.8712150710953992,180,KP3,CC1=C2C(=NN1C)CSCC3=NN(C(=C3)CSC4=CC5=CC=CC=C5C(=C4)OCCCC6=C(N(C7=C6C=CC(=C27)Cl)C)C(=O)O)C,CVCL_3005,Cc1c2c(nn1C)CSCc1cc(n(C)n1)CSc1cc(c3ccccc3c1)OCCCc1c(C(=O)O)n(C)c3c-2c(Cl)ccc13
2111,VE821,ATR,0.8821679501107524,180,KP3,CS(=O)(=O)C1=CC=C(C=C1)C2=CN=C(C(=N2)C(=O)NC3=CC=CC=C3)N,CVCL_3005,CS(=O)(=O)c1ccc(-c2cnc(N)c(C(=O)Nc3ccccc3)n2)cc1
1010,Gefitinib,EGFR,0.885231539666123,180,KP3,COC1=C(C=C2C(=C1)N=CN=C2NC3=CC(=C(C=C3)F)Cl)OCCCN4CCOCC4,CVCL_3005,COc1cc2ncnc(Nc3ccc(F)c(Cl)c3)c2cc1OCCCN1CCOCC1
1200,Fulvestrant,ESR,0.8937939373773311,180,KP3,C[C@]12CC[C@H]3[C@H]([C@@H]1CC[C@@H]2O)[C@@H](CC4=C3C=CC(=C4)O)CCCCCCCCCS(=O)CCCC(C(F)(F)F)(F)F,CVCL_3005,C[C@]12CC[C@@H]3c4ccc(O)cc4C[C@@H](CCCCCCCCC[S+]([O-])CCCC(F)(F)C(F)(F)F)[C@H]3[C@@H]1CC[C@@H]2O
1853,OF-1,"BRPF1B, BRPF2",0.9048163737858894,180,KP3,CC1=C(C=CC(=C1)Br)S(=O)(=O)NC2=CC3=C(C=C2OC)N(C(=O)N3C)C,CVCL_3005,COc1cc2c(cc1NS(=O)(=O)c1ccc(Br)cc1C)n(C)c(=O)n2C
1004,Vinblastine,Microtubule destabiliser,0.9078427466625908,180,KP3,CC[C@@]1(CC2C[C@@](C3=C(CCN(C2)C1)C4=CC=CC=C4N3)(C5=C(C=C6C(=C5)[C@]78CCN9[C@H]7[C@@](C=CC9)([C@H]([C@@]([C@@H]8N6C)(C(=O)OC)O)OC(=O)C)CC)OC)C(=O)OC)O,CVCL_3005,CC[C@]1(O)CC2CN(CCc3c([nH]c4ccccc34)[C@@](C(=O)OC)(c3cc4c(cc3OC)N(C)[C@H]3[C@@](O)(C(=O)OC)[C@H](OC(C)=O)[C@]5(CC)C=CCN6CC[C@]43[C@@H]65)C2)C1
1635,Picolinici-acid,Inflammatory related,0.9081317024857568,180,KP3,C1=CC=NC(=C1)C(=O)O,CVCL_3005,O=C(O)c1ccccn1
1819,Docetaxel,Microtubule stabiliser,0.9086659026634328,180,KP3,CC1=C2[C@H](C(=O)[C@@]3([C@H](C[C@@H]4[C@]([C@H]3[C@@H]([C@@](C2(C)C)(C[C@@H]1OC(=O)[C@@H]([C@H](C5=CC=CC=C5)NC(=O)OC(C)(C)C)O)O)OC(=O)C6=CC=CC=C6)(CO4)OC(=O)C)O)C)O,CVCL_3005,CC(=O)O[C@@]12CO[C@@H]1C[C@H](O)[C@@]1(C)C(=O)[C@H](O)C3=C(C)[C@@H](OC(=O)[C@H](O)[C@@H](NC(=O)OC(C)(C)C)c4ccccc4)C[C@@](O)([C@@H](OC(=O)c4ccccc4)[C@@H]12)C3(C)C
1927,GSK2578215A,LRRK2,0.937919459226894,180,KP3,C1=CC=C(C=C1)COC2=C(C=C(C=C2)C3=CC(=NC=C3)F)C(=O)NC4=CN=CC=C4,CVCL_3005,O=C(Nc1cccnc1)c1cc(-c2ccnc(F)c2)ccc1OCc1ccccc1
1849,Sabutoclax,"BCL2,  BCL-XL,  BFL1, MCL1",0.94589518555312,180,KP3,CC1=CC2=C(C(=C(C=C2C(=C1C3=C(C4=CC(=C(C(=C4C=C3C)C(=O)NC[C@H](C)C5=CC=CC=C5)O)O)O)O)O)O)C(=O)NC[C@H](C)C6=CC=CC=C6,CVCL_3005,Cc1cc2c(C(=O)NC[C@H](C)c3ccccc3)c(O)c(O)cc2c(O)c1-c1c(C)cc2c(C(=O)NC[C@H](C)c3ccccc3)c(O)c(O)cc2c1O
1034,Staurosporine,Broad spectrum kinase inhibitor,0.9518214819772468,180,KP3,C[C@@]12[C@@H]([C@@H](C[C@H](O1)N3C4=CC=CC=C4C5=C6C(=C7C8=CC=CC=C8N2C7=C53)CNC6=O)NC)OC,CVCL_3005,CN[C@@H]1C[C@@H]2O[C@@](C)([C@@H]1OC)n1c3ccccc3c3c4c(c5c6ccccc6n2c5c31)C(=O)NC4
1553,Uprosertib,"AKT1, AKT2, AKT3",0.962333088960414,180,KP3,CN1C(=C(C=N1)Cl)C2=C(OC(=C2)C(=O)N[C@@H](CC3=CC(=C(C=C3)F)F)CN)Cl,CVCL_3005,Cn1ncc(Cl)c1-c1cc(C(=O)N[C@H](CN)Cc2ccc(F)c(F)c2)oc1Cl
1578,Leflunomide,Pyrimidine synthesis inhibitor,0.9775722284579612,180,KP3,CC1=C(C=NO1)C(=O)NC2=CC=C(C=C2)C(F)(F)F,CVCL_3005,Cc1oncc1C(=O)Nc1ccc(C(F)(F)F)cc1
1558,Lapatinib,"EGFR, ERBB2",0.9816237245297784,180,KP3,CS(=O)(=O)CCNCC1=CC=C(O1)C2=CC3=C(C=C2)N=CN=C3NC4=CC(=C(C=C4)OCC5=CC(=CC=C5)F)Cl,CVCL_3005,CS(=O)(=O)CCNCc1ccc(-c2ccc3ncnc(Nc4ccc(OCc5cccc(F)c5)c(Cl)c4)c3c2)o1
1910,ABT737,"BCL2, BCL-XL,  BCL-W, BCL-B, BFL1",0.9997534118541938,180,KP3,CN(C)CC[C@H](CSC1=CC=CC=C1)NC2=C(C=C(C=C2)S(=O)(=O)NC(=O)C3=CC=C(C=C3)N4CCN(CC4)CC5=CC=CC=C5C6=CC=C(C=C6)Cl)[N+](=O)[O-],CVCL_3005,CN(C)CC[C@H](CSc1ccccc1)Nc1ccc(S(=O)(=O)NC(=O)c2ccc(N3CCN(Cc4ccccc4-c4ccc(Cl)cc4)CC3)cc2)cc1[N+](=O)[O-]
1022,AZD7762,"CHEK1, CHEK2",1.0019685473437252,180,KP3,C1C[C@@H](CNC1)NC(=O)C2=C(C=C(S2)C3=CC(=CC=C3)F)NC(=O)N,CVCL_3005,NC(=O)Nc1cc(-c2cccc(F)c2)sc1C(=O)N[C@H]1CCCNC1
1239,YK-4-279,RNA helicase A,1.0136367148100487,180,KP3,COC1=CC=C(C=C1)C(=O)CC2(C3=C(C=CC(=C3NC2=O)Cl)Cl)O,CVCL_3005,COc1ccc(C(=O)CC2(O)C(=O)Nc3c(Cl)ccc(Cl)c32)cc1
1373,Dabrafenib,BRAF,1.0159512076757211,180,KP3,CC(C)(C)C1=NC(=C(S1)C2=NC(=NC=C2)N)C3=C(C(=CC=C3)NS(=O)(=O)C4=C(C=CC=C4F)F)F,CVCL_3005,CC(C)(C)c1nc(-c2cccc(NS(=O)(=O)c3c(F)cccc3F)c2F)c(-c2ccnc(N)n2)s1
1559,Luminespib,HSP90,1.02059725290322,180,KP3,CN1C2=CC=CC=C2C(C1=O)(CC(=O)C3=CC=C(C=C3)Cl)O,CVCL_3005,CN1C(=O)C(O)(CC(=O)c2ccc(Cl)cc2)c2ccccc21
1576,IWP-2,PORCN,1.0247716965914808,180,KP3,CC1=CC2=C(C=C1)N=C(S2)NC(=O)CSC3=NC4=C(C(=O)N3C5=CC=CC=C5)SCC4,CVCL_3005,Cc1ccc2nc(NC(=O)CSc3nc4c(c(=O)n3-c3ccccc3)SCC4)sc2c1
1199,Tamoxifen,ESR1,1.0251690727303353,180,KP3,CC/C(=C(\C1=CC=CC=C1)/C2=CC=C(C=C2)OCCN(C)C)/C3=CC=CC=C3,CVCL_3005,CC/C(=C(\c1ccccc1)c1ccc(OCCN(C)C)cc1)c1ccccc1
1032,Afatinib,"ERBB2, EGFR",1.0438858135549238,180,KP3,CN(C)C/C=C/C(=O)NC1=C(C=C2C(=C1)C(=NC=N2)NC3=CC(=C(C=C3)F)Cl)O[C@H]4CCOC4,CVCL_3005,CN(C)C/C=C/C(=O)Nc1cc2c(Nc3ccc(F)c(Cl)c3)ncnc2cc1O[C@H]1CCOC1
1924,Ipatasertib,"AKT1, AKT, AKT3",1.0677220088046313,180,KP3,C[C@@H]1C[C@H](C2=C1C(=NC=N2)N3CCN(CC3)C(=O)[C@H](CNC(C)C)C4=CC=C(C=C4)Cl)O,CVCL_3005,CC(C)NC[C@@H](C(=O)N1CCN(c2ncnc3c2[C@H](C)C[C@H]3O)CC1)c1ccc(Cl)cc1
1250,AZ960,"JAK2, JAK3",1.0748683366023108,180,KP3,CC1=CC(=NN1)NC2=C(C=C(C(=N2)N[C@@H](C)C3=CC=C(C=C3)F)C#N)F,CVCL_3005,Cc1cc(Nc2nc(N[C@@H](C)c3ccc(F)cc3)c(C#N)cc2F)n[nH]1
1557,LCL161,"XIAP, IAP1, IAP2",1.0832524544310422,180,KP3,C[C@@H](C(=O)N[C@@H](C1CCCCC1)C(=O)N2CCC[C@H]2C3=NC(=CS3)C(=O)C4=CC=C(C=C4)F)NC,CVCL_3005,CN[C@@H](C)C(=O)N[C@H](C(=O)N1CCC[C@H]1c1nc(C(=O)c2ccc(F)cc2)cs1)C1CCCCC1
1799,Ibrutinib,BTK,1.086843695736804,180,KP3,C=CC(=O)N1CCC[C@H](C1)N2C3=NC=NC(=C3C(=N2)C4=CC=C(C=C4)OC5=CC=CC=C5)N,CVCL_3005,C=CC(=O)N1CCC[C@@H](n2nc(-c3ccc(Oc4ccccc4)cc3)c3c(N)ncnc32)C1
1598,LGK974,PORCN,1.099716926431738,180,KP3,CC1=CC(=CN=C1C2=CC(=NC=C2)C)CC(=O)NC3=NC=C(C=C3)C4=NC=CN=C4,CVCL_3005,Cc1cc(-c2ncc(CC(=O)Nc3ccc(-c4cnccn4)cn3)cc2C)ccn1
1049,PD173074,"FGFR1, FGFR2, FGFR3",1.126624943390732,180,KP3,CCN(CC)CCCCNC1=NC2=NC(=C(C=C2C=N1)C3=CC(=CC(=C3)OC)OC)NC(=O)NC(C)(C)C,CVCL_3005,CCN(CC)CCCCNc1ncc2cc(-c3cc(OC)cc(OC)c3)c(NC(=O)NC(C)(C)C)nc2n1
1631,PRT062607,SYK,1.1344081498551402,180,KP3,C1CC[C@H]([C@H](C1)N)NC2=NC=C(C(=N2)NC3=CC(=CC=C3)N4N=CC=N4)C(=O)N,CVCL_3005,NC(=O)c1cnc(N[C@@H]2CCCC[C@@H]2N)nc1Nc1cccc(-n2nccn2)c1
1401,AZD5438,CDK2,1.1353927147518947,180,KP3,CC1=NC=C(N1C(C)C)C2=NC(=NC=C2)NC3=CC=C(C=C3)S(=O)(=O)C,CVCL_3005,Cc1ncc(-c2ccnc(Nc3ccc(S(C)(=O)=O)cc3)n2)n1C(C)C
1873,Buparlisib,"PI3Kalpha, PI3Kdelta, PI3Kbeta, PI3Kgamma",1.1413498876358894,180,KP3,C1COCCN1C2=NC(=NC(=C2)C3=CN=C(C=C3C(F)(F)F)N)N4CCOCC4,CVCL_3005,Nc1cc(C(F)(F)F)c(-c2cc(N3CCOCC3)nc(N3CCOCC3)n2)cn1
1372,Trametinib,"MEK1, MEK2",1.1475957184254075,180,KP3,CC1=C2C(=C(N(C1=O)C)NC3=C(C=C(C=C3)I)F)C(=O)N(C(=O)N2C4=CC=CC(=C4)NC(=O)C)C5CC5,CVCL_3005,CC(=O)Nc1cccc(-n2c(=O)n(C3CC3)c(=O)c3c(Nc4ccc(I)cc4F)n(C)c(=O)c(C)c32)c1
1089,Oxaliplatin,DNA alkylating agent,1.1517854448437803,180,KP3,C1CC[C@H]([C@@H](C1)N)N.C(=O)(C(=O)O)O.[Pt],CVCL_3005,N[C@@H]1CCCC[C@H]1N
1786,AZD4547,"FGFR1, FGFR2, FGFR3",1.1695039768523612,180,KP3,C[C@@H]1CN(C[C@@H](N1)C)C2=CC=C(C=C2)C(=O)NC3=NNC(=C3)CCC4=CC(=CC(=C4)OC)OC,CVCL_3005,COc1cc(CCc2cc(NC(=O)c3ccc(N4C[C@H](C)N[C@H](C)C4)cc3)n[nH]2)cc(OC)c1
1180,Dinaciclib,"CDK1, CDK2, CDK5, CDK9",1.17386171965244,180,KP3,CCC1=C2N=C(C=C(N2N=C1)NCC3=C[N+](=CC=C3)[O-])N4CCCC[C@H]4CCO,CVCL_3005,CCc1cnn2c(NCc3ccc[n+]([O-])c3)cc(N3CCCC[C@H]3CCO)nc12
1614,WZ4003,"NUAK1, NUAK2",1.1810072053328418,180,KP3,CCC(=O)NC1=CC(=CC=C1)OC2=NC(=NC=C2Cl)NC3=C(C=C(C=C3)N4CCN(CC4)C)OC,CVCL_3005,CCC(=O)Nc1cccc(Oc2nc(Nc3ccc(N4CCN(C)CC4)cc3OC)ncc2Cl)c1
1806,Oxaliplatin,DNA alkylating agent,1.1874561608456224,180,KP3,C1CC[C@H]([C@@H](C1)[NH-])[NH-].C(=O)(C(=O)O)O.[Pt+2],CVCL_3005,N[C@@H]1CCCC[C@H]1N
1736,Selumetinib,"MEK1, MEK2",1.2014720472630591,180,KP3,CN1C=NC2=C1C=C(C(=C2F)NC3=C(C=C(C=C3)Br)Cl)C(=O)NOCCO,CVCL_3005,Cn1cnc2c(F)c(Nc3ccc(Br)cc3Cl)c(C(=O)NOCCO)cc21
1918,AZD8186,"PI3Kalpha, PI3Kbeta",1.2100885846551297,180,KP3,C[C@H](C1=CC(=CC2=C1OC(=CC2=O)N3CCOCC3)C(=O)N(C)C)NC4=CC(=CC(=C4)F)F,CVCL_3005,C[C@@H](Nc1cc(F)cc(F)c1)c1cc(C(=O)N(C)C)cc2c(=O)cc(N3CCOCC3)oc12
1441,AZD2014,"mTORC1, mTORC2",1.2117965017951018,180,KP3,C[C@H]1COCCN1C2=NC(=NC3=C2C=CC(=N3)C4=CC(=CC=C4)C(=O)NC)N5CCOC[C@@H]5C,CVCL_3005,CNC(=O)c1cccc(-c2ccc3c(N4CCOC[C@@H]4C)nc(N4CCOC[C@@H]4C)nc3n2)c1
1168,Erlotinib,EGFR,1.226504076382785,180,KP3,COCCOC1=C(C=C2C(=C1)C(=NC=N2)NC3=CC=CC(=C3)C#C)OCCOC,CVCL_3005,C#Cc1cccc(Nc2ncnc3cc(OCCOC)c(OCCOC)cc23)c1
1259,Talazoparib,"PARP1, PARP2",1.2406885560701577,180,KP3,CC(C)/C=N/NC(=O)C1=CC=C(C=C1)NC(=O)C,CVCL_3005,CC(=O)Nc1ccc(C(=O)N/N=C/C(C)C)cc1
1629,ML323,"USP1, UAF1",1.2492136201598705,180,KP3,CC1=CN=C(N=C1NCC2=CC=C(C=C2)N3C=CN=N3)C4=CC=CC=C4C(C)C,CVCL_3005,Cc1cnc(-c2ccccc2C(C)C)nc1NCc1ccc(-n2ccnn2)cc1
1706,AZD5153,BRD4,1.255342196750875,180,KP3,C[C@@H]1C(=O)N(CCN1CCOC2=CC=C(C=C2)C3CCN(CC3)C4=NN5C(=NN=C5OC)C=C4)C,CVCL_3005,COc1nnc2ccc(N3CCC(c4ccc(OCCN5CCN(C)C(=O)[C@H]5C)cc4)CC3)nn12
1006,Cytarabine,Antimetabolite,1.2789672945410897,180,KP3,C1=CN(C(=O)N=C1N)[C@H]2[C@H]([C@@H]([C@H](O2)CO)O)O,CVCL_3005,Nc1ccn([C@@H]2O[C@H](CO)[C@@H](O)[C@@H]2O)c(=O)n1
1626,OTX015,"BRD2, BRD3, BRD4",1.2816447106530853,180,KP3,CC1=C(SC2=C1C(=N[C@H](C3=NN=C(N32)C)CC(=O)NC4=CC=C(C=C4)O)C5=CC=C(C=C5)Cl)C,CVCL_3005,Cc1sc2c(c1C)C(c1ccc(Cl)cc1)=N[C@@H](CC(=O)Nc1ccc(O)cc1)c1nnc(C)n1-2
1563,EPZ5676,DOT1L,1.28228431300141,180,KP3,CC(C)N(C[C@@H]1[C@H]([C@H]([C@@H](O1)N2C=NC3=C(N=CN=C32)N)O)O)C4CC(C4)CCC5=NC6=C(N5)C=C(C=C6)C(C)(C)C,CVCL_3005,CC(C)N(C[C@H]1O[C@@H](n2cnc3c(N)ncnc32)[C@H](O)[C@@H]1O)C1CC(CCc2nc3ccc(C(C)(C)C)cc3[nH]2)C1
1912,Afuresertib,"AKT1, AKT2, AKT3",1.2828704469361871,180,KP3,CN1C(=C(C=N1)Cl)C2=C(SC(=C2)C(=O)N[C@@H](CC3=CC(=CC=C3)F)CN)Cl,CVCL_3005,Cn1ncc(Cl)c1-c1cc(C(=O)N[C@H](CN)Cc2cccc(F)c2)sc1Cl
1634,AGI-6780,IDH2 R140Q mutant,1.3103633160950745,180,KP3,C1CC1NS(=O)(=O)C2=CC(=C(C=C2)C3=CSC=C3)NC(=O)NC4=CC=CC(=C4)C(F)(F)F,CVCL_3005,O=C(Nc1cccc(C(F)(F)F)c1)Nc1cc(S(=O)(=O)NC2CC2)ccc1-c1ccsc1
1013,Nilotinib,ABL,1.3462418913156649,180,KP3,CC1=C(C=C(C=C1)C(=O)NC2=CC(=CC(=C2)C(F)(F)F)N3C=C(N=C3)C)NC4=NC=CC(=N4)C5=CN=CC=C5,CVCL_3005,Cc1cn(-c2cc(NC(=O)c3ccc(C)c(Nc4nccc(-c5cccnc5)n4)c3)cc(C(F)(F)F)c2)cn1
1060,PD0325901,"MEK1, MEK2",1.3742770754868323,180,KP3,C1=CC(=C(C=C1I)F)NC2=C(C=CC(=C2F)F)C(=O)NOC[C@@H](CO)O,CVCL_3005,O=C(NOC[C@H](O)CO)c1ccc(F)c(F)c1Nc1ccc(I)cc1F
1131,PRIMA-1MET,TP53 activation,1.3826659407272854,180,KP3,COCC1(C(=O)C2CCN1CC2)CO,CVCL_3005,COCC1(CO)C(=O)C2CCN1CC2
1068,Obatoclax Mesylate,"BCL2, BCL-XL, BCL-W, MCL1",1.3834459452374577,180,KP3,CC1=CC(=C(N1)/C=C\2/C(=C/C(=C/3\C=C4C=CC=CC4=N3)/N2)OC)C,CVCL_3005,COc1c/c(=C2\C=c3ccccc3=N2)[nH]/c1=C\c1[nH]c(C)cc1C
1622,Wnt-C59,PORCN,1.3932172440209238,180,KP3,CC1=NC=CC(=C1)C2=CC=C(C=C2)CC(=O)NC3=CC=C(C=C3)C4=CN=CC=C4,CVCL_3005,Cc1cc(-c2ccc(CC(=O)Nc3ccc(-c4cccnc4)cc3)cc2)ccn1
2044,Pyridostatin,G-quadruplex stabiliser,1.42331813100683,180,KP3,C1=CC=C2C(=C1)C(=CC(=N2)NC(=O)C3=CC(=CC(=N3)C(=O)NC4=NC5=CC=CC=C5C(=C4)OCCN)OCCN)OCCN,CVCL_3005,NCCOc1cc(C(=O)Nc2cc(OCCN)c3ccccc3n2)nc(C(=O)Nc2cc(OCCN)c3ccccc3n2)c1
1908,Ulixertinib,"ERK1, ERK2",1.4284885241085836,180,KP3,CC(C)NC1=NC=C(C(=C1)C2=CNC(=C2)C(=O)N[C@H](CO)C3=CC(=CC=C3)Cl)Cl,CVCL_3005,CC(C)Nc1cc(-c2c[nH]c(C(=O)N[C@H](CO)c3cccc(Cl)c3)c2)c(Cl)cn1
1620,PFI3,"Polybromo 1, SMARCA4, SMARCA2",1.457898738468186,180,KP3,C1[C@@H]2CN([C@H]1CN2C3=CC=CC=N3)/C=C/C(=O)C4=CC=CC=C4O,CVCL_3005,O=C(/C=C/N1C[C@H]2C[C@@H]1CN2c1ccccn1)c1ccccc1O
2110,GSK591,PMRT5,1.45963041870119,180,KP3,C1CC(C1)NC2=NC=CC(=C2)C(=O)NC[C@@H](CN3CCC4=CC=CC=C4C3)O,CVCL_3005,O=C(NC[C@H](O)CN1CCc2ccccc2C1)c1ccnc(NC2CCC2)c1
1560,Alpelisib,PI3Kalpha,1.4913453146927331,180,KP3,CC1=C(SC(=N1)NC(=O)N2CCC[C@H]2C(=O)N)C3=CC(=NC=C3)C(C)(C)C(F)(F)F,CVCL_3005,Cc1nc(NC(=O)N2CCC[C@H]2C(N)=O)sc1-c1ccnc(C(C)(C)C(F)(F)F)c1
1177,Niraparib,"PARP1, PARP2",1.4922793184856284,180,KP3,C1C[C@H](CNC1)C2=CC=C(C=C2)N3C=C4C=CC=C(C4=N3)C(=O)N,CVCL_3005,NC(=O)c1cccc2cn(-c3ccc([C@@H]4CCCNC4)cc3)nc12
1007,Docetaxel,Microtubule stabiliser,1.4956509539661031,180,KP3,CC1=C2[C@H](C(=O)[C@@]3([C@H](C[C@@H]4[C@]([C@H]3[C@@H]([C@@](C2(C)C)(C[C@@H]1OC(=O)[C@@H]([C@H](C5=CC=CC=C5)NC(=O)OC(C)(C)C)O)O)OC(=O)C6=CC=CC=C6)(CO4)OC(=O)C)O)C)O,CVCL_3005,CC(=O)O[C@@]12CO[C@@H]1C[C@H](O)[C@@]1(C)C(=O)[C@H](O)C3=C(C)[C@@H](OC(=O)[C@H](O)[C@@H](NC(=O)OC(C)(C)C)c4ccccc4)C[C@@](O)([C@@H](OC(=O)c4ccccc4)[C@@H]12)C3(C)C
1084,Rapamycin,MTORC1,1.5302409916799784,180,KP3,CC1=NC(=C(N1)[N+](=O)[O-])N(CCN2CCOCC2)CC3=CC=CC=C3F,CVCL_3005,Cc1nc(N(CCN2CCOCC2)Cc2ccccc2F)c([N+](=O)[O-])[nH]1
1512,Cyclophosphamide,Alkylating agent,1.5412773561746669,180,KP3,C1CNP(=O)(OC1)N(CCCl)CCCl,CVCL_3005,O=P1(N(CCCl)CCCl)NCCCO1
1561,Taselisib,PI3K (beta sparing),1.5417414692638176,180,KP3,CC1=NN(C(=N1)C2=CN3CCOC4=C(C3=N2)C=CC(=C4)C5=CN(N=C5)C(C)(C)C(=O)N)C(C)C,CVCL_3005,Cc1nc(-c2cn3c(n2)-c2ccc(-c4cnn(C(C)(C)C(N)=O)c4)cc2OCC3)n(C(C)C)n1
1933,P22077,"USP7, USP47",1.542725288227674,180,KP3,CC(=O)C1=CC(=C(S1)SC2=C(C=C(C=C2)F)F)[N+](=O)[O-],CVCL_3005,CC(=O)c1cc([N+](=O)[O-])c(Sc2ccc(F)cc2F)s1
1511,Epirubicin,Anthracycline,1.546574546380207,180,KP3,C[C@H]1[C@@H]([C@H](C[C@@H](O1)O[C@H]2C[C@@](CC3=C2C(=C4C(=C3O)C(=O)C5=C(C4=O)C(=CC=C5)OC)O)(C(=O)CO)O)N)O,CVCL_3005,COc1cccc2c1C(=O)c1c(O)c3c(c(O)c1C2=O)C[C@@](O)(C(=O)CO)C[C@@H]3O[C@H]1C[C@H](N)[C@@H](O)[C@H](C)O1
1613,VE-822,ATR,1.561517878627777,180,KP3,CC(C)S(=O)(=O)C1=CC=C(C=C1)C2=CN=C(C(=N2)C3=CC(=NO3)C4=CC=C(C=C4)CNC)N,CVCL_3005,CNCc1ccc(-c2cc(-c3nc(-c4ccc(S(=O)(=O)C(C)C)cc4)cnc3N)on2)cc1
1047,Nutlin-3a (-),MDM2,1.5696777209022723,180,KP3,CC(C)OC1=C(C=CC(=C1)OC)C2=N[C@H]([C@H](N2C(=O)N3CCNC(=O)C3)C4=CC=C(C=C4)Cl)C5=CC=C(C=C5)Cl,CVCL_3005,COc1ccc(C2=N[C@@H](c3ccc(Cl)cc3)[C@@H](c3ccc(Cl)cc3)N2C(=O)N2CCNC(=O)C2)c(OC(C)C)c1
1058,Pictilisib,PI3K (class 1),1.5731151543065311,180,KP3,CS(=O)(=O)N1CCN(CC1)CC2=CC3=C(S2)C(=NC(=N3)C4=C5C=NNC5=CC=C4)N6CCOCC6,CVCL_3005,CS(=O)(=O)N1CCN(Cc2cc3nc(-c4cccc5[nH]ncc45)nc(N4CCOCC4)c3s2)CC1
1919,Osimertinib,EGFR,1.6109029145651026,180,KP3,CN1C=C(C2=CC=CC=C21)C3=NC(=NC=C3)NC4=C(C=C(C(=C4)NC(=O)C=C)N(C)CCN(C)C)OC,CVCL_3005,C=CC(=O)Nc1cc(Nc2nccc(-c3cn(C)c4ccccc34)n2)c(OC)cc1N(C)CCN(C)C
2046,MK-8776,"CHEK1, CHEK2, CDK2",1.6168004335338395,180,KP3,CN1C=C(C=N1)C2=C3N=C(C(=C(N3N=C2)N)Br)C4CCCNC4,CVCL_3005,Cn1cc(-c2cnn3c(N)c(Br)c(C4CCCNC4)nc23)cn1
1939,UMI-77,MCL1,1.6430693734996389,180,KP3,C1=CC=C2C(=C1)C(=CC(=C2O)SCC(=O)O)NS(=O)(=O)C3=CC=C(C=C3)Br,CVCL_3005,O=C(O)CSc1cc(NS(=O)(=O)c2ccc(Br)cc2)c2ccccc2c1O
1624,I-BET-762,"BRD2, BRD3, BRD4",1.6599856071719108,180,KP3,CCNC(=O)C[C@H]1C2=NN=C(N2C3=C(C=C(C=C3)OC)C(=N1)C4=CC=C(C=C4)Cl)C,CVCL_3005,CCNC(=O)C[C@@H]1N=C(c2ccc(Cl)cc2)c2cc(OC)ccc2-n2c(C)nnc21
1621,PCI-34051,"HDAC8, HDAC6, HDAC1",1.6918872226728967,180,KP3,COC1=CC=C(C=C1)CN2C=CC3=C2C=C(C=C3)C(=O)NO,CVCL_3005,COc1ccc(Cn2ccc3ccc(C(=O)NO)cc32)cc1
1936,Savolitinib,MET,1.6986791232338188,180,KP3,C[C@@H](C1=CN2C=CN=C2C=C1)N3C4=NC(=CN=C4N=N3)C5=CN(N=C5)C,CVCL_3005,C[C@@H](c1ccc2nccn2c1)n1nnc2ncc(-c3cnn(C)c3)nc21
1917,AZD6738,ATR,1.6994625545901372,180,KP3,C[C@@H]1COCCN1C2=NC(=NC(=C2)C3(CC3)[S@](=N)(=O)C)C4=C5C=CNC5=NC=C4,CVCL_3005,C[C@@H]1COCCN1c1cc(C2([S@](C)(=N)=O)CC2)nc(-c2ccnc3[nH]ccc23)n1
1053,MK-2206,"AKT1, AKT2",1.7016020690386966,180,KP3,C1CC(C1)(C2=CC=C(C=C2)C3=C(C=C4C(=N3)C=CN5C4=NNC5=O)C6=CC=CC=C6)N.Cl.Cl,CVCL_3005,NC1(c2ccc(-c3nc4ccn5c(=O)[nH]nc5c4cc3-c3ccccc3)cc2)CCC1
1615,CZC24832,PI3Kgamma,1.7086043381083944,180,KP3,CC(C)(C)NS(=O)(=O)C1=CN=CC(=C1)C2=CN3C(=NC(=N3)N)C(=C2)F,CVCL_3005,CC(C)(C)NS(=O)(=O)c1cncc(-c2cc(F)c3nc(N)nn3c2)c1
1057,Dactolisib,"PI3K (class 1), MTORC1, MTORC2",1.7256179932587432,180,KP3,CC(C)(C#N)C1=CC=C(C=C1)N2C3=C4C=C(C=CC4=NC=C3N(C2=O)C)C5=CC6=CC=CC=C6N=C5,CVCL_3005,Cn1c(=O)n(-c2ccc(C(C)(C)C#N)cc2)c2c3cc(-c4cnc5ccccc5c4)ccc3ncc21
1855,KRAS (G12C) Inhibitor-12,KRAS (G12C),1.737892334051198,180,KP3,C=CC(=O)N1CCN(CC1)C(=O)CNC2=CC(=C(C=C2O)Cl)I,CVCL_3005,C=CC(=O)N1CCN(C(=O)CNc2cc(I)c(Cl)cc2O)CC1
2170,AT13148,AKT1,1.761220096142212,180,KP3,C1=CC(=CC=C1C2=CNN=C2)[C@@](CN)(C3=CC=C(C=C3)Cl)O,CVCL_3005,NC[C@@](O)(c1ccc(Cl)cc1)c1ccc(-c2cn[nH]c2)cc1
1179,MK-1775,"WEE1, PLK1",1.7778764218370129,180,KP3,CC(C)(C1=NC(=CC=C1)N2C3=NC(=NC=C3C(=O)N2CC=C)NC4=CC=C(C=C4)N5CCN(CC5)C)O,CVCL_3005,C=CCn1c(=O)c2cnc(Nc3ccc(N4CCN(C)CC4)cc3)nc2n1-c1cccc(C(C)(C)O)n1
1625,RVX-208,BRD4,1.7938546515615112,180,KP3,C1=CC(=C(C=C1N=C=O)F)F,CVCL_3005,O=C=Nc1ccc(F)c(F)c1
1941,Sepantronium bromide,BIRC5,1.8046531154583016,180,KP3,CC1=[N+](C2=C(N1CCOC)C(=O)C3=CC=CC=C3C2=O)CC4=NC=CN=C4.[Br-],CVCL_3005,COCCn1c2c([n+](Cc3cnccn3)c1C)C(=O)c1ccccc1C2=O
1564,SCH772984,"ERK1, ERK2",1.80552904727054,180,KP3,C1CN(C[C@@H]1C(=O)NC2=CC3=C(C=C2)NN=C3C4=CC=NC=C4)CC(=O)N5CCN(CC5)C6=CC=C(C=C6)C7=NC=CC=N7,CVCL_3005,O=C(Nc1ccc2[nH]nc(-c3ccncc3)c2c1)[C@@H]1CCN(CC(=O)N2CCN(c3ccc(-c4ncccn4)cc3)CC2)C1
2048,Vinorelbine,Microtubule destabiliser,1.812238377076527,180,KP3,CCC1=C[C@H]2C[C@@](C3=C(CN(C2)C1)C4=CC=CC=C4N3)(C5=C(C=C6C(=C5)[C@]78CCN9[C@H]7[C@@](C=CC9)([C@H]([C@@]([C@@H]8N6C)(C(=O)OC)O)OC(=O)C)CC)OC)C(=O)OC,CVCL_3005,CCC1=C[C@@H]2CN(C1)Cc1c([nH]c3ccccc13)[C@@](C(=O)OC)(c1cc3c(cc1OC)N(C)[C@H]1[C@@](O)(C(=O)OC)[C@H](OC(C)=O)[C@]4(CC)C=CCN5CC[C@]31[C@@H]54)C2
1080,Paclitaxel,Microtubule stabiliser,1.85405462039776,180,KP3,CC1=C2[C@H](C(=O)[C@@]3([C@H](C[C@@H]4[C@]([C@H]3[C@@H]([C@@](C2(C)C)(C[C@@H]1OC(=O)[C@@H]([C@H](C5=CC=CC=C5)NC(=O)C6=CC=CC=C6)O)O)OC(=O)C7=CC=CC=C7)(CO4)OC(=O)C)O)C)OC(=O)C,CVCL_3005,CC(=O)O[C@H]1C(=O)[C@]2(C)[C@@H](O)C[C@H]3OC[C@@]3(OC(C)=O)[C@H]2[C@H](OC(=O)c2ccccc2)[C@]2(O)C[C@H](OC(=O)[C@H](O)[C@@H](NC(=O)c3ccccc3)c3ccccc3)C(C)=C1C2(C)C
1627,GSK343,EZH2,1.891329344453469,180,KP3,CCCC1=C(C(=O)NC(=C1)C)CNC(=O)C2=C3C=NN(C3=CC(=C2)C4=CC(=NC=C4)N5CCN(CC5)C)C(C)C,CVCL_3005,CCCc1cc(C)[nH]c(=O)c1CNC(=O)c1cc(-c2ccnc(N3CCN(C)CC3)c2)cc2c1cnn2C(C)C
1190,Gemcitabine,Pyrimidine antimetabolite,1.904370496360223,180,KP3,C1=CN(C(=O)N=C1N)[C@H]2C([C@@H]([C@H](O2)CO)O)(F)F,CVCL_3005,Nc1ccn([C@@H]2O[C@H](CO)[C@@H](O)C2(F)F)c(=O)n1
1529,Pevonedistat,NAE,1.9258402138267725,180,KP3,C1CC2=CC=CC=C2[C@H]1NC3=C4C=CN(C4=NC=N3)[C@@H]5C[C@H]([C@H](C5)O)COS(=O)(=O)N,CVCL_3005,NS(=O)(=O)OC[C@@H]1C[C@@H](n2ccc3c(N[C@H]4CCc5ccccc54)ncnc32)C[C@@H]1O
1012,Vorinostat,"HDAC inhibitor Class I, IIa, IIb, IV",1.9347877395102635,180,KP3,C1=CC=C(C=C1)NC(=O)CCCCCCC(=O)NO,CVCL_3005,O=C(CCCCCCC(=O)Nc1ccccc1)NO
1083,Crizotinib,"MET, ALK, ROS1",1.9661870656691849,180,KP3,C[C@H](C1=C(C=CC(=C1Cl)F)Cl)OC2=C(N=CC(=C2)C3=CN(N=C3)C4CCNCC4)N,CVCL_3005,C[C@@H](Oc1cc(-c2cnn(C3CCNCC3)c2)cnc1N)c1c(Cl)ccc(F)c1Cl
1930,Telomerase Inhibitor IX,Telomerase,2.0174642779667646,180,KP3,C1=CC(=CC(=C1)NC(=O)C2=C(C(=CC=C2)O)O)NC(=O)C3=C(C(=CC=C3)O)O,CVCL_3005,O=C(Nc1cccc(NC(=O)c2cccc(O)c2O)c1)c1cccc(O)c1O
1932,NVP-ADW742,IGF1R,2.0866104346892502,180,KP3,C1CCN(C1)CC2CC(C2)N3C=C(C4=C(N=CN=C43)N)C5=CC(=CC=C5)OCC6=CC=CC=C6,CVCL_3005,Nc1ncnc2c1c(-c1cccc(OCc3ccccc3)c1)cn2C1CC(CN2CCCC2)C1
1011,Navitoclax,"BCL2, BCL-XL, BCL-W",2.1241141010606164,180,KP3,CC1(CCC(=C(C1)CN2CCN(CC2)C3=CC=C(C=C3)C(=O)NS(=O)(=O)C4=CC(=C(C=C4)N[C@H](CCN5CCOCC5)CSC6=CC=CC=C6)S(=O)(=O)C(F)(F)F)C7=CC=C(C=C7)Cl)C,CVCL_3005,CC1(C)CCC(c2ccc(Cl)cc2)=C(CN2CCN(c3ccc(C(=O)NS(=O)(=O)c4ccc(N[C@H](CCN5CCOCC5)CSc5ccccc5)c(S(=O)(=O)C(F)(F)F)c4)cc3)CC2)C1
2109,AZ6102,"TNKS1, TNKS2",2.277839617633441,180,KP3,CCC1=CC2=C(C=C1OC(=O)C(C)(C)C)OC(=C(C2=O)OC3=CC=C(C=C3)I)C(F)(F)F,CVCL_3005,CCc1cc2c(=O)c(Oc3ccc(I)cc3)c(C(F)(F)F)oc2cc1OC(=O)C(C)(C)C
1003,Camptothecin,TOP1,2.287819943324679,180,KP3,CC[C@@]1(C2=C(COC1=O)C(=O)N3CC4=CC5=CC=CC=C5N=C4C3=C2)O,CVCL_3005,CC[C@@]1(O)C(=O)OCc2c1cc1n(c2=O)Cc2cc3ccccc3nc2-1
1088,Irinotecan,TOP1,2.3325706846720244,180,KP3,CCC1=C2CN3C(=CC4=C(C3=O)COC(=O)[C@@]4(CC)O)C2=NC5=C1C=C(C=C5)OC(=O)N6CCC(CC6)N7CCCCC7,CVCL_3005,CCc1c2c(nc3ccc(OC(=O)N4CCC(N5CCCCC5)CC4)cc13)-c1cc3c(c(=O)n1C2)COC(=O)[C@]3(O)CC
2040,Foretinib,"MET, KDR, TIE2, VEGFR3/FLT4, RON, PDGFR, FGFR1, EGFR",2.374593464787078,180,KP3,COC1=CC2=C(C=CN=C2C=C1OCCCN3CCOCC3)OC4=C(C=C(C=C4)NC(=O)C5(CC5)C(=O)NC6=CC=C(C=C6)F)F,CVCL_3005,COc1cc2c(Oc3ccc(NC(=O)C4(C(=O)Nc5ccc(F)cc5)CC4)cc3F)ccnc2cc1OCCCN1CCOCC1
1085,Sorafenib,"PDGFR, KIT, VEGFR, RAF",2.5386270835070057,180,KP3,CNC(=O)C1=NC=CC(=C1)OC2=CC=C(C=C2)NC(=O)NC3=CC(=C(C=C3)Cl)C(F)(F)F,CVCL_3005,CNC(=O)c1cc(Oc2ccc(NC(=O)Nc3ccc(Cl)c(C(F)(F)F)c3)cc2)ccn1
2096,VX-11e,ERK2,2.558601065335915,180,KP3,CC1=CN=C(N=C1C2=CNC(=C2)C(=O)N[C@H](CO)C3=CC(=CC=C3)Cl)NC4=C(C=C(C=C4)F)Cl,CVCL_3005,Cc1cnc(Nc2ccc(F)cc2Cl)nc1-c1c[nH]c(C(=O)N[C@H](CO)c2cccc(Cl)c2)c1
1046,Wee1 Inhibitor,"WEE1, CHEK1",2.741191145215877,180,KP3,C1=CC=C(C(=C1)C2=CC3=C(C4=C(N3)C=CC(=C4)O)C5=C2C(=O)NC5=O)Cl,CVCL_3005,O=C1NC(=O)c2c1c(-c1ccccc1Cl)cc1[nH]c3ccc(O)cc3c21
1593,Entinostat,"HDAC1, HDAC3",2.9373419602410804,180,KP3,C1=CC=C(C(=C1)N)NC(=O)C2=CC=C(C=C2)CNC(=O)OCC3=CN=CC=C3,CVCL_3005,Nc1ccccc1NC(=O)c1ccc(CNC(=O)OCc2cccnc2)cc1
1927,GSK2578215A,LRRK2,-1.866539897513935,180,MIAPaCa2,C1=CC=C(C=C1)COC2=C(C=C(C=C2)C3=CC(=NC=C3)F)C(=O)NC4=CN=CC=C4,CVCL_0428,O=C(Nc1cccnc1)c1cc(-c2ccnc(F)c2)ccc1OCc1ccccc1
1706,AZD5153,BRD4,-1.5493747299660932,180,MIAPaCa2,C[C@@H]1C(=O)N(CCN1CCOC2=CC=C(C=C2)C3CCN(CC3)C4=NN5C(=NN=C5OC)C=C4)C,CVCL_0428,COc1nnc2ccc(N3CCC(c4ccc(OCCN5CCN(C)C(=O)[C@H]5C)cc4)CC3)nn12
1200,Fulvestrant,ESR,-1.2794432265231397,180,MIAPaCa2,C[C@]12CC[C@H]3[C@H]([C@@H]1CC[C@@H]2O)[C@@H](CC4=C3C=CC(=C4)O)CCCCCCCCCS(=O)CCCC(C(F)(F)F)(F)F,CVCL_0428,C[C@]12CC[C@@H]3c4ccc(O)cc4C[C@@H](CCCCCCCCC[S+]([O-])CCCC(F)(F)C(F)(F)F)[C@H]3[C@@H]1CC[C@@H]2O
1626,OTX015,"BRD2, BRD3, BRD4",-1.2604017189164625,180,MIAPaCa2,CC1=C(SC2=C1C(=N[C@H](C3=NN=C(N32)C)CC(=O)NC4=CC=C(C=C4)O)C5=CC=C(C=C5)Cl)C,CVCL_0428,Cc1sc2c(c1C)C(c1ccc(Cl)cc1)=N[C@@H](CC(=O)Nc1ccc(O)cc1)c1nnc(C)n1-2
1131,PRIMA-1MET,TP53 activation,-1.2292951356263309,180,MIAPaCa2,COCC1(C(=O)C2CCN1CC2)CO,CVCL_0428,COCC1(CO)C(=O)C2CCN1CC2
2044,Pyridostatin,G-quadruplex stabiliser,-1.081966619780594,180,MIAPaCa2,C1=CC=C2C(=C1)C(=CC(=N2)NC(=O)C3=CC(=CC(=N3)C(=O)NC4=NC5=CC=CC=C5C(=C4)OCCN)OCCN)OCCN,CVCL_0428,NCCOc1cc(C(=O)Nc2cc(OCCN)c3ccccc3n2)nc(C(=O)Nc2cc(OCCN)c3ccccc3n2)c1
2045,AMG-319,PI3K (beta sparing),-1.0237975779428587,180,MIAPaCa2,C[C@@H](C1=C(N=C2C=C(C=CC2=C1)F)C3=CC=CC=N3)NC4=NC=NC5=C4NC=N5,CVCL_0428,C[C@H](Nc1ncnc2nc[nH]c12)c1cc2ccc(F)cc2nc1-c1ccccn1
1928,I-BRD9,BRD9,-1.007171622736823,180,MIAPaCa2,CCN1C=C(C2=C(C1=O)C=C(S2)C(=NC3CCS(=O)(=O)CC3)N)C4=CC(=CC=C4)C(F)(F)F,CVCL_0428,CCn1cc(-c2cccc(C(F)(F)F)c2)c2sc(C(N)=NC3CCS(=O)(=O)CC3)cc2c1=O
1049,PD173074,"FGFR1, FGFR2, FGFR3",-0.9998188995964372,180,MIAPaCa2,CCN(CC)CCCCNC1=NC2=NC(=C(C=C2C=N1)C3=CC(=CC(=C3)OC)OC)NC(=O)NC(C)(C)C,CVCL_0428,CCN(CC)CCCCNc1ncc2cc(-c3cc(OC)cc(OC)c3)c(NC(=O)NC(C)(C)C)nc2n1
1576,IWP-2,PORCN,-0.9925503622558904,180,MIAPaCa2,CC1=CC2=C(C=C1)N=C(S2)NC(=O)CSC3=NC4=C(C(=O)N3C5=CC=CC=C5)SCC4,CVCL_0428,Cc1ccc2nc(NC(=O)CSc3nc4c(c(=O)n3-c3ccccc3)SCC4)sc2c1
1563,EPZ5676,DOT1L,-0.807926821173042,180,MIAPaCa2,CC(C)N(C[C@@H]1[C@H]([C@H]([C@@H](O1)N2C=NC3=C(N=CN=C32)N)O)O)C4CC(C4)CCC5=NC6=C(N5)C=C(C=C6)C(C)(C)C,CVCL_0428,CC(C)N(C[C@H]1O[C@@H](n2cnc3c(N)ncnc32)[C@H](O)[C@@H]1O)C1CC(CCc2nc3ccc(C(C)(C)C)cc3[nH]2)C1
1401,AZD5438,CDK2,-0.7829404523868609,180,MIAPaCa2,CC1=NC=C(N1C(C)C)C2=NC(=NC=C2)NC3=CC=C(C=C3)S(=O)(=O)C,CVCL_0428,Cc1ncc(-c2ccnc(Nc3ccc(S(C)(=O)=O)cc3)n2)n1C(C)C
1930,Telomerase Inhibitor IX,Telomerase,-0.7462647053663105,180,MIAPaCa2,C1=CC(=CC(=C1)NC(=O)C2=C(C(=CC=C2)O)O)NC(=O)C3=C(C(=CC=C3)O)O,CVCL_0428,O=C(Nc1cccc(NC(=O)c2cccc(O)c2O)c1)c1cccc(O)c1O
1060,PD0325901,"MEK1, MEK2",-0.7197433817441151,180,MIAPaCa2,C1=CC(=C(C=C1I)F)NC2=C(C=CC(=C2F)F)C(=O)NOC[C@@H](CO)O,CVCL_0428,O=C(NOC[C@H](O)CO)c1ccc(F)c(F)c1Nc1ccc(I)cc1F
1614,WZ4003,"NUAK1, NUAK2",-0.7159095690806327,180,MIAPaCa2,CCC(=O)NC1=CC(=CC=C1)OC2=NC(=NC=C2Cl)NC3=C(C=C(C=C3)N4CCN(CC4)C)OC,CVCL_0428,CCC(=O)Nc1cccc(Oc2nc(Nc3ccc(N4CCN(C)CC4)cc3OC)ncc2Cl)c1
1615,CZC24832,PI3Kgamma,-0.6405110954058632,180,MIAPaCa2,CC(C)(C)NS(=O)(=O)C1=CN=CC(=C1)C2=CN3C(=NC(=N3)N)C(=C2)F,CVCL_0428,CC(C)(C)NS(=O)(=O)c1cncc(-c2cc(F)c3nc(N)nn3c2)c1
1849,Sabutoclax,"BCL2,  BCL-XL,  BFL1, MCL1",-0.6196486866863695,180,MIAPaCa2,CC1=CC2=C(C(=C(C=C2C(=C1C3=C(C4=CC(=C(C(=C4C=C3C)C(=O)NC[C@H](C)C5=CC=CC=C5)O)O)O)O)O)O)C(=O)NC[C@H](C)C6=CC=CC=C6,CVCL_0428,Cc1cc2c(C(=O)NC[C@H](C)c3ccccc3)c(O)c(O)cc2c(O)c1-c1c(C)cc2c(C(=O)NC[C@H](C)c3ccccc3)c(O)c(O)cc2c1O
1736,Selumetinib,"MEK1, MEK2",-0.617313694529593,180,MIAPaCa2,CN1C=NC2=C1C=C(C(=C2F)NC3=C(C=C(C=C3)Br)Cl)C(=O)NOCCO,CVCL_0428,Cn1cnc2c(F)c(Nc3ccc(Br)cc3Cl)c(C(=O)NOCCO)cc21
1507,Ruxolitinib,"JAK1, JAK2",-0.5864126219224559,180,MIAPaCa2,C1CCC(C1)[C@@H](CC#N)N2C=C(C=N2)C3=C4C=CNC4=NC=N3,CVCL_0428,N#CC[C@H](C1CCCC1)n1cc(-c2ncnc3[nH]ccc23)cn1
1624,I-BET-762,"BRD2, BRD3, BRD4",-0.5840551502125213,180,MIAPaCa2,CCNC(=O)C[C@H]1C2=NN=C(N2C3=C(C=C(C=C3)OC)C(=N1)C4=CC=C(C=C4)Cl)C,CVCL_0428,CCNC(=O)C[C@@H]1N=C(c2ccc(Cl)cc2)c2cc(OC)ccc2-n2c(C)nnc21
1925,GDC0810,"ESR1, ESR2",-0.5669931917412767,180,MIAPaCa2,CC/C(=C(/C1=CC=C(C=C1)/C=C/C(=O)O)\C2=CC3=C(C=C2)NN=C3)/C4=C(C=C(C=C4)F)Cl,CVCL_0428,CC/C(=C(/c1ccc(/C=C/C(=O)O)cc1)c1ccc2[nH]ncc2c1)c1ccc(F)cc1Cl
2047,Ulixertinib,"ERK1, ERK2",-0.5657518916747849,180,MIAPaCa2,CC(C)NC1=NC=C(C(=C1)C2=CNC(=C2)C(=O)N[C@H](CO)C3=CC(=CC=C3)Cl)Cl,CVCL_0428,CC(C)Nc1cc(-c2c[nH]c(C(=O)N[C@H](CO)c3cccc(Cl)c3)c2)c(Cl)cn1
1529,Pevonedistat,NAE,-0.5653093251940735,180,MIAPaCa2,C1CC2=CC=CC=C2[C@H]1NC3=C4C=CN(C4=NC=N3)[C@@H]5C[C@H]([C@H](C5)O)COS(=O)(=O)N,CVCL_0428,NS(=O)(=O)OC[C@@H]1C[C@@H](n2ccc3c(N[C@H]4CCc5ccccc54)ncnc32)C[C@@H]1O
1375,Temozolomide,DNA alkylating agent,-0.5258477245312533,180,MIAPaCa2,CN1C(=O)N2C=NC(=C2N=N1)C(=O)N,CVCL_0428,Cn1nnc2c(C(N)=O)ncn2c1=O
1931,MIRA-1,TP53,-0.5170414613698026,180,MIAPaCa2,CCC(=O)OCN1C(=O)C=CC1=O,CVCL_0428,CCC(=O)OCN1C(=O)C=CC1=O
1512,Cyclophosphamide,Alkylating agent,-0.4955455364531843,180,MIAPaCa2,C1CNP(=O)(OC1)N(CCCl)CCCl,CVCL_0428,O=P1(N(CCCl)CCCl)NCCCO1
1004,Vinblastine,Microtubule destabiliser,-0.4918404473694554,180,MIAPaCa2,CC[C@@]1(CC2C[C@@](C3=C(CCN(C2)C1)C4=CC=CC=C4N3)(C5=C(C=C6C(=C5)[C@]78CCN9[C@H]7[C@@](C=CC9)([C@H]([C@@]([C@@H]8N6C)(C(=O)OC)O)OC(=O)C)CC)OC)C(=O)OC)O,CVCL_0428,CC[C@]1(O)CC2CN(CCc3c([nH]c4ccccc34)[C@@](C(=O)OC)(c3cc4c(cc3OC)N(C)[C@H]3[C@@](O)(C(=O)OC)[C@H](OC(C)=O)[C@]5(CC)C=CCN6CC[C@]43[C@@H]65)C2)C1
1046,Wee1 Inhibitor,"WEE1, CHEK1",-0.4875761979798433,180,MIAPaCa2,C1=CC=C(C(=C1)C2=CC3=C(C4=C(N3)C=CC(=C4)O)C5=C2C(=O)NC5=O)Cl,CVCL_0428,O=C1NC(=O)c2c1c(-c1ccccc1Cl)cc1[nH]c3ccc(O)cc3c21
1564,SCH772984,"ERK1, ERK2",-0.4751290135060965,180,MIAPaCa2,C1CN(C[C@@H]1C(=O)NC2=CC3=C(C=C2)NN=C3C4=CC=NC=C4)CC(=O)N5CCN(CC5)C6=CC=C(C=C6)C7=NC=CC=N7,CVCL_0428,O=C(Nc1ccc2[nH]nc(-c3ccncc3)c2c1)[C@@H]1CCN(CC(=O)N2CCN(c3ccc(-c4ncccn4)cc3)CC2)C1
1093,GSK1904529A,"IGF1R, IR",-0.4395838492734958,180,MIAPaCa2,CCC1=CC(=C(C=C1N2CCC(CC2)N3CCN(CC3)S(=O)(=O)C)OC)NC4=NC=CC(=N4)C5=C(N=C6N5C=CC=C6)C7=CC(=C(C=C7)OC)C(=O)NC8=C(C=CC=C8F)F,CVCL_0428,CCc1cc(Nc2nccc(-c3c(-c4ccc(OC)c(C(=O)Nc5c(F)cccc5F)c4)nc4ccccn34)n2)c(OC)cc1N1CCC(N2CCN(S(C)(=O)=O)CC2)CC1
1012,Vorinostat,"HDAC inhibitor Class I, IIa, IIb, IV",-0.4062012053837325,180,MIAPaCa2,C1=CC=C(C=C1)NC(=O)CCCCCCC(=O)NO,CVCL_0428,O=C(CCCCCCC(=O)Nc1ccccc1)NO
1852,LY2109761,TGFB1,-0.3640522241806225,180,MIAPaCa2,C1CC2=C(C(=NN2C1)C3=CC=CC=N3)C4=C5C=CC(=CC5=NC=C4)OCCN6CCOCC6,CVCL_0428,c1ccc(-c2nn3c(c2-c2ccnc4cc(OCCN5CCOCC5)ccc24)CCC3)nc1
1853,OF-1,"BRPF1B, BRPF2",-0.3528605905957769,180,MIAPaCa2,CC1=C(C=CC(=C1)Br)S(=O)(=O)NC2=CC3=C(C=C2OC)N(C(=O)N3C)C,CVCL_0428,COc1cc2c(cc1NS(=O)(=O)c1ccc(Br)cc1C)n(C)c(=O)n2C
1806,Oxaliplatin,DNA alkylating agent,-0.3318444821140904,180,MIAPaCa2,C1CC[C@H]([C@@H](C1)[NH-])[NH-].C(=O)(C(=O)O)O.[Pt+2],CVCL_0428,N[C@@H]1CCCC[C@H]1N
1511,Epirubicin,Anthracycline,-0.317548202837302,180,MIAPaCa2,C[C@H]1[C@@H]([C@H](C[C@@H](O1)O[C@H]2C[C@@](CC3=C2C(=C4C(=C3O)C(=O)C5=C(C4=O)C(=CC=C5)OC)O)(C(=O)CO)O)N)O,CVCL_0428,COc1cccc2c1C(=O)c1c(O)c3c(c(O)c1C2=O)C[C@@](O)(C(=O)CO)C[C@@H]3O[C@H]1C[C@H](N)[C@@H](O)[C@H](C)O1
1180,Dinaciclib,"CDK1, CDK2, CDK5, CDK9",-0.3156983652253948,180,MIAPaCa2,CCC1=C2N=C(C=C(N2N=C1)NCC3=C[N+](=CC=C3)[O-])N4CCCC[C@H]4CCO,CVCL_0428,CCc1cnn2c(NCc3ccc[n+]([O-])c3)cc(N3CCCC[C@H]3CCO)nc12
1620,PFI3,"Polybromo 1, SMARCA4, SMARCA2",-0.3144075021742837,180,MIAPaCa2,C1[C@@H]2CN([C@H]1CN2C3=CC=CC=N3)/C=C/C(=O)C4=CC=CC=C4O,CVCL_0428,O=C(/C=C/N1C[C@H]2C[C@@H]1CN2c1ccccn1)c1ccccc1O
2107,LJI308,"RSK2, RSK1, RSK3",-0.2918007530043743,180,MIAPaCa2,C1COCCN1C2=CC=C(C=C2)C3=C(C=NC=C3)C4=CC(=C(C(=C4)F)O)F,CVCL_0428,Oc1c(F)cc(-c2cnccc2-c2ccc(N3CCOCC3)cc2)cc1F
1003,Camptothecin,TOP1,-0.286802924143852,180,MIAPaCa2,CC[C@@]1(C2=C(COC1=O)C(=O)N3CC4=CC5=CC=CC=C5N=C4C3=C2)O,CVCL_0428,CC[C@@]1(O)C(=O)OCc2c1cc1n(c2=O)Cc2cc3ccccc3nc2-1
1631,PRT062607,SYK,-0.2727554058466384,180,MIAPaCa2,C1CC[C@H]([C@H](C1)N)NC2=NC=C(C(=N2)NC3=CC(=CC=C3)N4N=CC=N4)C(=O)N,CVCL_0428,NC(=O)c1cnc(N[C@@H]2CCCC[C@@H]2N)nc1Nc1cccc(-n2nccn2)c1
1249,BMS-345541,"IKK-1, IKK-2",-0.2375224027076632,180,MIAPaCa2,CC1=CC2=C(C=C1)N=C(C3=NC=C(N23)C)NCCN.Cl,CVCL_0428,Cc1ccc2nc(NCCN)c3ncc(C)n3c2c1
1268,XAV939,"TNKS1, TNKS2",-0.2196918102735372,180,MIAPaCa2,C1CSCC2=C1N=C(NC2=O)C3=CC=C(C=C3)C(F)(F)F,CVCL_0428,O=c1[nH]c(-c2ccc(C(F)(F)F)cc2)nc2c1CSCC2
1819,Docetaxel,Microtubule stabiliser,-0.2143522302868345,180,MIAPaCa2,CC1=C2[C@H](C(=O)[C@@]3([C@H](C[C@@H]4[C@]([C@H]3[C@@H]([C@@](C2(C)C)(C[C@@H]1OC(=O)[C@@H]([C@H](C5=CC=CC=C5)NC(=O)OC(C)(C)C)O)O)OC(=O)C6=CC=CC=C6)(CO4)OC(=O)C)O)C)O,CVCL_0428,CC(=O)O[C@@]12CO[C@@H]1C[C@H](O)[C@@]1(C)C(=O)[C@H](O)C3=C(C)[C@@H](OC(=O)[C@H](O)[C@@H](NC(=O)OC(C)(C)C)c4ccccc4)C[C@@](O)([C@@H](OC(=O)c4ccccc4)[C@@H]12)C3(C)C
1237,EPZ004777,DOT1L,-0.2123601620510213,180,MIAPaCa2,CC(C)N(CCCNC(=O)NC1=CC=C(C=C1)C(C)(C)C)C[C@@H]2[C@H]([C@H]([C@@H](O2)N3C=CC4=C(N=CN=C43)N)O)O,CVCL_0428,CC(C)N(CCCNC(=O)Nc1ccc(C(C)(C)C)cc1)C[C@H]1O[C@@H](n2ccc3c(N)ncnc32)[C@H](O)[C@@H]1O
1463,AZD1332,"NTRK1, NTRK2, NTRK3",-0.2095247638485032,180,MIAPaCa2,CC(C)OC1=NNC(=C1)NC2=NC(=NC=C2Cl)NC(C)C3=NC=C(C=C3)F,CVCL_0428,CC(C)Oc1cc(Nc2nc(NC(C)c3ccc(F)cn3)ncc2Cl)[nH]n1
2096,VX-11e,ERK2,-0.2079523438326224,180,MIAPaCa2,CC1=CN=C(N=C1C2=CNC(=C2)C(=O)N[C@H](CO)C3=CC(=CC=C3)Cl)NC4=C(C=C(C=C4)F)Cl,CVCL_0428,Cc1cnc(Nc2ccc(F)cc2Cl)nc1-c1c[nH]c(C(=O)N[C@H](CO)c2cccc(Cl)c2)c1
1593,Entinostat,"HDAC1, HDAC3",-0.1829926967334646,180,MIAPaCa2,C1=CC=C(C(=C1)N)NC(=O)C2=CC=C(C=C2)CNC(=O)OCC3=CN=CC=C3,CVCL_0428,Nc1ccccc1NC(=O)c1ccc(CNC(=O)OCc2cccnc2)cc1
1017,Olaparib,"PARP1, PARP2",-0.1829407963703222,180,MIAPaCa2,C1CC1C(=O)N2CCN(CC2)C(=O)C3=C(C=CC(=C3)CC4=NNC(=O)C5=CC=CC=C54)F,CVCL_0428,O=C(c1cc(Cc2n[nH]c(=O)c3ccccc23)ccc1F)N1CCN(C(=O)C2CC2)CC1
1057,Dactolisib,"PI3K (class 1), MTORC1, MTORC2",-0.17535082072497,180,MIAPaCa2,CC(C)(C#N)C1=CC=C(C=C1)N2C3=C4C=C(C=CC4=NC=C3N(C2=O)C)C5=CC6=CC=CC=C6N=C5,CVCL_0428,Cn1c(=O)n(-c2ccc(C(C)(C)C#N)cc2)c2c3cc(-c4cnc5ccccc5c4)ccc3ncc21
1372,Trametinib,"MEK1, MEK2",-0.1661778187021262,180,MIAPaCa2,CC1=C2C(=C(N(C1=O)C)NC3=C(C=C(C=C3)I)F)C(=O)N(C(=O)N2C4=CC=CC(=C4)NC(=O)C)C5CC5,CVCL_0428,CC(=O)Nc1cccc(-n2c(=O)n(C3CC3)c(=O)c3c(Nc4ccc(I)cc4F)n(C)c(=O)c(C)c32)c1
2046,MK-8776,"CHEK1, CHEK2, CDK2",-0.1658233875980326,180,MIAPaCa2,CN1C=C(C=N1)C2=C3N=C(C(=C(N3N=C2)N)Br)C4CCCNC4,CVCL_0428,Cn1cc(-c2cnn3c(N)c(Br)c(C4CCCNC4)nc23)cn1
1559,Luminespib,HSP90,-0.1658097645887172,180,MIAPaCa2,CN1C2=CC=CC=C2C(C1=O)(CC(=O)C3=CC=C(C=C3)Cl)O,CVCL_0428,CN1C(=O)C(O)(CC(=O)c2ccc(Cl)cc2)c2ccccc21
1013,Nilotinib,ABL,-0.1609158549637001,180,MIAPaCa2,CC1=C(C=C(C=C1)C(=O)NC2=CC(=CC(=C2)C(F)(F)F)N3C=C(N=C3)C)NC4=NC=CC(=N4)C5=CN=CC=C5,CVCL_0428,Cc1cn(-c2cc(NC(=O)c3ccc(C)c(Nc4nccc(-c5cccnc5)n4)c3)cc(C(F)(F)F)c2)cn1
1373,Dabrafenib,BRAF,-0.1458321008508072,180,MIAPaCa2,CC(C)(C)C1=NC(=C(S1)C2=NC(=NC=C2)N)C3=C(C(=CC=C3)NS(=O)(=O)C4=C(C=CC=C4F)F)F,CVCL_0428,CC(C)(C)c1nc(-c2cccc(NS(=O)(=O)c3c(F)cccc3F)c2F)c(-c2ccnc(N)n2)s1
1549,Sapitinib,"EGFR, ERBB2, ERBB3",-0.131787366707708,180,MIAPaCa2,CNC(=O)CN1CCC(CC1)OC2=C(C=C3C(=C2)C(=NC=N3)NC4=C(C(=CC=C4)Cl)F)OC,CVCL_0428,CNC(=O)CN1CCC(Oc2cc3c(Nc4cccc(Cl)c4F)ncnc3cc2OC)CC1
1054,Palbociclib,"CDK4, CDK6",-0.1266475250472744,180,MIAPaCa2,CC1=C(C(=O)N(C2=NC(=NC=C12)NC3=NC=C(C=C3)N4CCNCC4)C5CCCC5)C(=O)C,CVCL_0428,CC(=O)c1c(C)c2cnc(Nc3ccc(N4CCNCC4)cn3)nc2n(C2CCCC2)c1=O
1089,Oxaliplatin,DNA alkylating agent,-0.1256427465985345,180,MIAPaCa2,C1CC[C@H]([C@@H](C1)N)N.C(=O)(C(=O)O)O.[Pt],CVCL_0428,N[C@@H]1CCCC[C@H]1N
2043,BIBR-1532,TERT,-0.1236841776470099,180,MIAPaCa2,C/C(=C\C(=O)NC1=CC=CC=C1C(=O)O)/C2=CC3=CC=CC=C3C=C2,CVCL_0428,C/C(=C\C(=O)Nc1ccccc1C(=O)O)c1ccc2ccccc2c1
1560,Alpelisib,PI3Kalpha,-0.1102456079372116,180,MIAPaCa2,CC1=C(SC(=N1)NC(=O)N2CCC[C@H]2C(=O)N)C3=CC(=NC=C3)C(C)(C)C(F)(F)F,CVCL_0428,Cc1nc(NC(=O)N2CCC[C@H]2C(N)=O)sc1-c1ccnc(C(C)(C)C(F)(F)F)c1
1088,Irinotecan,TOP1,-0.1054753392207566,180,MIAPaCa2,CCC1=C2CN3C(=CC4=C(C3=O)COC(=O)[C@@]4(CC)O)C2=NC5=C1C=C(C=C5)OC(=O)N6CCC(CC6)N7CCCCC7,CVCL_0428,CCc1c2c(nc3ccc(OC(=O)N4CCC(N5CCCCC5)CC4)cc13)-c1cc3c(c(=O)n1C2)COC(=O)[C@]3(O)CC
1855,KRAS (G12C) Inhibitor-12,KRAS (G12C),-0.1054323235800735,180,MIAPaCa2,C=CC(=O)N1CCN(CC1)C(=O)CNC2=CC(=C(C=C2O)Cl)I,CVCL_0428,C=CC(=O)N1CCN(C(=O)CNc2cc(I)c(Cl)cc2O)CC1
1510,Linsitinib,IGF1R,-0.0708011538636737,180,MIAPaCa2,CC1(CC(C1)C2=NC(=C3N2C=CN=C3N)C4=CC5=C(C=C4)C=CC(=N5)C6=CC=CC=C6)O,CVCL_0428,CC1(O)CC(c2nc(-c3ccc4ccc(-c5ccccc5)nc4c3)c3c(N)nccn23)C1
1080,Paclitaxel,Microtubule stabiliser,-0.0648148492770805,180,MIAPaCa2,CC1=C2[C@H](C(=O)[C@@]3([C@H](C[C@@H]4[C@]([C@H]3[C@@H]([C@@](C2(C)C)(C[C@@H]1OC(=O)[C@@H]([C@H](C5=CC=CC=C5)NC(=O)C6=CC=CC=C6)O)O)OC(=O)C7=CC=CC=C7)(CO4)OC(=O)C)O)C)OC(=O)C,CVCL_0428,CC(=O)O[C@H]1C(=O)[C@]2(C)[C@@H](O)C[C@H]3OC[C@@]3(OC(C)=O)[C@H]2[C@H](OC(=O)c2ccccc2)[C@]2(O)C[C@H](OC(=O)[C@H](O)[C@@H](NC(=O)c3ccccc3)c3ccccc3)C(C)=C1C2(C)C
1091,BMS-536924,"IGF1R, IR",-0.0360250195280874,180,MIAPaCa2,CC1=CC(=CC2=C1N=C(N2)C3=C(C=CNC3=O)NC[C@H](C4=CC(=CC=C4)Cl)O)N5CCOCC5,CVCL_0428,Cc1cc(N2CCOCC2)cc2[nH]c(-c3c(NC[C@@H](O)c4cccc(Cl)c4)cc[nH]c3=O)nc12
1558,Lapatinib,"EGFR, ERBB2",-0.022042129326298,180,MIAPaCa2,CS(=O)(=O)CCNCC1=CC=C(O1)C2=CC3=C(C=C2)N=CN=C3NC4=CC(=C(C=C4)OCC5=CC(=CC=C5)F)Cl,CVCL_0428,CS(=O)(=O)CCNCc1ccc(-c2ccc3ncnc(Nc4ccc(OCc5cccc(F)c5)c(Cl)c4)c3c2)o1
1908,Ulixertinib,"ERK1, ERK2",-0.0141986246804257,180,MIAPaCa2,CC(C)NC1=NC=C(C(=C1)C2=CNC(=C2)C(=O)N[C@H](CO)C3=CC(=CC=C3)Cl)Cl,CVCL_0428,CC(C)Nc1cc(-c2c[nH]c(C(=O)N[C@H](CO)c3cccc(Cl)c3)c2)c(Cl)cn1
1996,MIM1,MCL1,-0.0094695566525141,180,MIAPaCa2,CC(C)[C@H]1CSC(=N1)N2[C@H](CSC2=S)C(C)C,CVCL_0428,CC(C)[C@H]1CSC(N2C(=S)SC[C@@H]2C(C)C)=N1
2040,Foretinib,"MET, KDR, TIE2, VEGFR3/FLT4, RON, PDGFR, FGFR1, EGFR",0.007173167596406,180,MIAPaCa2,COC1=CC2=C(C=CN=C2C=C1OCCCN3CCOCC3)OC4=C(C=C(C=C4)NC(=O)C5(CC5)C(=O)NC6=CC=C(C=C6)F)F,CVCL_0428,COc1cc2c(Oc3ccc(NC(=O)C4(C(=O)Nc5ccc(F)cc5)CC4)cc3F)ccnc2cc1OCCCN1CCOCC1
1085,Sorafenib,"PDGFR, KIT, VEGFR, RAF",0.0209006507029832,180,MIAPaCa2,CNC(=O)C1=NC=CC(=C1)OC2=CC=C(C=C2)NC(=O)NC3=CC(=C(C=C3)Cl)C(F)(F)F,CVCL_0428,CNC(=O)c1cc(Oc2ccc(NC(=O)Nc3ccc(Cl)c(C(F)(F)F)c3)cc2)ccn1
1598,LGK974,PORCN,0.0299140182715068,180,MIAPaCa2,CC1=CC(=CN=C1C2=CC(=NC=C2)C)CC(=O)NC3=NC=C(C=C3)C4=NC=CN=C4,CVCL_0428,Cc1cc(-c2ncc(CC(=O)Nc3ccc(-c4cnccn4)cn3)cc2C)ccn1
1190,Gemcitabine,Pyrimidine antimetabolite,0.0369875354927532,180,MIAPaCa2,C1=CN(C(=O)N=C1N)[C@H]2C([C@@H]([C@H](O2)CO)O)(F)F,CVCL_0428,Nc1ccn([C@@H]2O[C@H](CO)[C@@H](O)C2(F)F)c(=O)n1
1625,RVX-208,BRD4,0.0430016021451183,180,MIAPaCa2,C1=CC(=C(C=C1N=C=O)F)F,CVCL_0428,O=C=Nc1ccc(F)c(F)c1
1177,Niraparib,"PARP1, PARP2",0.0478765555070413,180,MIAPaCa2,C1C[C@H](CNC1)C2=CC=C(C=C2)N3C=C4C=CC=C(C4=N3)C(=O)N,CVCL_0428,NC(=O)c1cccc2cn(-c3ccc([C@@H]4CCCNC4)cc3)nc12
1613,VE-822,ATR,0.0537425113332797,180,MIAPaCa2,CC(C)S(=O)(=O)C1=CC=C(C=C1)C2=CN=C(C(=N2)C3=CC(=NO3)C4=CC=C(C=C4)CNC)N,CVCL_0428,CNCc1ccc(-c2cc(-c3nc(-c4ccc(S(=O)(=O)C(C)C)cc4)cnc3N)on2)cc1
1073,5-Fluorouracil,Antimetabolite (DNA & RNA),0.0600462437270402,180,MIAPaCa2,C1=C(C(=O)NC(=O)N1)F,CVCL_0428,O=c1[nH]cc(F)c(=O)[nH]1
2170,AT13148,AKT1,0.079064572391819,180,MIAPaCa2,C1=CC(=CC=C1C2=CNN=C2)[C@@](CN)(C3=CC=C(C=C3)Cl)O,CVCL_0428,NC[C@@](O)(c1ccc(Cl)cc1)c1ccc(-c2cn[nH]c2)cc1
1919,Osimertinib,EGFR,0.080802610009423,180,MIAPaCa2,CN1C=C(C2=CC=CC=C21)C3=NC(=NC=C3)NC4=C(C=C(C(=C4)NC(=O)C=C)N(C)CCN(C)C)OC,CVCL_0428,C=CC(=O)Nc1cc(Nc2nccc(-c3cn(C)c4ccccc34)n2)c(OC)cc1N(C)CCN(C)C
1915,AZD3759,EGFR,0.0826088610094269,180,MIAPaCa2,C[C@@H]1CN(CCN1C(=O)OC2=C(C=C3C(=C2)C(=NC=N3)NC4=C(C(=CC=C4)Cl)F)OC)C,CVCL_0428,COc1cc2ncnc(Nc3cccc(Cl)c3F)c2cc1OC(=O)N1CCN(C)C[C@H]1C
1250,AZ960,"JAK2, JAK3",0.0861344080337222,180,MIAPaCa2,CC1=CC(=NN1)NC2=C(C=C(C(=N2)N[C@@H](C)C3=CC=C(C=C3)F)C#N)F,CVCL_0428,Cc1cc(Nc2nc(N[C@@H](C)c3ccc(F)cc3)c(C#N)cc2F)n[nH]1
1199,Tamoxifen,ESR1,0.1022567506912268,180,MIAPaCa2,CC/C(=C(\C1=CC=CC=C1)/C2=CC=C(C=C2)OCCN(C)C)/C3=CC=CC=C3,CVCL_0428,CC/C(=C(\c1ccccc1)c1ccc(OCCN(C)C)cc1)c1ccccc1
1051,Alisertib,AURKA,0.1049822433220936,180,MIAPaCa2,COC1=C(C(=CC=C1)F)C2=NCC3=CN=C(N=C3C4=C2C=C(C=C4)Cl)NC5=CC(=C(C=C5)C(=O)O)OC,CVCL_0428,COc1cc(Nc2ncc3c(n2)-c2ccc(Cl)cc2C(c2c(F)cccc2OC)=NC3)ccc1C(=O)O
1627,GSK343,EZH2,0.1113174041724228,180,MIAPaCa2,CCCC1=C(C(=O)NC(=C1)C)CNC(=O)C2=C3C=NN(C3=CC(=C2)C4=CC(=NC=C4)N5CCN(CC5)C)C(C)C,CVCL_0428,CCCc1cc(C)[nH]c(=O)c1CNC(=O)c1cc(-c2ccnc(N3CCN(C)CC3)c2)cc2c1cnn2C(C)C
1913,AGI-5198,IDH1 (R132H),0.1196266723432901,180,MIAPaCa2,CC1=CC=CC=C1C(C(=O)NC2CCCCC2)N(C3=CC(=CC=C3)F)C(=O)CN4C=CN=C4C,CVCL_0428,Cc1ccccc1C(C(=O)NC1CCCCC1)N(C(=O)Cn1ccnc1C)c1cccc(F)c1
1635,Picolinici-acid,Inflammatory related,0.1208286997679448,180,MIAPaCa2,C1=CC=NC(=C1)C(=O)O,CVCL_0428,O=C(O)c1ccccn1
1022,AZD7762,"CHEK1, CHEK2",0.133224853841097,180,MIAPaCa2,C1C[C@@H](CNC1)NC(=O)C2=C(C=C(S2)C3=CC(=CC=C3)F)NC(=O)N,CVCL_0428,NC(=O)Nc1cc(-c2cccc(F)c2)sc1C(=O)N[C@H]1CCCNC1
1011,Navitoclax,"BCL2, BCL-XL, BCL-W",0.1458252083432446,180,MIAPaCa2,CC1(CCC(=C(C1)CN2CCN(CC2)C3=CC=C(C=C3)C(=O)NS(=O)(=O)C4=CC(=C(C=C4)N[C@H](CCN5CCOCC5)CSC6=CC=CC=C6)S(=O)(=O)C(F)(F)F)C7=CC=C(C=C7)Cl)C,CVCL_0428,CC1(C)CCC(c2ccc(Cl)cc2)=C(CN2CCN(c3ccc(C(=O)NS(=O)(=O)c4ccc(N[C@H](CCN5CCOCC5)CSc5ccccc5)c(S(=O)(=O)C(F)(F)F)c4)cc3)CC2)C1
1578,Leflunomide,Pyrimidine synthesis inhibitor,0.1480729340911544,180,MIAPaCa2,CC1=C(C=NO1)C(=O)NC2=CC=C(C=C2)C(F)(F)F,CVCL_0428,Cc1oncc1C(=O)Nc1ccc(C(F)(F)F)cc1
1854,MN-64,"TNKS1, TNKS2",0.1513963109649874,180,MIAPaCa2,CC(C)C1=CC=C(C=C1)C2=CC(=O)C3=CC=CC=C3O2,CVCL_0428,CC(C)c1ccc(-c2cc(=O)c3ccccc3o2)cc1
2111,VE821,ATR,0.1671804163825826,180,MIAPaCa2,CS(=O)(=O)C1=CC=C(C=C1)C2=CN=C(C(=N2)C(=O)NC3=CC=CC=C3)N,CVCL_0428,CS(=O)(=O)c1ccc(-c2cnc(N)c(C(=O)Nc3ccccc3)n2)cc1
1068,Obatoclax Mesylate,"BCL2, BCL-XL, BCL-W, MCL1",0.188654887442021,180,MIAPaCa2,CC1=CC(=C(N1)/C=C\2/C(=C/C(=C/3\C=C4C=CC=CC4=N3)/N2)OC)C,CVCL_0428,COc1c/c(=C2\C=c3ccccc3=N2)[nH]/c1=C\c1[nH]c(C)cc1C
1941,Sepantronium bromide,BIRC5,0.2266762743591943,180,MIAPaCa2,CC1=[N+](C2=C(N1CCOC)C(=O)C3=CC=CC=C3C2=O)CC4=NC=CN=C4.[Br-],CVCL_0428,COCCn1c2c([n+](Cc3cnccn3)c1C)C(=O)c1ccccc1C2=O
1936,Savolitinib,MET,0.2305935934889837,180,MIAPaCa2,C[C@@H](C1=CN2C=CN=C2C=C1)N3C4=NC(=CN=C4N=N3)C5=CN(N=C5)C,CVCL_0428,C[C@@H](c1ccc2nccn2c1)n1nnc2ncc(-c3cnn(C)c3)nc21
2106,Uprosertib,"AKT1, AKT2, AKT3",0.2383873542415088,180,MIAPaCa2,CN1C(=C(C=N1)Cl)C2=C(OC(=C2)C(=O)N[C@@H](CC3=CC(=C(C=C3)F)F)CN)Cl,CVCL_0428,Cn1ncc(Cl)c1-c1cc(C(=O)N[C@H](CN)Cc2ccc(F)c(F)c2)oc1Cl
1010,Gefitinib,EGFR,0.261835381039128,180,MIAPaCa2,COC1=C(C=C2C(=C1)N=CN=C2NC3=CC(=C(C=C3)F)Cl)OCCCN4CCOCC4,CVCL_0428,COc1cc2ncnc(Nc3ccc(F)c(Cl)c3)c2cc1OCCCN1CCOCC1
1007,Docetaxel,Microtubule stabiliser,0.2723474319114484,180,MIAPaCa2,CC1=C2[C@H](C(=O)[C@@]3([C@H](C[C@@H]4[C@]([C@H]3[C@@H]([C@@](C2(C)C)(C[C@@H]1OC(=O)[C@@H]([C@H](C5=CC=CC=C5)NC(=O)OC(C)(C)C)O)O)OC(=O)C6=CC=CC=C6)(CO4)OC(=O)C)O)C)O,CVCL_0428,CC(=O)O[C@@]12CO[C@@H]1C[C@H](O)[C@@]1(C)C(=O)[C@H](O)C3=C(C)[C@@H](OC(=O)[C@H](O)[C@@H](NC(=O)OC(C)(C)C)c4ccccc4)C[C@@](O)([C@@H](OC(=O)c4ccccc4)[C@@H]12)C3(C)C
1557,LCL161,"XIAP, IAP1, IAP2",0.2789129652035796,180,MIAPaCa2,C[C@@H](C(=O)N[C@@H](C1CCCCC1)C(=O)N2CCC[C@H]2C3=NC(=CS3)C(=O)C4=CC=C(C=C4)F)NC,CVCL_0428,CN[C@@H](C)C(=O)N[C@H](C(=O)N1CCC[C@H]1c1nc(C(=O)c2ccc(F)cc2)cs1)C1CCCCC1
1932,NVP-ADW742,IGF1R,0.2840280145998077,180,MIAPaCa2,C1CCN(C1)CC2CC(C2)N3C=C(C4=C(N=CN=C43)N)C5=CC(=CC=C5)OCC6=CC=CC=C6,CVCL_0428,Nc1ncnc2c1c(-c1cccc(OCc3ccccc3)c1)cn2C1CC(CN2CCCC2)C1
1168,Erlotinib,EGFR,0.2934814743514923,180,MIAPaCa2,COCCOC1=C(C=C2C(=C1)C(=NC=N2)NC3=CC=CC(=C3)C#C)OCCOC,CVCL_0428,C#Cc1cccc(Nc2ncnc3cc(OCCOC)c(OCCOC)cc23)c1
1248,Daporinad,NAMPT,0.2980394917018976,180,MIAPaCa2,C1CN(CCC1CCCCNC(=O)/C=C/C2=CN=CC=C2)C(=O)C3=CC=CC=C3,CVCL_0428,O=C(/C=C/c1cccnc1)NCCCCC1CCN(C(=O)c2ccccc2)CC1
1629,ML323,"USP1, UAF1",0.3187617280335796,180,MIAPaCa2,CC1=CN=C(N=C1NCC2=CC=C(C=C2)N3C=CN=N3)C4=CC=CC=C4C(C)C,CVCL_0428,Cc1cnc(-c2ccccc2C(C)C)nc1NCc1ccc(-n2ccnn2)cc1
1553,Uprosertib,"AKT1, AKT2, AKT3",0.3365565429131752,180,MIAPaCa2,CN1C(=C(C=N1)Cl)C2=C(OC(=C2)C(=O)N[C@@H](CC3=CC(=C(C=C3)F)F)CN)Cl,CVCL_0428,Cn1ncc(Cl)c1-c1cc(C(=O)N[C@H](CN)Cc2ccc(F)c(F)c2)oc1Cl
1618,GSK2606414,PERK,0.3505111597028131,180,MIAPaCa2,CN1C=C(C2=C(N=CN=C21)N)C3=CC4=C(C=C3)N(CC4)C(=O)CC5=CC(=CC=C5)C(F)(F)F,CVCL_0428,Cn1cc(-c2ccc3c(c2)CCN3C(=O)Cc2cccc(C(F)(F)F)c2)c2c(N)ncnc21
1006,Cytarabine,Antimetabolite,0.3695909744919232,180,MIAPaCa2,C1=CN(C(=O)N=C1N)[C@H]2[C@H]([C@@H]([C@H](O2)CO)O)O,CVCL_0428,Nc1ccn([C@@H]2O[C@H](CO)[C@@H](O)[C@@H]2O)c(=O)n1
1179,MK-1775,"WEE1, PLK1",0.3718814837190624,180,MIAPaCa2,CC(C)(C1=NC(=CC=C1)N2C3=NC(=NC=C3C(=O)N2CC=C)NC4=CC=C(C=C4)N5CCN(CC5)C)O,CVCL_0428,C=CCn1c(=O)c2cnc(Nc3ccc(N4CCN(C)CC4)cc3)nc2n1-c1cccc(C(C)(C)O)n1
1933,P22077,"USP7, USP47",0.3755408231849771,180,MIAPaCa2,CC(=O)C1=CC(=C(S1)SC2=C(C=C(C=C2)F)F)[N+](=O)[O-],CVCL_0428,CC(=O)c1cc([N+](=O)[O-])c(Sc2ccc(F)cc2F)s1
1561,Taselisib,PI3K (beta sparing),0.3775604631669337,180,MIAPaCa2,CC1=NN(C(=N1)C2=CN3CCOC4=C(C3=N2)C=CC(=C4)C5=CN(N=C5)C(C)(C)C(=O)N)C(C)C,CVCL_0428,Cc1nc(-c2cn3c(n2)-c2ccc(-c4cnn(C(C)(C)C(N)=O)c4)cc2OCC3)n(C(C)C)n1
1058,Pictilisib,PI3K (class 1),0.4035751067585146,180,MIAPaCa2,CS(=O)(=O)N1CCN(CC1)CC2=CC3=C(S2)C(=NC(=N3)C4=C5C=NNC5=CC=C4)N6CCOCC6,CVCL_0428,CS(=O)(=O)N1CCN(Cc2cc3nc(-c4cccc5[nH]ncc45)nc(N4CCOCC4)c3s2)CC1
1032,Afatinib,"ERBB2, EGFR",0.41958283071043,180,MIAPaCa2,CN(C)C/C=C/C(=O)NC1=C(C=C2C(=C1)C(=NC=N2)NC3=CC(=C(C=C3)F)Cl)O[C@H]4CCOC4,CVCL_0428,CN(C)C/C=C/C(=O)Nc1cc2c(Nc3ccc(F)c(Cl)c3)ncnc2cc1O[C@H]1CCOC1
1799,Ibrutinib,BTK,0.429928396993659,180,MIAPaCa2,C=CC(=O)N1CCC[C@H](C1)N2C3=NC=NC(=C3C(=N2)C4=CC=C(C=C4)OC5=CC=CC=C5)N,CVCL_0428,C=CC(=O)N1CCC[C@@H](n2nc(-c3ccc(Oc4ccccc4)cc3)c3c(N)ncnc32)C1
1047,Nutlin-3a (-),MDM2,0.4519013389133937,180,MIAPaCa2,CC(C)OC1=C(C=CC(=C1)OC)C2=N[C@H]([C@H](N2C(=O)N3CCNC(=O)C3)C4=CC=C(C=C4)Cl)C5=CC=C(C=C5)Cl,CVCL_0428,COc1ccc(C2=N[C@@H](c3ccc(Cl)cc3)[C@@H](c3ccc(Cl)cc3)N2C(=O)N2CCNC(=O)C2)c(OC(C)C)c1
1926,GNE-317,PI3Kalpha,0.4542816141241567,180,MIAPaCa2,CC1=C(SC2=C1N=C(N=C2N3CCOCC3)C4=CN=C(N=C4)N)C5(COC5)OC,CVCL_0428,COC1(c2sc3c(N4CCOCC4)nc(-c4cnc(N)nc4)nc3c2C)COC1
2110,GSK591,PMRT5,0.4800721555554515,180,MIAPaCa2,C1CC(C1)NC2=NC=CC(=C2)C(=O)NC[C@@H](CN3CCC4=CC=CC=C4C3)O,CVCL_0428,O=C(NC[C@H](O)CN1CCc2ccccc2C1)c1ccnc(NC2CCC2)c1
1621,PCI-34051,"HDAC8, HDAC6, HDAC1",0.5167920304548168,180,MIAPaCa2,COC1=CC=C(C=C1)CN2C=CC3=C2C=C(C=C3)C(=O)NO,CVCL_0428,COc1ccc(Cn2ccc3ccc(C(=O)NO)cc32)cc1
1912,Afuresertib,"AKT1, AKT2, AKT3",0.5237913123822432,180,MIAPaCa2,CN1C(=C(C=N1)Cl)C2=C(SC(=C2)C(=O)N[C@@H](CC3=CC(=CC=C3)F)CN)Cl,CVCL_0428,Cn1ncc(Cl)c1-c1cc(C(=O)N[C@H](CN)Cc2cccc(F)c2)sc1Cl
1909,Venetoclax,BCL2,0.528395136441522,180,MIAPaCa2,CC1(CCC(=C(C1)C2=CC=C(C=C2)Cl)CN3CCN(CC3)C4=CC(=C(C=C4)C(=O)NS(=O)(=O)C5=CC(=C(C=C5)NCC6CCOCC6)[N+](=O)[O-])OC7=CN=C8C(=C7)C=CN8)C,CVCL_0428,CC1(C)CCC(CN2CCN(c3ccc(C(=O)NS(=O)(=O)c4ccc(NCC5CCOCC5)c([N+](=O)[O-])c4)c(Oc4cnc5[nH]ccc5c4)c3)CC2)=C(c2ccc(Cl)cc2)C1
1720,AZD5991,MCL1,0.537936232568557,180,MIAPaCa2,CC1=C2C(=NN1C)CSCC3=NN(C(=C3)CSC4=CC5=CC=CC=C5C(=C4)OCCCC6=C(N(C7=C6C=CC(=C27)Cl)C)C(=O)O)C,CVCL_0428,Cc1c2c(nn1C)CSCc1cc(n(C)n1)CSc1cc(c3ccccc3c1)OCCCc1c(C(=O)O)n(C)c3c-2c(Cl)ccc13
1239,YK-4-279,RNA helicase A,0.5516054509258745,180,MIAPaCa2,COC1=CC=C(C=C1)C(=O)CC2(C3=C(C=CC(=C3NC2=O)Cl)Cl)O,CVCL_0428,COc1ccc(C(=O)CC2(O)C(=O)Nc3c(Cl)ccc(Cl)c32)cc1
1786,AZD4547,"FGFR1, FGFR2, FGFR3",0.5612776322682994,180,MIAPaCa2,C[C@@H]1CN(C[C@@H](N1)C)C2=CC=C(C=C2)C(=O)NC3=NNC(=C3)CCC4=CC(=CC(=C4)OC)OC,CVCL_0428,COc1cc(CCc2cc(NC(=O)c3ccc(N4C[C@H](C)N[C@H](C)C4)cc3)n[nH]2)cc(OC)c1
1084,Rapamycin,MTORC1,0.5809475165230475,180,MIAPaCa2,CC1=NC(=C(N1)[N+](=O)[O-])N(CCN2CCOCC2)CC3=CC=CC=C3F,CVCL_0428,Cc1nc(N(CCN2CCOCC2)Cc2ccccc2F)c([N+](=O)[O-])[nH]1
2048,Vinorelbine,Microtubule destabiliser,0.5966505469418582,180,MIAPaCa2,CCC1=C[C@H]2C[C@@](C3=C(CN(C2)C1)C4=CC=CC=C4N3)(C5=C(C=C6C(=C5)[C@]78CCN9[C@H]7[C@@](C=CC9)([C@H]([C@@]([C@@H]8N6C)(C(=O)OC)O)OC(=O)C)CC)OC)C(=O)OC,CVCL_0428,CCC1=C[C@@H]2CN(C1)Cc1c([nH]c3ccccc13)[C@@](C(=O)OC)(c1cc3c(cc1OC)N(C)[C@H]1[C@@](O)(C(=O)OC)[C@H](OC(C)=O)[C@]4(CC)C=CCN5CC[C@]31[C@@H]54)C2
1622,Wnt-C59,PORCN,0.6644553621718802,180,MIAPaCa2,CC1=NC=CC(=C1)C2=CC=C(C=C2)CC(=O)NC3=CC=C(C=C3)C4=CN=CC=C4,CVCL_0428,Cc1cc(-c2ccc(CC(=O)Nc3ccc(-c4cccnc4)cc3)cc2)ccn1
1083,Crizotinib,"MET, ALK, ROS1",0.6832183483893377,180,MIAPaCa2,C[C@H](C1=C(C=CC(=C1Cl)F)Cl)OC2=C(N=CC(=C2)C3=CN(N=C3)C4CCNCC4)N,CVCL_0428,C[C@@H](Oc1cc(-c2cnn(C3CCNCC3)c2)cnc1N)c1c(Cl)ccc(F)c1Cl
1862,MG-132,"Proteasome, CAPN1",0.7043209698019165,180,MIAPaCa2,CC(C)C[C@@H](C=O)NC(=O)[C@H](CC(C)C)NC(=O)[C@H](CC(C)C)NC(=O)OCC1=CC=CC=C1,CVCL_0428,CC(C)C[C@@H](C=O)NC(=O)[C@H](CC(C)C)NC(=O)[C@H](CC(C)C)NC(=O)OCc1ccccc1
1873,Buparlisib,"PI3Kalpha, PI3Kdelta, PI3Kbeta, PI3Kgamma",0.708432434244214,180,MIAPaCa2,C1COCCN1C2=NC(=NC(=C2)C3=CN=C(C=C3C(F)(F)F)N)N4CCOCC4,CVCL_0428,Nc1cc(C(F)(F)F)c(-c2cc(N3CCOCC3)nc(N3CCOCC3)n2)cn1
1259,Talazoparib,"PARP1, PARP2",0.735308818722769,180,MIAPaCa2,CC(C)/C=N/NC(=O)C1=CC=C(C=C1)NC(=O)C,CVCL_0428,CC(=O)Nc1ccc(C(=O)N/N=C/C(C)C)cc1
1441,AZD2014,"mTORC1, mTORC2",0.790819016573049,180,MIAPaCa2,C[C@H]1COCCN1C2=NC(=NC3=C2C=CC(=N3)C4=CC(=CC=C4)C(=O)NC)N5CCOC[C@@H]5C,CVCL_0428,CNC(=O)c1cccc(-c2ccc3c(N4CCOC[C@@H]4C)nc(N4CCOC[C@@H]4C)nc3n2)c1
1053,MK-2206,"AKT1, AKT2",0.8073382819058538,180,MIAPaCa2,C1CC(C1)(C2=CC=C(C=C2)C3=C(C=C4C(=N3)C=CN5C4=NNC5=O)C6=CC=CC=C6)N.Cl.Cl,CVCL_0428,NC1(c2ccc(-c3nc4ccn5c(=O)[nH]nc5c4cc3-c3ccccc3)cc2)CCC1
1924,Ipatasertib,"AKT1, AKT, AKT3",0.8499670591189106,180,MIAPaCa2,C[C@@H]1C[C@H](C2=C1C(=NC=N2)N3CCN(CC3)C(=O)[C@H](CNC(C)C)C4=CC=C(C=C4)Cl)O,CVCL_0428,CC(C)NC[C@@H](C(=O)N1CCN(c2ncnc3c2[C@H](C)C[C@H]3O)CC1)c1ccc(Cl)cc1
1036,PLX-4720,BRAF,0.8724266157316166,180,MIAPaCa2,CCCS(=O)(=O)NC1=C(C(=C(C=C1)F)C(=O)C2=CNC3=C2C=C(C=N3)Cl)F,CVCL_0428,CCCS(=O)(=O)Nc1ccc(F)c(C(=O)c2c[nH]c3ncc(Cl)cc23)c1F
1939,UMI-77,MCL1,0.8860933916806335,180,MIAPaCa2,C1=CC=C2C(=C1)C(=CC(=C2O)SCC(=O)O)NS(=O)(=O)C3=CC=C(C=C3)Br,CVCL_0428,O=C(O)CSc1cc(NS(=O)(=O)c2ccc(Br)cc2)c2ccccc2c1O
1630,Entospletinib,SYK,0.893277112560371,180,MIAPaCa2,C1COCCN1C2=CC=C(C=C2)NC3=NC(=CN4C3=NC=C4)C5=CC6=C(C=C5)C=NN6,CVCL_0428,c1cn2cc(-c3ccc4cn[nH]c4c3)nc(Nc3ccc(N4CCOCC4)cc3)c2n1
1922,Cediranib,"VEGFR, FLT1, FLT2, FLT3, FLT4, KIT, PDGFRB",0.8972072219216761,180,MIAPaCa2,CC1=CC2=C(N1)C=CC(=C2F)OC3=NC=NC4=CC(=C(C=C43)OC)OCCCN5CCCC5,CVCL_0428,COc1cc2c(Oc3ccc4[nH]c(C)cc4c3F)ncnc2cc1OCCCN1CCCC1
1918,AZD8186,"PI3Kalpha, PI3Kbeta",0.8983831636412023,180,MIAPaCa2,C[C@H](C1=CC(=CC2=C1OC(=CC2=O)N3CCOCC3)C(=O)N(C)C)NC4=CC(=CC(=C4)F)F,CVCL_0428,C[C@@H](Nc1cc(F)cc(F)c1)c1cc(C(=O)N(C)C)cc2c(=O)cc(N3CCOCC3)oc12
1916,AZD5363,"AKT1, AKT2, AKT3, ROCK2",0.9021508941542292,180,MIAPaCa2,C1CN(CCC1(C(=O)N[C@@H](CCO)C2=CC=C(C=C2)Cl)N)C3=NC=NC4=C3C=CN4,CVCL_0428,NC1(C(=O)N[C@@H](CCO)c2ccc(Cl)cc2)CCN(c2ncnc3[nH]ccc23)CC1
1997,WEHI-539,BCL-XL,0.9259791194830445,180,MIAPaCa2,C1CC2=C(C=C(C=C2)C3=NC(=C(S3)CCCOC4=CC=C(C=C4)CN)C(=O)O)/C(=N/NC5=NC6=CC=CC=C6S5)/C1,CVCL_0428,NCc1ccc(OCCCc2sc(-c3ccc4c(c3)/C(=N/Nc3nc5ccccc5s3)CCC4)nc2C(=O)O)cc1
1917,AZD6738,ATR,0.9372794830141424,180,MIAPaCa2,C[C@@H]1COCCN1C2=NC(=NC(=C2)C3(CC3)[S@](=N)(=O)C)C4=C5C=CNC5=NC=C4,CVCL_0428,C[C@@H]1COCCN1c1cc(C2([S@](C)(=N)=O)CC2)nc(-c2ccnc3[nH]ccc23)n1
1079,Dasatinib,"ABL, SRC, Ephrins, PDGFR, KIT",1.0489357992185873,180,MIAPaCa2,CC1=C(C(=CC=C1)Cl)NC(=O)C2=CN=C(S2)NC3=CC(=NC(=N3)C)N4CCN(CC4)CCO,CVCL_0428,Cc1nc(Nc2ncc(C(=O)Nc3c(C)cccc3Cl)s2)cc(N2CCN(CCO)CC2)n1
1634,AGI-6780,IDH2 R140Q mutant,1.060480250542748,180,MIAPaCa2,C1CC1NS(=O)(=O)C2=CC(=C(C=C2)C3=CSC=C3)NC(=O)NC4=CC=CC(=C4)C(F)(F)F,CVCL_0428,O=C(Nc1cccc(C(F)(F)F)c1)Nc1cc(S(=O)(=O)NC2CC2)ccc1-c1ccsc1
1034,Staurosporine,Broad spectrum kinase inhibitor,1.1031204772939178,180,MIAPaCa2,C[C@@]12[C@@H]([C@@H](C[C@H](O1)N3C4=CC=CC=C4C5=C6C(=C7C8=CC=CC=C8N2C7=C53)CNC6=O)NC)OC,CVCL_0428,CN[C@@H]1C[C@@H]2O[C@@](C)([C@@H]1OC)n1c3ccccc3c3c4c(c5c6ccccc6n2c5c31)C(=O)NC4
1940,WIKI4,"TNKS1, TNKS2",1.2611733582701108,180,MIAPaCa2,COC1=CC=C(C=C1)N2C(=NN=C2SCCCN3C(=O)C4=CC=CC5=C4C(=CC=C5)C3=O)C6=CC=NC=C6,CVCL_0428,COc1ccc(-n2c(SCCCN3C(=O)c4cccc5cccc(c45)C3=O)nnc2-c2ccncc2)cc1
1910,ABT737,"BCL2, BCL-XL,  BCL-W, BCL-B, BFL1",1.5694006252399169,180,MIAPaCa2,CN(C)CC[C@H](CSC1=CC=CC=C1)NC2=C(C=C(C=C2)S(=O)(=O)NC(=O)C3=CC=C(C=C3)N4CCN(CC4)CC5=CC=CC=C5C6=CC=C(C=C6)Cl)[N+](=O)[O-],CVCL_0428,CN(C)CC[C@H](CSc1ccccc1)Nc1ccc(S(=O)(=O)NC(=O)c2ccc(N3CCN(Cc4ccccc4-c4ccc(Cl)cc4)CC3)cc2)cc1[N+](=O)[O-]
2109,AZ6102,"TNKS1, TNKS2",1.7531192187677953,180,MIAPaCa2,CCC1=CC2=C(C=C1OC(=O)C(C)(C)C)OC(=C(C2=O)OC3=CC=C(C=C3)I)C(F)(F)F,CVCL_0428,CCc1cc2c(=O)c(Oc3ccc(I)cc3)c(C(F)(F)F)oc2cc1OC(=O)C(C)(C)C
1624,I-BET-762,"BRD2, BRD3, BRD4",-1.497636152626684,181,PANC0203,CCNC(=O)C[C@H]1C2=NN=C(N2C3=C(C=C(C=C3)OC)C(=N1)C4=CC=C(C=C4)Cl)C,CVCL_1633,CCNC(=O)C[C@@H]1N=C(c2ccc(Cl)cc2)c2cc(OC)ccc2-n2c(C)nnc21
1736,Selumetinib,"MEK1, MEK2",-1.40549854352861,181,PANC0203,CN1C=NC2=C1C=C(C(=C2F)NC3=C(C=C(C=C3)Br)Cl)C(=O)NOCCO,CVCL_1633,Cn1cnc2c(F)c(Nc3ccc(Br)cc3Cl)c(C(=O)NOCCO)cc21
1564,SCH772984,"ERK1, ERK2",-1.2910456442621707,181,PANC0203,C1CN(C[C@@H]1C(=O)NC2=CC3=C(C=C2)NN=C3C4=CC=NC=C4)CC(=O)N5CCN(CC5)C6=CC=C(C=C6)C7=NC=CC=N7,CVCL_1633,O=C(Nc1ccc2[nH]nc(-c3ccncc3)c2c1)[C@@H]1CCN(CC(=O)N2CCN(c3ccc(-c4ncccn4)cc3)CC2)C1
1372,Trametinib,"MEK1, MEK2",-1.2095388109379372,181,PANC0203,CC1=C2C(=C(N(C1=O)C)NC3=C(C=C(C=C3)I)F)C(=O)N(C(=O)N2C4=CC=CC(=C4)NC(=O)C)C5CC5,CVCL_1633,CC(=O)Nc1cccc(-n2c(=O)n(C3CC3)c(=O)c3c(Nc4ccc(I)cc4F)n(C)c(=O)c(C)c32)c1
1626,OTX015,"BRD2, BRD3, BRD4",-1.0365921261204527,181,PANC0203,CC1=C(SC2=C1C(=N[C@H](C3=NN=C(N32)C)CC(=O)NC4=CC=C(C=C4)O)C5=CC=C(C=C5)Cl)C,CVCL_1633,Cc1sc2c(c1C)C(c1ccc(Cl)cc1)=N[C@@H](CC(=O)Nc1ccc(O)cc1)c1nnc(C)n1-2
1060,PD0325901,"MEK1, MEK2",-1.0263522989786378,181,PANC0203,C1=CC(=C(C=C1I)F)NC2=C(C=CC(=C2F)F)C(=O)NOC[C@@H](CO)O,CVCL_1633,O=C(NOC[C@H](O)CO)c1ccc(F)c(F)c1Nc1ccc(I)cc1F
1908,Ulixertinib,"ERK1, ERK2",-0.9165265015070944,181,PANC0203,CC(C)NC1=NC=C(C(=C1)C2=CNC(=C2)C(=O)N[C@H](CO)C3=CC(=CC=C3)Cl)Cl,CVCL_1633,CC(C)Nc1cc(-c2c[nH]c(C(=O)N[C@H](CO)c3cccc(Cl)c3)c2)c(Cl)cn1
1855,KRAS (G12C) Inhibitor-12,KRAS (G12C),-0.87281625774492,181,PANC0203,C=CC(=O)N1CCN(CC1)C(=O)CNC2=CC(=C(C=C2O)Cl)I,CVCL_1633,C=CC(=O)N1CCN(C(=O)CNc2cc(I)c(Cl)cc2O)CC1
1079,Dasatinib,"ABL, SRC, Ephrins, PDGFR, KIT",-0.8573847159375908,181,PANC0203,CC1=C(C(=CC=C1)Cl)NC(=O)C2=CN=C(S2)NC3=CC(=NC(=N3)C)N4CCN(CC4)CCO,CVCL_1633,Cc1nc(Nc2ncc(C(=O)Nc3c(C)cccc3Cl)s2)cc(N2CCN(CCO)CC2)n1
1939,UMI-77,MCL1,-0.7391014441410377,181,PANC0203,C1=CC=C2C(=C1)C(=CC(=C2O)SCC(=O)O)NS(=O)(=O)C3=CC=C(C=C3)Br,CVCL_1633,O=C(O)CSc1cc(NS(=O)(=O)c2ccc(Br)cc2)c2ccccc2c1O
1625,RVX-208,BRD4,-0.6717449473810428,181,PANC0203,C1=CC(=C(C=C1N=C=O)F)F,CVCL_1633,O=C=Nc1ccc(F)c(F)c1
1706,AZD5153,BRD4,-0.6376096764859253,181,PANC0203,C[C@@H]1C(=O)N(CCN1CCOC2=CC=C(C=C2)C3CCN(CC3)C4=NN5C(=NN=C5OC)C=C4)C,CVCL_1633,COc1nnc2ccc(N3CCC(c4ccc(OCCN5CCN(C)C(=O)[C@H]5C)cc4)CC3)nn12
2040,Foretinib,"MET, KDR, TIE2, VEGFR3/FLT4, RON, PDGFR, FGFR1, EGFR",-0.635015545801314,181,PANC0203,COC1=CC2=C(C=CN=C2C=C1OCCCN3CCOCC3)OC4=C(C=C(C=C4)NC(=O)C5(CC5)C(=O)NC6=CC=C(C=C6)F)F,CVCL_1633,COc1cc2c(Oc3ccc(NC(=O)C4(C(=O)Nc5ccc(F)cc5)CC4)cc3F)ccnc2cc1OCCCN1CCOCC1
2047,Ulixertinib,"ERK1, ERK2",-0.628223122138936,181,PANC0203,CC(C)NC1=NC=C(C(=C1)C2=CNC(=C2)C(=O)N[C@H](CO)C3=CC(=CC=C3)Cl)Cl,CVCL_1633,CC(C)Nc1cc(-c2c[nH]c(C(=O)N[C@H](CO)c3cccc(Cl)c3)c2)c(Cl)cn1
1549,Sapitinib,"EGFR, ERBB2, ERBB3",-0.6254560278357415,181,PANC0203,CNC(=O)CN1CCC(CC1)OC2=C(C=C3C(=C2)C(=NC=N3)NC4=C(C(=CC=C4)Cl)F)OC,CVCL_1633,CNC(=O)CN1CCC(Oc2cc3c(Nc4cccc(Cl)c4F)ncnc3cc2OC)CC1
1913,AGI-5198,IDH1 (R132H),-0.5929308886533328,181,PANC0203,CC1=CC=CC=C1C(C(=O)NC2CCCCC2)N(C3=CC(=CC=C3)F)C(=O)CN4C=CN=C4C,CVCL_1633,Cc1ccccc1C(C(=O)NC1CCCCC1)N(C(=O)Cn1ccnc1C)c1cccc(F)c1
1561,Taselisib,PI3K (beta sparing),-0.5733562562336598,181,PANC0203,CC1=NN(C(=N1)C2=CN3CCOC4=C(C3=N2)C=CC(=C4)C5=CN(N=C5)C(C)(C)C(=O)N)C(C)C,CVCL_1633,Cc1nc(-c2cn3c(n2)-c2ccc(-c4cnn(C(C)(C)C(N)=O)c4)cc2OCC3)n(C(C)C)n1
1806,Oxaliplatin,DNA alkylating agent,-0.5411998688986089,181,PANC0203,C1CC[C@H]([C@@H](C1)[NH-])[NH-].C(=O)(C(=O)O)O.[Pt+2],CVCL_1633,N[C@@H]1CCCC[C@H]1N
1918,AZD8186,"PI3Kalpha, PI3Kbeta",-0.5131081664708057,181,PANC0203,C[C@H](C1=CC(=CC2=C1OC(=CC2=O)N3CCOCC3)C(=O)N(C)C)NC4=CC(=CC(=C4)F)F,CVCL_1633,C[C@@H](Nc1cc(F)cc(F)c1)c1cc(C(=O)N(C)C)cc2c(=O)cc(N3CCOCC3)oc12
1058,Pictilisib,PI3K (class 1),-0.5051136050975638,181,PANC0203,CS(=O)(=O)N1CCN(CC1)CC2=CC3=C(S2)C(=NC(=N3)C4=C5C=NNC5=CC=C4)N6CCOCC6,CVCL_1633,CS(=O)(=O)N1CCN(Cc2cc3nc(-c4cccc5[nH]ncc45)nc(N4CCOCC4)c3s2)CC1
1618,GSK2606414,PERK,-0.4615966640176412,181,PANC0203,CN1C=C(C2=C(N=CN=C21)N)C3=CC4=C(C=C3)N(CC4)C(=O)CC5=CC(=CC=C5)C(F)(F)F,CVCL_1633,Cn1cc(-c2ccc3c(c2)CCN3C(=O)Cc2cccc(C(F)(F)F)c2)c2c(N)ncnc21
1249,BMS-345541,"IKK-1, IKK-2",-0.4492727363247596,181,PANC0203,CC1=CC2=C(C=C1)N=C(C3=NC=C(N23)C)NCCN.Cl,CVCL_1633,Cc1ccc2nc(NCCN)c3ncc(C)n3c2c1
1631,PRT062607,SYK,-0.3892009775419448,181,PANC0203,C1CC[C@H]([C@H](C1)N)NC2=NC=C(C(=N2)NC3=CC(=CC=C3)N4N=CC=N4)C(=O)N,CVCL_1633,NC(=O)c1cnc(N[C@@H]2CCCC[C@@H]2N)nc1Nc1cccc(-n2nccn2)c1
2096,VX-11e,ERK2,-0.3857375557798928,181,PANC0203,CC1=CN=C(N=C1C2=CNC(=C2)C(=O)N[C@H](CO)C3=CC(=CC=C3)Cl)NC4=C(C=C(C=C4)F)Cl,CVCL_1633,Cc1cnc(Nc2ccc(F)cc2Cl)nc1-c1c[nH]c(C(=O)N[C@H](CO)c2cccc(Cl)c2)c1
1073,5-Fluorouracil,Antimetabolite (DNA & RNA),-0.3498986752048846,181,PANC0203,C1=C(C(=O)NC(=O)N1)F,CVCL_1633,O=c1[nH]cc(F)c(=O)[nH]1
1268,XAV939,"TNKS1, TNKS2",-0.3157211866033146,181,PANC0203,C1CSCC2=C1N=C(NC2=O)C3=CC=C(C=C3)C(F)(F)F,CVCL_1633,O=c1[nH]c(-c2ccc(C(F)(F)F)cc2)nc2c1CSCC2
1932,NVP-ADW742,IGF1R,-0.2914935361332341,181,PANC0203,C1CCN(C1)CC2CC(C2)N3C=C(C4=C(N=CN=C43)N)C5=CC(=CC=C5)OCC6=CC=CC=C6,CVCL_1633,Nc1ncnc2c1c(-c1cccc(OCc3ccccc3)c1)cn2C1CC(CN2CCCC2)C1
1179,MK-1775,"WEE1, PLK1",-0.2795073964763352,181,PANC0203,CC(C)(C1=NC(=CC=C1)N2C3=NC(=NC=C3C(=O)N2CC=C)NC4=CC=C(C=C4)N5CCN(CC5)C)O,CVCL_1633,C=CCn1c(=O)c2cnc(Nc3ccc(N4CCN(C)CC4)cc3)nc2n1-c1cccc(C(C)(C)O)n1
1922,Cediranib,"VEGFR, FLT1, FLT2, FLT3, FLT4, KIT, PDGFRB",-0.2709176548775648,181,PANC0203,CC1=CC2=C(N1)C=CC(=C2F)OC3=NC=NC4=CC(=C(C=C43)OC)OCCCN5CCCC5,CVCL_1633,COc1cc2c(Oc3ccc4[nH]c(C)cc4c3F)ncnc2cc1OCCCN1CCCC1
1852,LY2109761,TGFB1,-0.2679086310736588,181,PANC0203,C1CC2=C(C(=NN2C1)C3=CC=CC=N3)C4=C5C=CC(=CC5=NC=C4)OCCN6CCOCC6,CVCL_1633,c1ccc(-c2nn3c(c2-c2ccnc4cc(OCCN5CCOCC5)ccc24)CCC3)nc1
1560,Alpelisib,PI3Kalpha,-0.26031952482603,181,PANC0203,CC1=C(SC(=N1)NC(=O)N2CCC[C@H]2C(=O)N)C3=CC(=NC=C3)C(C)(C)C(F)(F)F,CVCL_1633,Cc1nc(NC(=O)N2CCC[C@H]2C(N)=O)sc1-c1ccnc(C(C)(C)C(F)(F)F)c1
2110,GSK591,PMRT5,-0.2533807613567604,181,PANC0203,C1CC(C1)NC2=NC=CC(=C2)C(=O)NC[C@@H](CN3CCC4=CC=CC=C4C3)O,CVCL_1633,O=C(NC[C@H](O)CN1CCc2ccccc2C1)c1ccnc(NC2CCC2)c1
1510,Linsitinib,IGF1R,-0.2427354558368011,181,PANC0203,CC1(CC(C1)C2=NC(=C3N2C=CN=C3N)C4=CC5=C(C=C4)C=CC(=N5)C6=CC=CC=C6)O,CVCL_1633,CC1(O)CC(c2nc(-c3ccc4ccc(-c5ccccc5)nc4c3)c3c(N)nccn23)C1
1168,Erlotinib,EGFR,-0.2053385381866285,181,PANC0203,COCCOC1=C(C=C2C(=C1)C(=NC=N2)NC3=CC=CC(=C3)C#C)OCCOC,CVCL_1633,C#Cc1cccc(Nc2ncnc3cc(OCCOC)c(OCCOC)cc23)c1
1928,I-BRD9,BRD9,-0.1926159935688737,181,PANC0203,CCN1C=C(C2=C(C1=O)C=C(S2)C(=NC3CCS(=O)(=O)CC3)N)C4=CC(=CC=C4)C(F)(F)F,CVCL_1633,CCn1cc(-c2cccc(C(F)(F)F)c2)c2sc(C(N)=NC3CCS(=O)(=O)CC3)cc2c1=O
1248,Daporinad,NAMPT,-0.1799923348421265,181,PANC0203,C1CN(CCC1CCCCNC(=O)/C=C/C2=CN=CC=C2)C(=O)C3=CC=CC=C3,CVCL_1633,O=C(/C=C/c1cccnc1)NCCCCC1CCN(C(=O)c2ccccc2)CC1
1091,BMS-536924,"IGF1R, IR",-0.1788450031031468,181,PANC0203,CC1=CC(=CC2=C1N=C(N2)C3=C(C=CNC3=O)NC[C@H](C4=CC(=CC=C4)Cl)O)N5CCOCC5,CVCL_1633,Cc1cc(N2CCOCC2)cc2[nH]c(-c3c(NC[C@@H](O)c4cccc(Cl)c4)cc[nH]c3=O)nc12
1199,Tamoxifen,ESR1,-0.1749062236221757,181,PANC0203,CC/C(=C(\C1=CC=CC=C1)/C2=CC=C(C=C2)OCCN(C)C)/C3=CC=CC=C3,CVCL_1633,CC/C(=C(\c1ccccc1)c1ccc(OCCN(C)C)cc1)c1ccccc1
1925,GDC0810,"ESR1, ESR2",-0.172759105702739,181,PANC0203,CC/C(=C(/C1=CC=C(C=C1)/C=C/C(=O)O)\C2=CC3=C(C=C2)NN=C3)/C4=C(C=C(C=C4)F)Cl,CVCL_1633,CC/C(=C(/c1ccc(/C=C/C(=O)O)cc1)c1ccc2[nH]ncc2c1)c1ccc(F)cc1Cl
1621,PCI-34051,"HDAC8, HDAC6, HDAC1",-0.1443943284439449,181,PANC0203,COC1=CC=C(C=C1)CN2C=CC3=C2C=C(C=C3)C(=O)NO,CVCL_1633,COc1ccc(Cn2ccc3ccc(C(=O)NO)cc32)cc1
1032,Afatinib,"ERBB2, EGFR",-0.1414497705321174,181,PANC0203,CN(C)C/C=C/C(=O)NC1=C(C=C2C(=C1)C(=NC=N2)NC3=CC(=C(C=C3)F)Cl)O[C@H]4CCOC4,CVCL_1633,CN(C)C/C=C/C(=O)Nc1cc2c(Nc3ccc(F)c(Cl)c3)ncnc2cc1O[C@H]1CCOC1
1819,Docetaxel,Microtubule stabiliser,-0.1268624711482144,181,PANC0203,CC1=C2[C@H](C(=O)[C@@]3([C@H](C[C@@H]4[C@]([C@H]3[C@@H]([C@@](C2(C)C)(C[C@@H]1OC(=O)[C@@H]([C@H](C5=CC=CC=C5)NC(=O)OC(C)(C)C)O)O)OC(=O)C6=CC=CC=C6)(CO4)OC(=O)C)O)C)O,CVCL_1633,CC(=O)O[C@@]12CO[C@@H]1C[C@H](O)[C@@]1(C)C(=O)[C@H](O)C3=C(C)[C@@H](OC(=O)[C@H](O)[C@@H](NC(=O)OC(C)(C)C)c4ccccc4)C[C@@](O)([C@@H](OC(=O)c4ccccc4)[C@@H]12)C3(C)C
1003,Camptothecin,TOP1,-0.1211240871593795,181,PANC0203,CC[C@@]1(C2=C(COC1=O)C(=O)N3CC4=CC5=CC=CC=C5N=C4C3=C2)O,CVCL_1633,CC[C@@]1(O)C(=O)OCc2c1cc1n(c2=O)Cc2cc3ccccc3nc2-1
1593,Entinostat,"HDAC1, HDAC3",-0.117540582634305,181,PANC0203,C1=CC=C(C(=C1)N)NC(=O)C2=CC=C(C=C2)CNC(=O)OCC3=CN=CC=C3,CVCL_1633,Nc1ccccc1NC(=O)c1ccc(CNC(=O)OCc2cccnc2)cc1
1559,Luminespib,HSP90,-0.1150050686778363,181,PANC0203,CN1C2=CC=CC=C2C(C1=O)(CC(=O)C3=CC=C(C=C3)Cl)O,CVCL_1633,CN1C(=O)C(O)(CC(=O)c2ccc(Cl)cc2)c2ccccc21
1627,GSK343,EZH2,-0.0895013416900781,181,PANC0203,CCCC1=C(C(=O)NC(=C1)C)CNC(=O)C2=C3C=NN(C3=CC(=C2)C4=CC(=NC=C4)N5CCN(CC5)C)C(C)C,CVCL_1633,CCCc1cc(C)[nH]c(=O)c1CNC(=O)c1cc(-c2ccnc(N3CCN(C)CC3)c2)cc2c1cnn2C(C)C
1529,Pevonedistat,NAE,-0.0828473982589879,181,PANC0203,C1CC2=CC=CC=C2[C@H]1NC3=C4C=CN(C4=NC=N3)[C@@H]5C[C@H]([C@H](C5)O)COS(=O)(=O)N,CVCL_1633,NS(=O)(=O)OC[C@@H]1C[C@@H](n2ccc3c(N[C@H]4CCc5ccccc54)ncnc32)C[C@@H]1O
1630,Entospletinib,SYK,-0.0748902870893078,181,PANC0203,C1COCCN1C2=CC=C(C=C2)NC3=NC(=CN4C3=NC=C4)C5=CC6=C(C=C5)C=NN6,CVCL_1633,c1cn2cc(-c3ccc4cn[nH]c4c3)nc(Nc3ccc(N4CCOCC4)cc3)c2n1
1917,AZD6738,ATR,-0.0636057679237922,181,PANC0203,C[C@@H]1COCCN1C2=NC(=NC(=C2)C3(CC3)[S@](=N)(=O)C)C4=C5C=CNC5=NC=C4,CVCL_1633,C[C@@H]1COCCN1c1cc(C2([S@](C)(=N)=O)CC2)nc(-c2ccnc3[nH]ccc23)n1
1926,GNE-317,PI3Kalpha,-0.0394551206993099,181,PANC0203,CC1=C(SC2=C1N=C(N=C2N3CCOCC3)C4=CN=C(N=C4)N)C5(COC5)OC,CVCL_1633,COC1(c2sc3c(N4CCOCC4)nc(-c4cnc(N)nc4)nc3c2C)COC1
1022,AZD7762,"CHEK1, CHEK2",-0.0290409907366511,181,PANC0203,C1C[C@@H](CNC1)NC(=O)C2=C(C=C(S2)C3=CC(=CC=C3)F)NC(=O)N,CVCL_1633,NC(=O)Nc1cc(-c2cccc(F)c2)sc1C(=O)N[C@H]1CCCNC1
1053,MK-2206,"AKT1, AKT2",-0.0137577578187901,181,PANC0203,C1CC(C1)(C2=CC=C(C=C2)C3=C(C=C4C(=N3)C=CN5C4=NNC5=O)C6=CC=CC=C6)N.Cl.Cl,CVCL_1633,NC1(c2ccc(-c3nc4ccn5c(=O)[nH]nc5c4cc3-c3ccccc3)cc2)CCC1
1997,WEHI-539,BCL-XL,-0.0123268195586886,181,PANC0203,C1CC2=C(C=C(C=C2)C3=NC(=C(S3)CCCOC4=CC=C(C=C4)CN)C(=O)O)/C(=N/NC5=NC6=CC=CC=C6S5)/C1,CVCL_1633,NCc1ccc(OCCCc2sc(-c3ccc4c(c3)/C(=N/Nc3nc5ccccc5s3)CCC4)nc2C(=O)O)cc1
1927,GSK2578215A,LRRK2,-0.0066393973235411,181,PANC0203,C1=CC=C(C=C1)COC2=C(C=C(C=C2)C3=CC(=NC=C3)F)C(=O)NC4=CN=CC=C4,CVCL_1633,O=C(Nc1cccnc1)c1cc(-c2ccnc(F)c2)ccc1OCc1ccccc1
1131,PRIMA-1MET,TP53 activation,-0.0019364120433247,181,PANC0203,COCC1(C(=O)C2CCN1CC2)CO,CVCL_1633,COCC1(CO)C(=O)C2CCN1CC2
1088,Irinotecan,TOP1,0.0019775644732154,181,PANC0203,CCC1=C2CN3C(=CC4=C(C3=O)COC(=O)[C@@]4(CC)O)C2=NC5=C1C=C(C=C5)OC(=O)N6CCC(CC6)N7CCCCC7,CVCL_1633,CCc1c2c(nc3ccc(OC(=O)N4CCC(N5CCCCC5)CC4)cc13)-c1cc3c(c(=O)n1C2)COC(=O)[C@]3(O)CC
1915,AZD3759,EGFR,0.0156815144813855,181,PANC0203,C[C@@H]1CN(CCN1C(=O)OC2=C(C=C3C(=C2)C(=NC=N3)NC4=C(C(=CC=C4)Cl)F)OC)C,CVCL_1633,COc1cc2ncnc(Nc3cccc(Cl)c3F)c2cc1OC(=O)N1CCN(C)C[C@H]1C
1930,Telomerase Inhibitor IX,Telomerase,0.0963902664926916,181,PANC0203,C1=CC(=CC(=C1)NC(=O)C2=C(C(=CC=C2)O)O)NC(=O)C3=C(C(=CC=C3)O)O,CVCL_1633,O=C(Nc1cccc(NC(=O)c2cccc(O)c2O)c1)c1cccc(O)c1O
1068,Obatoclax Mesylate,"BCL2, BCL-XL, BCL-W, MCL1",0.0994781377570728,181,PANC0203,CC1=CC(=C(N1)/C=C\2/C(=C/C(=C/3\C=C4C=CC=CC4=N3)/N2)OC)C,CVCL_1633,COc1c/c(=C2\C=c3ccccc3=N2)[nH]/c1=C\c1[nH]c(C)cc1C
1614,WZ4003,"NUAK1, NUAK2",0.1020199295227566,181,PANC0203,CCC(=O)NC1=CC(=CC=C1)OC2=NC(=NC=C2Cl)NC3=C(C=C(C=C3)N4CCN(CC4)C)OC,CVCL_1633,CCC(=O)Nc1cccc(Oc2nc(Nc3ccc(N4CCN(C)CC4)cc3OC)ncc2Cl)c1
1940,WIKI4,"TNKS1, TNKS2",0.122076047897435,181,PANC0203,COC1=CC=C(C=C1)N2C(=NN=C2SCCCN3C(=O)C4=CC=CC5=C4C(=CC=C5)C3=O)C6=CC=NC=C6,CVCL_1633,COc1ccc(-n2c(SCCCN3C(=O)c4cccc5cccc(c45)C3=O)nnc2-c2ccncc2)cc1
1010,Gefitinib,EGFR,0.1651972676338477,181,PANC0203,COC1=C(C=C2C(=C1)N=CN=C2NC3=CC(=C(C=C3)F)Cl)OCCCN4CCOCC4,CVCL_1633,COc1cc2ncnc(Nc3ccc(F)c(Cl)c3)c2cc1OCCCN1CCOCC1
2044,Pyridostatin,G-quadruplex stabiliser,0.1663535174992583,181,PANC0203,C1=CC=C2C(=C1)C(=CC(=N2)NC(=O)C3=CC(=CC(=N3)C(=O)NC4=NC5=CC=CC=C5C(=C4)OCCN)OCCN)OCCN,CVCL_1633,NCCOc1cc(C(=O)Nc2cc(OCCN)c3ccccc3n2)nc(C(=O)Nc2cc(OCCN)c3ccccc3n2)c1
1093,GSK1904529A,"IGF1R, IR",0.1673657572936222,181,PANC0203,CCC1=CC(=C(C=C1N2CCC(CC2)N3CCN(CC3)S(=O)(=O)C)OC)NC4=NC=CC(=N4)C5=C(N=C6N5C=CC=C6)C7=CC(=C(C=C7)OC)C(=O)NC8=C(C=CC=C8F)F,CVCL_1633,CCc1cc(Nc2nccc(-c3c(-c4ccc(OC)c(C(=O)Nc5c(F)cccc5F)c4)nc4ccccn34)n2)c(OC)cc1N1CCC(N2CCN(S(C)(=O)=O)CC2)CC1
1051,Alisertib,AURKA,0.1731552232084575,181,PANC0203,COC1=C(C(=CC=C1)F)C2=NCC3=CN=C(N=C3C4=C2C=C(C=C4)Cl)NC5=CC(=C(C=C5)C(=O)O)OC,CVCL_1633,COc1cc(Nc2ncc3c(n2)-c2ccc(Cl)cc2C(c2c(F)cccc2OC)=NC3)ccc1C(=O)O
1012,Vorinostat,"HDAC inhibitor Class I, IIa, IIb, IV",0.1747165122297169,181,PANC0203,C1=CC=C(C=C1)NC(=O)CCCCCCC(=O)NO,CVCL_1633,O=C(CCCCCCC(=O)Nc1ccccc1)NO
1919,Osimertinib,EGFR,0.1780513782294869,181,PANC0203,CN1C=C(C2=CC=CC=C21)C3=NC(=NC=C3)NC4=C(C=C(C(=C4)NC(=O)C=C)N(C)CCN(C)C)OC,CVCL_1633,C=CC(=O)Nc1cc(Nc2nccc(-c3cn(C)c4ccccc34)n2)c(OC)cc1N(C)CCN(C)C
2045,AMG-319,PI3K (beta sparing),0.1937630061716573,181,PANC0203,C[C@@H](C1=C(N=C2C=C(C=CC2=C1)F)C3=CC=CC=N3)NC4=NC=NC5=C4NC=N5,CVCL_1633,C[C@H](Nc1ncnc2nc[nH]c12)c1cc2ccc(F)cc2nc1-c1ccccn1
1463,AZD1332,"NTRK1, NTRK2, NTRK3",0.2077694824317551,181,PANC0203,CC(C)OC1=NNC(=C1)NC2=NC(=NC=C2Cl)NC(C)C3=NC=C(C=C3)F,CVCL_1633,CC(C)Oc1cc(Nc2nc(NC(C)c3ccc(F)cn3)ncc2Cl)[nH]n1
1054,Palbociclib,"CDK4, CDK6",0.2213908763534153,181,PANC0203,CC1=C(C(=O)N(C2=NC(=NC=C12)NC3=NC=C(C=C3)N4CCNCC4)C5CCCC5)C(=O)C,CVCL_1633,CC(=O)c1c(C)c2cnc(Nc3ccc(N4CCNCC4)cn3)nc2n(C2CCCC2)c1=O
1250,AZ960,"JAK2, JAK3",0.2221925381923572,181,PANC0203,CC1=CC(=NN1)NC2=C(C=C(C(=N2)N[C@@H](C)C3=CC=C(C=C3)F)C#N)F,CVCL_1633,Cc1cc(Nc2nc(N[C@@H](C)c3ccc(F)cc3)c(C#N)cc2F)n[nH]1
1006,Cytarabine,Antimetabolite,0.28460341281431,181,PANC0203,C1=CN(C(=O)N=C1N)[C@H]2[C@H]([C@@H]([C@H](O2)CO)O)O,CVCL_1633,Nc1ccn([C@@H]2O[C@H](CO)[C@@H](O)[C@@H]2O)c(=O)n1
1007,Docetaxel,Microtubule stabiliser,0.3091079861093556,181,PANC0203,CC1=C2[C@H](C(=O)[C@@]3([C@H](C[C@@H]4[C@]([C@H]3[C@@H]([C@@](C2(C)C)(C[C@@H]1OC(=O)[C@@H]([C@H](C5=CC=CC=C5)NC(=O)OC(C)(C)C)O)O)OC(=O)C6=CC=CC=C6)(CO4)OC(=O)C)O)C)O,CVCL_1633,CC(=O)O[C@@]12CO[C@@H]1C[C@H](O)[C@@]1(C)C(=O)[C@H](O)C3=C(C)[C@@H](OC(=O)[C@H](O)[C@@H](NC(=O)OC(C)(C)C)c4ccccc4)C[C@@](O)([C@@H](OC(=O)c4ccccc4)[C@@H]12)C3(C)C
1849,Sabutoclax,"BCL2,  BCL-XL,  BFL1, MCL1",0.3351266945822451,181,PANC0203,CC1=CC2=C(C(=C(C=C2C(=C1C3=C(C4=CC(=C(C(=C4C=C3C)C(=O)NC[C@H](C)C5=CC=CC=C5)O)O)O)O)O)O)C(=O)NC[C@H](C)C6=CC=CC=C6,CVCL_1633,Cc1cc2c(C(=O)NC[C@H](C)c3ccccc3)c(O)c(O)cc2c(O)c1-c1c(C)cc2c(C(=O)NC[C@H](C)c3ccccc3)c(O)c(O)cc2c1O
1013,Nilotinib,ABL,0.33712800239556,181,PANC0203,CC1=C(C=C(C=C1)C(=O)NC2=CC(=CC(=C2)C(F)(F)F)N3C=C(N=C3)C)NC4=NC=CC(=N4)C5=CN=CC=C5,CVCL_1633,Cc1cn(-c2cc(NC(=O)c3ccc(C)c(Nc4nccc(-c5cccnc5)n4)c3)cc(C(F)(F)F)c2)cn1
1190,Gemcitabine,Pyrimidine antimetabolite,0.341463535221436,181,PANC0203,C1=CN(C(=O)N=C1N)[C@H]2C([C@@H]([C@H](O2)CO)O)(F)F,CVCL_1633,Nc1ccn([C@@H]2O[C@H](CO)[C@@H](O)C2(F)F)c(=O)n1
1177,Niraparib,"PARP1, PARP2",0.352455177762578,181,PANC0203,C1C[C@H](CNC1)C2=CC=C(C=C2)N3C=C4C=CC=C(C4=N3)C(=O)N,CVCL_1633,NC(=O)c1cccc2cn(-c3ccc([C@@H]4CCCNC4)cc3)nc12
1441,AZD2014,"mTORC1, mTORC2",0.3730986077269885,181,PANC0203,C[C@H]1COCCN1C2=NC(=NC3=C2C=CC(=N3)C4=CC(=CC=C4)C(=O)NC)N5CCOC[C@@H]5C,CVCL_1633,CNC(=O)c1cccc(-c2ccc3c(N4CCOC[C@@H]4C)nc(N4CCOC[C@@H]4C)nc3n2)c1
1854,MN-64,"TNKS1, TNKS2",0.3833401565018079,181,PANC0203,CC(C)C1=CC=C(C=C1)C2=CC(=O)C3=CC=CC=C3O2,CVCL_1633,CC(C)c1ccc(-c2cc(=O)c3ccccc3o2)cc1
2111,VE821,ATR,0.397991108427228,181,PANC0203,CS(=O)(=O)C1=CC=C(C=C1)C2=CN=C(C(=N2)C(=O)NC3=CC=CC=C3)N,CVCL_1633,CS(=O)(=O)c1ccc(-c2cnc(N)c(C(=O)Nc3ccccc3)n2)cc1
1180,Dinaciclib,"CDK1, CDK2, CDK5, CDK9",0.4218293928019961,181,PANC0203,CCC1=C2N=C(C=C(N2N=C1)NCC3=C[N+](=CC=C3)[O-])N4CCCC[C@H]4CCO,CVCL_1633,CCc1cnn2c(NCc3ccc[n+]([O-])c3)cc(N3CCCC[C@H]3CCO)nc12
1036,PLX-4720,BRAF,0.4356989997937062,181,PANC0203,CCCS(=O)(=O)NC1=C(C(=C(C=C1)F)C(=O)C2=CNC3=C2C=C(C=N3)Cl)F,CVCL_1633,CCCS(=O)(=O)Nc1ccc(F)c(C(=O)c2c[nH]c3ncc(Cl)cc23)c1F
1046,Wee1 Inhibitor,"WEE1, CHEK1",0.4391636928908837,181,PANC0203,C1=CC=C(C(=C1)C2=CC3=C(C4=C(N3)C=CC(=C4)O)C5=C2C(=O)NC5=O)Cl,CVCL_1633,O=C1NC(=O)c2c1c(-c1ccccc1Cl)cc1[nH]c3ccc(O)cc3c21
1089,Oxaliplatin,DNA alkylating agent,0.4961456166380366,181,PANC0203,C1CC[C@H]([C@@H](C1)N)N.C(=O)(C(=O)O)O.[Pt],CVCL_1633,N[C@@H]1CCCC[C@H]1N
1924,Ipatasertib,"AKT1, AKT, AKT3",0.5050781459525115,181,PANC0203,C[C@@H]1C[C@H](C2=C1C(=NC=N2)N3CCN(CC3)C(=O)[C@H](CNC(C)C)C4=CC=C(C=C4)Cl)O,CVCL_1633,CC(C)NC[C@@H](C(=O)N1CCN(c2ncnc3c2[C@H](C)C[C@H]3O)CC1)c1ccc(Cl)cc1
1620,PFI3,"Polybromo 1, SMARCA4, SMARCA2",0.528660935695746,181,PANC0203,C1[C@@H]2CN([C@H]1CN2C3=CC=CC=N3)/C=C/C(=O)C4=CC=CC=C4O,CVCL_1633,O=C(/C=C/N1C[C@H]2C[C@@H]1CN2c1ccccn1)c1ccccc1O
1558,Lapatinib,"EGFR, ERBB2",0.5606858581510277,181,PANC0203,CS(=O)(=O)CCNCC1=CC=C(O1)C2=CC3=C(C=C2)N=CN=C3NC4=CC(=C(C=C4)OCC5=CC(=CC=C5)F)Cl,CVCL_1633,CS(=O)(=O)CCNCc1ccc(-c2ccc3ncnc(Nc4ccc(OCc5cccc(F)c5)c(Cl)c4)c3c2)o1
1615,CZC24832,PI3Kgamma,0.5677171708108312,181,PANC0203,CC(C)(C)NS(=O)(=O)C1=CN=CC(=C1)C2=CN3C(=NC(=N3)N)C(=C2)F,CVCL_1633,CC(C)(C)NS(=O)(=O)c1cncc(-c2cc(F)c3nc(N)nn3c2)c1
1200,Fulvestrant,ESR,0.5953630389362153,181,PANC0203,C[C@]12CC[C@H]3[C@H]([C@@H]1CC[C@@H]2O)[C@@H](CC4=C3C=CC(=C4)O)CCCCCCCCCS(=O)CCCC(C(F)(F)F)(F)F,CVCL_1633,C[C@]12CC[C@@H]3c4ccc(O)cc4C[C@@H](CCCCCCCCC[S+]([O-])CCCC(F)(F)C(F)(F)F)[C@H]3[C@@H]1CC[C@@H]2O
2107,LJI308,"RSK2, RSK1, RSK3",0.5998505281501568,181,PANC0203,C1COCCN1C2=CC=C(C=C2)C3=C(C=NC=C3)C4=CC(=C(C(=C4)F)O)F,CVCL_1633,Oc1c(F)cc(-c2cnccc2-c2ccc(N3CCOCC3)cc2)cc1F
1557,LCL161,"XIAP, IAP1, IAP2",0.6013302536790502,181,PANC0203,C[C@@H](C(=O)N[C@@H](C1CCCCC1)C(=O)N2CCC[C@H]2C3=NC(=CS3)C(=O)C4=CC=C(C=C4)F)NC,CVCL_1633,CN[C@@H](C)C(=O)N[C@H](C(=O)N1CCC[C@H]1c1nc(C(=O)c2ccc(F)cc2)cs1)C1CCCCC1
1373,Dabrafenib,BRAF,0.6086602518572968,181,PANC0203,CC(C)(C)C1=NC(=C(S1)C2=NC(=NC=C2)N)C3=C(C(=CC=C3)NS(=O)(=O)C4=C(C=CC=C4F)F)F,CVCL_1633,CC(C)(C)c1nc(-c2cccc(NS(=O)(=O)c3c(F)cccc3F)c2F)c(-c2ccnc(N)n2)s1
1799,Ibrutinib,BTK,0.6095261949679212,181,PANC0203,C=CC(=O)N1CCC[C@H](C1)N2C3=NC=NC(=C3C(=N2)C4=CC=C(C=C4)OC5=CC=CC=C5)N,CVCL_1633,C=CC(=O)N1CCC[C@@H](n2nc(-c3ccc(Oc4ccccc4)cc3)c3c(N)ncnc32)C1
1862,MG-132,"Proteasome, CAPN1",0.6145239231040277,181,PANC0203,CC(C)C[C@@H](C=O)NC(=O)[C@H](CC(C)C)NC(=O)[C@H](CC(C)C)NC(=O)OCC1=CC=CC=C1,CVCL_1633,CC(C)C[C@@H](C=O)NC(=O)[C@H](CC(C)C)NC(=O)[C@H](CC(C)C)NC(=O)OCc1ccccc1
1931,MIRA-1,TP53,0.6301941638963103,181,PANC0203,CCC(=O)OCN1C(=O)C=CC1=O,CVCL_1633,CCC(=O)OCN1C(=O)C=CC1=O
2046,MK-8776,"CHEK1, CHEK2, CDK2",0.6388688879335005,181,PANC0203,CN1C=C(C=N1)C2=C3N=C(C(=C(N3N=C2)N)Br)C4CCCNC4,CVCL_1633,Cn1cc(-c2cnn3c(N)c(Br)c(C4CCCNC4)nc23)cn1
1912,Afuresertib,"AKT1, AKT2, AKT3",0.7340623757797462,181,PANC0203,CN1C(=C(C=N1)Cl)C2=C(SC(=C2)C(=O)N[C@@H](CC3=CC(=CC=C3)F)CN)Cl,CVCL_1633,Cn1ncc(Cl)c1-c1cc(C(=O)N[C@H](CN)Cc2cccc(F)c2)sc1Cl
1909,Venetoclax,BCL2,0.7342808262807788,181,PANC0203,CC1(CCC(=C(C1)C2=CC=C(C=C2)Cl)CN3CCN(CC3)C4=CC(=C(C=C4)C(=O)NS(=O)(=O)C5=CC(=C(C=C5)NCC6CCOCC6)[N+](=O)[O-])OC7=CN=C8C(=C7)C=CN8)C,CVCL_1633,CC1(C)CCC(CN2CCN(c3ccc(C(=O)NS(=O)(=O)c4ccc(NCC5CCOCC5)c([N+](=O)[O-])c4)c(Oc4cnc5[nH]ccc5c4)c3)CC2)=C(c2ccc(Cl)cc2)C1
1786,AZD4547,"FGFR1, FGFR2, FGFR3",0.7354923275671506,181,PANC0203,C[C@@H]1CN(C[C@@H](N1)C)C2=CC=C(C=C2)C(=O)NC3=NNC(=C3)CCC4=CC(=CC(=C4)OC)OC,CVCL_1633,COc1cc(CCc2cc(NC(=O)c3ccc(N4C[C@H](C)N[C@H](C)C4)cc3)n[nH]2)cc(OC)c1
1259,Talazoparib,"PARP1, PARP2",0.7359575622723783,181,PANC0203,CC(C)/C=N/NC(=O)C1=CC=C(C=C1)NC(=O)C,CVCL_1633,CC(=O)Nc1ccc(C(=O)N/N=C/C(C)C)cc1
1084,Rapamycin,MTORC1,0.7441351833838209,181,PANC0203,CC1=NC(=C(N1)[N+](=O)[O-])N(CCN2CCOCC2)CC3=CC=CC=C3F,CVCL_1633,Cc1nc(N(CCN2CCOCC2)Cc2ccccc2F)c([N+](=O)[O-])[nH]1
1080,Paclitaxel,Microtubule stabiliser,0.7601974728517018,181,PANC0203,CC1=C2[C@H](C(=O)[C@@]3([C@H](C[C@@H]4[C@]([C@H]3[C@@H]([C@@](C2(C)C)(C[C@@H]1OC(=O)[C@@H]([C@H](C5=CC=CC=C5)NC(=O)C6=CC=CC=C6)O)O)OC(=O)C7=CC=CC=C7)(CO4)OC(=O)C)O)C)OC(=O)C,CVCL_1633,CC(=O)O[C@H]1C(=O)[C@]2(C)[C@@H](O)C[C@H]3OC[C@@]3(OC(C)=O)[C@H]2[C@H](OC(=O)c2ccccc2)[C@]2(O)C[C@H](OC(=O)[C@H](O)[C@@H](NC(=O)c3ccccc3)c3ccccc3)C(C)=C1C2(C)C
1047,Nutlin-3a (-),MDM2,0.7612133554103685,181,PANC0203,CC(C)OC1=C(C=CC(=C1)OC)C2=N[C@H]([C@H](N2C(=O)N3CCNC(=O)C3)C4=CC=C(C=C4)Cl)C5=CC=C(C=C5)Cl,CVCL_1633,COc1ccc(C2=N[C@@H](c3ccc(Cl)cc3)[C@@H](c3ccc(Cl)cc3)N2C(=O)N2CCNC(=O)C2)c(OC(C)C)c1
1239,YK-4-279,RNA helicase A,0.7675395487317882,181,PANC0203,COC1=CC=C(C=C1)C(=O)CC2(C3=C(C=CC(=C3NC2=O)Cl)Cl)O,CVCL_1633,COc1ccc(C(=O)CC2(O)C(=O)Nc3c(Cl)ccc(Cl)c32)cc1
1017,Olaparib,"PARP1, PARP2",0.7682578178547302,181,PANC0203,C1CC1C(=O)N2CCN(CC2)C(=O)C3=C(C=CC(=C3)CC4=NNC(=O)C5=CC=CC=C54)F,CVCL_1633,O=C(c1cc(Cc2n[nH]c(=O)c3ccccc23)ccc1F)N1CCN(C(=O)C2CC2)CC1
1049,PD173074,"FGFR1, FGFR2, FGFR3",0.7735864645570801,181,PANC0203,CCN(CC)CCCCNC1=NC2=NC(=C(C=C2C=N1)C3=CC(=CC(=C3)OC)OC)NC(=O)NC(C)(C)C,CVCL_1633,CCN(CC)CCCCNc1ncc2cc(-c3cc(OC)cc(OC)c3)c(NC(=O)NC(C)(C)C)nc2n1
1941,Sepantronium bromide,BIRC5,0.8057453717178038,181,PANC0203,CC1=[N+](C2=C(N1CCOC)C(=O)C3=CC=CC=C3C2=O)CC4=NC=CN=C4.[Br-],CVCL_1633,COCCn1c2c([n+](Cc3cnccn3)c1C)C(=O)c1ccccc1C2=O
1401,AZD5438,CDK2,0.8089386962976286,181,PANC0203,CC1=NC=C(N1C(C)C)C2=NC(=NC=C2)NC3=CC=C(C=C3)S(=O)(=O)C,CVCL_1633,Cc1ncc(-c2ccnc(Nc3ccc(S(C)(=O)=O)cc3)n2)n1C(C)C
1511,Epirubicin,Anthracycline,0.8386111263521302,181,PANC0203,C[C@H]1[C@@H]([C@H](C[C@@H](O1)O[C@H]2C[C@@](CC3=C2C(=C4C(=C3O)C(=O)C5=C(C4=O)C(=CC=C5)OC)O)(C(=O)CO)O)N)O,CVCL_1633,COc1cccc2c1C(=O)c1c(O)c3c(c(O)c1C2=O)C[C@@](O)(C(=O)CO)C[C@@H]3O[C@H]1C[C@H](N)[C@@H](O)[C@H](C)O1
1873,Buparlisib,"PI3Kalpha, PI3Kdelta, PI3Kbeta, PI3Kgamma",0.848055133197538,181,PANC0203,C1COCCN1C2=NC(=NC(=C2)C3=CN=C(C=C3C(F)(F)F)N)N4CCOCC4,CVCL_1633,Nc1cc(C(F)(F)F)c(-c2cc(N3CCOCC3)nc(N3CCOCC3)n2)cn1
1563,EPZ5676,DOT1L,0.850675614251807,181,PANC0203,CC(C)N(C[C@@H]1[C@H]([C@H]([C@@H](O1)N2C=NC3=C(N=CN=C32)N)O)O)C4CC(C4)CCC5=NC6=C(N5)C=C(C=C6)C(C)(C)C,CVCL_1633,CC(C)N(C[C@H]1O[C@@H](n2cnc3c(N)ncnc32)[C@H](O)[C@@H]1O)C1CC(CCc2nc3ccc(C(C)(C)C)cc3[nH]2)C1
1011,Navitoclax,"BCL2, BCL-XL, BCL-W",0.8631561672984163,181,PANC0203,CC1(CCC(=C(C1)CN2CCN(CC2)C3=CC=C(C=C3)C(=O)NS(=O)(=O)C4=CC(=C(C=C4)N[C@H](CCN5CCOCC5)CSC6=CC=CC=C6)S(=O)(=O)C(F)(F)F)C7=CC=C(C=C7)Cl)C,CVCL_1633,CC1(C)CCC(c2ccc(Cl)cc2)=C(CN2CCN(c3ccc(C(=O)NS(=O)(=O)c4ccc(N[C@H](CCN5CCOCC5)CSc5ccccc5)c(S(=O)(=O)C(F)(F)F)c4)cc3)CC2)C1
1634,AGI-6780,IDH2 R140Q mutant,0.8659780585936456,181,PANC0203,C1CC1NS(=O)(=O)C2=CC(=C(C=C2)C3=CSC=C3)NC(=O)NC4=CC=CC(=C4)C(F)(F)F,CVCL_1633,O=C(Nc1cccc(C(F)(F)F)c1)Nc1cc(S(=O)(=O)NC2CC2)ccc1-c1ccsc1
1085,Sorafenib,"PDGFR, KIT, VEGFR, RAF",0.8861208124101354,181,PANC0203,CNC(=O)C1=NC=CC(=C1)OC2=CC=C(C=C2)NC(=O)NC3=CC(=C(C=C3)Cl)C(F)(F)F,CVCL_1633,CNC(=O)c1cc(Oc2ccc(NC(=O)Nc3ccc(Cl)c(C(F)(F)F)c3)cc2)ccn1
1933,P22077,"USP7, USP47",0.8881352765641147,181,PANC0203,CC(=O)C1=CC(=C(S1)SC2=C(C=C(C=C2)F)F)[N+](=O)[O-],CVCL_1633,CC(=O)c1cc([N+](=O)[O-])c(Sc2ccc(F)cc2F)s1
1910,ABT737,"BCL2, BCL-XL,  BCL-W, BCL-B, BFL1",0.8901777316189656,181,PANC0203,CN(C)CC[C@H](CSC1=CC=CC=C1)NC2=C(C=C(C=C2)S(=O)(=O)NC(=O)C3=CC=C(C=C3)N4CCN(CC4)CC5=CC=CC=C5C6=CC=C(C=C6)Cl)[N+](=O)[O-],CVCL_1633,CN(C)CC[C@H](CSc1ccccc1)Nc1ccc(S(=O)(=O)NC(=O)c2ccc(N3CCN(Cc4ccccc4-c4ccc(Cl)cc4)CC3)cc2)cc1[N+](=O)[O-]
1578,Leflunomide,Pyrimidine synthesis inhibitor,0.8995838747191371,181,PANC0203,CC1=C(C=NO1)C(=O)NC2=CC=C(C=C2)C(F)(F)F,CVCL_1633,Cc1oncc1C(=O)Nc1ccc(C(F)(F)F)cc1
1598,LGK974,PORCN,0.947761582765,181,PANC0203,CC1=CC(=CN=C1C2=CC(=NC=C2)C)CC(=O)NC3=NC=C(C=C3)C4=NC=CN=C4,CVCL_1633,Cc1cc(-c2ncc(CC(=O)Nc3ccc(-c4cnccn4)cn3)cc2C)ccn1
1553,Uprosertib,"AKT1, AKT2, AKT3",1.02093758482281,181,PANC0203,CN1C(=C(C=N1)Cl)C2=C(OC(=C2)C(=O)N[C@@H](CC3=CC(=C(C=C3)F)F)CN)Cl,CVCL_1633,Cn1ncc(Cl)c1-c1cc(C(=O)N[C@H](CN)Cc2ccc(F)c(F)c2)oc1Cl
1083,Crizotinib,"MET, ALK, ROS1",1.02620349372395,181,PANC0203,C[C@H](C1=C(C=CC(=C1Cl)F)Cl)OC2=C(N=CC(=C2)C3=CN(N=C3)C4CCNCC4)N,CVCL_1633,C[C@@H](Oc1cc(-c2cnn(C3CCNCC3)c2)cnc1N)c1c(Cl)ccc(F)c1Cl
1375,Temozolomide,DNA alkylating agent,1.0272108586737858,181,PANC0203,CN1C(=O)N2C=NC(=C2N=N1)C(=O)N,CVCL_1633,Cn1nnc2c(C(N)=O)ncn2c1=O
2043,BIBR-1532,TERT,1.0866549473084568,181,PANC0203,C/C(=C\C(=O)NC1=CC=CC=C1C(=O)O)/C2=CC3=CC=CC=C3C=C2,CVCL_1633,C/C(=C\C(=O)Nc1ccccc1C(=O)O)c1ccc2ccccc2c1
1237,EPZ004777,DOT1L,1.1212269254571765,181,PANC0203,CC(C)N(CCCNC(=O)NC1=CC=C(C=C1)C(C)(C)C)C[C@@H]2[C@H]([C@H]([C@@H](O2)N3C=CC4=C(N=CN=C43)N)O)O,CVCL_1633,CC(C)N(CCCNC(=O)Nc1ccc(C(C)(C)C)cc1)C[C@H]1O[C@@H](n2ccc3c(N)ncnc32)[C@H](O)[C@@H]1O
1622,Wnt-C59,PORCN,1.1247736279098377,181,PANC0203,CC1=NC=CC(=C1)C2=CC=C(C=C2)CC(=O)NC3=CC=C(C=C3)C4=CN=CC=C4,CVCL_1633,Cc1cc(-c2ccc(CC(=O)Nc3ccc(-c4cccnc4)cc3)cc2)ccn1
1512,Cyclophosphamide,Alkylating agent,1.1374668481445158,181,PANC0203,C1CNP(=O)(OC1)N(CCCl)CCCl,CVCL_1633,O=P1(N(CCCl)CCCl)NCCCO1
1996,MIM1,MCL1,1.1673655625162953,181,PANC0203,CC(C)[C@H]1CSC(=N1)N2[C@H](CSC2=S)C(C)C,CVCL_1633,CC(C)[C@H]1CSC(N2C(=S)SC[C@@H]2C(C)C)=N1
1004,Vinblastine,Microtubule destabiliser,1.1699620122570116,181,PANC0203,CC[C@@]1(CC2C[C@@](C3=C(CCN(C2)C1)C4=CC=CC=C4N3)(C5=C(C=C6C(=C5)[C@]78CCN9[C@H]7[C@@](C=CC9)([C@H]([C@@]([C@@H]8N6C)(C(=O)OC)O)OC(=O)C)CC)OC)C(=O)OC)O,CVCL_1633,CC[C@]1(O)CC2CN(CCc3c([nH]c4ccccc34)[C@@](C(=O)OC)(c3cc4c(cc3OC)N(C)[C@H]3[C@@](O)(C(=O)OC)[C@H](OC(C)=O)[C@]5(CC)C=CCN6CC[C@]43[C@@H]65)C2)C1
2048,Vinorelbine,Microtubule destabiliser,1.2167346978493978,181,PANC0203,CCC1=C[C@H]2C[C@@](C3=C(CN(C2)C1)C4=CC=CC=C4N3)(C5=C(C=C6C(=C5)[C@]78CCN9[C@H]7[C@@](C=CC9)([C@H]([C@@]([C@@H]8N6C)(C(=O)OC)O)OC(=O)C)CC)OC)C(=O)OC,CVCL_1633,CCC1=C[C@@H]2CN(C1)Cc1c([nH]c3ccccc13)[C@@](C(=O)OC)(c1cc3c(cc1OC)N(C)[C@H]1[C@@](O)(C(=O)OC)[C@H](OC(C)=O)[C@]4(CC)C=CCN5CC[C@]31[C@@H]54)C2
1720,AZD5991,MCL1,1.2216944297256067,181,PANC0203,CC1=C2C(=NN1C)CSCC3=NN(C(=C3)CSC4=CC5=CC=CC=C5C(=C4)OCCCC6=C(N(C7=C6C=CC(=C27)Cl)C)C(=O)O)C,CVCL_1633,Cc1c2c(nn1C)CSCc1cc(n(C)n1)CSc1cc(c3ccccc3c1)OCCCc1c(C(=O)O)n(C)c3c-2c(Cl)ccc13
2109,AZ6102,"TNKS1, TNKS2",1.2808695546927378,181,PANC0203,CCC1=CC2=C(C=C1OC(=O)C(C)(C)C)OC(=C(C2=O)OC3=CC=C(C=C3)I)C(F)(F)F,CVCL_1633,CCc1cc2c(=O)c(Oc3ccc(I)cc3)c(C(F)(F)F)oc2cc1OC(=O)C(C)(C)C
1057,Dactolisib,"PI3K (class 1), MTORC1, MTORC2",1.290754008892168,181,PANC0203,CC(C)(C#N)C1=CC=C(C=C1)N2C3=C4C=C(C=CC4=NC=C3N(C2=O)C)C5=CC6=CC=CC=C6N=C5,CVCL_1633,Cn1c(=O)n(-c2ccc(C(C)(C)C#N)cc2)c2c3cc(-c4cnc5ccccc5c4)ccc3ncc21
1936,Savolitinib,MET,1.3182872942326986,181,PANC0203,C[C@@H](C1=CN2C=CN=C2C=C1)N3C4=NC(=CN=C4N=N3)C5=CN(N=C5)C,CVCL_1633,C[C@@H](c1ccc2nccn2c1)n1nnc2ncc(-c3cnn(C)c3)nc21
1629,ML323,"USP1, UAF1",1.3452477614442628,181,PANC0203,CC1=CN=C(N=C1NCC2=CC=C(C=C2)N3C=CN=N3)C4=CC=CC=C4C(C)C,CVCL_1633,Cc1cnc(-c2ccccc2C(C)C)nc1NCc1ccc(-n2ccnn2)cc1
1594,OSI-027,"MTORC1, MTORC2",1.420399212532074,181,PANC0203,C[C@@]1\2CC[C@H](C1(C)C)C/C2=N\NC(=O)C3=CC=C(C=C3)S(=O)(=O)N4CCCCCC4,CVCL_1633,CC1(C)[C@H]2CC[C@@]1(C)/C(=N/NC(=O)c1ccc(S(=O)(=O)N3CCCCCC3)cc1)C2
1853,OF-1,"BRPF1B, BRPF2",1.4517509579095027,181,PANC0203,CC1=C(C=CC(=C1)Br)S(=O)(=O)NC2=CC3=C(C=C2OC)N(C(=O)N3C)C,CVCL_1633,COc1cc2c(cc1NS(=O)(=O)c1ccc(Br)cc1C)n(C)c(=O)n2C
1507,Ruxolitinib,"JAK1, JAK2",1.4789345926486552,181,PANC0203,C1CCC(C1)[C@@H](CC#N)N2C=C(C=N2)C3=C4C=CNC4=NC=N3,CVCL_1633,N#CC[C@H](C1CCCC1)n1cc(-c2ncnc3[nH]ccc23)cn1
1613,VE-822,ATR,1.609082330603949,181,PANC0203,CC(C)S(=O)(=O)C1=CC=C(C=C1)C2=CN=C(C(=N2)C3=CC(=NO3)C4=CC=C(C=C4)CNC)N,CVCL_1633,CNCc1ccc(-c2cc(-c3nc(-c4ccc(S(=O)(=O)C(C)C)cc4)cnc3N)on2)cc1
1635,Picolinici-acid,Inflammatory related,1.6384686316744703,181,PANC0203,C1=CC=NC(=C1)C(=O)O,CVCL_1633,O=C(O)c1ccccn1
1576,IWP-2,PORCN,1.6777791386533654,181,PANC0203,CC1=CC2=C(C=C1)N=C(S2)NC(=O)CSC3=NC4=C(C(=O)N3C5=CC=CC=C5)SCC4,CVCL_1633,Cc1ccc2nc(NC(=O)CSc3nc4c(c(=O)n3-c3ccccc3)SCC4)sc2c1
1916,AZD5363,"AKT1, AKT2, AKT3, ROCK2",1.698429868311496,181,PANC0203,C1CN(CCC1(C(=O)N[C@@H](CCO)C2=CC=C(C=C2)Cl)N)C3=NC=NC4=C3C=CN4,CVCL_1633,NC1(C(=O)N[C@@H](CCO)c2ccc(Cl)cc2)CCN(c2ncnc3[nH]ccc23)CC1
2170,AT13148,AKT1,1.8107519638603715,181,PANC0203,C1=CC(=CC=C1C2=CNN=C2)[C@@](CN)(C3=CC=C(C=C3)Cl)O,CVCL_1633,NC[C@@](O)(c1ccc(Cl)cc1)c1ccc(-c2cn[nH]c2)cc1
1034,Staurosporine,Broad spectrum kinase inhibitor,1.8936713588630285,181,PANC0203,C[C@@]12[C@@H]([C@@H](C[C@H](O1)N3C4=CC=CC=C4C5=C6C(=C7C8=CC=CC=C8N2C7=C53)CNC6=O)NC)OC,CVCL_1633,CN[C@@H]1C[C@@H]2O[C@@](C)([C@@H]1OC)n1c3ccccc3c3c4c(c5c6ccccc6n2c5c31)C(=O)NC4
2106,Uprosertib,"AKT1, AKT2, AKT3",1.9370542440042733,181,PANC0203,CN1C(=C(C=N1)Cl)C2=C(OC(=C2)C(=O)N[C@@H](CC3=CC(=C(C=C3)F)F)CN)Cl,CVCL_1633,Cn1ncc(Cl)c1-c1cc(C(=O)N[C@H](CN)Cc2ccc(F)c(F)c2)oc1Cl
1941,Sepantronium bromide,BIRC5,-1.3357960460504794,102,PANC0327,CC1=[N+](C2=C(N1CCOC)C(=O)C3=CC=CC=C3C2=O)CC4=NC=CN=C4.[Br-],CVCL_1635,COCCn1c2c([n+](Cc3cnccn3)c1C)C(=O)c1ccccc1C2=O
1179,MK-1775,"WEE1, PLK1",-1.0071724797678183,102,PANC0327,CC(C)(C1=NC(=CC=C1)N2C3=NC(=NC=C3C(=O)N2CC=C)NC4=CC=C(C=C4)N5CCN(CC5)C)O,CVCL_1635,C=CCn1c(=O)c2cnc(Nc3ccc(N4CCN(C)CC4)cc3)nc2n1-c1cccc(C(C)(C)O)n1
1022,AZD7762,"CHEK1, CHEK2",-0.7709844619180699,102,PANC0327,C1C[C@@H](CNC1)NC(=O)C2=C(C=C(S2)C3=CC(=CC=C3)F)NC(=O)N,CVCL_1635,NC(=O)Nc1cc(-c2cccc(F)c2)sc1C(=O)N[C@H]1CCCNC1
1010,Gefitinib,EGFR,-0.6611510180712591,102,PANC0327,COC1=C(C=C2C(=C1)N=CN=C2NC3=CC(=C(C=C3)F)Cl)OCCCN4CCOCC4,CVCL_1635,COc1cc2ncnc(Nc3ccc(F)c(Cl)c3)c2cc1OCCCN1CCOCC1
1034,Staurosporine,Broad spectrum kinase inhibitor,-0.6604571858286609,102,PANC0327,C[C@@]12[C@@H]([C@@H](C[C@H](O1)N3C4=CC=CC=C4C5=C6C(=C7C8=CC=CC=C8N2C7=C53)CNC6=O)NC)OC,CVCL_1635,CN[C@@H]1C[C@@H]2O[C@@](C)([C@@H]1OC)n1c3ccccc3c3c4c(c5c6ccccc6n2c5c31)C(=O)NC4
2046,MK-8776,"CHEK1, CHEK2, CDK2",-0.6267429848203682,102,PANC0327,CN1C=C(C=N1)C2=C3N=C(C(=C(N3N=C2)N)Br)C4CCCNC4,CVCL_1635,Cn1cc(-c2cnn3c(N)c(Br)c(C4CCCNC4)nc23)cn1
1079,Dasatinib,"ABL, SRC, Ephrins, PDGFR, KIT",-0.6176610611334507,102,PANC0327,CC1=C(C(=CC=C1)Cl)NC(=O)C2=CN=C(S2)NC3=CC(=NC(=N3)C)N4CCN(CC4)CCO,CVCL_1635,Cc1nc(Nc2ncc(C(=O)Nc3c(C)cccc3Cl)s2)cc(N2CCN(CCO)CC2)n1
1073,5-Fluorouracil,Antimetabolite (DNA & RNA),-0.5772107436741907,102,PANC0327,C1=C(C(=O)NC(=O)N1)F,CVCL_1635,O=c1[nH]cc(F)c(=O)[nH]1
1190,Gemcitabine,Pyrimidine antimetabolite,-0.5768174549234447,102,PANC0327,C1=CN(C(=O)N=C1N)[C@H]2C([C@@H]([C@H](O2)CO)O)(F)F,CVCL_1635,Nc1ccn([C@@H]2O[C@H](CO)[C@@H](O)C2(F)F)c(=O)n1
2047,Ulixertinib,"ERK1, ERK2",-0.3904209551840768,102,PANC0327,CC(C)NC1=NC=C(C(=C1)C2=CNC(=C2)C(=O)N[C@H](CO)C3=CC(=CC=C3)Cl)Cl,CVCL_1635,CC(C)Nc1cc(-c2c[nH]c(C(=O)N[C@H](CO)c3cccc(Cl)c3)c2)c(Cl)cn1
1564,SCH772984,"ERK1, ERK2",-0.2904143891973212,102,PANC0327,C1CN(C[C@@H]1C(=O)NC2=CC3=C(C=C2)NN=C3C4=CC=NC=C4)CC(=O)N5CCN(CC5)C6=CC=C(C=C6)C7=NC=CC=N7,CVCL_1635,O=C(Nc1ccc2[nH]nc(-c3ccncc3)c2c1)[C@@H]1CCN(CC(=O)N2CCN(c3ccc(-c4ncccn4)cc3)CC2)C1
1996,MIM1,MCL1,-0.2532199725540774,102,PANC0327,CC(C)[C@H]1CSC(=N1)N2[C@H](CSC2=S)C(C)C,CVCL_1635,CC(C)[C@H]1CSC(N2C(=S)SC[C@@H]2C(C)C)=N1
1549,Sapitinib,"EGFR, ERBB2, ERBB3",-0.2385052643449203,102,PANC0327,CNC(=O)CN1CCC(CC1)OC2=C(C=C3C(=C2)C(=NC=N3)NC4=C(C(=CC=C4)Cl)F)OC,CVCL_1635,CNC(=O)CN1CCC(Oc2cc3c(Nc4cccc(Cl)c4F)ncnc3cc2OC)CC1
1997,WEHI-539,BCL-XL,-0.2241838972638372,102,PANC0327,C1CC2=C(C=C(C=C2)C3=NC(=C(S3)CCCOC4=CC=C(C=C4)CN)C(=O)O)/C(=N/NC5=NC6=CC=CC=C6S5)/C1,CVCL_1635,NCc1ccc(OCCCc2sc(-c3ccc4c(c3)/C(=N/Nc3nc5ccccc5s3)CCC4)nc2C(=O)O)cc1
1939,UMI-77,MCL1,-0.2078195418146008,102,PANC0327,C1=CC=C2C(=C1)C(=CC(=C2O)SCC(=O)O)NS(=O)(=O)C3=CC=C(C=C3)Br,CVCL_1635,O=C(O)CSc1cc(NS(=O)(=O)c2ccc(Br)cc2)c2ccccc2c1O
1918,AZD8186,"PI3Kalpha, PI3Kbeta",-0.2025976024424793,102,PANC0327,C[C@H](C1=CC(=CC2=C1OC(=CC2=O)N3CCOCC3)C(=O)N(C)C)NC4=CC(=CC(=C4)F)F,CVCL_1635,C[C@@H](Nc1cc(F)cc(F)c1)c1cc(C(=O)N(C)C)cc2c(=O)cc(N3CCOCC3)oc12
1598,LGK974,PORCN,-0.1836704128892312,102,PANC0327,CC1=CC(=CN=C1C2=CC(=NC=C2)C)CC(=O)NC3=NC=C(C=C3)C4=NC=CN=C4,CVCL_1635,Cc1cc(-c2ncc(CC(=O)Nc3ccc(-c4cnccn4)cn3)cc2C)ccn1
1915,AZD3759,EGFR,-0.1725447986123959,102,PANC0327,C[C@@H]1CN(CCN1C(=O)OC2=C(C=C3C(=C2)C(=NC=N3)NC4=C(C(=CC=C4)Cl)F)OC)C,CVCL_1635,COc1cc2ncnc(Nc3cccc(Cl)c3F)c2cc1OC(=O)N1CCN(C)C[C@H]1C
2045,AMG-319,PI3K (beta sparing),-0.1408528608331771,102,PANC0327,C[C@@H](C1=C(N=C2C=C(C=CC2=C1)F)C3=CC=CC=N3)NC4=NC=NC5=C4NC=N5,CVCL_1635,C[C@H](Nc1ncnc2nc[nH]c12)c1cc2ccc(F)cc2nc1-c1ccccn1
1060,PD0325901,"MEK1, MEK2",-0.0999077429328293,102,PANC0327,C1=CC(=C(C=C1I)F)NC2=C(C=CC(=C2F)F)C(=O)NOC[C@@H](CO)O,CVCL_1635,O=C(NOC[C@H](O)CO)c1ccc(F)c(F)c1Nc1ccc(I)cc1F
2111,VE821,ATR,-0.07184416617202,102,PANC0327,CS(=O)(=O)C1=CC=C(C=C1)C2=CN=C(C(=N2)C(=O)NC3=CC=CC=C3)N,CVCL_1635,CS(=O)(=O)c1ccc(-c2cnc(N)c(C(=O)Nc3ccccc3)n2)cc1
1917,AZD6738,ATR,-0.0635140150048334,102,PANC0327,C[C@@H]1COCCN1C2=NC(=NC(=C2)C3(CC3)[S@](=N)(=O)C)C4=C5C=CNC5=NC=C4,CVCL_1635,C[C@@H]1COCCN1c1cc(C2([S@](C)(=N)=O)CC2)nc(-c2ccnc3[nH]ccc23)n1
1372,Trametinib,"MEK1, MEK2",-0.0577470002425634,102,PANC0327,CC1=C2C(=C(N(C1=O)C)NC3=C(C=C(C=C3)I)F)C(=O)N(C(=O)N2C4=CC=CC(=C4)NC(=O)C)C5CC5,CVCL_1635,CC(=O)Nc1cccc(-n2c(=O)n(C3CC3)c(=O)c3c(Nc4ccc(I)cc4F)n(C)c(=O)c(C)c32)c1
1168,Erlotinib,EGFR,-0.0283881812609461,102,PANC0327,COCCOC1=C(C=C2C(=C1)C(=NC=N2)NC3=CC=CC(=C3)C#C)OCCOC,CVCL_1635,C#Cc1cccc(Nc2ncnc3cc(OCCOC)c(OCCOC)cc23)c1
1248,Daporinad,NAMPT,-0.0245313248663735,102,PANC0327,C1CN(CCC1CCCCNC(=O)/C=C/C2=CN=CC=C2)C(=O)C3=CC=CC=C3,CVCL_1635,O=C(/C=C/c1cccnc1)NCCCCC1CCN(C(=O)c2ccccc2)CC1
1046,Wee1 Inhibitor,"WEE1, CHEK1",-0.018645338690831,102,PANC0327,C1=CC=C(C(=C1)C2=CC3=C(C4=C(N3)C=CC(=C4)O)C5=C2C(=O)NC5=O)Cl,CVCL_1635,O=C1NC(=O)c2c1c(-c1ccccc1Cl)cc1[nH]c3ccc(O)cc3c21
1032,Afatinib,"ERBB2, EGFR",0.0034911237919625,102,PANC0327,CN(C)C/C=C/C(=O)NC1=C(C=C2C(=C1)C(=NC=N2)NC3=CC(=C(C=C3)F)Cl)O[C@H]4CCOC4,CVCL_1635,CN(C)C/C=C/C(=O)Nc1cc2c(Nc3ccc(F)c(Cl)c3)ncnc2cc1O[C@H]1CCOC1
1930,Telomerase Inhibitor IX,Telomerase,0.0307923880675885,102,PANC0327,C1=CC(=CC(=C1)NC(=O)C2=C(C(=CC=C2)O)O)NC(=O)C3=C(C(=CC=C3)O)O,CVCL_1635,O=C(Nc1cccc(NC(=O)c2cccc(O)c2O)c1)c1cccc(O)c1O
2096,VX-11e,ERK2,0.1156863378940515,102,PANC0327,CC1=CN=C(N=C1C2=CNC(=C2)C(=O)N[C@H](CO)C3=CC(=CC=C3)Cl)NC4=C(C=C(C=C4)F)Cl,CVCL_1635,Cc1cnc(Nc2ccc(F)cc2Cl)nc1-c1c[nH]c(C(=O)N[C@H](CO)c2cccc(Cl)c2)c1
1936,Savolitinib,MET,0.1553266774751091,102,PANC0327,C[C@@H](C1=CN2C=CN=C2C=C1)N3C4=NC(=CN=C4N=N3)C5=CN(N=C5)C,CVCL_1635,C[C@@H](c1ccc2nccn2c1)n1nnc2ncc(-c3cnn(C)c3)nc21
1003,Camptothecin,TOP1,0.1798720354429531,102,PANC0327,CC[C@@]1(C2=C(COC1=O)C(=O)N3CC4=CC5=CC=CC=C5N=C4C3=C2)O,CVCL_1635,CC[C@@]1(O)C(=O)OCc2c1cc1n(c2=O)Cc2cc3ccccc3nc2-1
1919,Osimertinib,EGFR,0.1856922615511431,102,PANC0327,CN1C=C(C2=CC=CC=C21)C3=NC(=NC=C3)NC4=C(C=C(C(=C4)NC(=O)C=C)N(C)CCN(C)C)OC,CVCL_1635,C=CC(=O)Nc1cc(Nc2nccc(-c3cn(C)c4ccccc34)n2)c(OC)cc1N(C)CCN(C)C
1529,Pevonedistat,NAE,0.1948933706190585,102,PANC0327,C1CC2=CC=CC=C2[C@H]1NC3=C4C=CN(C4=NC=N3)[C@@H]5C[C@H]([C@H](C5)O)COS(=O)(=O)N,CVCL_1635,NS(=O)(=O)OC[C@@H]1C[C@@H](n2ccc3c(N[C@H]4CCc5ccccc54)ncnc32)C[C@@H]1O
2109,AZ6102,"TNKS1, TNKS2",0.2299285481968504,102,PANC0327,CCC1=CC2=C(C=C1OC(=O)C(C)(C)C)OC(=C(C2=O)OC3=CC=C(C=C3)I)C(F)(F)F,CVCL_1635,CCc1cc2c(=O)c(Oc3ccc(I)cc3)c(C(F)(F)F)oc2cc1OC(=O)C(C)(C)C
1560,Alpelisib,PI3Kalpha,0.2715120027153035,102,PANC0327,CC1=C(SC(=N1)NC(=O)N2CCC[C@H]2C(=O)N)C3=CC(=NC=C3)C(C)(C)C(F)(F)F,CVCL_1635,Cc1nc(NC(=O)N2CCC[C@H]2C(N)=O)sc1-c1ccnc(C(C)(C)C(F)(F)F)c1
1053,MK-2206,"AKT1, AKT2",0.2717816922989565,102,PANC0327,C1CC(C1)(C2=CC=C(C=C2)C3=C(C=C4C(=N3)C=CN5C4=NNC5=O)C6=CC=CC=C6)N.Cl.Cl,CVCL_1635,NC1(c2ccc(-c3nc4ccn5c(=O)[nH]nc5c4cc3-c3ccccc3)cc2)CCC1
1873,Buparlisib,"PI3Kalpha, PI3Kdelta, PI3Kbeta, PI3Kgamma",0.2755912773173897,102,PANC0327,C1COCCN1C2=NC(=NC(=C2)C3=CN=C(C=C3C(F)(F)F)N)N4CCOCC4,CVCL_1635,Nc1cc(C(F)(F)F)c(-c2cc(N3CCOCC3)nc(N3CCOCC3)n2)cn1
1006,Cytarabine,Antimetabolite,0.3228149103016894,102,PANC0327,C1=CN(C(=O)N=C1N)[C@H]2[C@H]([C@@H]([C@H](O2)CO)O)O,CVCL_1635,Nc1ccn([C@@H]2O[C@H](CO)[C@@H](O)[C@@H]2O)c(=O)n1
1058,Pictilisib,PI3K (class 1),0.3318860369444221,102,PANC0327,CS(=O)(=O)N1CCN(CC1)CC2=CC3=C(S2)C(=NC(=N3)C4=C5C=NNC5=CC=C4)N6CCOCC6,CVCL_1635,CS(=O)(=O)N1CCN(Cc2cc3nc(-c4cccc5[nH]ncc45)nc(N4CCOCC4)c3s2)CC1
1558,Lapatinib,"EGFR, ERBB2",0.355818087115738,102,PANC0327,CS(=O)(=O)CCNCC1=CC=C(O1)C2=CC3=C(C=C2)N=CN=C3NC4=CC(=C(C=C4)OCC5=CC(=CC=C5)F)Cl,CVCL_1635,CS(=O)(=O)CCNCc1ccc(-c2ccc3ncnc(Nc4ccc(OCc5cccc(F)c5)c(Cl)c4)c3c2)o1
1862,MG-132,"Proteasome, CAPN1",0.3748995985053263,102,PANC0327,CC(C)C[C@@H](C=O)NC(=O)[C@H](CC(C)C)NC(=O)[C@H](CC(C)C)NC(=O)OCC1=CC=CC=C1,CVCL_1635,CC(C)C[C@@H](C=O)NC(=O)[C@H](CC(C)C)NC(=O)[C@H](CC(C)C)NC(=O)OCc1ccccc1
1088,Irinotecan,TOP1,0.3936026787568777,102,PANC0327,CCC1=C2CN3C(=CC4=C(C3=O)COC(=O)[C@@]4(CC)O)C2=NC5=C1C=C(C=C5)OC(=O)N6CCC(CC6)N7CCCCC7,CVCL_1635,CCc1c2c(nc3ccc(OC(=O)N4CCC(N5CCCCC5)CC4)cc13)-c1cc3c(c(=O)n1C2)COC(=O)[C@]3(O)CC
1054,Palbociclib,"CDK4, CDK6",0.4053972024162468,102,PANC0327,CC1=C(C(=O)N(C2=NC(=NC=C12)NC3=NC=C(C=C3)N4CCNCC4)C5CCCC5)C(=O)C,CVCL_1635,CC(=O)c1c(C)c2cnc(Nc3ccc(N4CCNCC4)cn3)nc2n(C2CCCC2)c1=O
1007,Docetaxel,Microtubule stabiliser,0.4073289441002295,102,PANC0327,CC1=C2[C@H](C(=O)[C@@]3([C@H](C[C@@H]4[C@]([C@H]3[C@@H]([C@@](C2(C)C)(C[C@@H]1OC(=O)[C@@H]([C@H](C5=CC=CC=C5)NC(=O)OC(C)(C)C)O)O)OC(=O)C6=CC=CC=C6)(CO4)OC(=O)C)O)C)O,CVCL_1635,CC(=O)O[C@@]12CO[C@@H]1C[C@H](O)[C@@]1(C)C(=O)[C@H](O)C3=C(C)[C@@H](OC(=O)[C@H](O)[C@@H](NC(=O)OC(C)(C)C)c4ccccc4)C[C@@](O)([C@@H](OC(=O)c4ccccc4)[C@@H]12)C3(C)C
1940,WIKI4,"TNKS1, TNKS2",0.4163694535862441,102,PANC0327,COC1=CC=C(C=C1)N2C(=NN=C2SCCCN3C(=O)C4=CC=CC5=C4C(=CC=C5)C3=O)C6=CC=NC=C6,CVCL_1635,COc1ccc(-n2c(SCCCN3C(=O)c4cccc5cccc(c45)C3=O)nnc2-c2ccncc2)cc1
1931,MIRA-1,TP53,0.4470707219423344,102,PANC0327,CCC(=O)OCN1C(=O)C=CC1=O,CVCL_1635,CCC(=O)OCN1C(=O)C=CC1=O
1047,Nutlin-3a (-),MDM2,0.4496553203911201,102,PANC0327,CC(C)OC1=C(C=CC(=C1)OC)C2=N[C@H]([C@H](N2C(=O)N3CCNC(=O)C3)C4=CC=C(C=C4)Cl)C5=CC=C(C=C5)Cl,CVCL_1635,COc1ccc(C2=N[C@@H](c3ccc(Cl)cc3)[C@@H](c3ccc(Cl)cc3)N2C(=O)N2CCNC(=O)C2)c(OC(C)C)c1
1561,Taselisib,PI3K (beta sparing),0.4814201365625755,102,PANC0327,CC1=NN(C(=N1)C2=CN3CCOC4=C(C3=N2)C=CC(=C4)C5=CN(N=C5)C(C)(C)C(=O)N)C(C)C,CVCL_1635,Cc1nc(-c2cn3c(n2)-c2ccc(-c4cnn(C(C)(C)C(N)=O)c4)cc2OCC3)n(C(C)C)n1
2107,LJI308,"RSK2, RSK1, RSK3",0.4908404335786065,102,PANC0327,C1COCCN1C2=CC=C(C=C2)C3=C(C=NC=C3)C4=CC(=C(C(=C4)F)O)F,CVCL_1635,Oc1c(F)cc(-c2cnccc2-c2ccc(N3CCOCC3)cc2)cc1F
1909,Venetoclax,BCL2,0.5086717203036709,102,PANC0327,CC1(CCC(=C(C1)C2=CC=C(C=C2)Cl)CN3CCN(CC3)C4=CC(=C(C=C4)C(=O)NS(=O)(=O)C5=CC(=C(C=C5)NCC6CCOCC6)[N+](=O)[O-])OC7=CN=C8C(=C7)C=CN8)C,CVCL_1635,CC1(C)CCC(CN2CCN(c3ccc(C(=O)NS(=O)(=O)c4ccc(NCC5CCOCC5)c([N+](=O)[O-])c4)c(Oc4cnc5[nH]ccc5c4)c3)CC2)=C(c2ccc(Cl)cc2)C1
1563,EPZ5676,DOT1L,0.5112240145936942,102,PANC0327,CC(C)N(C[C@@H]1[C@H]([C@H]([C@@H](O1)N2C=NC3=C(N=CN=C32)N)O)O)C4CC(C4)CCC5=NC6=C(N5)C=C(C=C6)C(C)(C)C,CVCL_1635,CC(C)N(C[C@H]1O[C@@H](n2cnc3c(N)ncnc32)[C@H](O)[C@@H]1O)C1CC(CCc2nc3ccc(C(C)(C)C)cc3[nH]2)C1
1004,Vinblastine,Microtubule destabiliser,0.5186326589581102,102,PANC0327,CC[C@@]1(CC2C[C@@](C3=C(CCN(C2)C1)C4=CC=CC=C4N3)(C5=C(C=C6C(=C5)[C@]78CCN9[C@H]7[C@@](C=CC9)([C@H]([C@@]([C@@H]8N6C)(C(=O)OC)O)OC(=O)C)CC)OC)C(=O)OC)O,CVCL_1635,CC[C@]1(O)CC2CN(CCc3c([nH]c4ccccc34)[C@@](C(=O)OC)(c3cc4c(cc3OC)N(C)[C@H]3[C@@](O)(C(=O)OC)[C@H](OC(C)=O)[C@]5(CC)C=CCN6CC[C@]43[C@@H]65)C2)C1
1091,BMS-536924,"IGF1R, IR",0.5684836083943805,102,PANC0327,CC1=CC(=CC2=C1N=C(N2)C3=C(C=CNC3=O)NC[C@H](C4=CC(=CC=C4)Cl)O)N5CCOCC5,CVCL_1635,Cc1cc(N2CCOCC2)cc2[nH]c(-c3c(NC[C@@H](O)c4cccc(Cl)c4)cc[nH]c3=O)nc12
2044,Pyridostatin,G-quadruplex stabiliser,0.5815608150660255,102,PANC0327,C1=CC=C2C(=C1)C(=CC(=N2)NC(=O)C3=CC(=CC(=N3)C(=O)NC4=NC5=CC=CC=C5C(=C4)OCCN)OCCN)OCCN,CVCL_1635,NCCOc1cc(C(=O)Nc2cc(OCCN)c3ccccc3n2)nc(C(=O)Nc2cc(OCCN)c3ccccc3n2)c1
1786,AZD4547,"FGFR1, FGFR2, FGFR3",0.5845575997727366,102,PANC0327,C[C@@H]1CN(C[C@@H](N1)C)C2=CC=C(C=C2)C(=O)NC3=NNC(=C3)CCC4=CC(=CC(=C4)OC)OC,CVCL_1635,COc1cc(CCc2cc(NC(=O)c3ccc(N4C[C@H](C)N[C@H](C)C4)cc3)n[nH]2)cc(OC)c1
1910,ABT737,"BCL2, BCL-XL,  BCL-W, BCL-B, BFL1",0.5921990380208486,102,PANC0327,CN(C)CC[C@H](CSC1=CC=CC=C1)NC2=C(C=C(C=C2)S(=O)(=O)NC(=O)C3=CC=C(C=C3)N4CCN(CC4)CC5=CC=CC=C5C6=CC=C(C=C6)Cl)[N+](=O)[O-],CVCL_1635,CN(C)CC[C@H](CSc1ccccc1)Nc1ccc(S(=O)(=O)NC(=O)c2ccc(N3CCN(Cc4ccccc4-c4ccc(Cl)cc4)CC3)cc2)cc1[N+](=O)[O-]
1375,Temozolomide,DNA alkylating agent,0.5987994430299547,102,PANC0327,CN1C(=O)N2C=NC(=C2N=N1)C(=O)N,CVCL_1635,Cn1nnc2c(C(N)=O)ncn2c1=O
1512,Cyclophosphamide,Alkylating agent,0.6553099376010305,102,PANC0327,C1CNP(=O)(OC1)N(CCCl)CCCl,CVCL_1635,O=P1(N(CCCl)CCCl)NCCCO1
1927,GSK2578215A,LRRK2,0.6557574943113558,102,PANC0327,C1=CC=C(C=C1)COC2=C(C=C(C=C2)C3=CC(=NC=C3)F)C(=O)NC4=CN=CC=C4,CVCL_1635,O=C(Nc1cccnc1)c1cc(-c2ccnc(F)c2)ccc1OCc1ccccc1
1511,Epirubicin,Anthracycline,0.6605416212228147,102,PANC0327,C[C@H]1[C@@H]([C@H](C[C@@H](O1)O[C@H]2C[C@@](CC3=C2C(=C4C(=C3O)C(=O)C5=C(C4=O)C(=CC=C5)OC)O)(C(=O)CO)O)N)O,CVCL_1635,COc1cccc2c1C(=O)c1c(O)c3c(c(O)c1C2=O)C[C@@](O)(C(=O)CO)C[C@@H]3O[C@H]1C[C@H](N)[C@@H](O)[C@H](C)O1
1080,Paclitaxel,Microtubule stabiliser,0.7021546875949711,102,PANC0327,CC1=C2[C@H](C(=O)[C@@]3([C@H](C[C@@H]4[C@]([C@H]3[C@@H]([C@@](C2(C)C)(C[C@@H]1OC(=O)[C@@H]([C@H](C5=CC=CC=C5)NC(=O)C6=CC=CC=C6)O)O)OC(=O)C7=CC=CC=C7)(CO4)OC(=O)C)O)C)OC(=O)C,CVCL_1635,CC(=O)O[C@H]1C(=O)[C@]2(C)[C@@H](O)C[C@H]3OC[C@@]3(OC(C)=O)[C@H]2[C@H](OC(=O)c2ccccc2)[C@]2(O)C[C@H](OC(=O)[C@H](O)[C@@H](NC(=O)c3ccccc3)c3ccccc3)C(C)=C1C2(C)C
1049,PD173074,"FGFR1, FGFR2, FGFR3",0.7125312905673903,102,PANC0327,CCN(CC)CCCCNC1=NC2=NC(=C(C=C2C=N1)C3=CC(=CC(=C3)OC)OC)NC(=O)NC(C)(C)C,CVCL_1635,CCN(CC)CCCCNc1ncc2cc(-c3cc(OC)cc(OC)c3)c(NC(=O)NC(C)(C)C)nc2n1
1200,Fulvestrant,ESR,0.7184649195719758,102,PANC0327,C[C@]12CC[C@H]3[C@H]([C@@H]1CC[C@@H]2O)[C@@H](CC4=C3C=CC(=C4)O)CCCCCCCCCS(=O)CCCC(C(F)(F)F)(F)F,CVCL_1635,C[C@]12CC[C@@H]3c4ccc(O)cc4C[C@@H](CCCCCCCCC[S+]([O-])CCCC(F)(F)C(F)(F)F)[C@H]3[C@@H]1CC[C@@H]2O
1559,Luminespib,HSP90,0.7386374160871316,102,PANC0327,CN1C2=CC=CC=C2C(C1=O)(CC(=O)C3=CC=C(C=C3)Cl)O,CVCL_1635,CN1C(=O)C(O)(CC(=O)c2ccc(Cl)cc2)c2ccccc21
2110,GSK591,PMRT5,0.7532593659909492,102,PANC0327,C1CC(C1)NC2=NC=CC(=C2)C(=O)NC[C@@H](CN3CCC4=CC=CC=C4C3)O,CVCL_1635,O=C(NC[C@H](O)CN1CCc2ccccc2C1)c1ccnc(NC2CCC2)c1
1089,Oxaliplatin,DNA alkylating agent,0.7556419765542163,102,PANC0327,C1CC[C@H]([C@@H](C1)N)N.C(=O)(C(=O)O)O.[Pt],CVCL_1635,N[C@@H]1CCCC[C@H]1N
1908,Ulixertinib,"ERK1, ERK2",0.7757895923778381,102,PANC0327,CC(C)NC1=NC=C(C(=C1)C2=CNC(=C2)C(=O)N[C@H](CO)C3=CC(=CC=C3)Cl)Cl,CVCL_1635,CC(C)Nc1cc(-c2c[nH]c(C(=O)N[C@H](CO)c3cccc(Cl)c3)c2)c(Cl)cn1
1239,YK-4-279,RNA helicase A,0.77697525000246,102,PANC0327,COC1=CC=C(C=C1)C(=O)CC2(C3=C(C=CC(=C3NC2=O)Cl)Cl)O,CVCL_1635,COc1ccc(C(=O)CC2(O)C(=O)Nc3c(Cl)ccc(Cl)c32)cc1
1093,GSK1904529A,"IGF1R, IR",0.7855239156912156,102,PANC0327,CCC1=CC(=C(C=C1N2CCC(CC2)N3CCN(CC3)S(=O)(=O)C)OC)NC4=NC=CC(=N4)C5=C(N=C6N5C=CC=C6)C7=CC(=C(C=C7)OC)C(=O)NC8=C(C=CC=C8F)F,CVCL_1635,CCc1cc(Nc2nccc(-c3c(-c4ccc(OC)c(C(=O)Nc5c(F)cccc5F)c4)nc4ccccn34)n2)c(OC)cc1N1CCC(N2CCN(S(C)(=O)=O)CC2)CC1
1057,Dactolisib,"PI3K (class 1), MTORC1, MTORC2",0.8057107491091142,102,PANC0327,CC(C)(C#N)C1=CC=C(C=C1)N2C3=C4C=C(C=CC4=NC=C3N(C2=O)C)C5=CC6=CC=CC=C6N=C5,CVCL_1635,Cn1c(=O)n(-c2ccc(C(C)(C)C#N)cc2)c2c3cc(-c4cnc5ccccc5c4)ccc3ncc21
2048,Vinorelbine,Microtubule destabiliser,0.8540552888629456,102,PANC0327,CCC1=C[C@H]2C[C@@](C3=C(CN(C2)C1)C4=CC=CC=C4N3)(C5=C(C=C6C(=C5)[C@]78CCN9[C@H]7[C@@](C=CC9)([C@H]([C@@]([C@@H]8N6C)(C(=O)OC)O)OC(=O)C)CC)OC)C(=O)OC,CVCL_1635,CCC1=C[C@@H]2CN(C1)Cc1c([nH]c3ccccc13)[C@@](C(=O)OC)(c1cc3c(cc1OC)N(C)[C@H]1[C@@](O)(C(=O)OC)[C@H](OC(C)=O)[C@]4(CC)C=CCN5CC[C@]31[C@@H]54)C2
1373,Dabrafenib,BRAF,0.911720470477958,102,PANC0327,CC(C)(C)C1=NC(=C(S1)C2=NC(=NC=C2)N)C3=C(C(=CC=C3)NS(=O)(=O)C4=C(C=CC=C4F)F)F,CVCL_1635,CC(C)(C)c1nc(-c2cccc(NS(=O)(=O)c3c(F)cccc3F)c2F)c(-c2ccnc(N)n2)s1
1259,Talazoparib,"PARP1, PARP2",0.920978681312062,102,PANC0327,CC(C)/C=N/NC(=O)C1=CC=C(C=C1)NC(=O)C,CVCL_1635,CC(=O)Nc1ccc(C(=O)N/N=C/C(C)C)cc1
1933,P22077,"USP7, USP47",0.9494755678988952,102,PANC0327,CC(=O)C1=CC(=C(S1)SC2=C(C=C(C=C2)F)F)[N+](=O)[O-],CVCL_1635,CC(=O)c1cc([N+](=O)[O-])c(Sc2ccc(F)cc2F)s1
1237,EPZ004777,DOT1L,0.981044073898202,102,PANC0327,CC(C)N(CCCNC(=O)NC1=CC=C(C=C1)C(C)(C)C)C[C@@H]2[C@H]([C@H]([C@@H](O2)N3C=CC4=C(N=CN=C43)N)O)O,CVCL_1635,CC(C)N(CCCNC(=O)Nc1ccc(C(C)(C)C)cc1)C[C@H]1O[C@@H](n2ccc3c(N)ncnc32)[C@H](O)[C@@H]1O
2043,BIBR-1532,TERT,1.0173944669064678,102,PANC0327,C/C(=C\C(=O)NC1=CC=CC=C1C(=O)O)/C2=CC3=CC=CC=C3C=C2,CVCL_1635,C/C(=C\C(=O)Nc1ccccc1C(=O)O)c1ccc2ccccc2c1
1912,Afuresertib,"AKT1, AKT2, AKT3",1.0348891385607173,102,PANC0327,CN1C(=C(C=N1)Cl)C2=C(SC(=C2)C(=O)N[C@@H](CC3=CC(=CC=C3)F)CN)Cl,CVCL_1635,Cn1ncc(Cl)c1-c1cc(C(=O)N[C@H](CN)Cc2cccc(F)c2)sc1Cl
1922,Cediranib,"VEGFR, FLT1, FLT2, FLT3, FLT4, KIT, PDGFRB",1.0659588899783046,102,PANC0327,CC1=CC2=C(N1)C=CC(=C2F)OC3=NC=NC4=CC(=C(C=C43)OC)OCCCN5CCCC5,CVCL_1635,COc1cc2c(Oc3ccc4[nH]c(C)cc4c3F)ncnc2cc1OCCCN1CCCC1
1926,GNE-317,PI3Kalpha,1.0930512393782024,102,PANC0327,CC1=C(SC2=C1N=C(N=C2N3CCOCC3)C4=CN=C(N=C4)N)C5(COC5)OC,CVCL_1635,COC1(c2sc3c(N4CCOCC4)nc(-c4cnc(N)nc4)nc3c2C)COC1
1013,Nilotinib,ABL,1.1025921806850958,102,PANC0327,CC1=C(C=C(C=C1)C(=O)NC2=CC(=CC(=C2)C(F)(F)F)N3C=C(N=C3)C)NC4=NC=CC(=N4)C5=CN=CC=C5,CVCL_1635,Cc1cn(-c2cc(NC(=O)c3ccc(C)c(Nc4nccc(-c5cccnc5)n4)c3)cc(C(F)(F)F)c2)cn1
1913,AGI-5198,IDH1 (R132H),1.1057067218276977,102,PANC0327,CC1=CC=CC=C1C(C(=O)NC2CCCCC2)N(C3=CC(=CC=C3)F)C(=O)CN4C=CN=C4C,CVCL_1635,Cc1ccccc1C(C(=O)NC1CCCCC1)N(C(=O)Cn1ccnc1C)c1cccc(F)c1
1017,Olaparib,"PARP1, PARP2",1.112631203069072,102,PANC0327,C1CC1C(=O)N2CCN(CC2)C(=O)C3=C(C=CC(=C3)CC4=NNC(=O)C5=CC=CC=C54)F,CVCL_1635,O=C(c1cc(Cc2n[nH]c(=O)c3ccccc23)ccc1F)N1CCN(C(=O)C2CC2)CC1
1036,PLX-4720,BRAF,1.136960580062626,102,PANC0327,CCCS(=O)(=O)NC1=C(C(=C(C=C1)F)C(=O)C2=CNC3=C2C=C(C=N3)Cl)F,CVCL_1635,CCCS(=O)(=O)Nc1ccc(F)c(C(=O)c2c[nH]c3ncc(Cl)cc23)c1F
1928,I-BRD9,BRD9,1.1452031151976567,102,PANC0327,CCN1C=C(C2=C(C1=O)C=C(S2)C(=NC3CCS(=O)(=O)CC3)N)C4=CC(=CC=C4)C(F)(F)F,CVCL_1635,CCn1cc(-c2cccc(C(F)(F)F)c2)c2sc(C(N)=NC3CCS(=O)(=O)CC3)cc2c1=O
2106,Uprosertib,"AKT1, AKT2, AKT3",1.1616973660626726,102,PANC0327,CN1C(=C(C=N1)Cl)C2=C(OC(=C2)C(=O)N[C@@H](CC3=CC(=C(C=C3)F)F)CN)Cl,CVCL_1635,Cn1ncc(Cl)c1-c1cc(C(=O)N[C@H](CN)Cc2ccc(F)c(F)c2)oc1Cl
2040,Foretinib,"MET, KDR, TIE2, VEGFR3/FLT4, RON, PDGFR, FGFR1, EGFR",1.195247095164984,102,PANC0327,COC1=CC2=C(C=CN=C2C=C1OCCCN3CCOCC3)OC4=C(C=C(C=C4)NC(=O)C5(CC5)C(=O)NC6=CC=C(C=C6)F)F,CVCL_1635,COc1cc2c(Oc3ccc(NC(=O)C4(C(=O)Nc5ccc(F)cc5)CC4)cc3F)ccnc2cc1OCCCN1CCOCC1
1510,Linsitinib,IGF1R,1.2473754760450295,102,PANC0327,CC1(CC(C1)C2=NC(=C3N2C=CN=C3N)C4=CC5=C(C=C4)C=CC(=N5)C6=CC=CC=C6)O,CVCL_1635,CC1(O)CC(c2nc(-c3ccc4ccc(-c5ccccc5)nc4c3)c3c(N)nccn23)C1
1916,AZD5363,"AKT1, AKT2, AKT3, ROCK2",1.3584446623180264,102,PANC0327,C1CN(CCC1(C(=O)N[C@@H](CCO)C2=CC=C(C=C2)Cl)N)C3=NC=NC4=C3C=CN4,CVCL_1635,NC1(C(=O)N[C@@H](CCO)c2ccc(Cl)cc2)CCN(c2ncnc3[nH]ccc23)CC1
1924,Ipatasertib,"AKT1, AKT, AKT3",1.3627672324171989,102,PANC0327,C[C@@H]1C[C@H](C2=C1C(=NC=N2)N3CCN(CC3)C(=O)[C@H](CNC(C)C)C4=CC=C(C=C4)Cl)O,CVCL_1635,CC(C)NC[C@@H](C(=O)N1CCN(c2ncnc3c2[C@H](C)C[C@H]3O)CC1)c1ccc(Cl)cc1
1932,NVP-ADW742,IGF1R,1.383717690109415,102,PANC0327,C1CCN(C1)CC2CC(C2)N3C=C(C4=C(N=CN=C43)N)C5=CC(=CC=C5)OCC6=CC=CC=C6,CVCL_1635,Nc1ncnc2c1c(-c1cccc(OCc3ccccc3)c1)cn2C1CC(CN2CCCC2)C1
1084,Rapamycin,MTORC1,1.3983274766451712,102,PANC0327,CC1=NC(=C(N1)[N+](=O)[O-])N(CCN2CCOCC2)CC3=CC=CC=C3F,CVCL_1635,Cc1nc(N(CCN2CCOCC2)Cc2ccccc2F)c([N+](=O)[O-])[nH]1
1925,GDC0810,"ESR1, ESR2",1.4336220182779589,102,PANC0327,CC/C(=C(/C1=CC=C(C=C1)/C=C/C(=O)O)\C2=CC3=C(C=C2)NN=C3)/C4=C(C=C(C=C4)F)Cl,CVCL_1635,CC/C(=C(/c1ccc(/C=C/C(=O)O)cc1)c1ccc2[nH]ncc2c1)c1ccc(F)cc1Cl
2170,AT13148,AKT1,1.4631945571398688,102,PANC0327,C1=CC(=CC=C1C2=CNN=C2)[C@@](CN)(C3=CC=C(C=C3)Cl)O,CVCL_1635,NC[C@@](O)(c1ccc(Cl)cc1)c1ccc(-c2cn[nH]c2)cc1
1199,Tamoxifen,ESR1,1.5184968803598076,102,PANC0327,CC/C(=C(\C1=CC=CC=C1)/C2=CC=C(C=C2)OCCN(C)C)/C3=CC=CC=C3,CVCL_1635,CC/C(=C(\c1ccccc1)c1ccc(OCCN(C)C)cc1)c1ccccc1
1011,Navitoclax,"BCL2, BCL-XL, BCL-W",1.5874895928764736,102,PANC0327,CC1(CCC(=C(C1)CN2CCN(CC2)C3=CC=C(C=C3)C(=O)NS(=O)(=O)C4=CC(=C(C=C4)N[C@H](CCN5CCOCC5)CSC6=CC=CC=C6)S(=O)(=O)C(F)(F)F)C7=CC=C(C=C7)Cl)C,CVCL_1635,CC1(C)CCC(c2ccc(Cl)cc2)=C(CN2CCN(c3ccc(C(=O)NS(=O)(=O)c4ccc(N[C@H](CCN5CCOCC5)CSc5ccccc5)c(S(=O)(=O)C(F)(F)F)c4)cc3)CC2)C1
1012,Vorinostat,"HDAC inhibitor Class I, IIa, IIb, IV",2.282052106982126,102,PANC0327,C1=CC=C(C=C1)NC(=O)CCCCCCC(=O)NO,CVCL_1635,O=C(CCCCCCC(=O)Nc1ccccc1)NO
1085,Sorafenib,"PDGFR, KIT, VEGFR, RAF",2.386057350640444,102,PANC0327,CNC(=O)C1=NC=CC(=C1)OC2=CC=C(C=C2)NC(=O)NC3=CC(=C(C=C3)Cl)C(F)(F)F,CVCL_1635,CNC(=O)c1cc(Oc2ccc(NC(=O)Nc3ccc(Cl)c(C(F)(F)F)c3)cc2)ccn1
1372,Trametinib,"MEK1, MEK2",-0.5191020487341337,102,PANC0403,CC1=C2C(=C(N(C1=O)C)NC3=C(C=C(C=C3)I)F)C(=O)N(C(=O)N2C4=CC=CC(=C4)NC(=O)C)C5CC5,CVCL_1636,CC(=O)Nc1cccc(-n2c(=O)n(C3CC3)c(=O)c3c(Nc4ccc(I)cc4F)n(C)c(=O)c(C)c32)c1
1564,SCH772984,"ERK1, ERK2",-0.3110817532996783,102,PANC0403,C1CN(C[C@@H]1C(=O)NC2=CC3=C(C=C2)NN=C3C4=CC=NC=C4)CC(=O)N5CCN(CC5)C6=CC=C(C=C6)C7=NC=CC=N7,CVCL_1636,O=C(Nc1ccc2[nH]nc(-c3ccncc3)c2c1)[C@@H]1CCN(CC(=O)N2CCN(c3ccc(-c4ncccn4)cc3)CC2)C1
1939,UMI-77,MCL1,-0.1029487651356852,102,PANC0403,C1=CC=C2C(=C1)C(=CC(=C2O)SCC(=O)O)NS(=O)(=O)C3=CC=C(C=C3)Br,CVCL_1636,O=C(O)CSc1cc(NS(=O)(=O)c2ccc(Br)cc2)c2ccccc2c1O
1079,Dasatinib,"ABL, SRC, Ephrins, PDGFR, KIT",-0.0683917243792617,102,PANC0403,CC1=C(C(=CC=C1)Cl)NC(=O)C2=CN=C(S2)NC3=CC(=NC(=N3)C)N4CCN(CC4)CCO,CVCL_1636,Cc1nc(Nc2ncc(C(=O)Nc3c(C)cccc3Cl)s2)cc(N2CCN(CCO)CC2)n1
2096,VX-11e,ERK2,-0.0633967737550533,102,PANC0403,CC1=CN=C(N=C1C2=CNC(=C2)C(=O)N[C@H](CO)C3=CC(=CC=C3)Cl)NC4=C(C=C(C=C4)F)Cl,CVCL_1636,Cc1cnc(Nc2ccc(F)cc2Cl)nc1-c1c[nH]c(C(=O)N[C@H](CO)c2cccc(Cl)c2)c1
1060,PD0325901,"MEK1, MEK2",0.0678160880261441,102,PANC0403,C1=CC(=C(C=C1I)F)NC2=C(C=CC(=C2F)F)C(=O)NOC[C@@H](CO)O,CVCL_1636,O=C(NOC[C@H](O)CO)c1ccc(F)c(F)c1Nc1ccc(I)cc1F
1549,Sapitinib,"EGFR, ERBB2, ERBB3",0.1124631971366861,102,PANC0403,CNC(=O)CN1CCC(CC1)OC2=C(C=C3C(=C2)C(=NC=N3)NC4=C(C(=CC=C4)Cl)F)OC,CVCL_1636,CNC(=O)CN1CCC(Oc2cc3c(Nc4cccc(Cl)c4F)ncnc3cc2OC)CC1
1922,Cediranib,"VEGFR, FLT1, FLT2, FLT3, FLT4, KIT, PDGFRB",0.2213314546338717,102,PANC0403,CC1=CC2=C(N1)C=CC(=C2F)OC3=NC=NC4=CC(=C(C=C43)OC)OCCCN5CCCC5,CVCL_1636,COc1cc2c(Oc3ccc4[nH]c(C)cc4c3F)ncnc2cc1OCCCN1CCCC1
1168,Erlotinib,EGFR,0.2481498206778575,102,PANC0403,COCCOC1=C(C=C2C(=C1)C(=NC=N2)NC3=CC=CC(=C3)C#C)OCCOC,CVCL_1636,C#Cc1cccc(Nc2ncnc3cc(OCCOC)c(OCCOC)cc23)c1
1940,WIKI4,"TNKS1, TNKS2",0.2765889337418956,102,PANC0403,COC1=CC=C(C=C1)N2C(=NN=C2SCCCN3C(=O)C4=CC=CC5=C4C(=CC=C5)C3=O)C6=CC=NC=C6,CVCL_1636,COc1ccc(-n2c(SCCCN3C(=O)c4cccc5cccc(c45)C3=O)nnc2-c2ccncc2)cc1
1926,GNE-317,PI3Kalpha,0.2791810389994681,102,PANC0403,CC1=C(SC2=C1N=C(N=C2N3CCOCC3)C4=CN=C(N=C4)N)C5(COC5)OC,CVCL_1636,COC1(c2sc3c(N4CCOCC4)nc(-c4cnc(N)nc4)nc3c2C)COC1
1908,Ulixertinib,"ERK1, ERK2",0.3497761954329331,102,PANC0403,CC(C)NC1=NC=C(C(=C1)C2=CNC(=C2)C(=O)N[C@H](CO)C3=CC(=CC=C3)Cl)Cl,CVCL_1636,CC(C)Nc1cc(-c2c[nH]c(C(=O)N[C@H](CO)c3cccc(Cl)c3)c2)c(Cl)cn1
1510,Linsitinib,IGF1R,0.4072787511096357,102,PANC0403,CC1(CC(C1)C2=NC(=C3N2C=CN=C3N)C4=CC5=C(C=C4)C=CC(=N5)C6=CC=CC=C6)O,CVCL_1636,CC1(O)CC(c2nc(-c3ccc4ccc(-c5ccccc5)nc4c3)c3c(N)nccn23)C1
1918,AZD8186,"PI3Kalpha, PI3Kbeta",0.451629851530308,102,PANC0403,C[C@H](C1=CC(=CC2=C1OC(=CC2=O)N3CCOCC3)C(=O)N(C)C)NC4=CC(=CC(=C4)F)F,CVCL_1636,C[C@@H](Nc1cc(F)cc(F)c1)c1cc(C(=O)N(C)C)cc2c(=O)cc(N3CCOCC3)oc12
1053,MK-2206,"AKT1, AKT2",0.5809827495871185,102,PANC0403,C1CC(C1)(C2=CC=C(C=C2)C3=C(C=C4C(=N3)C=CN5C4=NNC5=O)C6=CC=CC=C6)N.Cl.Cl,CVCL_1636,NC1(c2ccc(-c3nc4ccn5c(=O)[nH]nc5c4cc3-c3ccccc3)cc2)CCC1
1057,Dactolisib,"PI3K (class 1), MTORC1, MTORC2",0.6171486810432287,102,PANC0403,CC(C)(C#N)C1=CC=C(C=C1)N2C3=C4C=C(C=CC4=NC=C3N(C2=O)C)C5=CC6=CC=CC=C6N=C5,CVCL_1636,Cn1c(=O)n(-c2ccc(C(C)(C)C#N)cc2)c2c3cc(-c4cnc5ccccc5c4)ccc3ncc21
1932,NVP-ADW742,IGF1R,0.7544847576512915,102,PANC0403,C1CCN(C1)CC2CC(C2)N3C=C(C4=C(N=CN=C43)N)C5=CC(=CC=C5)OCC6=CC=CC=C6,CVCL_1636,Nc1ncnc2c1c(-c1cccc(OCc3ccccc3)c1)cn2C1CC(CN2CCCC2)C1
1190,Gemcitabine,Pyrimidine antimetabolite,0.7644086321229315,102,PANC0403,C1=CN(C(=O)N=C1N)[C@H]2C([C@@H]([C@H](O2)CO)O)(F)F,CVCL_1636,Nc1ccn([C@@H]2O[C@H](CO)[C@@H](O)C2(F)F)c(=O)n1
1924,Ipatasertib,"AKT1, AKT, AKT3",0.765446068135645,102,PANC0403,C[C@@H]1C[C@H](C2=C1C(=NC=N2)N3CCN(CC3)C(=O)[C@H](CNC(C)C)C4=CC=C(C=C4)Cl)O,CVCL_1636,CC(C)NC[C@@H](C(=O)N1CCN(c2ncnc3c2[C@H](C)C[C@H]3O)CC1)c1ccc(Cl)cc1
1941,Sepantronium bromide,BIRC5,0.8612757649562685,102,PANC0403,CC1=[N+](C2=C(N1CCOC)C(=O)C3=CC=CC=C3C2=O)CC4=NC=CN=C4.[Br-],CVCL_1636,COCCn1c2c([n+](Cc3cnccn3)c1C)C(=O)c1ccccc1C2=O
1248,Daporinad,NAMPT,0.9063735422007234,102,PANC0403,C1CN(CCC1CCCCNC(=O)/C=C/C2=CN=CC=C2)C(=O)C3=CC=CC=C3,CVCL_1636,O=C(/C=C/c1cccnc1)NCCCCC1CCN(C(=O)c2ccccc2)CC1
1561,Taselisib,PI3K (beta sparing),0.9585256783454412,102,PANC0403,CC1=NN(C(=N1)C2=CN3CCOC4=C(C3=N2)C=CC(=C4)C5=CN(N=C5)C(C)(C)C(=O)N)C(C)C,CVCL_1636,Cc1nc(-c2cn3c(n2)-c2ccc(-c4cnn(C(C)(C)C(N)=O)c4)cc2OCC3)n(C(C)C)n1
1073,5-Fluorouracil,Antimetabolite (DNA & RNA),0.962965142511824,102,PANC0403,C1=C(C(=O)NC(=O)N1)F,CVCL_1636,O=c1[nH]cc(F)c(=O)[nH]1
1915,AZD3759,EGFR,0.9639977836438256,102,PANC0403,C[C@@H]1CN(CCN1C(=O)OC2=C(C=C3C(=C2)C(=NC=N3)NC4=C(C(=CC=C4)Cl)F)OC)C,CVCL_1636,COc1cc2ncnc(Nc3cccc(Cl)c3F)c2cc1OC(=O)N1CCN(C)C[C@H]1C
1010,Gefitinib,EGFR,0.9724839145319376,102,PANC0403,COC1=C(C=C2C(=C1)N=CN=C2NC3=CC(=C(C=C3)F)Cl)OCCCN4CCOCC4,CVCL_1636,COc1cc2ncnc(Nc3ccc(F)c(Cl)c3)c2cc1OCCCN1CCOCC1
1003,Camptothecin,TOP1,0.985654628873408,102,PANC0403,CC[C@@]1(C2=C(COC1=O)C(=O)N3CC4=CC5=CC=CC=C5N=C4C3=C2)O,CVCL_1636,CC[C@@]1(O)C(=O)OCc2c1cc1n(c2=O)Cc2cc3ccccc3nc2-1
2047,Ulixertinib,"ERK1, ERK2",0.9947603613687082,102,PANC0403,CC(C)NC1=NC=C(C(=C1)C2=CNC(=C2)C(=O)N[C@H](CO)C3=CC(=CC=C3)Cl)Cl,CVCL_1636,CC(C)Nc1cc(-c2c[nH]c(C(=O)N[C@H](CO)c3cccc(Cl)c3)c2)c(Cl)cn1
1032,Afatinib,"ERBB2, EGFR",1.039144529763704,102,PANC0403,CN(C)C/C=C/C(=O)NC1=C(C=C2C(=C1)C(=NC=N2)NC3=CC(=C(C=C3)F)Cl)O[C@H]4CCOC4,CVCL_1636,CN(C)C/C=C/C(=O)Nc1cc2c(Nc3ccc(F)c(Cl)c3)ncnc2cc1O[C@H]1CCOC1
1919,Osimertinib,EGFR,1.1482881750283742,102,PANC0403,CN1C=C(C2=CC=CC=C21)C3=NC(=NC=C3)NC4=C(C=C(C(=C4)NC(=O)C=C)N(C)CCN(C)C)OC,CVCL_1636,C=CC(=O)Nc1cc(Nc2nccc(-c3cn(C)c4ccccc34)n2)c(OC)cc1N(C)CCN(C)C
1091,BMS-536924,"IGF1R, IR",1.180244528230347,102,PANC0403,CC1=CC(=CC2=C1N=C(N2)C3=C(C=CNC3=O)NC[C@H](C4=CC(=CC=C4)Cl)O)N5CCOCC5,CVCL_1636,Cc1cc(N2CCOCC2)cc2[nH]c(-c3c(NC[C@@H](O)c4cccc(Cl)c4)cc[nH]c3=O)nc12
1909,Venetoclax,BCL2,1.2220780235964126,102,PANC0403,CC1(CCC(=C(C1)C2=CC=C(C=C2)Cl)CN3CCN(CC3)C4=CC(=C(C=C4)C(=O)NS(=O)(=O)C5=CC(=C(C=C5)NCC6CCOCC6)[N+](=O)[O-])OC7=CN=C8C(=C7)C=CN8)C,CVCL_1636,CC1(C)CCC(CN2CCN(c3ccc(C(=O)NS(=O)(=O)c4ccc(NCC5CCOCC5)c([N+](=O)[O-])c4)c(Oc4cnc5[nH]ccc5c4)c3)CC2)=C(c2ccc(Cl)cc2)C1
1022,AZD7762,"CHEK1, CHEK2",1.2307265970405137,102,PANC0403,C1C[C@@H](CNC1)NC(=O)C2=C(C=C(S2)C3=CC(=CC=C3)F)NC(=O)N,CVCL_1636,NC(=O)Nc1cc(-c2cccc(F)c2)sc1C(=O)N[C@H]1CCCNC1
1917,AZD6738,ATR,1.2683281222403306,102,PANC0403,C[C@@H]1COCCN1C2=NC(=NC(=C2)C3(CC3)[S@](=N)(=O)C)C4=C5C=CNC5=NC=C4,CVCL_1636,C[C@@H]1COCCN1c1cc(C2([S@](C)(=N)=O)CC2)nc(-c2ccnc3[nH]ccc23)n1
1093,GSK1904529A,"IGF1R, IR",1.2741880164070538,102,PANC0403,CCC1=CC(=C(C=C1N2CCC(CC2)N3CCN(CC3)S(=O)(=O)C)OC)NC4=NC=CC(=N4)C5=C(N=C6N5C=CC=C6)C7=CC(=C(C=C7)OC)C(=O)NC8=C(C=CC=C8F)F,CVCL_1636,CCc1cc(Nc2nccc(-c3c(-c4ccc(OC)c(C(=O)Nc5c(F)cccc5F)c4)nc4ccccn34)n2)c(OC)cc1N1CCC(N2CCN(S(C)(=O)=O)CC2)CC1
1058,Pictilisib,PI3K (class 1),1.2991502993671122,102,PANC0403,CS(=O)(=O)N1CCN(CC1)CC2=CC3=C(S2)C(=NC(=N3)C4=C5C=NNC5=CC=C4)N6CCOCC6,CVCL_1636,CS(=O)(=O)N1CCN(Cc2cc3nc(-c4cccc5[nH]ncc45)nc(N4CCOCC4)c3s2)CC1
1912,Afuresertib,"AKT1, AKT2, AKT3",1.3249461189153426,102,PANC0403,CN1C(=C(C=N1)Cl)C2=C(SC(=C2)C(=O)N[C@@H](CC3=CC(=CC=C3)F)CN)Cl,CVCL_1636,Cn1ncc(Cl)c1-c1cc(C(=O)N[C@H](CN)Cc2cccc(F)c2)sc1Cl
2043,BIBR-1532,TERT,1.3694530305358068,102,PANC0403,C/C(=C\C(=O)NC1=CC=CC=C1C(=O)O)/C2=CC3=CC=CC=C3C=C2,CVCL_1636,C/C(=C\C(=O)Nc1ccccc1C(=O)O)c1ccc2ccccc2c1
1996,MIM1,MCL1,1.376248229222655,102,PANC0403,CC(C)[C@H]1CSC(=N1)N2[C@H](CSC2=S)C(C)C,CVCL_1636,CC(C)[C@H]1CSC(N2C(=S)SC[C@@H]2C(C)C)=N1
1558,Lapatinib,"EGFR, ERBB2",1.382383955287937,102,PANC0403,CS(=O)(=O)CCNCC1=CC=C(O1)C2=CC3=C(C=C2)N=CN=C3NC4=CC(=C(C=C4)OCC5=CC(=CC=C5)F)Cl,CVCL_1636,CS(=O)(=O)CCNCc1ccc(-c2ccc3ncnc(Nc4ccc(OCc5cccc(F)c5)c(Cl)c4)c3c2)o1
2111,VE821,ATR,1.3965003088733043,102,PANC0403,CS(=O)(=O)C1=CC=C(C=C1)C2=CN=C(C(=N2)C(=O)NC3=CC=CC=C3)N,CVCL_1636,CS(=O)(=O)c1ccc(-c2cnc(N)c(C(=O)Nc3ccccc3)n2)cc1
1373,Dabrafenib,BRAF,1.4084185607154267,102,PANC0403,CC(C)(C)C1=NC(=C(S1)C2=NC(=NC=C2)N)C3=C(C(=CC=C3)NS(=O)(=O)C4=C(C=CC=C4F)F)F,CVCL_1636,CC(C)(C)c1nc(-c2cccc(NS(=O)(=O)c3c(F)cccc3F)c2F)c(-c2ccnc(N)n2)s1
1916,AZD5363,"AKT1, AKT2, AKT3, ROCK2",1.4369629566337596,102,PANC0403,C1CN(CCC1(C(=O)N[C@@H](CCO)C2=CC=C(C=C2)Cl)N)C3=NC=NC4=C3C=CN4,CVCL_1636,NC1(C(=O)N[C@@H](CCO)c2ccc(Cl)cc2)CCN(c2ncnc3[nH]ccc23)CC1
1088,Irinotecan,TOP1,1.4394629624130904,102,PANC0403,CCC1=C2CN3C(=CC4=C(C3=O)COC(=O)[C@@]4(CC)O)C2=NC5=C1C=C(C=C5)OC(=O)N6CCC(CC6)N7CCCCC7,CVCL_1636,CCc1c2c(nc3ccc(OC(=O)N4CCC(N5CCCCC5)CC4)cc13)-c1cc3c(c(=O)n1C2)COC(=O)[C@]3(O)CC
1036,PLX-4720,BRAF,1.4472439774419996,102,PANC0403,CCCS(=O)(=O)NC1=C(C(=C(C=C1)F)C(=O)C2=CNC3=C2C=C(C=N3)Cl)F,CVCL_1636,CCCS(=O)(=O)Nc1ccc(F)c(C(=O)c2c[nH]c3ncc(Cl)cc23)c1F
1375,Temozolomide,DNA alkylating agent,1.4598038101002504,102,PANC0403,CN1C(=O)N2C=NC(=C2N=N1)C(=O)N,CVCL_1636,Cn1nnc2c(C(N)=O)ncn2c1=O
2106,Uprosertib,"AKT1, AKT2, AKT3",1.5590824441342663,102,PANC0403,CN1C(=C(C=N1)Cl)C2=C(OC(=C2)C(=O)N[C@@H](CC3=CC(=C(C=C3)F)F)CN)Cl,CVCL_1636,Cn1ncc(Cl)c1-c1cc(C(=O)N[C@H](CN)Cc2ccc(F)c(F)c2)oc1Cl
1259,Talazoparib,"PARP1, PARP2",1.5881437735777986,102,PANC0403,CC(C)/C=N/NC(=O)C1=CC=C(C=C1)NC(=O)C,CVCL_1636,CC(=O)Nc1ccc(C(=O)N/N=C/C(C)C)cc1
1997,WEHI-539,BCL-XL,1.5949803707276649,102,PANC0403,C1CC2=C(C=C(C=C2)C3=NC(=C(S3)CCCOC4=CC=C(C=C4)CN)C(=O)O)/C(=N/NC5=NC6=CC=CC=C6S5)/C1,CVCL_1636,NCc1ccc(OCCCc2sc(-c3ccc4c(c3)/C(=N/Nc3nc5ccccc5s3)CCC4)nc2C(=O)O)cc1
1560,Alpelisib,PI3Kalpha,1.6259109842834572,102,PANC0403,CC1=C(SC(=N1)NC(=O)N2CCC[C@H]2C(=O)N)C3=CC(=NC=C3)C(C)(C)C(F)(F)F,CVCL_1636,Cc1nc(NC(=O)N2CCC[C@H]2C(N)=O)sc1-c1ccnc(C(C)(C)C(F)(F)F)c1
1004,Vinblastine,Microtubule destabiliser,1.6486843616538376,102,PANC0403,CC[C@@]1(CC2C[C@@](C3=C(CCN(C2)C1)C4=CC=CC=C4N3)(C5=C(C=C6C(=C5)[C@]78CCN9[C@H]7[C@@](C=CC9)([C@H]([C@@]([C@@H]8N6C)(C(=O)OC)O)OC(=O)C)CC)OC)C(=O)OC)O,CVCL_1636,CC[C@]1(O)CC2CN(CCc3c([nH]c4ccccc34)[C@@](C(=O)OC)(c3cc4c(cc3OC)N(C)[C@H]3[C@@](O)(C(=O)OC)[C@H](OC(C)=O)[C@]5(CC)C=CCN6CC[C@]43[C@@H]65)C2)C1
1046,Wee1 Inhibitor,"WEE1, CHEK1",1.6844022912605618,102,PANC0403,C1=CC=C(C(=C1)C2=CC3=C(C4=C(N3)C=CC(=C4)O)C5=C2C(=O)NC5=O)Cl,CVCL_1636,O=C1NC(=O)c2c1c(-c1ccccc1Cl)cc1[nH]c3ccc(O)cc3c21
1080,Paclitaxel,Microtubule stabiliser,1.6931331476696494,102,PANC0403,CC1=C2[C@H](C(=O)[C@@]3([C@H](C[C@@H]4[C@]([C@H]3[C@@H]([C@@](C2(C)C)(C[C@@H]1OC(=O)[C@@H]([C@H](C5=CC=CC=C5)NC(=O)C6=CC=CC=C6)O)O)OC(=O)C7=CC=CC=C7)(CO4)OC(=O)C)O)C)OC(=O)C,CVCL_1636,CC(=O)O[C@H]1C(=O)[C@]2(C)[C@@H](O)C[C@H]3OC[C@@]3(OC(C)=O)[C@H]2[C@H](OC(=O)c2ccccc2)[C@]2(O)C[C@H](OC(=O)[C@H](O)[C@@H](NC(=O)c3ccccc3)c3ccccc3)C(C)=C1C2(C)C
1179,MK-1775,"WEE1, PLK1",1.7320046470063462,102,PANC0403,CC(C)(C1=NC(=CC=C1)N2C3=NC(=NC=C3C(=O)N2CC=C)NC4=CC=C(C=C4)N5CCN(CC5)C)O,CVCL_1636,C=CCn1c(=O)c2cnc(Nc3ccc(N4CCN(C)CC4)cc3)nc2n1-c1cccc(C(C)(C)O)n1
1199,Tamoxifen,ESR1,1.768539935254302,102,PANC0403,CC/C(=C(\C1=CC=CC=C1)/C2=CC=C(C=C2)OCCN(C)C)/C3=CC=CC=C3,CVCL_1636,CC/C(=C(\c1ccccc1)c1ccc(OCCN(C)C)cc1)c1ccccc1
1559,Luminespib,HSP90,1.7699306994184798,102,PANC0403,CN1C2=CC=CC=C2C(C1=O)(CC(=O)C3=CC=C(C=C3)Cl)O,CVCL_1636,CN1C(=O)C(O)(CC(=O)c2ccc(Cl)cc2)c2ccccc21
1089,Oxaliplatin,DNA alkylating agent,1.77747898820058,102,PANC0403,C1CC[C@H]([C@@H](C1)N)N.C(=O)(C(=O)O)O.[Pt],CVCL_1636,N[C@@H]1CCCC[C@H]1N
1007,Docetaxel,Microtubule stabiliser,1.8389866158694967,102,PANC0403,CC1=C2[C@H](C(=O)[C@@]3([C@H](C[C@@H]4[C@]([C@H]3[C@@H]([C@@](C2(C)C)(C[C@@H]1OC(=O)[C@@H]([C@H](C5=CC=CC=C5)NC(=O)OC(C)(C)C)O)O)OC(=O)C6=CC=CC=C6)(CO4)OC(=O)C)O)C)O,CVCL_1636,CC(=O)O[C@@]12CO[C@@H]1C[C@H](O)[C@@]1(C)C(=O)[C@H](O)C3=C(C)[C@@H](OC(=O)[C@H](O)[C@@H](NC(=O)OC(C)(C)C)c4ccccc4)C[C@@](O)([C@@H](OC(=O)c4ccccc4)[C@@H]12)C3(C)C
1529,Pevonedistat,NAE,1.9275902145495367,102,PANC0403,C1CC2=CC=CC=C2[C@H]1NC3=C4C=CN(C4=NC=N3)[C@@H]5C[C@H]([C@H](C5)O)COS(=O)(=O)N,CVCL_1636,NS(=O)(=O)OC[C@@H]1C[C@@H](n2ccc3c(N[C@H]4CCc5ccccc54)ncnc32)C[C@@H]1O
1049,PD173074,"FGFR1, FGFR2, FGFR3",1.92961346668826,102,PANC0403,CCN(CC)CCCCNC1=NC2=NC(=C(C=C2C=N1)C3=CC(=CC(=C3)OC)OC)NC(=O)NC(C)(C)C,CVCL_1636,CCN(CC)CCCCNc1ncc2cc(-c3cc(OC)cc(OC)c3)c(NC(=O)NC(C)(C)C)nc2n1
1013,Nilotinib,ABL,1.9580923084114048,102,PANC0403,CC1=C(C=C(C=C1)C(=O)NC2=CC(=CC(=C2)C(F)(F)F)N3C=C(N=C3)C)NC4=NC=CC(=N4)C5=CN=CC=C5,CVCL_1636,Cc1cn(-c2cc(NC(=O)c3ccc(C)c(Nc4nccc(-c5cccnc5)n4)c3)cc(C(F)(F)F)c2)cn1
1930,Telomerase Inhibitor IX,Telomerase,1.9741011827114148,102,PANC0403,C1=CC(=CC(=C1)NC(=O)C2=C(C(=CC=C2)O)O)NC(=O)C3=C(C(=CC=C3)O)O,CVCL_1636,O=C(Nc1cccc(NC(=O)c2cccc(O)c2O)c1)c1cccc(O)c1O
1786,AZD4547,"FGFR1, FGFR2, FGFR3",1.9860385820822184,102,PANC0403,C[C@@H]1CN(C[C@@H](N1)C)C2=CC=C(C=C2)C(=O)NC3=NNC(=C3)CCC4=CC(=CC(=C4)OC)OC,CVCL_1636,COc1cc(CCc2cc(NC(=O)c3ccc(N4C[C@H](C)N[C@H](C)C4)cc3)n[nH]2)cc(OC)c1
1910,ABT737,"BCL2, BCL-XL,  BCL-W, BCL-B, BFL1",2.0180037097529486,102,PANC0403,CN(C)CC[C@H](CSC1=CC=CC=C1)NC2=C(C=C(C=C2)S(=O)(=O)NC(=O)C3=CC=C(C=C3)N4CCN(CC4)CC5=CC=CC=C5C6=CC=C(C=C6)Cl)[N+](=O)[O-],CVCL_1636,CN(C)CC[C@H](CSc1ccccc1)Nc1ccc(S(=O)(=O)NC(=O)c2ccc(N3CCN(Cc4ccccc4-c4ccc(Cl)cc4)CC3)cc2)cc1[N+](=O)[O-]
1017,Olaparib,"PARP1, PARP2",2.023352841736871,102,PANC0403,C1CC1C(=O)N2CCN(CC2)C(=O)C3=C(C=CC(=C3)CC4=NNC(=O)C5=CC=CC=C54)F,CVCL_1636,O=C(c1cc(Cc2n[nH]c(=O)c3ccccc23)ccc1F)N1CCN(C(=O)C2CC2)CC1
1084,Rapamycin,MTORC1,2.0734524834282446,102,PANC0403,CC1=NC(=C(N1)[N+](=O)[O-])N(CCN2CCOCC2)CC3=CC=CC=C3F,CVCL_1636,Cc1nc(N(CCN2CCOCC2)Cc2ccccc2F)c([N+](=O)[O-])[nH]1
1006,Cytarabine,Antimetabolite,2.081500546372431,102,PANC0403,C1=CN(C(=O)N=C1N)[C@H]2[C@H]([C@@H]([C@H](O2)CO)O)O,CVCL_1636,Nc1ccn([C@@H]2O[C@H](CO)[C@@H](O)[C@@H]2O)c(=O)n1
1931,MIRA-1,TP53,2.096874262620376,102,PANC0403,CCC(=O)OCN1C(=O)C=CC1=O,CVCL_1636,CCC(=O)OCN1C(=O)C=CC1=O
2048,Vinorelbine,Microtubule destabiliser,2.1182929649217,102,PANC0403,CCC1=C[C@H]2C[C@@](C3=C(CN(C2)C1)C4=CC=CC=C4N3)(C5=C(C=C6C(=C5)[C@]78CCN9[C@H]7[C@@](C=CC9)([C@H]([C@@]([C@@H]8N6C)(C(=O)OC)O)OC(=O)C)CC)OC)C(=O)OC,CVCL_1636,CCC1=C[C@@H]2CN(C1)Cc1c([nH]c3ccccc13)[C@@](C(=O)OC)(c1cc3c(cc1OC)N(C)[C@H]1[C@@](O)(C(=O)OC)[C@H](OC(C)=O)[C@]4(CC)C=CCN5CC[C@]31[C@@H]54)C2
1034,Staurosporine,Broad spectrum kinase inhibitor,2.1202144123780164,102,PANC0403,C[C@@]12[C@@H]([C@@H](C[C@H](O1)N3C4=CC=CC=C4C5=C6C(=C7C8=CC=CC=C8N2C7=C53)CNC6=O)NC)OC,CVCL_1636,CN[C@@H]1C[C@@H]2O[C@@](C)([C@@H]1OC)n1c3ccccc3c3c4c(c5c6ccccc6n2c5c31)C(=O)NC4
2044,Pyridostatin,G-quadruplex stabiliser,2.14097877970368,102,PANC0403,C1=CC=C2C(=C1)C(=CC(=N2)NC(=O)C3=CC(=CC(=N3)C(=O)NC4=NC5=CC=CC=C5C(=C4)OCCN)OCCN)OCCN,CVCL_1636,NCCOc1cc(C(=O)Nc2cc(OCCN)c3ccccc3n2)nc(C(=O)Nc2cc(OCCN)c3ccccc3n2)c1
1239,YK-4-279,RNA helicase A,2.19413222436092,102,PANC0403,COC1=CC=C(C=C1)C(=O)CC2(C3=C(C=CC(=C3NC2=O)Cl)Cl)O,CVCL_1636,COc1ccc(C(=O)CC2(O)C(=O)Nc3c(Cl)ccc(Cl)c32)cc1
2109,AZ6102,"TNKS1, TNKS2",2.214760469977876,102,PANC0403,CCC1=CC2=C(C=C1OC(=O)C(C)(C)C)OC(=C(C2=O)OC3=CC=C(C=C3)I)C(F)(F)F,CVCL_1636,CCc1cc2c(=O)c(Oc3ccc(I)cc3)c(C(F)(F)F)oc2cc1OC(=O)C(C)(C)C
1047,Nutlin-3a (-),MDM2,2.2194223619409006,102,PANC0403,CC(C)OC1=C(C=CC(=C1)OC)C2=N[C@H]([C@H](N2C(=O)N3CCNC(=O)C3)C4=CC=C(C=C4)Cl)C5=CC=C(C=C5)Cl,CVCL_1636,COc1ccc(C2=N[C@@H](c3ccc(Cl)cc3)[C@@H](c3ccc(Cl)cc3)N2C(=O)N2CCNC(=O)C2)c(OC(C)C)c1
1200,Fulvestrant,ESR,2.267227902144456,102,PANC0403,C[C@]12CC[C@H]3[C@H]([C@@H]1CC[C@@H]2O)[C@@H](CC4=C3C=CC(=C4)O)CCCCCCCCCS(=O)CCCC(C(F)(F)F)(F)F,CVCL_1636,C[C@]12CC[C@@H]3c4ccc(O)cc4C[C@@H](CCCCCCCCC[S+]([O-])CCCC(F)(F)C(F)(F)F)[C@H]3[C@@H]1CC[C@@H]2O
2040,Foretinib,"MET, KDR, TIE2, VEGFR3/FLT4, RON, PDGFR, FGFR1, EGFR",2.292672124889783,102,PANC0403,COC1=CC2=C(C=CN=C2C=C1OCCCN3CCOCC3)OC4=C(C=C(C=C4)NC(=O)C5(CC5)C(=O)NC6=CC=C(C=C6)F)F,CVCL_1636,COc1cc2c(Oc3ccc(NC(=O)C4(C(=O)Nc5ccc(F)cc5)CC4)cc3F)ccnc2cc1OCCCN1CCOCC1
2046,MK-8776,"CHEK1, CHEK2, CDK2",2.3415025576130355,102,PANC0403,CN1C=C(C=N1)C2=C3N=C(C(=C(N3N=C2)N)Br)C4CCCNC4,CVCL_1636,Cn1cc(-c2cnn3c(N)c(Br)c(C4CCCNC4)nc23)cn1
2170,AT13148,AKT1,2.42227416463843,102,PANC0403,C1=CC(=CC=C1C2=CNN=C2)[C@@](CN)(C3=CC=C(C=C3)Cl)O,CVCL_1636,NC[C@@](O)(c1ccc(Cl)cc1)c1ccc(-c2cn[nH]c2)cc1
1873,Buparlisib,"PI3Kalpha, PI3Kdelta, PI3Kbeta, PI3Kgamma",2.422644742538461,102,PANC0403,C1COCCN1C2=NC(=NC(=C2)C3=CN=C(C=C3C(F)(F)F)N)N4CCOCC4,CVCL_1636,Nc1cc(C(F)(F)F)c(-c2cc(N3CCOCC3)nc(N3CCOCC3)n2)cn1
2107,LJI308,"RSK2, RSK1, RSK3",2.4358945928709312,102,PANC0403,C1COCCN1C2=CC=C(C=C2)C3=C(C=NC=C3)C4=CC(=C(C(=C4)F)O)F,CVCL_1636,Oc1c(F)cc(-c2cnccc2-c2ccc(N3CCOCC3)cc2)cc1F
1913,AGI-5198,IDH1 (R132H),2.533614615005705,102,PANC0403,CC1=CC=CC=C1C(C(=O)NC2CCCCC2)N(C3=CC(=CC=C3)F)C(=O)CN4C=CN=C4C,CVCL_1636,Cc1ccccc1C(C(=O)NC1CCCCC1)N(C(=O)Cn1ccnc1C)c1cccc(F)c1
1054,Palbociclib,"CDK4, CDK6",2.539612648101897,102,PANC0403,CC1=C(C(=O)N(C2=NC(=NC=C12)NC3=NC=C(C=C3)N4CCNCC4)C5CCCC5)C(=O)C,CVCL_1636,CC(=O)c1c(C)c2cnc(Nc3ccc(N4CCNCC4)cn3)nc2n(C2CCCC2)c1=O
1012,Vorinostat,"HDAC inhibitor Class I, IIa, IIb, IV",2.547221052383489,102,PANC0403,C1=CC=C(C=C1)NC(=O)CCCCCCC(=O)NO,CVCL_1636,O=C(CCCCCCC(=O)Nc1ccccc1)NO
1511,Epirubicin,Anthracycline,2.5795471369861,102,PANC0403,C[C@H]1[C@@H]([C@H](C[C@@H](O1)O[C@H]2C[C@@](CC3=C2C(=C4C(=C3O)C(=O)C5=C(C4=O)C(=CC=C5)OC)O)(C(=O)CO)O)N)O,CVCL_1636,COc1cccc2c1C(=O)c1c(O)c3c(c(O)c1C2=O)C[C@@](O)(C(=O)CO)C[C@@H]3O[C@H]1C[C@H](N)[C@@H](O)[C@H](C)O1
2110,GSK591,PMRT5,2.58635177120978,102,PANC0403,C1CC(C1)NC2=NC=CC(=C2)C(=O)NC[C@@H](CN3CCC4=CC=CC=C4C3)O,CVCL_1636,O=C(NC[C@H](O)CN1CCc2ccccc2C1)c1ccnc(NC2CCC2)c1
1237,EPZ004777,DOT1L,2.5881348500539336,102,PANC0403,CC(C)N(CCCNC(=O)NC1=CC=C(C=C1)C(C)(C)C)C[C@@H]2[C@H]([C@H]([C@@H](O2)N3C=CC4=C(N=CN=C43)N)O)O,CVCL_1636,CC(C)N(CCCNC(=O)Nc1ccc(C(C)(C)C)cc1)C[C@H]1O[C@@H](n2ccc3c(N)ncnc32)[C@H](O)[C@@H]1O
2045,AMG-319,PI3K (beta sparing),2.6141190480678205,102,PANC0403,C[C@@H](C1=C(N=C2C=C(C=CC2=C1)F)C3=CC=CC=N3)NC4=NC=NC5=C4NC=N5,CVCL_1636,C[C@H](Nc1ncnc2nc[nH]c12)c1cc2ccc(F)cc2nc1-c1ccccn1
1928,I-BRD9,BRD9,2.6494012166160497,102,PANC0403,CCN1C=C(C2=C(C1=O)C=C(S2)C(=NC3CCS(=O)(=O)CC3)N)C4=CC(=CC=C4)C(F)(F)F,CVCL_1636,CCn1cc(-c2cccc(C(F)(F)F)c2)c2sc(C(N)=NC3CCS(=O)(=O)CC3)cc2c1=O
1936,Savolitinib,MET,2.7401711598360743,102,PANC0403,C[C@@H](C1=CN2C=CN=C2C=C1)N3C4=NC(=CN=C4N=N3)C5=CN(N=C5)C,CVCL_1636,C[C@@H](c1ccc2nccn2c1)n1nnc2ncc(-c3cnn(C)c3)nc21
1933,P22077,"USP7, USP47",2.777027046687532,102,PANC0403,CC(=O)C1=CC(=C(S1)SC2=C(C=C(C=C2)F)F)[N+](=O)[O-],CVCL_1636,CC(=O)c1cc([N+](=O)[O-])c(Sc2ccc(F)cc2F)s1
1563,EPZ5676,DOT1L,2.811285650985849,102,PANC0403,CC(C)N(C[C@@H]1[C@H]([C@H]([C@@H](O1)N2C=NC3=C(N=CN=C32)N)O)O)C4CC(C4)CCC5=NC6=C(N5)C=C(C=C6)C(C)(C)C,CVCL_1636,CC(C)N(C[C@H]1O[C@@H](n2cnc3c(N)ncnc32)[C@H](O)[C@@H]1O)C1CC(CCc2nc3ccc(C(C)(C)C)cc3[nH]2)C1
1927,GSK2578215A,LRRK2,2.9978312880067546,102,PANC0403,C1=CC=C(C=C1)COC2=C(C=C(C=C2)C3=CC(=NC=C3)F)C(=O)NC4=CN=CC=C4,CVCL_1636,O=C(Nc1cccnc1)c1cc(-c2ccnc(F)c2)ccc1OCc1ccccc1
1925,GDC0810,"ESR1, ESR2",3.068139794703906,102,PANC0403,CC/C(=C(/C1=CC=C(C=C1)/C=C/C(=O)O)\C2=CC3=C(C=C2)NN=C3)/C4=C(C=C(C=C4)F)Cl,CVCL_1636,CC/C(=C(/c1ccc(/C=C/C(=O)O)cc1)c1ccc2[nH]ncc2c1)c1ccc(F)cc1Cl
1598,LGK974,PORCN,3.086339868485781,102,PANC0403,CC1=CC(=CN=C1C2=CC(=NC=C2)C)CC(=O)NC3=NC=C(C=C3)C4=NC=CN=C4,CVCL_1636,Cc1cc(-c2ncc(CC(=O)Nc3ccc(-c4cnccn4)cn3)cc2C)ccn1
1085,Sorafenib,"PDGFR, KIT, VEGFR, RAF",3.1244905500973275,102,PANC0403,CNC(=O)C1=NC=CC(=C1)OC2=CC=C(C=C2)NC(=O)NC3=CC(=C(C=C3)Cl)C(F)(F)F,CVCL_1636,CNC(=O)c1cc(Oc2ccc(NC(=O)Nc3ccc(Cl)c(C(F)(F)F)c3)cc2)ccn1
1011,Navitoclax,"BCL2, BCL-XL, BCL-W",3.15585647418656,102,PANC0403,CC1(CCC(=C(C1)CN2CCN(CC2)C3=CC=C(C=C3)C(=O)NS(=O)(=O)C4=CC(=C(C=C4)N[C@H](CCN5CCOCC5)CSC6=CC=CC=C6)S(=O)(=O)C(F)(F)F)C7=CC=C(C=C7)Cl)C,CVCL_1636,CC1(C)CCC(c2ccc(Cl)cc2)=C(CN2CCN(c3ccc(C(=O)NS(=O)(=O)c4ccc(N[C@H](CCN5CCOCC5)CSc5ccccc5)c(S(=O)(=O)C(F)(F)F)c4)cc3)CC2)C1
1512,Cyclophosphamide,Alkylating agent,3.3351387543265525,102,PANC0403,C1CNP(=O)(OC1)N(CCCl)CCCl,CVCL_1636,O=P1(N(CCCl)CCCl)NCCCO1
1862,MG-132,"Proteasome, CAPN1",3.413819320116476,102,PANC0403,CC(C)C[C@@H](C=O)NC(=O)[C@H](CC(C)C)NC(=O)[C@H](CC(C)C)NC(=O)OCC1=CC=CC=C1,CVCL_1636,CC(C)C[C@@H](C=O)NC(=O)[C@H](CC(C)C)NC(=O)[C@H](CC(C)C)NC(=O)OCc1ccccc1
1626,OTX015,"BRD2, BRD3, BRD4",-1.1120217709676112,179,PANC0813,CC1=C(SC2=C1C(=N[C@H](C3=NN=C(N32)C)CC(=O)NC4=CC=C(C=C4)O)C5=CC=C(C=C5)Cl)C,CVCL_1638,Cc1sc2c(c1C)C(c1ccc(Cl)cc1)=N[C@@H](CC(=O)Nc1ccc(O)cc1)c1nnc(C)n1-2
1706,AZD5153,BRD4,-0.8847520144168377,179,PANC0813,C[C@@H]1C(=O)N(CCN1CCOC2=CC=C(C=C2)C3CCN(CC3)C4=NN5C(=NN=C5OC)C=C4)C,CVCL_1638,COc1nnc2ccc(N3CCC(c4ccc(OCCN5CCN(C)C(=O)[C@H]5C)cc4)CC3)nn12
1624,I-BET-762,"BRD2, BRD3, BRD4",-0.753673226664545,179,PANC0813,CCNC(=O)C[C@H]1C2=NN=C(N2C3=C(C=C(C=C3)OC)C(=N1)C4=CC=C(C=C4)Cl)C,CVCL_1638,CCNC(=O)C[C@@H]1N=C(c2ccc(Cl)cc2)c2cc(OC)ccc2-n2c(C)nnc21
1463,AZD1332,"NTRK1, NTRK2, NTRK3",-0.7195224442798869,179,PANC0813,CC(C)OC1=NNC(=C1)NC2=NC(=NC=C2Cl)NC(C)C3=NC=C(C=C3)F,CVCL_1638,CC(C)Oc1cc(Nc2nc(NC(C)c3ccc(F)cn3)ncc2Cl)[nH]n1
1630,Entospletinib,SYK,-0.7034365849760262,179,PANC0813,C1COCCN1C2=CC=C(C=C2)NC3=NC(=CN4C3=NC=C4)C5=CC6=C(C=C5)C=NN6,CVCL_1638,c1cn2cc(-c3ccc4cn[nH]c4c3)nc(Nc3ccc(N4CCOCC4)cc3)c2n1
1625,RVX-208,BRD4,-0.6390031222521271,179,PANC0813,C1=CC(=C(C=C1N=C=O)F)F,CVCL_1638,O=C=Nc1ccc(F)c(F)c1
1940,WIKI4,"TNKS1, TNKS2",-0.4358357744596809,179,PANC0813,COC1=CC=C(C=C1)N2C(=NN=C2SCCCN3C(=O)C4=CC=CC5=C4C(=CC=C5)C3=O)C6=CC=NC=C6,CVCL_1638,COc1ccc(-n2c(SCCCN3C(=O)c4cccc5cccc(c45)C3=O)nnc2-c2ccncc2)cc1
1936,Savolitinib,MET,-0.3745583996782304,179,PANC0813,C[C@@H](C1=CN2C=CN=C2C=C1)N3C4=NC(=CN=C4N=N3)C5=CN(N=C5)C,CVCL_1638,C[C@@H](c1ccc2nccn2c1)n1nnc2ncc(-c3cnn(C)c3)nc21
1168,Erlotinib,EGFR,-0.2420030530770304,179,PANC0813,COCCOC1=C(C=C2C(=C1)C(=NC=N2)NC3=CC=CC(=C3)C#C)OCCOC,CVCL_1638,C#Cc1cccc(Nc2ncnc3cc(OCCOC)c(OCCOC)cc23)c1
2110,GSK591,PMRT5,-0.1933931151955987,179,PANC0813,C1CC(C1)NC2=NC=CC(=C2)C(=O)NC[C@@H](CN3CCC4=CC=CC=C4C3)O,CVCL_1638,O=C(NC[C@H](O)CN1CCc2ccccc2C1)c1ccnc(NC2CCC2)c1
1131,PRIMA-1MET,TP53 activation,-0.1889294134058324,179,PANC0813,COCC1(C(=O)C2CCN1CC2)CO,CVCL_1638,COCC1(CO)C(=O)C2CCN1CC2
1593,Entinostat,"HDAC1, HDAC3",-0.1876095435322181,179,PANC0813,C1=CC=C(C(=C1)N)NC(=O)C2=CC=C(C=C2)CNC(=O)OCC3=CN=CC=C3,CVCL_1638,Nc1ccccc1NC(=O)c1ccc(CNC(=O)OCc2cccnc2)cc1
1736,Selumetinib,"MEK1, MEK2",-0.1660601514015426,179,PANC0813,CN1C=NC2=C1C=C(C(=C2F)NC3=C(C=C(C=C3)Br)Cl)C(=O)NOCCO,CVCL_1638,Cn1cnc2c(F)c(Nc3ccc(Br)cc3Cl)c(C(=O)NOCCO)cc21
1909,Venetoclax,BCL2,-0.0377763642243567,179,PANC0813,CC1(CCC(=C(C1)C2=CC=C(C=C2)Cl)CN3CCN(CC3)C4=CC(=C(C=C4)C(=O)NS(=O)(=O)C5=CC(=C(C=C5)NCC6CCOCC6)[N+](=O)[O-])OC7=CN=C8C(=C7)C=CN8)C,CVCL_1638,CC1(C)CCC(CN2CCN(c3ccc(C(=O)NS(=O)(=O)c4ccc(NCC5CCOCC5)c([N+](=O)[O-])c4)c(Oc4cnc5[nH]ccc5c4)c3)CC2)=C(c2ccc(Cl)cc2)C1
1918,AZD8186,"PI3Kalpha, PI3Kbeta",-0.0358648831220561,179,PANC0813,C[C@H](C1=CC(=CC2=C1OC(=CC2=O)N3CCOCC3)C(=O)N(C)C)NC4=CC(=CC(=C4)F)F,CVCL_1638,C[C@@H](Nc1cc(F)cc(F)c1)c1cc(C(=O)N(C)C)cc2c(=O)cc(N3CCOCC3)oc12
1091,BMS-536924,"IGF1R, IR",-0.0251635319058099,179,PANC0813,CC1=CC(=CC2=C1N=C(N2)C3=C(C=CNC3=O)NC[C@H](C4=CC(=CC=C4)Cl)O)N5CCOCC5,CVCL_1638,Cc1cc(N2CCOCC2)cc2[nH]c(-c3c(NC[C@@H](O)c4cccc(Cl)c4)cc[nH]c3=O)nc12
1401,AZD5438,CDK2,-0.0013449829634644,179,PANC0813,CC1=NC=C(N1C(C)C)C2=NC(=NC=C2)NC3=CC=C(C=C3)S(=O)(=O)C,CVCL_1638,Cc1ncc(-c2ccnc(Nc3ccc(S(C)(=O)=O)cc3)n2)n1C(C)C
1510,Linsitinib,IGF1R,0.0161857141330196,179,PANC0813,CC1(CC(C1)C2=NC(=C3N2C=CN=C3N)C4=CC5=C(C=C4)C=CC(=N5)C6=CC=CC=C6)O,CVCL_1638,CC1(O)CC(c2nc(-c3ccc4ccc(-c5ccccc5)nc4c3)c3c(N)nccn23)C1
1853,OF-1,"BRPF1B, BRPF2",0.0358554943204052,179,PANC0813,CC1=C(C=CC(=C1)Br)S(=O)(=O)NC2=CC3=C(C=C2OC)N(C(=O)N3C)C,CVCL_1638,COc1cc2c(cc1NS(=O)(=O)c1ccc(Br)cc1C)n(C)c(=O)n2C
1051,Alisertib,AURKA,0.068672499019035,179,PANC0813,COC1=C(C(=CC=C1)F)C2=NCC3=CN=C(N=C3C4=C2C=C(C=C4)Cl)NC5=CC(=C(C=C5)C(=O)O)OC,CVCL_1638,COc1cc(Nc2ncc3c(n2)-c2ccc(Cl)cc2C(c2c(F)cccc2OC)=NC3)ccc1C(=O)O
1561,Taselisib,PI3K (beta sparing),0.0754055211877616,179,PANC0813,CC1=NN(C(=N1)C2=CN3CCOC4=C(C3=N2)C=CC(=C4)C5=CN(N=C5)C(C)(C)C(=O)N)C(C)C,CVCL_1638,Cc1nc(-c2cn3c(n2)-c2ccc(-c4cnn(C(C)(C)C(N)=O)c4)cc2OCC3)n(C(C)C)n1
1441,AZD2014,"mTORC1, mTORC2",0.1276585822074233,179,PANC0813,C[C@H]1COCCN1C2=NC(=NC3=C2C=CC(=N3)C4=CC(=CC=C4)C(=O)NC)N5CCOC[C@@H]5C,CVCL_1638,CNC(=O)c1cccc(-c2ccc3c(N4CCOC[C@@H]4C)nc(N4CCOC[C@@H]4C)nc3n2)c1
1631,PRT062607,SYK,0.1447337918288886,179,PANC0813,C1CC[C@H]([C@H](C1)N)NC2=NC=C(C(=N2)NC3=CC(=CC=C3)N4N=CC=N4)C(=O)N,CVCL_1638,NC(=O)c1cnc(N[C@@H]2CCCC[C@@H]2N)nc1Nc1cccc(-n2nccn2)c1
1932,NVP-ADW742,IGF1R,0.1706500944037073,179,PANC0813,C1CCN(C1)CC2CC(C2)N3C=C(C4=C(N=CN=C43)N)C5=CC(=CC=C5)OCC6=CC=CC=C6,CVCL_1638,Nc1ncnc2c1c(-c1cccc(OCc3ccccc3)c1)cn2C1CC(CN2CCCC2)C1
1862,MG-132,"Proteasome, CAPN1",0.228598877516347,179,PANC0813,CC(C)C[C@@H](C=O)NC(=O)[C@H](CC(C)C)NC(=O)[C@H](CC(C)C)NC(=O)OCC1=CC=CC=C1,CVCL_1638,CC(C)C[C@@H](C=O)NC(=O)[C@H](CC(C)C)NC(=O)[C@H](CC(C)C)NC(=O)OCc1ccccc1
1786,AZD4547,"FGFR1, FGFR2, FGFR3",0.2469917353673829,179,PANC0813,C[C@@H]1CN(C[C@@H](N1)C)C2=CC=C(C=C2)C(=O)NC3=NNC(=C3)CCC4=CC(=CC(=C4)OC)OC,CVCL_1638,COc1cc(CCc2cc(NC(=O)c3ccc(N4C[C@H](C)N[C@H](C)C4)cc3)n[nH]2)cc(OC)c1
1017,Olaparib,"PARP1, PARP2",0.3089782776410913,179,PANC0813,C1CC1C(=O)N2CCN(CC2)C(=O)C3=C(C=CC(=C3)CC4=NNC(=O)C5=CC=CC=C54)F,CVCL_1638,O=C(c1cc(Cc2n[nH]c(=O)c3ccccc23)ccc1F)N1CCN(C(=O)C2CC2)CC1
1553,Uprosertib,"AKT1, AKT2, AKT3",0.3776890640883766,179,PANC0813,CN1C(=C(C=N1)Cl)C2=C(OC(=C2)C(=O)N[C@@H](CC3=CC(=C(C=C3)F)F)CN)Cl,CVCL_1638,Cn1ncc(Cl)c1-c1cc(C(=O)N[C@H](CN)Cc2ccc(F)c(F)c2)oc1Cl
1560,Alpelisib,PI3Kalpha,0.3888591303712689,179,PANC0813,CC1=C(SC(=N1)NC(=O)N2CCC[C@H]2C(=O)N)C3=CC(=NC=C3)C(C)(C)C(F)(F)F,CVCL_1638,Cc1nc(NC(=O)N2CCC[C@H]2C(N)=O)sc1-c1ccnc(C(C)(C)C(F)(F)F)c1
1512,Cyclophosphamide,Alkylating agent,0.3900590361979716,179,PANC0813,C1CNP(=O)(OC1)N(CCCl)CCCl,CVCL_1638,O=P1(N(CCCl)CCCl)NCCCO1
1915,AZD3759,EGFR,0.3905073224395127,179,PANC0813,C[C@@H]1CN(CCN1C(=O)OC2=C(C=C3C(=C2)C(=NC=N3)NC4=C(C(=CC=C4)Cl)F)OC)C,CVCL_1638,COc1cc2ncnc(Nc3cccc(Cl)c3F)c2cc1OC(=O)N1CCN(C)C[C@H]1C
1200,Fulvestrant,ESR,0.4253327741146098,179,PANC0813,C[C@]12CC[C@H]3[C@H]([C@@H]1CC[C@@H]2O)[C@@H](CC4=C3C=CC(=C4)O)CCCCCCCCCS(=O)CCCC(C(F)(F)F)(F)F,CVCL_1638,C[C@]12CC[C@@H]3c4ccc(O)cc4C[C@@H](CCCCCCCCC[S+]([O-])CCCC(F)(F)C(F)(F)F)[C@H]3[C@@H]1CC[C@@H]2O
1058,Pictilisib,PI3K (class 1),0.5777766504791335,179,PANC0813,CS(=O)(=O)N1CCN(CC1)CC2=CC3=C(S2)C(=NC(=N3)C4=C5C=NNC5=CC=C4)N6CCOCC6,CVCL_1638,CS(=O)(=O)N1CCN(Cc2cc3nc(-c4cccc5[nH]ncc45)nc(N4CCOCC4)c3s2)CC1
1060,PD0325901,"MEK1, MEK2",0.5793879475052377,179,PANC0813,C1=CC(=C(C=C1I)F)NC2=C(C=CC(=C2F)F)C(=O)NOC[C@@H](CO)O,CVCL_1638,O=C(NOC[C@H](O)CO)c1ccc(F)c(F)c1Nc1ccc(I)cc1F
1910,ABT737,"BCL2, BCL-XL,  BCL-W, BCL-B, BFL1",0.647020072392796,179,PANC0813,CN(C)CC[C@H](CSC1=CC=CC=C1)NC2=C(C=C(C=C2)S(=O)(=O)NC(=O)C3=CC=C(C=C3)N4CCN(CC4)CC5=CC=CC=C5C6=CC=C(C=C6)Cl)[N+](=O)[O-],CVCL_1638,CN(C)CC[C@H](CSc1ccccc1)Nc1ccc(S(=O)(=O)NC(=O)c2ccc(N3CCN(Cc4ccccc4-c4ccc(Cl)cc4)CC3)cc2)cc1[N+](=O)[O-]
1177,Niraparib,"PARP1, PARP2",0.6598803170146543,179,PANC0813,C1C[C@H](CNC1)C2=CC=C(C=C2)N3C=C4C=CC=C(C4=N3)C(=O)N,CVCL_1638,NC(=O)c1cccc2cn(-c3ccc([C@@H]4CCCNC4)cc3)nc12
1549,Sapitinib,"EGFR, ERBB2, ERBB3",0.6612796933380399,179,PANC0813,CNC(=O)CN1CCC(CC1)OC2=C(C=C3C(=C2)C(=NC=N3)NC4=C(C(=CC=C4)Cl)F)OC,CVCL_1638,CNC(=O)CN1CCC(Oc2cc3c(Nc4cccc(Cl)c4F)ncnc3cc2OC)CC1
1010,Gefitinib,EGFR,0.6671792451119386,179,PANC0813,COC1=C(C=C2C(=C1)N=CN=C2NC3=CC(=C(C=C3)F)Cl)OCCCN4CCOCC4,CVCL_1638,COc1cc2ncnc(Nc3ccc(F)c(Cl)c3)c2cc1OCCCN1CCOCC1
1034,Staurosporine,Broad spectrum kinase inhibitor,0.7102731623397501,179,PANC0813,C[C@@]12[C@@H]([C@@H](C[C@H](O1)N3C4=CC=CC=C4C5=C6C(=C7C8=CC=CC=C8N2C7=C53)CNC6=O)NC)OC,CVCL_1638,CN[C@@H]1C[C@@H]2O[C@@](C)([C@@H]1OC)n1c3ccccc3c3c4c(c5c6ccccc6n2c5c31)C(=O)NC4
1249,BMS-345541,"IKK-1, IKK-2",0.740889901965506,179,PANC0813,CC1=CC2=C(C=C1)N=C(C3=NC=C(N23)C)NCCN.Cl,CVCL_1638,Cc1ccc2nc(NCCN)c3ncc(C)n3c2c1
2040,Foretinib,"MET, KDR, TIE2, VEGFR3/FLT4, RON, PDGFR, FGFR1, EGFR",0.7522019084286446,179,PANC0813,COC1=CC2=C(C=CN=C2C=C1OCCCN3CCOCC3)OC4=C(C=C(C=C4)NC(=O)C5(CC5)C(=O)NC6=CC=C(C=C6)F)F,CVCL_1638,COc1cc2c(Oc3ccc(NC(=O)C4(C(=O)Nc5ccc(F)cc5)CC4)cc3F)ccnc2cc1OCCCN1CCOCC1
1047,Nutlin-3a (-),MDM2,0.7692902145616521,179,PANC0813,CC(C)OC1=C(C=CC(=C1)OC)C2=N[C@H]([C@H](N2C(=O)N3CCNC(=O)C3)C4=CC=C(C=C4)Cl)C5=CC=C(C=C5)Cl,CVCL_1638,COc1ccc(C2=N[C@@H](c3ccc(Cl)cc3)[C@@H](c3ccc(Cl)cc3)N2C(=O)N2CCNC(=O)C2)c(OC(C)C)c1
1720,AZD5991,MCL1,0.7769815871165907,179,PANC0813,CC1=C2C(=NN1C)CSCC3=NN(C(=C3)CSC4=CC5=CC=CC=C5C(=C4)OCCCC6=C(N(C7=C6C=CC(=C27)Cl)C)C(=O)O)C,CVCL_1638,Cc1c2c(nn1C)CSCc1cc(n(C)n1)CSc1cc(c3ccccc3c1)OCCCc1c(C(=O)O)n(C)c3c-2c(Cl)ccc13
1507,Ruxolitinib,"JAK1, JAK2",0.7792484246250293,179,PANC0813,C1CCC(C1)[C@@H](CC#N)N2C=C(C=N2)C3=C4C=CNC4=NC=N3,CVCL_1638,N#CC[C@H](C1CCCC1)n1cc(-c2ncnc3[nH]ccc23)cn1
1926,GNE-317,PI3Kalpha,0.783711114601573,179,PANC0813,CC1=C(SC2=C1N=C(N=C2N3CCOCC3)C4=CN=C(N=C4)N)C5(COC5)OC,CVCL_1638,COC1(c2sc3c(N4CCOCC4)nc(-c4cnc(N)nc4)nc3c2C)COC1
1997,WEHI-539,BCL-XL,0.8108760706438739,179,PANC0813,C1CC2=C(C=C(C=C2)C3=NC(=C(S3)CCCOC4=CC=C(C=C4)CN)C(=O)O)/C(=N/NC5=NC6=CC=CC=C6S5)/C1,CVCL_1638,NCc1ccc(OCCCc2sc(-c3ccc4c(c3)/C(=N/Nc3nc5ccccc5s3)CCC4)nc2C(=O)O)cc1
1011,Navitoclax,"BCL2, BCL-XL, BCL-W",0.8126711854186451,179,PANC0813,CC1(CCC(=C(C1)CN2CCN(CC2)C3=CC=C(C=C3)C(=O)NS(=O)(=O)C4=CC(=C(C=C4)N[C@H](CCN5CCOCC5)CSC6=CC=CC=C6)S(=O)(=O)C(F)(F)F)C7=CC=C(C=C7)Cl)C,CVCL_1638,CC1(C)CCC(c2ccc(Cl)cc2)=C(CN2CCN(c3ccc(C(=O)NS(=O)(=O)c4ccc(N[C@H](CCN5CCOCC5)CSc5ccccc5)c(S(=O)(=O)C(F)(F)F)c4)cc3)CC2)C1
2043,BIBR-1532,TERT,0.8145579263634698,179,PANC0813,C/C(=C\C(=O)NC1=CC=CC=C1C(=O)O)/C2=CC3=CC=CC=C3C=C2,CVCL_1638,C/C(=C\C(=O)Nc1ccccc1C(=O)O)c1ccc2ccccc2c1
1931,MIRA-1,TP53,0.8148489740474177,179,PANC0813,CCC(=O)OCN1C(=O)C=CC1=O,CVCL_1638,CCC(=O)OCN1C(=O)C=CC1=O
1563,EPZ5676,DOT1L,0.8408096303355731,179,PANC0813,CC(C)N(C[C@@H]1[C@H]([C@H]([C@@H](O1)N2C=NC3=C(N=CN=C32)N)O)O)C4CC(C4)CCC5=NC6=C(N5)C=C(C=C6)C(C)(C)C,CVCL_1638,CC(C)N(C[C@H]1O[C@@H](n2cnc3c(N)ncnc32)[C@H](O)[C@@H]1O)C1CC(CCc2nc3ccc(C(C)(C)C)cc3[nH]2)C1
1635,Picolinici-acid,Inflammatory related,0.8624875474605008,179,PANC0813,C1=CC=NC(=C1)C(=O)O,CVCL_1638,O=C(O)c1ccccn1
1250,AZ960,"JAK2, JAK3",0.8799103518097134,179,PANC0813,CC1=CC(=NN1)NC2=C(C=C(C(=N2)N[C@@H](C)C3=CC=C(C=C3)F)C#N)F,CVCL_1638,Cc1cc(Nc2nc(N[C@@H](C)c3ccc(F)cc3)c(C#N)cc2F)n[nH]1
1913,AGI-5198,IDH1 (R132H),0.9055574163260272,179,PANC0813,CC1=CC=CC=C1C(C(=O)NC2CCCCC2)N(C3=CC(=CC=C3)F)C(=O)CN4C=CN=C4C,CVCL_1638,Cc1ccccc1C(C(=O)NC1CCCCC1)N(C(=O)Cn1ccnc1C)c1cccc(F)c1
2045,AMG-319,PI3K (beta sparing),0.9156124619793918,179,PANC0813,C[C@@H](C1=C(N=C2C=C(C=CC2=C1)F)C3=CC=CC=N3)NC4=NC=NC5=C4NC=N5,CVCL_1638,C[C@H](Nc1ncnc2nc[nH]c12)c1cc2ccc(F)cc2nc1-c1ccccn1
1239,YK-4-279,RNA helicase A,0.915676371848409,179,PANC0813,COC1=CC=C(C=C1)C(=O)CC2(C3=C(C=CC(=C3NC2=O)Cl)Cl)O,CVCL_1638,COc1ccc(C(=O)CC2(O)C(=O)Nc3c(Cl)ccc(Cl)c32)cc1
1620,PFI3,"Polybromo 1, SMARCA4, SMARCA2",0.9372449996824012,179,PANC0813,C1[C@@H]2CN([C@H]1CN2C3=CC=CC=N3)/C=C/C(=O)C4=CC=CC=C4O,CVCL_1638,O=C(/C=C/N1C[C@H]2C[C@@H]1CN2c1ccccn1)c1ccccc1O
1933,P22077,"USP7, USP47",0.9417371932343004,179,PANC0813,CC(=O)C1=CC(=C(S1)SC2=C(C=C(C=C2)F)F)[N+](=O)[O-],CVCL_1638,CC(=O)c1cc([N+](=O)[O-])c(Sc2ccc(F)cc2F)s1
1873,Buparlisib,"PI3Kalpha, PI3Kdelta, PI3Kbeta, PI3Kgamma",0.9521972994332644,179,PANC0813,C1COCCN1C2=NC(=NC(=C2)C3=CN=C(C=C3C(F)(F)F)N)N4CCOCC4,CVCL_1638,Nc1cc(C(F)(F)F)c(-c2cc(N3CCOCC3)nc(N3CCOCC3)n2)cn1
1049,PD173074,"FGFR1, FGFR2, FGFR3",0.988324475232538,179,PANC0813,CCN(CC)CCCCNC1=NC2=NC(=C(C=C2C=N1)C3=CC(=CC(=C3)OC)OC)NC(=O)NC(C)(C)C,CVCL_1638,CCN(CC)CCCCNc1ncc2cc(-c3cc(OC)cc(OC)c3)c(NC(=O)NC(C)(C)C)nc2n1
1259,Talazoparib,"PARP1, PARP2",0.9967475342978538,179,PANC0813,CC(C)/C=N/NC(=O)C1=CC=C(C=C1)NC(=O)C,CVCL_1638,CC(=O)Nc1ccc(C(=O)N/N=C/C(C)C)cc1
1634,AGI-6780,IDH2 R140Q mutant,0.9986724820062371,179,PANC0813,C1CC1NS(=O)(=O)C2=CC(=C(C=C2)C3=CSC=C3)NC(=O)NC4=CC=CC(=C4)C(F)(F)F,CVCL_1638,O=C(Nc1cccc(C(F)(F)F)c1)Nc1cc(S(=O)(=O)NC2CC2)ccc1-c1ccsc1
1941,Sepantronium bromide,BIRC5,1.0137709672154092,179,PANC0813,CC1=[N+](C2=C(N1CCOC)C(=O)C3=CC=CC=C3C2=O)CC4=NC=CN=C4.[Br-],CVCL_1638,COCCn1c2c([n+](Cc3cnccn3)c1C)C(=O)c1ccccc1C2=O
1576,IWP-2,PORCN,1.0139323857320113,179,PANC0813,CC1=CC2=C(C=C1)N=C(S2)NC(=O)CSC3=NC4=C(C(=O)N3C5=CC=CC=C5)SCC4,CVCL_1638,Cc1ccc2nc(NC(=O)CSc3nc4c(c(=O)n3-c3ccccc3)SCC4)sc2c1
1799,Ibrutinib,BTK,1.0248255520010132,179,PANC0813,C=CC(=O)N1CCC[C@H](C1)N2C3=NC=NC(=C3C(=N2)C4=CC=C(C=C4)OC5=CC=CC=C5)N,CVCL_1638,C=CC(=O)N1CCC[C@@H](n2nc(-c3ccc(Oc4ccccc4)cc3)c3c(N)ncnc32)C1
1375,Temozolomide,DNA alkylating agent,1.0306026600361218,179,PANC0813,CN1C(=O)N2C=NC(=C2N=N1)C(=O)N,CVCL_1638,Cn1nnc2c(C(N)=O)ncn2c1=O
1373,Dabrafenib,BRAF,1.0416033521745518,179,PANC0813,CC(C)(C)C1=NC(=C(S1)C2=NC(=NC=C2)N)C3=C(C(=CC=C3)NS(=O)(=O)C4=C(C=CC=C4F)F)F,CVCL_1638,CC(C)(C)c1nc(-c2cccc(NS(=O)(=O)c3c(F)cccc3F)c2F)c(-c2ccnc(N)n2)s1
1564,SCH772984,"ERK1, ERK2",1.0577914508362931,179,PANC0813,C1CN(C[C@@H]1C(=O)NC2=CC3=C(C=C2)NN=C3C4=CC=NC=C4)CC(=O)N5CCN(CC5)C6=CC=C(C=C6)C7=NC=CC=N7,CVCL_1638,O=C(Nc1ccc2[nH]nc(-c3ccncc3)c2c1)[C@@H]1CCN(CC(=O)N2CCN(c3ccc(-c4ncccn4)cc3)CC2)C1
1622,Wnt-C59,PORCN,1.0591006343970195,179,PANC0813,CC1=NC=CC(=C1)C2=CC=C(C=C2)CC(=O)NC3=CC=C(C=C3)C4=CN=CC=C4,CVCL_1638,Cc1cc(-c2ccc(CC(=O)Nc3ccc(-c4cccnc4)cc3)cc2)ccn1
1180,Dinaciclib,"CDK1, CDK2, CDK5, CDK9",1.0860207912908677,179,PANC0813,CCC1=C2N=C(C=C(N2N=C1)NCC3=C[N+](=CC=C3)[O-])N4CCCC[C@H]4CCO,CVCL_1638,CCc1cnn2c(NCc3ccc[n+]([O-])c3)cc(N3CCCC[C@H]3CCO)nc12
1939,UMI-77,MCL1,1.0933916547831763,179,PANC0813,C1=CC=C2C(=C1)C(=CC(=C2O)SCC(=O)O)NS(=O)(=O)C3=CC=C(C=C3)Br,CVCL_1638,O=C(O)CSc1cc(NS(=O)(=O)c2ccc(Br)cc2)c2ccccc2c1O
1079,Dasatinib,"ABL, SRC, Ephrins, PDGFR, KIT",1.0967674933731495,179,PANC0813,CC1=C(C(=CC=C1)Cl)NC(=O)C2=CN=C(S2)NC3=CC(=NC(=N3)C)N4CCN(CC4)CCO,CVCL_1638,Cc1nc(Nc2ncc(C(=O)Nc3c(C)cccc3Cl)s2)cc(N2CCN(CCO)CC2)n1
1022,AZD7762,"CHEK1, CHEK2",1.1014762998771812,179,PANC0813,C1C[C@@H](CNC1)NC(=O)C2=C(C=C(S2)C3=CC(=CC=C3)F)NC(=O)N,CVCL_1638,NC(=O)Nc1cc(-c2cccc(F)c2)sc1C(=O)N[C@H]1CCCNC1
1852,LY2109761,TGFB1,1.101930189723208,179,PANC0813,C1CC2=C(C(=NN2C1)C3=CC=CC=N3)C4=C5C=CC(=CC5=NC=C4)OCCN6CCOCC6,CVCL_1638,c1ccc(-c2nn3c(c2-c2ccnc4cc(OCCN5CCOCC5)ccc24)CCC3)nc1
1854,MN-64,"TNKS1, TNKS2",1.1169166627358067,179,PANC0813,CC(C)C1=CC=C(C=C1)C2=CC(=O)C3=CC=CC=C3O2,CVCL_1638,CC(C)c1ccc(-c2cc(=O)c3ccccc3o2)cc1
2107,LJI308,"RSK2, RSK1, RSK3",1.1289550026860942,179,PANC0813,C1COCCN1C2=CC=C(C=C2)C3=C(C=NC=C3)C4=CC(=C(C(=C4)F)O)F,CVCL_1638,Oc1c(F)cc(-c2cnccc2-c2ccc(N3CCOCC3)cc2)cc1F
1924,Ipatasertib,"AKT1, AKT, AKT3",1.1301439083033464,179,PANC0813,C[C@@H]1C[C@H](C2=C1C(=NC=N2)N3CCN(CC3)C(=O)[C@H](CNC(C)C)C4=CC=C(C=C4)Cl)O,CVCL_1638,CC(C)NC[C@@H](C(=O)N1CCN(c2ncnc3c2[C@H](C)C[C@H]3O)CC1)c1ccc(Cl)cc1
1179,MK-1775,"WEE1, PLK1",1.1462763176105175,179,PANC0813,CC(C)(C1=NC(=CC=C1)N2C3=NC(=NC=C3C(=O)N2CC=C)NC4=CC=C(C=C4)N5CCN(CC5)C)O,CVCL_1638,C=CCn1c(=O)c2cnc(Nc3ccc(N4CCN(C)CC4)cc3)nc2n1-c1cccc(C(C)(C)O)n1
1578,Leflunomide,Pyrimidine synthesis inhibitor,1.1574783855123068,179,PANC0813,CC1=C(C=NO1)C(=O)NC2=CC=C(C=C2)C(F)(F)F,CVCL_1638,Cc1oncc1C(=O)Nc1ccc(C(F)(F)F)cc1
1032,Afatinib,"ERBB2, EGFR",1.173993342342884,179,PANC0813,CN(C)C/C=C/C(=O)NC1=C(C=C2C(=C1)C(=NC=N2)NC3=CC(=C(C=C3)F)Cl)O[C@H]4CCOC4,CVCL_1638,CN(C)C/C=C/C(=O)Nc1cc2c(Nc3ccc(F)c(Cl)c3)ncnc2cc1O[C@H]1CCOC1
1806,Oxaliplatin,DNA alkylating agent,1.1799541614180462,179,PANC0813,C1CC[C@H]([C@@H](C1)[NH-])[NH-].C(=O)(C(=O)O)O.[Pt+2],CVCL_1638,N[C@@H]1CCCC[C@H]1N
2109,AZ6102,"TNKS1, TNKS2",1.185879718742852,179,PANC0813,CCC1=CC2=C(C=C1OC(=O)C(C)(C)C)OC(=C(C2=O)OC3=CC=C(C=C3)I)C(F)(F)F,CVCL_1638,CCc1cc2c(=O)c(Oc3ccc(I)cc3)c(C(F)(F)F)oc2cc1OC(=O)C(C)(C)C
1093,GSK1904529A,"IGF1R, IR",1.18971915596489,179,PANC0813,CCC1=CC(=C(C=C1N2CCC(CC2)N3CCN(CC3)S(=O)(=O)C)OC)NC4=NC=CC(=N4)C5=C(N=C6N5C=CC=C6)C7=CC(=C(C=C7)OC)C(=O)NC8=C(C=CC=C8F)F,CVCL_1638,CCc1cc(Nc2nccc(-c3c(-c4ccc(OC)c(C(=O)Nc5c(F)cccc5F)c4)nc4ccccn34)n2)c(OC)cc1N1CCC(N2CCN(S(C)(=O)=O)CC2)CC1
1598,LGK974,PORCN,1.207006692381032,179,PANC0813,CC1=CC(=CN=C1C2=CC(=NC=C2)C)CC(=O)NC3=NC=C(C=C3)C4=NC=CN=C4,CVCL_1638,Cc1cc(-c2ncc(CC(=O)Nc3ccc(-c4cnccn4)cn3)cc2C)ccn1
1199,Tamoxifen,ESR1,1.2155545210489933,179,PANC0813,CC/C(=C(\C1=CC=CC=C1)/C2=CC=C(C=C2)OCCN(C)C)/C3=CC=CC=C3,CVCL_1638,CC/C(=C(\c1ccccc1)c1ccc(OCCN(C)C)cc1)c1ccccc1
1919,Osimertinib,EGFR,1.2191886078702567,179,PANC0813,CN1C=C(C2=CC=CC=C21)C3=NC(=NC=C3)NC4=C(C=C(C(=C4)NC(=O)C=C)N(C)CCN(C)C)OC,CVCL_1638,C=CC(=O)Nc1cc(Nc2nccc(-c3cn(C)c4ccccc34)n2)c(OC)cc1N(C)CCN(C)C
1068,Obatoclax Mesylate,"BCL2, BCL-XL, BCL-W, MCL1",1.2621077073708251,179,PANC0813,CC1=CC(=C(N1)/C=C\2/C(=C/C(=C/3\C=C4C=CC=CC4=N3)/N2)OC)C,CVCL_1638,COc1c/c(=C2\C=c3ccccc3=N2)[nH]/c1=C\c1[nH]c(C)cc1C
1912,Afuresertib,"AKT1, AKT2, AKT3",1.2983822001583916,179,PANC0813,CN1C(=C(C=N1)Cl)C2=C(SC(=C2)C(=O)N[C@@H](CC3=CC(=CC=C3)F)CN)Cl,CVCL_1638,Cn1ncc(Cl)c1-c1cc(C(=O)N[C@H](CN)Cc2cccc(F)c2)sc1Cl
1237,EPZ004777,DOT1L,1.3133219961325628,179,PANC0813,CC(C)N(CCCNC(=O)NC1=CC=C(C=C1)C(C)(C)C)C[C@@H]2[C@H]([C@H]([C@@H](O2)N3C=CC4=C(N=CN=C43)N)O)O,CVCL_1638,CC(C)N(CCCNC(=O)Nc1ccc(C(C)(C)C)cc1)C[C@H]1O[C@@H](n2ccc3c(N)ncnc32)[C@H](O)[C@@H]1O
1928,I-BRD9,BRD9,1.3420529612847705,179,PANC0813,CCN1C=C(C2=C(C1=O)C=C(S2)C(=NC3CCS(=O)(=O)CC3)N)C4=CC(=CC=C4)C(F)(F)F,CVCL_1638,CCn1cc(-c2cccc(C(F)(F)F)c2)c2sc(C(N)=NC3CCS(=O)(=O)CC3)cc2c1=O
1614,WZ4003,"NUAK1, NUAK2",1.3462303702335203,179,PANC0813,CCC(=O)NC1=CC(=CC=C1)OC2=NC(=NC=C2Cl)NC3=C(C=C(C=C3)N4CCN(CC4)C)OC,CVCL_1638,CCC(=O)Nc1cccc(Oc2nc(Nc3ccc(N4CCN(C)CC4)cc3OC)ncc2Cl)c1
1925,GDC0810,"ESR1, ESR2",1.362123890793409,179,PANC0813,CC/C(=C(/C1=CC=C(C=C1)/C=C/C(=O)O)\C2=CC3=C(C=C2)NN=C3)/C4=C(C=C(C=C4)F)Cl,CVCL_1638,CC/C(=C(/c1ccc(/C=C/C(=O)O)cc1)c1ccc2[nH]ncc2c1)c1ccc(F)cc1Cl
1618,GSK2606414,PERK,1.3702104378100657,179,PANC0813,CN1C=C(C2=C(N=CN=C21)N)C3=CC4=C(C=C3)N(CC4)C(=O)CC5=CC(=CC=C5)C(F)(F)F,CVCL_1638,Cn1cc(-c2ccc3c(c2)CCN3C(=O)Cc2cccc(C(F)(F)F)c2)c2c(N)ncnc21
2106,Uprosertib,"AKT1, AKT2, AKT3",1.3792428562751722,179,PANC0813,CN1C(=C(C=N1)Cl)C2=C(OC(=C2)C(=O)N[C@@H](CC3=CC(=C(C=C3)F)F)CN)Cl,CVCL_1638,Cn1ncc(Cl)c1-c1cc(C(=O)N[C@H](CN)Cc2ccc(F)c(F)c2)oc1Cl
1006,Cytarabine,Antimetabolite,1.3800823239475275,179,PANC0813,C1=CN(C(=O)N=C1N)[C@H]2[C@H]([C@@H]([C@H](O2)CO)O)O,CVCL_1638,Nc1ccn([C@@H]2O[C@H](CO)[C@@H](O)[C@@H]2O)c(=O)n1
1012,Vorinostat,"HDAC inhibitor Class I, IIa, IIb, IV",1.3851874945381633,179,PANC0813,C1=CC=C(C=C1)NC(=O)CCCCCCC(=O)NO,CVCL_1638,O=C(CCCCCCC(=O)Nc1ccccc1)NO
1013,Nilotinib,ABL,1.3920858122956985,179,PANC0813,CC1=C(C=C(C=C1)C(=O)NC2=CC(=CC(=C2)C(F)(F)F)N3C=C(N=C3)C)NC4=NC=CC(=N4)C5=CN=CC=C5,CVCL_1638,Cc1cn(-c2cc(NC(=O)c3ccc(C)c(Nc4nccc(-c5cccnc5)n4)c3)cc(C(F)(F)F)c2)cn1
1922,Cediranib,"VEGFR, FLT1, FLT2, FLT3, FLT4, KIT, PDGFRB",1.4034412524321196,179,PANC0813,CC1=CC2=C(N1)C=CC(=C2F)OC3=NC=NC4=CC(=C(C=C43)OC)OCCCN5CCCC5,CVCL_1638,COc1cc2c(Oc3ccc4[nH]c(C)cc4c3F)ncnc2cc1OCCCN1CCCC1
1613,VE-822,ATR,1.405362911719164,179,PANC0813,CC(C)S(=O)(=O)C1=CC=C(C=C1)C2=CN=C(C(=N2)C3=CC(=NO3)C4=CC=C(C=C4)CNC)N,CVCL_1638,CNCc1ccc(-c2cc(-c3nc(-c4ccc(S(=O)(=O)C(C)C)cc4)cnc3N)on2)cc1
1615,CZC24832,PI3Kgamma,1.4347379793996125,179,PANC0813,CC(C)(C)NS(=O)(=O)C1=CN=CC(=C1)C2=CN3C(=NC(=N3)N)C(=C2)F,CVCL_1638,CC(C)(C)NS(=O)(=O)c1cncc(-c2cc(F)c3nc(N)nn3c2)c1
1083,Crizotinib,"MET, ALK, ROS1",1.449917416104818,179,PANC0813,C[C@H](C1=C(C=CC(=C1Cl)F)Cl)OC2=C(N=CC(=C2)C3=CN(N=C3)C4CCNCC4)N,CVCL_1638,C[C@@H](Oc1cc(-c2cnn(C3CCNCC3)c2)cnc1N)c1c(Cl)ccc(F)c1Cl
1916,AZD5363,"AKT1, AKT2, AKT3, ROCK2",1.493463070906104,179,PANC0813,C1CN(CCC1(C(=O)N[C@@H](CCO)C2=CC=C(C=C2)Cl)N)C3=NC=NC4=C3C=CN4,CVCL_1638,NC1(C(=O)N[C@@H](CCO)c2ccc(Cl)cc2)CCN(c2ncnc3[nH]ccc23)CC1
1557,LCL161,"XIAP, IAP1, IAP2",1.521342934239079,179,PANC0813,C[C@@H](C(=O)N[C@@H](C1CCCCC1)C(=O)N2CCC[C@H]2C3=NC(=CS3)C(=O)C4=CC=C(C=C4)F)NC,CVCL_1638,CN[C@@H](C)C(=O)N[C@H](C(=O)N1CCC[C@H]1c1nc(C(=O)c2ccc(F)cc2)cs1)C1CCCCC1
1627,GSK343,EZH2,1.5763008041161342,179,PANC0813,CCCC1=C(C(=O)NC(=C1)C)CNC(=O)C2=C3C=NN(C3=CC(=C2)C4=CC(=NC=C4)N5CCN(CC5)C)C(C)C,CVCL_1638,CCCc1cc(C)[nH]c(=O)c1CNC(=O)c1cc(-c2ccnc(N3CCN(C)CC3)c2)cc2c1cnn2C(C)C
1073,5-Fluorouracil,Antimetabolite (DNA & RNA),1.5809267971018242,179,PANC0813,C1=C(C(=O)NC(=O)N1)F,CVCL_1638,O=c1[nH]cc(F)c(=O)[nH]1
1927,GSK2578215A,LRRK2,1.5880782216947504,179,PANC0813,C1=CC=C(C=C1)COC2=C(C=C(C=C2)C3=CC(=NC=C3)F)C(=O)NC4=CN=CC=C4,CVCL_1638,O=C(Nc1cccnc1)c1cc(-c2ccnc(F)c2)ccc1OCc1ccccc1
1917,AZD6738,ATR,1.595023900743028,179,PANC0813,C[C@@H]1COCCN1C2=NC(=NC(=C2)C3(CC3)[S@](=N)(=O)C)C4=C5C=CNC5=NC=C4,CVCL_1638,C[C@@H]1COCCN1c1cc(C2([S@](C)(=N)=O)CC2)nc(-c2ccnc3[nH]ccc23)n1
1996,MIM1,MCL1,1.6144823341212788,179,PANC0813,CC(C)[C@H]1CSC(=N1)N2[C@H](CSC2=S)C(C)C,CVCL_1638,CC(C)[C@H]1CSC(N2C(=S)SC[C@@H]2C(C)C)=N1
1372,Trametinib,"MEK1, MEK2",1.6190236141255916,179,PANC0813,CC1=C2C(=C(N(C1=O)C)NC3=C(C=C(C=C3)I)F)C(=O)N(C(=O)N2C4=CC=CC(=C4)NC(=O)C)C5CC5,CVCL_1638,CC(=O)Nc1cccc(-n2c(=O)n(C3CC3)c(=O)c3c(Nc4ccc(I)cc4F)n(C)c(=O)c(C)c32)c1
1819,Docetaxel,Microtubule stabiliser,1.6312780721299065,179,PANC0813,CC1=C2[C@H](C(=O)[C@@]3([C@H](C[C@@H]4[C@]([C@H]3[C@@H]([C@@](C2(C)C)(C[C@@H]1OC(=O)[C@@H]([C@H](C5=CC=CC=C5)NC(=O)OC(C)(C)C)O)O)OC(=O)C6=CC=CC=C6)(CO4)OC(=O)C)O)C)O,CVCL_1638,CC(=O)O[C@@]12CO[C@@H]1C[C@H](O)[C@@]1(C)C(=O)[C@H](O)C3=C(C)[C@@H](OC(=O)[C@H](O)[C@@H](NC(=O)OC(C)(C)C)c4ccccc4)C[C@@](O)([C@@H](OC(=O)c4ccccc4)[C@@H]12)C3(C)C
1084,Rapamycin,MTORC1,1.632452875863484,179,PANC0813,CC1=NC(=C(N1)[N+](=O)[O-])N(CCN2CCOCC2)CC3=CC=CC=C3F,CVCL_1638,Cc1nc(N(CCN2CCOCC2)Cc2ccccc2F)c([N+](=O)[O-])[nH]1
1558,Lapatinib,"EGFR, ERBB2",1.6497434678372982,179,PANC0813,CS(=O)(=O)CCNCC1=CC=C(O1)C2=CC3=C(C=C2)N=CN=C3NC4=CC(=C(C=C4)OCC5=CC(=CC=C5)F)Cl,CVCL_1638,CS(=O)(=O)CCNCc1ccc(-c2ccc3ncnc(Nc4ccc(OCc5cccc(F)c5)c(Cl)c4)c3c2)o1
1529,Pevonedistat,NAE,1.685789383793693,179,PANC0813,C1CC2=CC=CC=C2[C@H]1NC3=C4C=CN(C4=NC=N3)[C@@H]5C[C@H]([C@H](C5)O)COS(=O)(=O)N,CVCL_1638,NS(=O)(=O)OC[C@@H]1C[C@@H](n2ccc3c(N[C@H]4CCc5ccccc54)ncnc32)C[C@@H]1O
1621,PCI-34051,"HDAC8, HDAC6, HDAC1",1.6927388818963918,179,PANC0813,COC1=CC=C(C=C1)CN2C=CC3=C2C=C(C=C3)C(=O)NO,CVCL_1638,COc1ccc(Cn2ccc3ccc(C(=O)NO)cc32)cc1
1080,Paclitaxel,Microtubule stabiliser,1.7030329419016736,179,PANC0813,CC1=C2[C@H](C(=O)[C@@]3([C@H](C[C@@H]4[C@]([C@H]3[C@@H]([C@@](C2(C)C)(C[C@@H]1OC(=O)[C@@H]([C@H](C5=CC=CC=C5)NC(=O)C6=CC=CC=C6)O)O)OC(=O)C7=CC=CC=C7)(CO4)OC(=O)C)O)C)OC(=O)C,CVCL_1638,CC(=O)O[C@H]1C(=O)[C@]2(C)[C@@H](O)C[C@H]3OC[C@@]3(OC(C)=O)[C@H]2[C@H](OC(=O)c2ccccc2)[C@]2(O)C[C@H](OC(=O)[C@H](O)[C@@H](NC(=O)c3ccccc3)c3ccccc3)C(C)=C1C2(C)C
1054,Palbociclib,"CDK4, CDK6",1.7548486948040771,179,PANC0813,CC1=C(C(=O)N(C2=NC(=NC=C12)NC3=NC=C(C=C3)N4CCNCC4)C5CCCC5)C(=O)C,CVCL_1638,CC(=O)c1c(C)c2cnc(Nc3ccc(N4CCNCC4)cn3)nc2n(C2CCCC2)c1=O
2111,VE821,ATR,1.768949528407884,179,PANC0813,CS(=O)(=O)C1=CC=C(C=C1)C2=CN=C(C(=N2)C(=O)NC3=CC=CC=C3)N,CVCL_1638,CS(=O)(=O)c1ccc(-c2cnc(N)c(C(=O)Nc3ccccc3)n2)cc1
1855,KRAS (G12C) Inhibitor-12,KRAS (G12C),1.777501650949898,179,PANC0813,C=CC(=O)N1CCN(CC1)C(=O)CNC2=CC(=C(C=C2O)Cl)I,CVCL_1638,C=CC(=O)N1CCN(C(=O)CNc2cc(I)c(Cl)cc2O)CC1
1053,MK-2206,"AKT1, AKT2",1.778203347041276,179,PANC0813,C1CC(C1)(C2=CC=C(C=C2)C3=C(C=C4C(=N3)C=CN5C4=NNC5=O)C6=CC=CC=C6)N.Cl.Cl,CVCL_1638,NC1(c2ccc(-c3nc4ccn5c(=O)[nH]nc5c4cc3-c3ccccc3)cc2)CCC1
1190,Gemcitabine,Pyrimidine antimetabolite,1.7935374281706111,179,PANC0813,C1=CN(C(=O)N=C1N)[C@H]2C([C@@H]([C@H](O2)CO)O)(F)F,CVCL_1638,Nc1ccn([C@@H]2O[C@H](CO)[C@@H](O)C2(F)F)c(=O)n1
1036,PLX-4720,BRAF,1.8040180804759416,179,PANC0813,CCCS(=O)(=O)NC1=C(C(=C(C=C1)F)C(=O)C2=CNC3=C2C=C(C=N3)Cl)F,CVCL_1638,CCCS(=O)(=O)Nc1ccc(F)c(C(=O)c2c[nH]c3ncc(Cl)cc23)c1F
2044,Pyridostatin,G-quadruplex stabiliser,1.824062321015022,179,PANC0813,C1=CC=C2C(=C1)C(=CC(=N2)NC(=O)C3=CC(=CC(=N3)C(=O)NC4=NC5=CC=CC=C5C(=C4)OCCN)OCCN)OCCN,CVCL_1638,NCCOc1cc(C(=O)Nc2cc(OCCN)c3ccccc3n2)nc(C(=O)Nc2cc(OCCN)c3ccccc3n2)c1
2046,MK-8776,"CHEK1, CHEK2, CDK2",1.8356868061955536,179,PANC0813,CN1C=C(C=N1)C2=C3N=C(C(=C(N3N=C2)N)Br)C4CCCNC4,CVCL_1638,Cn1cc(-c2cnn3c(N)c(Br)c(C4CCCNC4)nc23)cn1
2170,AT13148,AKT1,1.874559002761663,179,PANC0813,C1=CC(=CC=C1C2=CNN=C2)[C@@](CN)(C3=CC=C(C=C3)Cl)O,CVCL_1638,NC[C@@](O)(c1ccc(Cl)cc1)c1ccc(-c2cn[nH]c2)cc1
2047,Ulixertinib,"ERK1, ERK2",1.9156804191665395,179,PANC0813,CC(C)NC1=NC=C(C(=C1)C2=CNC(=C2)C(=O)N[C@H](CO)C3=CC(=CC=C3)Cl)Cl,CVCL_1638,CC(C)Nc1cc(-c2c[nH]c(C(=O)N[C@H](CO)c3cccc(Cl)c3)c2)c(Cl)cn1
1629,ML323,"USP1, UAF1",1.9247280710838648,179,PANC0813,CC1=CN=C(N=C1NCC2=CC=C(C=C2)N3C=CN=N3)C4=CC=CC=C4C(C)C,CVCL_1638,Cc1cnc(-c2ccccc2C(C)C)nc1NCc1ccc(-n2ccnn2)cc1
1089,Oxaliplatin,DNA alkylating agent,2.0119784085208763,179,PANC0813,C1CC[C@H]([C@@H](C1)N)N.C(=O)(C(=O)O)O.[Pt],CVCL_1638,N[C@@H]1CCCC[C@H]1N
1088,Irinotecan,TOP1,2.035603804984256,179,PANC0813,CCC1=C2CN3C(=CC4=C(C3=O)COC(=O)[C@@]4(CC)O)C2=NC5=C1C=C(C=C5)OC(=O)N6CCC(CC6)N7CCCCC7,CVCL_1638,CCc1c2c(nc3ccc(OC(=O)N4CCC(N5CCCCC5)CC4)cc13)-c1cc3c(c(=O)n1C2)COC(=O)[C@]3(O)CC
1003,Camptothecin,TOP1,2.115682741106324,179,PANC0813,CC[C@@]1(C2=C(COC1=O)C(=O)N3CC4=CC5=CC=CC=C5N=C4C3=C2)O,CVCL_1638,CC[C@@]1(O)C(=O)OCc2c1cc1n(c2=O)Cc2cc3ccccc3nc2-1
1057,Dactolisib,"PI3K (class 1), MTORC1, MTORC2",2.117749426845824,179,PANC0813,CC(C)(C#N)C1=CC=C(C=C1)N2C3=C4C=C(C=CC4=NC=C3N(C2=O)C)C5=CC6=CC=CC=C6N=C5,CVCL_1638,Cn1c(=O)n(-c2ccc(C(C)(C)C#N)cc2)c2c3cc(-c4cnc5ccccc5c4)ccc3ncc21
1559,Luminespib,HSP90,2.129593858891542,179,PANC0813,CN1C2=CC=CC=C2C(C1=O)(CC(=O)C3=CC=C(C=C3)Cl)O,CVCL_1638,CN1C(=O)C(O)(CC(=O)c2ccc(Cl)cc2)c2ccccc21
1908,Ulixertinib,"ERK1, ERK2",2.148443664292917,179,PANC0813,CC(C)NC1=NC=C(C(=C1)C2=CNC(=C2)C(=O)N[C@H](CO)C3=CC(=CC=C3)Cl)Cl,CVCL_1638,CC(C)Nc1cc(-c2c[nH]c(C(=O)N[C@H](CO)c3cccc(Cl)c3)c2)c(Cl)cn1
1007,Docetaxel,Microtubule stabiliser,2.150001383387503,179,PANC0813,CC1=C2[C@H](C(=O)[C@@]3([C@H](C[C@@H]4[C@]([C@H]3[C@@H]([C@@](C2(C)C)(C[C@@H]1OC(=O)[C@@H]([C@H](C5=CC=CC=C5)NC(=O)OC(C)(C)C)O)O)OC(=O)C6=CC=CC=C6)(CO4)OC(=O)C)O)C)O,CVCL_1638,CC(=O)O[C@@]12CO[C@@H]1C[C@H](O)[C@@]1(C)C(=O)[C@H](O)C3=C(C)[C@@H](OC(=O)[C@H](O)[C@@H](NC(=O)OC(C)(C)C)c4ccccc4)C[C@@](O)([C@@H](OC(=O)c4ccccc4)[C@@H]12)C3(C)C
1268,XAV939,"TNKS1, TNKS2",2.1505777735431595,179,PANC0813,C1CSCC2=C1N=C(NC2=O)C3=CC=C(C=C3)C(F)(F)F,CVCL_1638,O=c1[nH]c(-c2ccc(C(F)(F)F)cc2)nc2c1CSCC2
1849,Sabutoclax,"BCL2,  BCL-XL,  BFL1, MCL1",2.22445154486026,179,PANC0813,CC1=CC2=C(C(=C(C=C2C(=C1C3=C(C4=CC(=C(C(=C4C=C3C)C(=O)NC[C@H](C)C5=CC=CC=C5)O)O)O)O)O)O)C(=O)NC[C@H](C)C6=CC=CC=C6,CVCL_1638,Cc1cc2c(C(=O)NC[C@H](C)c3ccccc3)c(O)c(O)cc2c(O)c1-c1c(C)cc2c(C(=O)NC[C@H](C)c3ccccc3)c(O)c(O)cc2c1O
2048,Vinorelbine,Microtubule destabiliser,2.3711847333012828,179,PANC0813,CCC1=C[C@H]2C[C@@](C3=C(CN(C2)C1)C4=CC=CC=C4N3)(C5=C(C=C6C(=C5)[C@]78CCN9[C@H]7[C@@](C=CC9)([C@H]([C@@]([C@@H]8N6C)(C(=O)OC)O)OC(=O)C)CC)OC)C(=O)OC,CVCL_1638,CCC1=C[C@@H]2CN(C1)Cc1c([nH]c3ccccc13)[C@@](C(=O)OC)(c1cc3c(cc1OC)N(C)[C@H]1[C@@](O)(C(=O)OC)[C@H](OC(C)=O)[C@]4(CC)C=CCN5CC[C@]31[C@@H]54)C2
1930,Telomerase Inhibitor IX,Telomerase,2.4337662604884285,179,PANC0813,C1=CC(=CC(=C1)NC(=O)C2=C(C(=CC=C2)O)O)NC(=O)C3=C(C(=CC=C3)O)O,CVCL_1638,O=C(Nc1cccc(NC(=O)c2cccc(O)c2O)c1)c1cccc(O)c1O
1004,Vinblastine,Microtubule destabiliser,2.596807623440207,179,PANC0813,CC[C@@]1(CC2C[C@@](C3=C(CCN(C2)C1)C4=CC=CC=C4N3)(C5=C(C=C6C(=C5)[C@]78CCN9[C@H]7[C@@](C=CC9)([C@H]([C@@]([C@@H]8N6C)(C(=O)OC)O)OC(=O)C)CC)OC)C(=O)OC)O,CVCL_1638,CC[C@]1(O)CC2CN(CCc3c([nH]c4ccccc34)[C@@](C(=O)OC)(c3cc4c(cc3OC)N(C)[C@H]3[C@@](O)(C(=O)OC)[C@H](OC(C)=O)[C@]5(CC)C=CCN6CC[C@]43[C@@H]65)C2)C1
2096,VX-11e,ERK2,2.59727109404352,179,PANC0813,CC1=CN=C(N=C1C2=CNC(=C2)C(=O)N[C@H](CO)C3=CC(=CC=C3)Cl)NC4=C(C=C(C=C4)F)Cl,CVCL_1638,Cc1cnc(Nc2ccc(F)cc2Cl)nc1-c1c[nH]c(C(=O)N[C@H](CO)c2cccc(Cl)c2)c1
1085,Sorafenib,"PDGFR, KIT, VEGFR, RAF",2.757063168166716,179,PANC0813,CNC(=O)C1=NC=CC(=C1)OC2=CC=C(C=C2)NC(=O)NC3=CC(=C(C=C3)Cl)C(F)(F)F,CVCL_1638,CNC(=O)c1cc(Oc2ccc(NC(=O)Nc3ccc(Cl)c(C(F)(F)F)c3)cc2)ccn1
1046,Wee1 Inhibitor,"WEE1, CHEK1",2.8591161594570265,179,PANC0813,C1=CC=C(C(=C1)C2=CC3=C(C4=C(N3)C=CC(=C4)O)C5=C2C(=O)NC5=O)Cl,CVCL_1638,O=C1NC(=O)c2c1c(-c1ccccc1Cl)cc1[nH]c3ccc(O)cc3c21
1511,Epirubicin,Anthracycline,2.932074479256056,179,PANC0813,C[C@H]1[C@@H]([C@H](C[C@@H](O1)O[C@H]2C[C@@](CC3=C2C(=C4C(=C3O)C(=O)C5=C(C4=O)C(=CC=C5)OC)O)(C(=O)CO)O)N)O,CVCL_1638,COc1cccc2c1C(=O)c1c(O)c3c(c(O)c1C2=O)C[C@@](O)(C(=O)CO)C[C@@H]3O[C@H]1C[C@H](N)[C@@H](O)[C@H](C)O1
1268,XAV939,"TNKS1, TNKS2",-0.9095813211286436,180,PANC1005,C1CSCC2=C1N=C(NC2=O)C3=CC=C(C=C3)C(F)(F)F,CVCL_1639,O=c1[nH]c(-c2ccc(C(F)(F)F)cc2)nc2c1CSCC2
2047,Ulixertinib,"ERK1, ERK2",-0.807547752719646,180,PANC1005,CC(C)NC1=NC=C(C(=C1)C2=CNC(=C2)C(=O)N[C@H](CO)C3=CC(=CC=C3)Cl)Cl,CVCL_1639,CC(C)Nc1cc(-c2c[nH]c(C(=O)N[C@H](CO)c3cccc(Cl)c3)c2)c(Cl)cn1
1079,Dasatinib,"ABL, SRC, Ephrins, PDGFR, KIT",-0.7942928240753929,180,PANC1005,CC1=C(C(=CC=C1)Cl)NC(=O)C2=CN=C(S2)NC3=CC(=NC(=N3)C)N4CCN(CC4)CCO,CVCL_1639,Cc1nc(Nc2ncc(C(=O)Nc3c(C)cccc3Cl)s2)cc(N2CCN(CCO)CC2)n1
1131,PRIMA-1MET,TP53 activation,-0.7425296194098884,180,PANC1005,COCC1(C(=O)C2CCN1CC2)CO,CVCL_1639,COCC1(CO)C(=O)C2CCN1CC2
1939,UMI-77,MCL1,-0.6841086544562665,180,PANC1005,C1=CC=C2C(=C1)C(=CC(=C2O)SCC(=O)O)NS(=O)(=O)C3=CC=C(C=C3)Br,CVCL_1639,O=C(O)CSc1cc(NS(=O)(=O)c2ccc(Br)cc2)c2ccccc2c1O
1625,RVX-208,BRD4,-0.5514513565182723,180,PANC1005,C1=CC(=C(C=C1N=C=O)F)F,CVCL_1639,O=C=Nc1ccc(F)c(F)c1
1058,Pictilisib,PI3K (class 1),-0.5508937906470521,180,PANC1005,CS(=O)(=O)N1CCN(CC1)CC2=CC3=C(S2)C(=NC(=N3)C4=C5C=NNC5=CC=C4)N6CCOCC6,CVCL_1639,CS(=O)(=O)N1CCN(Cc2cc3nc(-c4cccc5[nH]ncc45)nc(N4CCOCC4)c3s2)CC1
1093,GSK1904529A,"IGF1R, IR",-0.5142205049455858,180,PANC1005,CCC1=CC(=C(C=C1N2CCC(CC2)N3CCN(CC3)S(=O)(=O)C)OC)NC4=NC=CC(=N4)C5=C(N=C6N5C=CC=C6)C7=CC(=C(C=C7)OC)C(=O)NC8=C(C=CC=C8F)F,CVCL_1639,CCc1cc(Nc2nccc(-c3c(-c4ccc(OC)c(C(=O)Nc5c(F)cccc5F)c4)nc4ccccn34)n2)c(OC)cc1N1CCC(N2CCN(S(C)(=O)=O)CC2)CC1
1862,MG-132,"Proteasome, CAPN1",-0.4610713280250453,180,PANC1005,CC(C)C[C@@H](C=O)NC(=O)[C@H](CC(C)C)NC(=O)[C@H](CC(C)C)NC(=O)OCC1=CC=CC=C1,CVCL_1639,CC(C)C[C@@H](C=O)NC(=O)[C@H](CC(C)C)NC(=O)[C@H](CC(C)C)NC(=O)OCc1ccccc1
1561,Taselisib,PI3K (beta sparing),-0.3734014254509514,180,PANC1005,CC1=NN(C(=N1)C2=CN3CCOC4=C(C3=N2)C=CC(=C4)C5=CN(N=C5)C(C)(C)C(=O)N)C(C)C,CVCL_1639,Cc1nc(-c2cn3c(n2)-c2ccc(-c4cnn(C(C)(C)C(N)=O)c4)cc2OCC3)n(C(C)C)n1
1940,WIKI4,"TNKS1, TNKS2",-0.3588165685773539,180,PANC1005,COC1=CC=C(C=C1)N2C(=NN=C2SCCCN3C(=O)C4=CC=CC5=C4C(=CC=C5)C3=O)C6=CC=NC=C6,CVCL_1639,COc1ccc(-n2c(SCCCN3C(=O)c4cccc5cccc(c45)C3=O)nnc2-c2ccncc2)cc1
1558,Lapatinib,"EGFR, ERBB2",-0.257821359784392,180,PANC1005,CS(=O)(=O)CCNCC1=CC=C(O1)C2=CC3=C(C=C2)N=CN=C3NC4=CC(=C(C=C4)OCC5=CC(=CC=C5)F)Cl,CVCL_1639,CS(=O)(=O)CCNCc1ccc(-c2ccc3ncnc(Nc4ccc(OCc5cccc(F)c5)c(Cl)c4)c3c2)o1
1529,Pevonedistat,NAE,-0.2391071222493044,180,PANC1005,C1CC2=CC=CC=C2[C@H]1NC3=C4C=CN(C4=NC=N3)[C@@H]5C[C@H]([C@H](C5)O)COS(=O)(=O)N,CVCL_1639,NS(=O)(=O)OC[C@@H]1C[C@@H](n2ccc3c(N[C@H]4CCc5ccccc54)ncnc32)C[C@@H]1O
1510,Linsitinib,IGF1R,-0.2256788509361257,180,PANC1005,CC1(CC(C1)C2=NC(=C3N2C=CN=C3N)C4=CC5=C(C=C4)C=CC(=N5)C6=CC=CC=C6)O,CVCL_1639,CC1(O)CC(c2nc(-c3ccc4ccc(-c5ccccc5)nc4c3)c3c(N)nccn23)C1
1627,GSK343,EZH2,-0.1561404359965995,180,PANC1005,CCCC1=C(C(=O)NC(=C1)C)CNC(=O)C2=C3C=NN(C3=CC(=C2)C4=CC(=NC=C4)N5CCN(CC5)C)C(C)C,CVCL_1639,CCCc1cc(C)[nH]c(=O)c1CNC(=O)c1cc(-c2ccnc(N3CCN(C)CC3)c2)cc2c1cnn2C(C)C
1372,Trametinib,"MEK1, MEK2",-0.1339271313056907,180,PANC1005,CC1=C2C(=C(N(C1=O)C)NC3=C(C=C(C=C3)I)F)C(=O)N(C(=O)N2C4=CC=CC(=C4)NC(=O)C)C5CC5,CVCL_1639,CC(=O)Nc1cccc(-n2c(=O)n(C3CC3)c(=O)c3c(Nc4ccc(I)cc4F)n(C)c(=O)c(C)c32)c1
1054,Palbociclib,"CDK4, CDK6",-0.0991820658174773,180,PANC1005,CC1=C(C(=O)N(C2=NC(=NC=C12)NC3=NC=C(C=C3)N4CCNCC4)C5CCCC5)C(=O)C,CVCL_1639,CC(=O)c1c(C)c2cnc(Nc3ccc(N4CCNCC4)cn3)nc2n(C2CCCC2)c1=O
2109,AZ6102,"TNKS1, TNKS2",-0.0926622320671648,180,PANC1005,CCC1=CC2=C(C=C1OC(=O)C(C)(C)C)OC(=C(C2=O)OC3=CC=C(C=C3)I)C(F)(F)F,CVCL_1639,CCc1cc2c(=O)c(Oc3ccc(I)cc3)c(C(F)(F)F)oc2cc1OC(=O)C(C)(C)C
1706,AZD5153,BRD4,-0.0575581110796301,180,PANC1005,C[C@@H]1C(=O)N(CCN1CCOC2=CC=C(C=C2)C3CCN(CC3)C4=NN5C(=NN=C5OC)C=C4)C,CVCL_1639,COc1nnc2ccc(N3CCC(c4ccc(OCCN5CCN(C)C(=O)[C@H]5C)cc4)CC3)nn12
1564,SCH772984,"ERK1, ERK2",-0.0568557759280772,180,PANC1005,C1CN(C[C@@H]1C(=O)NC2=CC3=C(C=C2)NN=C3C4=CC=NC=C4)CC(=O)N5CCN(CC5)C6=CC=C(C=C6)C7=NC=CC=N7,CVCL_1639,O=C(Nc1ccc2[nH]nc(-c3ccncc3)c2c1)[C@@H]1CCN(CC(=O)N2CCN(c3ccc(-c4ncccn4)cc3)CC2)C1
1626,OTX015,"BRD2, BRD3, BRD4",0.0592173406114626,180,PANC1005,CC1=C(SC2=C1C(=N[C@H](C3=NN=C(N32)C)CC(=O)NC4=CC=C(C=C4)O)C5=CC=C(C=C5)Cl)C,CVCL_1639,Cc1sc2c(c1C)C(c1ccc(Cl)cc1)=N[C@@H](CC(=O)Nc1ccc(O)cc1)c1nnc(C)n1-2
1013,Nilotinib,ABL,0.1096372553237674,180,PANC1005,CC1=C(C=C(C=C1)C(=O)NC2=CC(=CC(=C2)C(F)(F)F)N3C=C(N=C3)C)NC4=NC=CC(=N4)C5=CN=CC=C5,CVCL_1639,Cc1cn(-c2cc(NC(=O)c3ccc(C)c(Nc4nccc(-c5cccnc5)n4)c3)cc(C(F)(F)F)c2)cn1
2096,VX-11e,ERK2,0.1165945927505787,180,PANC1005,CC1=CN=C(N=C1C2=CNC(=C2)C(=O)N[C@H](CO)C3=CC(=CC=C3)Cl)NC4=C(C=C(C=C4)F)Cl,CVCL_1639,Cc1cnc(Nc2ccc(F)cc2Cl)nc1-c1c[nH]c(C(=O)N[C@H](CO)c2cccc(Cl)c2)c1
1912,Afuresertib,"AKT1, AKT2, AKT3",0.1404022455535364,180,PANC1005,CN1C(=C(C=N1)Cl)C2=C(SC(=C2)C(=O)N[C@@H](CC3=CC(=CC=C3)F)CN)Cl,CVCL_1639,Cn1ncc(Cl)c1-c1cc(C(=O)N[C@H](CN)Cc2cccc(F)c2)sc1Cl
1736,Selumetinib,"MEK1, MEK2",0.1522593138809497,180,PANC1005,CN1C=NC2=C1C=C(C(=C2F)NC3=C(C=C(C=C3)Br)Cl)C(=O)NOCCO,CVCL_1639,Cn1cnc2c(F)c(Nc3ccc(Br)cc3Cl)c(C(=O)NOCCO)cc21
1441,AZD2014,"mTORC1, mTORC2",0.1644626107434019,180,PANC1005,C[C@H]1COCCN1C2=NC(=NC3=C2C=CC(=N3)C4=CC(=CC=C4)C(=O)NC)N5CCOC[C@@H]5C,CVCL_1639,CNC(=O)c1cccc(-c2ccc3c(N4CCOC[C@@H]4C)nc(N4CCOC[C@@H]4C)nc3n2)c1
1997,WEHI-539,BCL-XL,0.1761489081121952,180,PANC1005,C1CC2=C(C=C(C=C2)C3=NC(=C(S3)CCCOC4=CC=C(C=C4)CN)C(=O)O)/C(=N/NC5=NC6=CC=CC=C6S5)/C1,CVCL_1639,NCc1ccc(OCCCc2sc(-c3ccc4c(c3)/C(=N/Nc3nc5ccccc5s3)CCC4)nc2C(=O)O)cc1
1011,Navitoclax,"BCL2, BCL-XL, BCL-W",0.17884984171479,180,PANC1005,CC1(CCC(=C(C1)CN2CCN(CC2)C3=CC=C(C=C3)C(=O)NS(=O)(=O)C4=CC(=C(C=C4)N[C@H](CCN5CCOCC5)CSC6=CC=CC=C6)S(=O)(=O)C(F)(F)F)C7=CC=C(C=C7)Cl)C,CVCL_1639,CC1(C)CCC(c2ccc(Cl)cc2)=C(CN2CCN(c3ccc(C(=O)NS(=O)(=O)c4ccc(N[C@H](CCN5CCOCC5)CSc5ccccc5)c(S(=O)(=O)C(F)(F)F)c4)cc3)CC2)C1
1080,Paclitaxel,Microtubule stabiliser,0.191641363726446,180,PANC1005,CC1=C2[C@H](C(=O)[C@@]3([C@H](C[C@@H]4[C@]([C@H]3[C@@H]([C@@](C2(C)C)(C[C@@H]1OC(=O)[C@@H]([C@H](C5=CC=CC=C5)NC(=O)C6=CC=CC=C6)O)O)OC(=O)C7=CC=CC=C7)(CO4)OC(=O)C)O)C)OC(=O)C,CVCL_1639,CC(=O)O[C@H]1C(=O)[C@]2(C)[C@@H](O)C[C@H]3OC[C@@]3(OC(C)=O)[C@H]2[C@H](OC(=O)c2ccccc2)[C@]2(O)C[C@H](OC(=O)[C@H](O)[C@@H](NC(=O)c3ccccc3)c3ccccc3)C(C)=C1C2(C)C
1248,Daporinad,NAMPT,0.1942360765209066,180,PANC1005,C1CN(CCC1CCCCNC(=O)/C=C/C2=CN=CC=C2)C(=O)C3=CC=CC=C3,CVCL_1639,O=C(/C=C/c1cccnc1)NCCCCC1CCN(C(=O)c2ccccc2)CC1
1003,Camptothecin,TOP1,0.2127776144258574,180,PANC1005,CC[C@@]1(C2=C(COC1=O)C(=O)N3CC4=CC5=CC=CC=C5N=C4C3=C2)O,CVCL_1639,CC[C@@]1(O)C(=O)OCc2c1cc1n(c2=O)Cc2cc3ccccc3nc2-1
1614,WZ4003,"NUAK1, NUAK2",0.2151154854292333,180,PANC1005,CCC(=O)NC1=CC(=CC=C1)OC2=NC(=NC=C2Cl)NC3=C(C=C(C=C3)N4CCN(CC4)C)OC,CVCL_1639,CCC(=O)Nc1cccc(Oc2nc(Nc3ccc(N4CCN(C)CC4)cc3OC)ncc2Cl)c1
1032,Afatinib,"ERBB2, EGFR",0.2153488374138724,180,PANC1005,CN(C)C/C=C/C(=O)NC1=C(C=C2C(=C1)C(=NC=N2)NC3=CC(=C(C=C3)F)Cl)O[C@H]4CCOC4,CVCL_1639,CN(C)C/C=C/C(=O)Nc1cc2c(Nc3ccc(F)c(Cl)c3)ncnc2cc1O[C@H]1CCOC1
1631,PRT062607,SYK,0.2376475458384279,180,PANC1005,C1CC[C@H]([C@H](C1)N)NC2=NC=C(C(=N2)NC3=CC(=CC=C3)N4N=CC=N4)C(=O)N,CVCL_1639,NC(=O)c1cnc(N[C@@H]2CCCC[C@@H]2N)nc1Nc1cccc(-n2nccn2)c1
1553,Uprosertib,"AKT1, AKT2, AKT3",0.267355585756544,180,PANC1005,CN1C(=C(C=N1)Cl)C2=C(OC(=C2)C(=O)N[C@@H](CC3=CC(=C(C=C3)F)F)CN)Cl,CVCL_1639,Cn1ncc(Cl)c1-c1cc(C(=O)N[C@H](CN)Cc2ccc(F)c(F)c2)oc1Cl
2045,AMG-319,PI3K (beta sparing),0.2832245341343584,180,PANC1005,C[C@@H](C1=C(N=C2C=C(C=CC2=C1)F)C3=CC=CC=N3)NC4=NC=NC5=C4NC=N5,CVCL_1639,C[C@H](Nc1ncnc2nc[nH]c12)c1cc2ccc(F)cc2nc1-c1ccccn1
1088,Irinotecan,TOP1,0.2890084140953907,180,PANC1005,CCC1=C2CN3C(=CC4=C(C3=O)COC(=O)[C@@]4(CC)O)C2=NC5=C1C=C(C=C5)OC(=O)N6CCC(CC6)N7CCCCC7,CVCL_1639,CCc1c2c(nc3ccc(OC(=O)N4CCC(N5CCCCC5)CC4)cc13)-c1cc3c(c(=O)n1C2)COC(=O)[C@]3(O)CC
1060,PD0325901,"MEK1, MEK2",0.2907753400550749,180,PANC1005,C1=CC(=C(C=C1I)F)NC2=C(C=CC(=C2F)F)C(=O)NOC[C@@H](CO)O,CVCL_1639,O=C(NOC[C@H](O)CO)c1ccc(F)c(F)c1Nc1ccc(I)cc1F
1091,BMS-536924,"IGF1R, IR",0.2915279052512688,180,PANC1005,CC1=CC(=CC2=C1N=C(N2)C3=C(C=CNC3=O)NC[C@H](C4=CC(=CC=C4)Cl)O)N5CCOCC5,CVCL_1639,Cc1cc(N2CCOCC2)cc2[nH]c(-c3c(NC[C@@H](O)c4cccc(Cl)c4)cc[nH]c3=O)nc12
1190,Gemcitabine,Pyrimidine antimetabolite,0.3055115154741499,180,PANC1005,C1=CN(C(=O)N=C1N)[C@H]2C([C@@H]([C@H](O2)CO)O)(F)F,CVCL_1639,Nc1ccn([C@@H]2O[C@H](CO)[C@@H](O)C2(F)F)c(=O)n1
1578,Leflunomide,Pyrimidine synthesis inhibitor,0.3195092048660932,180,PANC1005,CC1=C(C=NO1)C(=O)NC2=CC=C(C=C2)C(F)(F)F,CVCL_1639,Cc1oncc1C(=O)Nc1ccc(C(F)(F)F)cc1
1933,P22077,"USP7, USP47",0.3233377438897473,180,PANC1005,CC(=O)C1=CC(=C(S1)SC2=C(C=C(C=C2)F)F)[N+](=O)[O-],CVCL_1639,CC(=O)c1cc([N+](=O)[O-])c(Sc2ccc(F)cc2F)s1
1908,Ulixertinib,"ERK1, ERK2",0.3408271860348322,180,PANC1005,CC(C)NC1=NC=C(C(=C1)C2=CNC(=C2)C(=O)N[C@H](CO)C3=CC(=CC=C3)Cl)Cl,CVCL_1639,CC(C)Nc1cc(-c2c[nH]c(C(=O)N[C@H](CO)c3cccc(Cl)c3)c2)c(Cl)cn1
1010,Gefitinib,EGFR,0.3607663108150323,180,PANC1005,COC1=C(C=C2C(=C1)N=CN=C2NC3=CC(=C(C=C3)F)Cl)OCCCN4CCOCC4,CVCL_1639,COc1cc2ncnc(Nc3ccc(F)c(Cl)c3)c2cc1OCCCN1CCOCC1
1630,Entospletinib,SYK,0.3649736224531721,180,PANC1005,C1COCCN1C2=CC=C(C=C2)NC3=NC(=CN4C3=NC=C4)C5=CC6=C(C=C5)C=NN6,CVCL_1639,c1cn2cc(-c3ccc4cn[nH]c4c3)nc(Nc3ccc(N4CCOCC4)cc3)c2n1
1053,MK-2206,"AKT1, AKT2",0.3665266665536948,180,PANC1005,C1CC(C1)(C2=CC=C(C=C2)C3=C(C=C4C(=N3)C=CN5C4=NNC5=O)C6=CC=CC=C6)N.Cl.Cl,CVCL_1639,NC1(c2ccc(-c3nc4ccn5c(=O)[nH]nc5c4cc3-c3ccccc3)cc2)CCC1
1375,Temozolomide,DNA alkylating agent,0.4220628457537896,180,PANC1005,CN1C(=O)N2C=NC(=C2N=N1)C(=O)N,CVCL_1639,Cn1nnc2c(C(N)=O)ncn2c1=O
1624,I-BET-762,"BRD2, BRD3, BRD4",0.4232105419793068,180,PANC1005,CCNC(=O)C[C@H]1C2=NN=C(N2C3=C(C=C(C=C3)OC)C(=N1)C4=CC=C(C=C4)Cl)C,CVCL_1639,CCNC(=O)C[C@@H]1N=C(c2ccc(Cl)cc2)c2cc(OC)ccc2-n2c(C)nnc21
1932,NVP-ADW742,IGF1R,0.4415802776809797,180,PANC1005,C1CCN(C1)CC2CC(C2)N3C=C(C4=C(N=CN=C43)N)C5=CC(=CC=C5)OCC6=CC=CC=C6,CVCL_1639,Nc1ncnc2c1c(-c1cccc(OCc3ccccc3)c1)cn2C1CC(CN2CCCC2)C1
1941,Sepantronium bromide,BIRC5,0.4419343988576826,180,PANC1005,CC1=[N+](C2=C(N1CCOC)C(=O)C3=CC=CC=C3C2=O)CC4=NC=CN=C4.[Br-],CVCL_1639,COCCn1c2c([n+](Cc3cnccn3)c1C)C(=O)c1ccccc1C2=O
1549,Sapitinib,"EGFR, ERBB2, ERBB3",0.4453103378810497,180,PANC1005,CNC(=O)CN1CCC(CC1)OC2=C(C=C3C(=C2)C(=NC=N3)NC4=C(C(=CC=C4)Cl)F)OC,CVCL_1639,CNC(=O)CN1CCC(Oc2cc3c(Nc4cccc(Cl)c4F)ncnc3cc2OC)CC1
1057,Dactolisib,"PI3K (class 1), MTORC1, MTORC2",0.4477904914173284,180,PANC1005,CC(C)(C#N)C1=CC=C(C=C1)N2C3=C4C=C(C=CC4=NC=C3N(C2=O)C)C5=CC6=CC=CC=C6N=C5,CVCL_1639,Cn1c(=O)n(-c2ccc(C(C)(C)C#N)cc2)c2c3cc(-c4cnc5ccccc5c4)ccc3ncc21
1006,Cytarabine,Antimetabolite,0.4735927042395238,180,PANC1005,C1=CN(C(=O)N=C1N)[C@H]2[C@H]([C@@H]([C@H](O2)CO)O)O,CVCL_1639,Nc1ccn([C@@H]2O[C@H](CO)[C@@H](O)[C@@H]2O)c(=O)n1
1083,Crizotinib,"MET, ALK, ROS1",0.4767195824981431,180,PANC1005,C[C@H](C1=C(C=CC(=C1Cl)F)Cl)OC2=C(N=CC(=C2)C3=CN(N=C3)C4CCNCC4)N,CVCL_1639,C[C@@H](Oc1cc(-c2cnn(C3CCNCC3)c2)cnc1N)c1c(Cl)ccc(F)c1Cl
2040,Foretinib,"MET, KDR, TIE2, VEGFR3/FLT4, RON, PDGFR, FGFR1, EGFR",0.506174885277311,180,PANC1005,COC1=CC2=C(C=CN=C2C=C1OCCCN3CCOCC3)OC4=C(C=C(C=C4)NC(=O)C5(CC5)C(=O)NC6=CC=C(C=C6)F)F,CVCL_1639,COc1cc2c(Oc3ccc(NC(=O)C4(C(=O)Nc5ccc(F)cc5)CC4)cc3F)ccnc2cc1OCCCN1CCOCC1
1576,IWP-2,PORCN,0.533192506266217,180,PANC1005,CC1=CC2=C(C=C1)N=C(S2)NC(=O)CSC3=NC4=C(C(=O)N3C5=CC=CC=C5)SCC4,CVCL_1639,Cc1ccc2nc(NC(=O)CSc3nc4c(c(=O)n3-c3ccccc3)SCC4)sc2c1
1926,GNE-317,PI3Kalpha,0.5477885683400573,180,PANC1005,CC1=C(SC2=C1N=C(N=C2N3CCOCC3)C4=CN=C(N=C4)N)C5(COC5)OC,CVCL_1639,COC1(c2sc3c(N4CCOCC4)nc(-c4cnc(N)nc4)nc3c2C)COC1
1007,Docetaxel,Microtubule stabiliser,0.5709882011992597,180,PANC1005,CC1=C2[C@H](C(=O)[C@@]3([C@H](C[C@@H]4[C@]([C@H]3[C@@H]([C@@](C2(C)C)(C[C@@H]1OC(=O)[C@@H]([C@H](C5=CC=CC=C5)NC(=O)OC(C)(C)C)O)O)OC(=O)C6=CC=CC=C6)(CO4)OC(=O)C)O)C)O,CVCL_1639,CC(=O)O[C@@]12CO[C@@H]1C[C@H](O)[C@@]1(C)C(=O)[C@H](O)C3=C(C)[C@@H](OC(=O)[C@H](O)[C@@H](NC(=O)OC(C)(C)C)c4ccccc4)C[C@@](O)([C@@H](OC(=O)c4ccccc4)[C@@H]12)C3(C)C
1084,Rapamycin,MTORC1,0.5717502433168539,180,PANC1005,CC1=NC(=C(N1)[N+](=O)[O-])N(CCN2CCOCC2)CC3=CC=CC=C3F,CVCL_1639,Cc1nc(N(CCN2CCOCC2)Cc2ccccc2F)c([N+](=O)[O-])[nH]1
1179,MK-1775,"WEE1, PLK1",0.5985750446149222,180,PANC1005,CC(C)(C1=NC(=CC=C1)N2C3=NC(=NC=C3C(=O)N2CC=C)NC4=CC=C(C=C4)N5CCN(CC5)C)O,CVCL_1639,C=CCn1c(=O)c2cnc(Nc3ccc(N4CCN(C)CC4)cc3)nc2n1-c1cccc(C(C)(C)O)n1
1936,Savolitinib,MET,0.6197674910464702,180,PANC1005,C[C@@H](C1=CN2C=CN=C2C=C1)N3C4=NC(=CN=C4N=N3)C5=CN(N=C5)C,CVCL_1639,C[C@@H](c1ccc2nccn2c1)n1nnc2ncc(-c3cnn(C)c3)nc21
2106,Uprosertib,"AKT1, AKT2, AKT3",0.6295721687912298,180,PANC1005,CN1C(=C(C=N1)Cl)C2=C(OC(=C2)C(=O)N[C@@H](CC3=CC(=C(C=C3)F)F)CN)Cl,CVCL_1639,Cn1ncc(Cl)c1-c1cc(C(=O)N[C@H](CN)Cc2ccc(F)c(F)c2)oc1Cl
1621,PCI-34051,"HDAC8, HDAC6, HDAC1",0.6318876018835523,180,PANC1005,COC1=CC=C(C=C1)CN2C=CC3=C2C=C(C=C3)C(=O)NO,CVCL_1639,COc1ccc(Cn2ccc3ccc(C(=O)NO)cc32)cc1
1560,Alpelisib,PI3Kalpha,0.6693885640548426,180,PANC1005,CC1=C(SC(=N1)NC(=O)N2CCC[C@H]2C(=O)N)C3=CC(=NC=C3)C(C)(C)C(F)(F)F,CVCL_1639,Cc1nc(NC(=O)N2CCC[C@H]2C(N)=O)sc1-c1ccnc(C(C)(C)C(F)(F)F)c1
1022,AZD7762,"CHEK1, CHEK2",0.6778112729532573,180,PANC1005,C1C[C@@H](CNC1)NC(=O)C2=C(C=C(S2)C3=CC(=CC=C3)F)NC(=O)N,CVCL_1639,NC(=O)Nc1cc(-c2cccc(F)c2)sc1C(=O)N[C@H]1CCCNC1
1047,Nutlin-3a (-),MDM2,0.7057967336691016,180,PANC1005,CC(C)OC1=C(C=CC(=C1)OC)C2=N[C@H]([C@H](N2C(=O)N3CCNC(=O)C3)C4=CC=C(C=C4)Cl)C5=CC=C(C=C5)Cl,CVCL_1639,COc1ccc(C2=N[C@@H](c3ccc(Cl)cc3)[C@@H](c3ccc(Cl)cc3)N2C(=O)N2CCNC(=O)C2)c(OC(C)C)c1
1819,Docetaxel,Microtubule stabiliser,0.7508525832951753,180,PANC1005,CC1=C2[C@H](C(=O)[C@@]3([C@H](C[C@@H]4[C@]([C@H]3[C@@H]([C@@](C2(C)C)(C[C@@H]1OC(=O)[C@@H]([C@H](C5=CC=CC=C5)NC(=O)OC(C)(C)C)O)O)OC(=O)C6=CC=CC=C6)(CO4)OC(=O)C)O)C)O,CVCL_1639,CC(=O)O[C@@]12CO[C@@H]1C[C@H](O)[C@@]1(C)C(=O)[C@H](O)C3=C(C)[C@@H](OC(=O)[C@H](O)[C@@H](NC(=O)OC(C)(C)C)c4ccccc4)C[C@@](O)([C@@H](OC(=O)c4ccccc4)[C@@H]12)C3(C)C
2048,Vinorelbine,Microtubule destabiliser,0.7523067503590695,180,PANC1005,CCC1=C[C@H]2C[C@@](C3=C(CN(C2)C1)C4=CC=CC=C4N3)(C5=C(C=C6C(=C5)[C@]78CCN9[C@H]7[C@@](C=CC9)([C@H]([C@@]([C@@H]8N6C)(C(=O)OC)O)OC(=O)C)CC)OC)C(=O)OC,CVCL_1639,CCC1=C[C@@H]2CN(C1)Cc1c([nH]c3ccccc13)[C@@](C(=O)OC)(c1cc3c(cc1OC)N(C)[C@H]1[C@@](O)(C(=O)OC)[C@H](OC(C)=O)[C@]4(CC)C=CCN5CC[C@]31[C@@H]54)C2
1854,MN-64,"TNKS1, TNKS2",0.7589801642941968,180,PANC1005,CC(C)C1=CC=C(C=C1)C2=CC(=O)C3=CC=CC=C3O2,CVCL_1639,CC(C)c1ccc(-c2cc(=O)c3ccccc3o2)cc1
1910,ABT737,"BCL2, BCL-XL,  BCL-W, BCL-B, BFL1",0.7620263403442799,180,PANC1005,CN(C)CC[C@H](CSC1=CC=CC=C1)NC2=C(C=C(C=C2)S(=O)(=O)NC(=O)C3=CC=C(C=C3)N4CCN(CC4)CC5=CC=CC=C5C6=CC=C(C=C6)Cl)[N+](=O)[O-],CVCL_1639,CN(C)CC[C@H](CSc1ccccc1)Nc1ccc(S(=O)(=O)NC(=O)c2ccc(N3CCN(Cc4ccccc4-c4ccc(Cl)cc4)CC3)cc2)cc1[N+](=O)[O-]
1931,MIRA-1,TP53,0.7626135523036786,180,PANC1005,CCC(=O)OCN1C(=O)C=CC1=O,CVCL_1639,CCC(=O)OCN1C(=O)C=CC1=O
1922,Cediranib,"VEGFR, FLT1, FLT2, FLT3, FLT4, KIT, PDGFRB",0.7706546263361785,180,PANC1005,CC1=CC2=C(N1)C=CC(=C2F)OC3=NC=NC4=CC(=C(C=C43)OC)OCCCN5CCCC5,CVCL_1639,COc1cc2c(Oc3ccc4[nH]c(C)cc4c3F)ncnc2cc1OCCCN1CCCC1
1849,Sabutoclax,"BCL2,  BCL-XL,  BFL1, MCL1",0.7799692934063739,180,PANC1005,CC1=CC2=C(C(=C(C=C2C(=C1C3=C(C4=CC(=C(C(=C4C=C3C)C(=O)NC[C@H](C)C5=CC=CC=C5)O)O)O)O)O)O)C(=O)NC[C@H](C)C6=CC=CC=C6,CVCL_1639,Cc1cc2c(C(=O)NC[C@H](C)c3ccccc3)c(O)c(O)cc2c(O)c1-c1c(C)cc2c(C(=O)NC[C@H](C)c3ccccc3)c(O)c(O)cc2c1O
1930,Telomerase Inhibitor IX,Telomerase,0.7816007443239726,180,PANC1005,C1=CC(=CC(=C1)NC(=O)C2=C(C(=CC=C2)O)O)NC(=O)C3=C(C(=CC=C3)O)O,CVCL_1639,O=C(Nc1cccc(NC(=O)c2cccc(O)c2O)c1)c1cccc(O)c1O
1085,Sorafenib,"PDGFR, KIT, VEGFR, RAF",0.7851157769174899,180,PANC1005,CNC(=O)C1=NC=CC(=C1)OC2=CC=C(C=C2)NC(=O)NC3=CC(=C(C=C3)Cl)C(F)(F)F,CVCL_1639,CNC(=O)c1cc(Oc2ccc(NC(=O)Nc3ccc(Cl)c(C(F)(F)F)c3)cc2)ccn1
1250,AZ960,"JAK2, JAK3",0.8380045197824345,180,PANC1005,CC1=CC(=NN1)NC2=C(C=C(C(=N2)N[C@@H](C)C3=CC=C(C=C3)F)C#N)F,CVCL_1639,Cc1cc(Nc2nc(N[C@@H](C)c3ccc(F)cc3)c(C#N)cc2F)n[nH]1
1249,BMS-345541,"IKK-1, IKK-2",0.8500661411652343,180,PANC1005,CC1=CC2=C(C=C1)N=C(C3=NC=C(N23)C)NCCN.Cl,CVCL_1639,Cc1ccc2nc(NCCN)c3ncc(C)n3c2c1
1598,LGK974,PORCN,0.8629939211998748,180,PANC1005,CC1=CC(=CN=C1C2=CC(=NC=C2)C)CC(=O)NC3=NC=C(C=C3)C4=NC=CN=C4,CVCL_1639,Cc1cc(-c2ncc(CC(=O)Nc3ccc(-c4cnccn4)cn3)cc2C)ccn1
1180,Dinaciclib,"CDK1, CDK2, CDK5, CDK9",0.8871020508731041,180,PANC1005,CCC1=C2N=C(C=C(N2N=C1)NCC3=C[N+](=CC=C3)[O-])N4CCCC[C@H]4CCO,CVCL_1639,CCc1cnn2c(NCc3ccc[n+]([O-])c3)cc(N3CCCC[C@H]3CCO)nc12
1806,Oxaliplatin,DNA alkylating agent,0.8950016856253331,180,PANC1005,C1CC[C@H]([C@@H](C1)[NH-])[NH-].C(=O)(C(=O)O)O.[Pt+2],CVCL_1639,N[C@@H]1CCCC[C@H]1N
2044,Pyridostatin,G-quadruplex stabiliser,0.9153738736209444,180,PANC1005,C1=CC=C2C(=C1)C(=CC(=N2)NC(=O)C3=CC(=CC(=N3)C(=O)NC4=NC5=CC=CC=C5C(=C4)OCCN)OCCN)OCCN,CVCL_1639,NCCOc1cc(C(=O)Nc2cc(OCCN)c3ccccc3n2)nc(C(=O)Nc2cc(OCCN)c3ccccc3n2)c1
1635,Picolinici-acid,Inflammatory related,0.9255150564336686,180,PANC1005,C1=CC=NC(=C1)C(=O)O,CVCL_1639,O=C(O)c1ccccn1
1373,Dabrafenib,BRAF,0.9331008595064793,180,PANC1005,CC(C)(C)C1=NC(=C(S1)C2=NC(=NC=C2)N)C3=C(C(=CC=C3)NS(=O)(=O)C4=C(C=CC=C4F)F)F,CVCL_1639,CC(C)(C)c1nc(-c2cccc(NS(=O)(=O)c3c(F)cccc3F)c2F)c(-c2ccnc(N)n2)s1
1259,Talazoparib,"PARP1, PARP2",0.9331444740971244,180,PANC1005,CC(C)/C=N/NC(=O)C1=CC=C(C=C1)NC(=O)C,CVCL_1639,CC(=O)Nc1ccc(C(=O)N/N=C/C(C)C)cc1
1199,Tamoxifen,ESR1,0.9520835942744575,180,PANC1005,CC/C(=C(\C1=CC=CC=C1)/C2=CC=C(C=C2)OCCN(C)C)/C3=CC=CC=C3,CVCL_1639,CC/C(=C(\c1ccccc1)c1ccc(OCCN(C)C)cc1)c1ccccc1
1237,EPZ004777,DOT1L,0.961798168312744,180,PANC1005,CC(C)N(CCCNC(=O)NC1=CC=C(C=C1)C(C)(C)C)C[C@@H]2[C@H]([C@H]([C@@H](O2)N3C=CC4=C(N=CN=C43)N)O)O,CVCL_1639,CC(C)N(CCCNC(=O)Nc1ccc(C(C)(C)C)cc1)C[C@H]1O[C@@H](n2ccc3c(N)ncnc32)[C@H](O)[C@@H]1O
1924,Ipatasertib,"AKT1, AKT, AKT3",0.9744450410467284,180,PANC1005,C[C@@H]1C[C@H](C2=C1C(=NC=N2)N3CCN(CC3)C(=O)[C@H](CNC(C)C)C4=CC=C(C=C4)Cl)O,CVCL_1639,CC(C)NC[C@@H](C(=O)N1CCN(c2ncnc3c2[C@H](C)C[C@H]3O)CC1)c1ccc(Cl)cc1
1559,Luminespib,HSP90,0.9844499850474188,180,PANC1005,CN1C2=CC=CC=C2C(C1=O)(CC(=O)C3=CC=C(C=C3)Cl)O,CVCL_1639,CN1C(=O)C(O)(CC(=O)c2ccc(Cl)cc2)c2ccccc21
2046,MK-8776,"CHEK1, CHEK2, CDK2",0.98869993733808,180,PANC1005,CN1C=C(C=N1)C2=C3N=C(C(=C(N3N=C2)N)Br)C4CCCNC4,CVCL_1639,Cn1cc(-c2cnn3c(N)c(Br)c(C4CCCNC4)nc23)cn1
1051,Alisertib,AURKA,0.9971409876321372,180,PANC1005,COC1=C(C(=CC=C1)F)C2=NCC3=CN=C(N=C3C4=C2C=C(C=C4)Cl)NC5=CC(=C(C=C5)C(=O)O)OC,CVCL_1639,COc1cc(Nc2ncc3c(n2)-c2ccc(Cl)cc2C(c2c(F)cccc2OC)=NC3)ccc1C(=O)O
1089,Oxaliplatin,DNA alkylating agent,1.0044477117943902,180,PANC1005,C1CC[C@H]([C@@H](C1)N)N.C(=O)(C(=O)O)O.[Pt],CVCL_1639,N[C@@H]1CCCC[C@H]1N
1915,AZD3759,EGFR,1.0167462642196168,180,PANC1005,C[C@@H]1CN(CCN1C(=O)OC2=C(C=C3C(=C2)C(=NC=N3)NC4=C(C(=CC=C4)Cl)F)OC)C,CVCL_1639,COc1cc2ncnc(Nc3cccc(Cl)c3F)c2cc1OC(=O)N1CCN(C)C[C@H]1C
1629,ML323,"USP1, UAF1",1.0213836486170482,180,PANC1005,CC1=CN=C(N=C1NCC2=CC=C(C=C2)N3C=CN=N3)C4=CC=CC=C4C(C)C,CVCL_1639,Cc1cnc(-c2ccccc2C(C)C)nc1NCc1ccc(-n2ccnn2)cc1
1799,Ibrutinib,BTK,1.0227579408890437,180,PANC1005,C=CC(=O)N1CCC[C@H](C1)N2C3=NC=NC(=C3C(=N2)C4=CC=C(C=C4)OC5=CC=CC=C5)N,CVCL_1639,C=CC(=O)N1CCC[C@@H](n2nc(-c3ccc(Oc4ccccc4)cc3)c3c(N)ncnc32)C1
1073,5-Fluorouracil,Antimetabolite (DNA & RNA),1.0273446023408266,180,PANC1005,C1=C(C(=O)NC(=O)N1)F,CVCL_1639,O=c1[nH]cc(F)c(=O)[nH]1
1615,CZC24832,PI3Kgamma,1.040674616619892,180,PANC1005,CC(C)(C)NS(=O)(=O)C1=CN=CC(=C1)C2=CN3C(=NC(=N3)N)C(=C2)F,CVCL_1639,CC(C)(C)NS(=O)(=O)c1cncc(-c2cc(F)c3nc(N)nn3c2)c1
1873,Buparlisib,"PI3Kalpha, PI3Kdelta, PI3Kbeta, PI3Kgamma",1.057187738811299,180,PANC1005,C1COCCN1C2=NC(=NC(=C2)C3=CN=C(C=C3C(F)(F)F)N)N4CCOCC4,CVCL_1639,Nc1cc(C(F)(F)F)c(-c2cc(N3CCOCC3)nc(N3CCOCC3)n2)cn1
1909,Venetoclax,BCL2,1.0652165236801598,180,PANC1005,CC1(CCC(=C(C1)C2=CC=C(C=C2)Cl)CN3CCN(CC3)C4=CC(=C(C=C4)C(=O)NS(=O)(=O)C5=CC(=C(C=C5)NCC6CCOCC6)[N+](=O)[O-])OC7=CN=C8C(=C7)C=CN8)C,CVCL_1639,CC1(C)CCC(CN2CCN(c3ccc(C(=O)NS(=O)(=O)c4ccc(NCC5CCOCC5)c([N+](=O)[O-])c4)c(Oc4cnc5[nH]ccc5c4)c3)CC2)=C(c2ccc(Cl)cc2)C1
1507,Ruxolitinib,"JAK1, JAK2",1.0719238924265324,180,PANC1005,C1CCC(C1)[C@@H](CC#N)N2C=C(C=N2)C3=C4C=CNC4=NC=N3,CVCL_1639,N#CC[C@H](C1CCCC1)n1cc(-c2ncnc3[nH]ccc23)cn1
1068,Obatoclax Mesylate,"BCL2, BCL-XL, BCL-W, MCL1",1.0817267838610796,180,PANC1005,CC1=CC(=C(N1)/C=C\2/C(=C/C(=C/3\C=C4C=CC=CC4=N3)/N2)OC)C,CVCL_1639,COc1c/c(=C2\C=c3ccccc3=N2)[nH]/c1=C\c1[nH]c(C)cc1C
1563,EPZ5676,DOT1L,1.0893799848482668,180,PANC1005,CC(C)N(C[C@@H]1[C@H]([C@H]([C@@H](O1)N2C=NC3=C(N=CN=C32)N)O)O)C4CC(C4)CCC5=NC6=C(N5)C=C(C=C6)C(C)(C)C,CVCL_1639,CC(C)N(C[C@H]1O[C@@H](n2cnc3c(N)ncnc32)[C@H](O)[C@@H]1O)C1CC(CCc2nc3ccc(C(C)(C)C)cc3[nH]2)C1
1168,Erlotinib,EGFR,1.0903527200819745,180,PANC1005,COCCOC1=C(C=C2C(=C1)C(=NC=N2)NC3=CC=CC(=C3)C#C)OCCOC,CVCL_1639,C#Cc1cccc(Nc2ncnc3cc(OCCOC)c(OCCOC)cc23)c1
1916,AZD5363,"AKT1, AKT2, AKT3, ROCK2",1.0933666998630278,180,PANC1005,C1CN(CCC1(C(=O)N[C@@H](CCO)C2=CC=C(C=C2)Cl)N)C3=NC=NC4=C3C=CN4,CVCL_1639,NC1(C(=O)N[C@@H](CCO)c2ccc(Cl)cc2)CCN(c2ncnc3[nH]ccc23)CC1
1177,Niraparib,"PARP1, PARP2",1.1104376825118334,180,PANC1005,C1C[C@H](CNC1)C2=CC=C(C=C2)N3C=C4C=CC=C(C4=N3)C(=O)N,CVCL_1639,NC(=O)c1cccc2cn(-c3ccc([C@@H]4CCCNC4)cc3)nc12
1852,LY2109761,TGFB1,1.1327798489687475,180,PANC1005,C1CC2=C(C(=NN2C1)C3=CC=CC=N3)C4=C5C=CC(=CC5=NC=C4)OCCN6CCOCC6,CVCL_1639,c1ccc(-c2nn3c(c2-c2ccnc4cc(OCCN5CCOCC5)ccc24)CCC3)nc1
1200,Fulvestrant,ESR,1.1416681373381787,180,PANC1005,C[C@]12CC[C@H]3[C@H]([C@@H]1CC[C@@H]2O)[C@@H](CC4=C3C=CC(=C4)O)CCCCCCCCCS(=O)CCCC(C(F)(F)F)(F)F,CVCL_1639,C[C@]12CC[C@@H]3c4ccc(O)cc4C[C@@H](CCCCCCCCC[S+]([O-])CCCC(F)(F)C(F)(F)F)[C@H]3[C@@H]1CC[C@@H]2O
1720,AZD5991,MCL1,1.1781575831708146,180,PANC1005,CC1=C2C(=NN1C)CSCC3=NN(C(=C3)CSC4=CC5=CC=CC=C5C(=C4)OCCCC6=C(N(C7=C6C=CC(=C27)Cl)C)C(=O)O)C,CVCL_1639,Cc1c2c(nn1C)CSCc1cc(n(C)n1)CSc1cc(c3ccccc3c1)OCCCc1c(C(=O)O)n(C)c3c-2c(Cl)ccc13
1049,PD173074,"FGFR1, FGFR2, FGFR3",1.194122248009979,180,PANC1005,CCN(CC)CCCCNC1=NC2=NC(=C(C=C2C=N1)C3=CC(=CC(=C3)OC)OC)NC(=O)NC(C)(C)C,CVCL_1639,CCN(CC)CCCCNc1ncc2cc(-c3cc(OC)cc(OC)c3)c(NC(=O)NC(C)(C)C)nc2n1
1919,Osimertinib,EGFR,1.1993614003548656,180,PANC1005,CN1C=C(C2=CC=CC=C21)C3=NC(=NC=C3)NC4=C(C=C(C(=C4)NC(=O)C=C)N(C)CCN(C)C)OC,CVCL_1639,C=CC(=O)Nc1cc(Nc2nccc(-c3cn(C)c4ccccc34)n2)c(OC)cc1N(C)CCN(C)C
1239,YK-4-279,RNA helicase A,1.2350599188421143,180,PANC1005,COC1=CC=C(C=C1)C(=O)CC2(C3=C(C=CC(=C3NC2=O)Cl)Cl)O,CVCL_1639,COc1ccc(C(=O)CC2(O)C(=O)Nc3c(Cl)ccc(Cl)c32)cc1
2043,BIBR-1532,TERT,1.235350603358038,180,PANC1005,C/C(=C\C(=O)NC1=CC=CC=C1C(=O)O)/C2=CC3=CC=CC=C3C=C2,CVCL_1639,C/C(=C\C(=O)Nc1ccccc1C(=O)O)c1ccc2ccccc2c1
1512,Cyclophosphamide,Alkylating agent,1.2613862201815422,180,PANC1005,C1CNP(=O)(OC1)N(CCCl)CCCl,CVCL_1639,O=P1(N(CCCl)CCCl)NCCCO1
1786,AZD4547,"FGFR1, FGFR2, FGFR3",1.2634813293715794,180,PANC1005,C[C@@H]1CN(C[C@@H](N1)C)C2=CC=C(C=C2)C(=O)NC3=NNC(=C3)CCC4=CC(=CC(=C4)OC)OC,CVCL_1639,COc1cc(CCc2cc(NC(=O)c3ccc(N4C[C@H](C)N[C@H](C)C4)cc3)n[nH]2)cc(OC)c1
1620,PFI3,"Polybromo 1, SMARCA4, SMARCA2",1.2754374942180005,180,PANC1005,C1[C@@H]2CN([C@H]1CN2C3=CC=CC=N3)/C=C/C(=O)C4=CC=CC=C4O,CVCL_1639,O=C(/C=C/N1C[C@H]2C[C@@H]1CN2c1ccccn1)c1ccccc1O
2107,LJI308,"RSK2, RSK1, RSK3",1.3591172210521452,180,PANC1005,C1COCCN1C2=CC=C(C=C2)C3=C(C=NC=C3)C4=CC(=C(C(=C4)F)O)F,CVCL_1639,Oc1c(F)cc(-c2cnccc2-c2ccc(N3CCOCC3)cc2)cc1F
1996,MIM1,MCL1,1.3809977947124727,180,PANC1005,CC(C)[C@H]1CSC(=N1)N2[C@H](CSC2=S)C(C)C,CVCL_1639,CC(C)[C@H]1CSC(N2C(=S)SC[C@@H]2C(C)C)=N1
1634,AGI-6780,IDH2 R140Q mutant,1.388304432878947,180,PANC1005,C1CC1NS(=O)(=O)C2=CC(=C(C=C2)C3=CSC=C3)NC(=O)NC4=CC=CC(=C4)C(F)(F)F,CVCL_1639,O=C(Nc1cccc(C(F)(F)F)c1)Nc1cc(S(=O)(=O)NC2CC2)ccc1-c1ccsc1
1557,LCL161,"XIAP, IAP1, IAP2",1.3895822394451416,180,PANC1005,C[C@@H](C(=O)N[C@@H](C1CCCCC1)C(=O)N2CCC[C@H]2C3=NC(=CS3)C(=O)C4=CC=C(C=C4)F)NC,CVCL_1639,CN[C@@H](C)C(=O)N[C@H](C(=O)N1CCC[C@H]1c1nc(C(=O)c2ccc(F)cc2)cs1)C1CCCCC1
1034,Staurosporine,Broad spectrum kinase inhibitor,1.4306521848495748,180,PANC1005,C[C@@]12[C@@H]([C@@H](C[C@H](O1)N3C4=CC=CC=C4C5=C6C(=C7C8=CC=CC=C8N2C7=C53)CNC6=O)NC)OC,CVCL_1639,CN[C@@H]1C[C@@H]2O[C@@](C)([C@@H]1OC)n1c3ccccc3c3c4c(c5c6ccccc6n2c5c31)C(=O)NC4
1917,AZD6738,ATR,1.5129045519984154,180,PANC1005,C[C@@H]1COCCN1C2=NC(=NC(=C2)C3(CC3)[S@](=N)(=O)C)C4=C5C=CNC5=NC=C4,CVCL_1639,C[C@@H]1COCCN1c1cc(C2([S@](C)(=N)=O)CC2)nc(-c2ccnc3[nH]ccc23)n1
1918,AZD8186,"PI3Kalpha, PI3Kbeta",1.5766473912906755,180,PANC1005,C[C@H](C1=CC(=CC2=C1OC(=CC2=O)N3CCOCC3)C(=O)N(C)C)NC4=CC(=CC(=C4)F)F,CVCL_1639,C[C@@H](Nc1cc(F)cc(F)c1)c1cc(C(=O)N(C)C)cc2c(=O)cc(N3CCOCC3)oc12
1613,VE-822,ATR,1.5800081153827028,180,PANC1005,CC(C)S(=O)(=O)C1=CC=C(C=C1)C2=CN=C(C(=N2)C3=CC(=NO3)C4=CC=C(C=C4)CNC)N,CVCL_1639,CNCc1ccc(-c2cc(-c3nc(-c4ccc(S(=O)(=O)C(C)C)cc4)cnc3N)on2)cc1
1046,Wee1 Inhibitor,"WEE1, CHEK1",1.5822932826880876,180,PANC1005,C1=CC=C(C(=C1)C2=CC3=C(C4=C(N3)C=CC(=C4)O)C5=C2C(=O)NC5=O)Cl,CVCL_1639,O=C1NC(=O)c2c1c(-c1ccccc1Cl)cc1[nH]c3ccc(O)cc3c21
1012,Vorinostat,"HDAC inhibitor Class I, IIa, IIb, IV",1.6220908923246562,180,PANC1005,C1=CC=C(C=C1)NC(=O)CCCCCCC(=O)NO,CVCL_1639,O=C(CCCCCCC(=O)Nc1ccccc1)NO
1004,Vinblastine,Microtubule destabiliser,1.6375738443558618,180,PANC1005,CC[C@@]1(CC2C[C@@](C3=C(CCN(C2)C1)C4=CC=CC=C4N3)(C5=C(C=C6C(=C5)[C@]78CCN9[C@H]7[C@@](C=CC9)([C@H]([C@@]([C@@H]8N6C)(C(=O)OC)O)OC(=O)C)CC)OC)C(=O)OC)O,CVCL_1639,CC[C@]1(O)CC2CN(CCc3c([nH]c4ccccc34)[C@@](C(=O)OC)(c3cc4c(cc3OC)N(C)[C@H]3[C@@](O)(C(=O)OC)[C@H](OC(C)=O)[C@]5(CC)C=CCN6CC[C@]43[C@@H]65)C2)C1
1928,I-BRD9,BRD9,1.6455438818378043,180,PANC1005,CCN1C=C(C2=C(C1=O)C=C(S2)C(=NC3CCS(=O)(=O)CC3)N)C4=CC(=CC=C4)C(F)(F)F,CVCL_1639,CCn1cc(-c2cccc(C(F)(F)F)c2)c2sc(C(N)=NC3CCS(=O)(=O)CC3)cc2c1=O
1017,Olaparib,"PARP1, PARP2",1.6507178311302375,180,PANC1005,C1CC1C(=O)N2CCN(CC2)C(=O)C3=C(C=CC(=C3)CC4=NNC(=O)C5=CC=CC=C54)F,CVCL_1639,O=C(c1cc(Cc2n[nH]c(=O)c3ccccc23)ccc1F)N1CCN(C(=O)C2CC2)CC1
1511,Epirubicin,Anthracycline,1.6616491567916618,180,PANC1005,C[C@H]1[C@@H]([C@H](C[C@@H](O1)O[C@H]2C[C@@](CC3=C2C(=C4C(=C3O)C(=O)C5=C(C4=O)C(=CC=C5)OC)O)(C(=O)CO)O)N)O,CVCL_1639,COc1cccc2c1C(=O)c1c(O)c3c(c(O)c1C2=O)C[C@@](O)(C(=O)CO)C[C@@H]3O[C@H]1C[C@H](N)[C@@H](O)[C@H](C)O1
2170,AT13148,AKT1,1.6854620623962622,180,PANC1005,C1=CC(=CC=C1C2=CNN=C2)[C@@](CN)(C3=CC=C(C=C3)Cl)O,CVCL_1639,NC[C@@](O)(c1ccc(Cl)cc1)c1ccc(-c2cn[nH]c2)cc1
1913,AGI-5198,IDH1 (R132H),1.7613574773142862,180,PANC1005,CC1=CC=CC=C1C(C(=O)NC2CCCCC2)N(C3=CC(=CC=C3)F)C(=O)CN4C=CN=C4C,CVCL_1639,Cc1ccccc1C(C(=O)NC1CCCCC1)N(C(=O)Cn1ccnc1C)c1cccc(F)c1
1855,KRAS (G12C) Inhibitor-12,KRAS (G12C),1.827033506001672,180,PANC1005,C=CC(=O)N1CCN(CC1)C(=O)CNC2=CC(=C(C=C2O)Cl)I,CVCL_1639,C=CC(=O)N1CCN(C(=O)CNc2cc(I)c(Cl)cc2O)CC1
1927,GSK2578215A,LRRK2,1.8661887553916776,180,PANC1005,C1=CC=C(C=C1)COC2=C(C=C(C=C2)C3=CC(=NC=C3)F)C(=O)NC4=CN=CC=C4,CVCL_1639,O=C(Nc1cccnc1)c1cc(-c2ccnc(F)c2)ccc1OCc1ccccc1
2111,VE821,ATR,1.87251278412082,180,PANC1005,CS(=O)(=O)C1=CC=C(C=C1)C2=CN=C(C(=N2)C(=O)NC3=CC=CC=C3)N,CVCL_1639,CS(=O)(=O)c1ccc(-c2cnc(N)c(C(=O)Nc3ccccc3)n2)cc1
1036,PLX-4720,BRAF,1.9097184998672911,180,PANC1005,CCCS(=O)(=O)NC1=C(C(=C(C=C1)F)C(=O)C2=CNC3=C2C=C(C=N3)Cl)F,CVCL_1639,CCCS(=O)(=O)Nc1ccc(F)c(C(=O)c2c[nH]c3ncc(Cl)cc23)c1F
1853,OF-1,"BRPF1B, BRPF2",1.946815446621727,180,PANC1005,CC1=C(C=CC(=C1)Br)S(=O)(=O)NC2=CC3=C(C=C2OC)N(C(=O)N3C)C,CVCL_1639,COc1cc2c(cc1NS(=O)(=O)c1ccc(Br)cc1C)n(C)c(=O)n2C
1463,AZD1332,"NTRK1, NTRK2, NTRK3",1.9676067251692493,180,PANC1005,CC(C)OC1=NNC(=C1)NC2=NC(=NC=C2Cl)NC(C)C3=NC=C(C=C3)F,CVCL_1639,CC(C)Oc1cc(Nc2nc(NC(C)c3ccc(F)cn3)ncc2Cl)[nH]n1
1925,GDC0810,"ESR1, ESR2",1.9929152846262936,180,PANC1005,CC/C(=C(/C1=CC=C(C=C1)/C=C/C(=O)O)\C2=CC3=C(C=C2)NN=C3)/C4=C(C=C(C=C4)F)Cl,CVCL_1639,CC/C(=C(/c1ccc(/C=C/C(=O)O)cc1)c1ccc2[nH]ncc2c1)c1ccc(F)cc1Cl
2110,GSK591,PMRT5,2.0042318824700533,180,PANC1005,C1CC(C1)NC2=NC=CC(=C2)C(=O)NC[C@@H](CN3CCC4=CC=CC=C4C3)O,CVCL_1639,O=C(NC[C@H](O)CN1CCc2ccccc2C1)c1ccnc(NC2CCC2)c1
1593,Entinostat,"HDAC1, HDAC3",2.0092978458747486,180,PANC1005,C1=CC=C(C(=C1)N)NC(=O)C2=CC=C(C=C2)CNC(=O)OCC3=CN=CC=C3,CVCL_1639,Nc1ccccc1NC(=O)c1ccc(CNC(=O)OCc2cccnc2)cc1
1622,Wnt-C59,PORCN,2.0116585804983647,180,PANC1005,CC1=NC=CC(=C1)C2=CC=C(C=C2)CC(=O)NC3=CC=C(C=C3)C4=CN=CC=C4,CVCL_1639,Cc1cc(-c2ccc(CC(=O)Nc3ccc(-c4cccnc4)cc3)cc2)ccn1
1401,AZD5438,CDK2,2.131649607874246,180,PANC1005,CC1=NC=C(N1C(C)C)C2=NC(=NC=C2)NC3=CC=C(C=C3)S(=O)(=O)C,CVCL_1639,Cc1ncc(-c2ccnc(Nc3ccc(S(C)(=O)=O)cc3)n2)n1C(C)C
1618,GSK2606414,PERK,2.238989979774248,180,PANC1005,CN1C=C(C2=C(N=CN=C21)N)C3=CC4=C(C=C3)N(CC4)C(=O)CC5=CC(=CC=C5)C(F)(F)F,CVCL_1639,Cn1cc(-c2ccc3c(c2)CCN3C(=O)Cc2cccc(C(F)(F)F)c2)c2c(N)ncnc21
1926,GNE-317,PI3Kalpha,-0.6715043257754236,180,PATU8902,CC1=C(SC2=C1N=C(N=C2N3CCOCC3)C4=CN=C(N=C4)N)C5(COC5)OC,CVCL_1845,COC1(c2sc3c(N4CCOCC4)nc(-c4cnc(N)nc4)nc3c2C)COC1
1561,Taselisib,PI3K (beta sparing),-0.5266361953120565,180,PATU8902,CC1=NN(C(=N1)C2=CN3CCOC4=C(C3=N2)C=CC(=C4)C5=CN(N=C5)C(C)(C)C(=O)N)C(C)C,CVCL_1845,Cc1nc(-c2cn3c(n2)-c2ccc(-c4cnn(C(C)(C)C(N)=O)c4)cc2OCC3)n(C(C)C)n1
1510,Linsitinib,IGF1R,-0.4725078084362825,180,PATU8902,CC1(CC(C1)C2=NC(=C3N2C=CN=C3N)C4=CC5=C(C=C4)C=CC(=N5)C6=CC=CC=C6)O,CVCL_1845,CC1(O)CC(c2nc(-c3ccc4ccc(-c5ccccc5)nc4c3)c3c(N)nccn23)C1
1939,UMI-77,MCL1,-0.4340649764492205,180,PATU8902,C1=CC=C2C(=C1)C(=CC(=C2O)SCC(=O)O)NS(=O)(=O)C3=CC=C(C=C3)Br,CVCL_1845,O=C(O)CSc1cc(NS(=O)(=O)c2ccc(Br)cc2)c2ccccc2c1O
1017,Olaparib,"PARP1, PARP2",-0.3636653386105654,180,PATU8902,C1CC1C(=O)N2CCN(CC2)C(=O)C3=C(C=CC(=C3)CC4=NNC(=O)C5=CC=CC=C54)F,CVCL_1845,O=C(c1cc(Cc2n[nH]c(=O)c3ccccc23)ccc1F)N1CCN(C(=O)C2CC2)CC1
1925,GDC0810,"ESR1, ESR2",-0.3249022585451744,180,PATU8902,CC/C(=C(/C1=CC=C(C=C1)/C=C/C(=O)O)\C2=CC3=C(C=C2)NN=C3)/C4=C(C=C(C=C4)F)Cl,CVCL_1845,CC/C(=C(/c1ccc(/C=C/C(=O)O)cc1)c1ccc2[nH]ncc2c1)c1ccc(F)cc1Cl
1057,Dactolisib,"PI3K (class 1), MTORC1, MTORC2",-0.2007422110332183,180,PATU8902,CC(C)(C#N)C1=CC=C(C=C1)N2C3=C4C=C(C=CC4=NC=C3N(C2=O)C)C5=CC6=CC=CC=C6N=C5,CVCL_1845,Cn1c(=O)n(-c2ccc(C(C)(C)C#N)cc2)c2c3cc(-c4cnc5ccccc5c4)ccc3ncc21
1012,Vorinostat,"HDAC inhibitor Class I, IIa, IIb, IV",-0.1459029516519122,180,PATU8902,C1=CC=C(C=C1)NC(=O)CCCCCCC(=O)NO,CVCL_1845,O=C(CCCCCCC(=O)Nc1ccccc1)NO
1862,MG-132,"Proteasome, CAPN1",-0.1266853654948486,180,PATU8902,CC(C)C[C@@H](C=O)NC(=O)[C@H](CC(C)C)NC(=O)[C@H](CC(C)C)NC(=O)OCC1=CC=CC=C1,CVCL_1845,CC(C)C[C@@H](C=O)NC(=O)[C@H](CC(C)C)NC(=O)[C@H](CC(C)C)NC(=O)OCc1ccccc1
1058,Pictilisib,PI3K (class 1),-0.1202650198454211,180,PATU8902,CS(=O)(=O)N1CCN(CC1)CC2=CC3=C(S2)C(=NC(=N3)C4=C5C=NNC5=CC=C4)N6CCOCC6,CVCL_1845,CS(=O)(=O)N1CCN(Cc2cc3nc(-c4cccc5[nH]ncc45)nc(N4CCOCC4)c3s2)CC1
1560,Alpelisib,PI3Kalpha,-0.0931345726691867,180,PATU8902,CC1=C(SC(=N1)NC(=O)N2CCC[C@H]2C(=O)N)C3=CC(=NC=C3)C(C)(C)C(F)(F)F,CVCL_1845,Cc1nc(NC(=O)N2CCC[C@H]2C(N)=O)sc1-c1ccnc(C(C)(C)C(F)(F)F)c1
1873,Buparlisib,"PI3Kalpha, PI3Kdelta, PI3Kbeta, PI3Kgamma",-0.0923295172298926,180,PATU8902,C1COCCN1C2=NC(=NC(=C2)C3=CN=C(C=C3C(F)(F)F)N)N4CCOCC4,CVCL_1845,Nc1cc(C(F)(F)F)c(-c2cc(N3CCOCC3)nc(N3CCOCC3)n2)cn1
1918,AZD8186,"PI3Kalpha, PI3Kbeta",-0.0537645637808002,180,PATU8902,C[C@H](C1=CC(=CC2=C1OC(=CC2=O)N3CCOCC3)C(=O)N(C)C)NC4=CC(=CC(=C4)F)F,CVCL_1845,C[C@@H](Nc1cc(F)cc(F)c1)c1cc(C(=O)N(C)C)cc2c(=O)cc(N3CCOCC3)oc12
1372,Trametinib,"MEK1, MEK2",0.0214517163604427,180,PATU8902,CC1=C2C(=C(N(C1=O)C)NC3=C(C=C(C=C3)I)F)C(=O)N(C(=O)N2C4=CC=CC(=C4)NC(=O)C)C5CC5,CVCL_1845,CC(=O)Nc1cccc(-n2c(=O)n(C3CC3)c(=O)c3c(Nc4ccc(I)cc4F)n(C)c(=O)c(C)c32)c1
1060,PD0325901,"MEK1, MEK2",0.0504518928912252,180,PATU8902,C1=CC(=C(C=C1I)F)NC2=C(C=CC(=C2F)F)C(=O)NOC[C@@H](CO)O,CVCL_1845,O=C(NOC[C@H](O)CO)c1ccc(F)c(F)c1Nc1ccc(I)cc1F
1997,WEHI-539,BCL-XL,0.0561400632468473,180,PATU8902,C1CC2=C(C=C(C=C2)C3=NC(=C(S3)CCCOC4=CC=C(C=C4)CN)C(=O)O)/C(=N/NC5=NC6=CC=CC=C6S5)/C1,CVCL_1845,NCc1ccc(OCCCc2sc(-c3ccc4c(c3)/C(=N/Nc3nc5ccccc5s3)CCC4)nc2C(=O)O)cc1
1091,BMS-536924,"IGF1R, IR",0.0612191007137933,180,PATU8902,CC1=CC(=CC2=C1N=C(N2)C3=C(C=CNC3=O)NC[C@H](C4=CC(=CC=C4)Cl)O)N5CCOCC5,CVCL_1845,Cc1cc(N2CCOCC2)cc2[nH]c(-c3c(NC[C@@H](O)c4cccc(Cl)c4)cc[nH]c3=O)nc12
1932,NVP-ADW742,IGF1R,0.1319798514873491,180,PATU8902,C1CCN(C1)CC2CC(C2)N3C=C(C4=C(N=CN=C43)N)C5=CC(=CC=C5)OCC6=CC=CC=C6,CVCL_1845,Nc1ncnc2c1c(-c1cccc(OCc3ccccc3)c1)cn2C1CC(CN2CCCC2)C1
1941,Sepantronium bromide,BIRC5,0.1485161983323603,180,PATU8902,CC1=[N+](C2=C(N1CCOC)C(=O)C3=CC=CC=C3C2=O)CC4=NC=CN=C4.[Br-],CVCL_1845,COCCn1c2c([n+](Cc3cnccn3)c1C)C(=O)c1ccccc1C2=O
1908,Ulixertinib,"ERK1, ERK2",0.1628190474731641,180,PATU8902,CC(C)NC1=NC=C(C(=C1)C2=CNC(=C2)C(=O)N[C@H](CO)C3=CC(=CC=C3)Cl)Cl,CVCL_1845,CC(C)Nc1cc(-c2c[nH]c(C(=O)N[C@H](CO)c3cccc(Cl)c3)c2)c(Cl)cn1
1054,Palbociclib,"CDK4, CDK6",0.1674443632619704,180,PATU8902,CC1=C(C(=O)N(C2=NC(=NC=C12)NC3=NC=C(C=C3)N4CCNCC4)C5CCCC5)C(=O)C,CVCL_1845,CC(=O)c1c(C)c2cnc(Nc3ccc(N4CCNCC4)cn3)nc2n(C2CCCC2)c1=O
1011,Navitoclax,"BCL2, BCL-XL, BCL-W",0.1857191975192685,180,PATU8902,CC1(CCC(=C(C1)CN2CCN(CC2)C3=CC=C(C=C3)C(=O)NS(=O)(=O)C4=CC(=C(C=C4)N[C@H](CCN5CCOCC5)CSC6=CC=CC=C6)S(=O)(=O)C(F)(F)F)C7=CC=C(C=C7)Cl)C,CVCL_1845,CC1(C)CCC(c2ccc(Cl)cc2)=C(CN2CCN(c3ccc(C(=O)NS(=O)(=O)c4ccc(N[C@H](CCN5CCOCC5)CSc5ccccc5)c(S(=O)(=O)C(F)(F)F)c4)cc3)CC2)C1
1909,Venetoclax,BCL2,0.2363695701064056,180,PATU8902,CC1(CCC(=C(C1)C2=CC=C(C=C2)Cl)CN3CCN(CC3)C4=CC(=C(C=C4)C(=O)NS(=O)(=O)C5=CC(=C(C=C5)NCC6CCOCC6)[N+](=O)[O-])OC7=CN=C8C(=C7)C=CN8)C,CVCL_1845,CC1(C)CCC(CN2CCN(c3ccc(C(=O)NS(=O)(=O)c4ccc(NCC5CCOCC5)c([N+](=O)[O-])c4)c(Oc4cnc5[nH]ccc5c4)c3)CC2)=C(c2ccc(Cl)cc2)C1
1912,Afuresertib,"AKT1, AKT2, AKT3",0.2614428002514752,180,PATU8902,CN1C(=C(C=N1)Cl)C2=C(SC(=C2)C(=O)N[C@@H](CC3=CC(=CC=C3)F)CN)Cl,CVCL_1845,Cn1ncc(Cl)c1-c1cc(C(=O)N[C@H](CN)Cc2cccc(F)c2)sc1Cl
1463,AZD1332,"NTRK1, NTRK2, NTRK3",0.2791493592218179,180,PATU8902,CC(C)OC1=NNC(=C1)NC2=NC(=NC=C2Cl)NC(C)C3=NC=C(C=C3)F,CVCL_1845,CC(C)Oc1cc(Nc2nc(NC(C)c3ccc(F)cn3)ncc2Cl)[nH]n1
1916,AZD5363,"AKT1, AKT2, AKT3, ROCK2",0.2925723787200029,180,PATU8902,C1CN(CCC1(C(=O)N[C@@H](CCO)C2=CC=C(C=C2)Cl)N)C3=NC=NC4=C3C=CN4,CVCL_1845,NC1(C(=O)N[C@@H](CCO)c2ccc(Cl)cc2)CCN(c2ncnc3[nH]ccc23)CC1
1631,PRT062607,SYK,0.3069132168177707,180,PATU8902,C1CC[C@H]([C@H](C1)N)NC2=NC=C(C(=N2)NC3=CC(=CC=C3)N4N=CC=N4)C(=O)N,CVCL_1845,NC(=O)c1cnc(N[C@@H]2CCCC[C@@H]2N)nc1Nc1cccc(-n2nccn2)c1
1557,LCL161,"XIAP, IAP1, IAP2",0.3088985585187629,180,PATU8902,C[C@@H](C(=O)N[C@@H](C1CCCCC1)C(=O)N2CCC[C@H]2C3=NC(=CS3)C(=O)C4=CC=C(C=C4)F)NC,CVCL_1845,CN[C@@H](C)C(=O)N[C@H](C(=O)N1CCC[C@H]1c1nc(C(=O)c2ccc(F)cc2)cs1)C1CCCCC1
1922,Cediranib,"VEGFR, FLT1, FLT2, FLT3, FLT4, KIT, PDGFRB",0.3219978770887549,180,PATU8902,CC1=CC2=C(N1)C=CC(=C2F)OC3=NC=NC4=CC(=C(C=C43)OC)OCCCN5CCCC5,CVCL_1845,COc1cc2c(Oc3ccc4[nH]c(C)cc4c3F)ncnc2cc1OCCCN1CCCC1
1529,Pevonedistat,NAE,0.3225689024617997,180,PATU8902,C1CC2=CC=CC=C2[C@H]1NC3=C4C=CN(C4=NC=N3)[C@@H]5C[C@H]([C@H](C5)O)COS(=O)(=O)N,CVCL_1845,NS(=O)(=O)OC[C@@H]1C[C@@H](n2ccc3c(N[C@H]4CCc5ccccc54)ncnc32)C[C@@H]1O
1564,SCH772984,"ERK1, ERK2",0.3244919660375532,180,PATU8902,C1CN(C[C@@H]1C(=O)NC2=CC3=C(C=C2)NN=C3C4=CC=NC=C4)CC(=O)N5CCN(CC5)C6=CC=C(C=C6)C7=NC=CC=N7,CVCL_1845,O=C(Nc1ccc2[nH]nc(-c3ccncc3)c2c1)[C@@H]1CCN(CC(=O)N2CCN(c3ccc(-c4ncccn4)cc3)CC2)C1
1933,P22077,"USP7, USP47",0.3579382375861136,180,PATU8902,CC(=O)C1=CC(=C(S1)SC2=C(C=C(C=C2)F)F)[N+](=O)[O-],CVCL_1845,CC(=O)c1cc([N+](=O)[O-])c(Sc2ccc(F)cc2F)s1
1441,AZD2014,"mTORC1, mTORC2",0.3912188096312265,180,PATU8902,C[C@H]1COCCN1C2=NC(=NC3=C2C=CC(=N3)C4=CC(=CC=C4)C(=O)NC)N5CCOC[C@@H]5C,CVCL_1845,CNC(=O)c1cccc(-c2ccc3c(N4CCOC[C@@H]4C)nc(N4CCOC[C@@H]4C)nc3n2)c1
1079,Dasatinib,"ABL, SRC, Ephrins, PDGFR, KIT",0.4008827724527342,180,PATU8902,CC1=C(C(=CC=C1)Cl)NC(=O)C2=CN=C(S2)NC3=CC(=NC(=N3)C)N4CCN(CC4)CCO,CVCL_1845,Cc1nc(Nc2ncc(C(=O)Nc3c(C)cccc3Cl)s2)cc(N2CCN(CCO)CC2)n1
1736,Selumetinib,"MEK1, MEK2",0.4275508927967283,180,PATU8902,CN1C=NC2=C1C=C(C(=C2F)NC3=C(C=C(C=C3)Br)Cl)C(=O)NOCCO,CVCL_1845,Cn1cnc2c(F)c(Nc3ccc(Br)cc3Cl)c(C(=O)NOCCO)cc21
1930,Telomerase Inhibitor IX,Telomerase,0.4309924187821828,180,PATU8902,C1=CC(=CC(=C1)NC(=O)C2=C(C(=CC=C2)O)O)NC(=O)C3=C(C(=CC=C3)O)O,CVCL_1845,O=C(Nc1cccc(NC(=O)c2cccc(O)c2O)c1)c1cccc(O)c1O
1089,Oxaliplatin,DNA alkylating agent,0.4328854272085656,180,PATU8902,C1CC[C@H]([C@@H](C1)N)N.C(=O)(C(=O)O)O.[Pt],CVCL_1845,N[C@@H]1CCCC[C@H]1N
1131,PRIMA-1MET,TP53 activation,0.452763483315083,180,PATU8902,COCC1(C(=O)C2CCN1CC2)CO,CVCL_1845,COCC1(CO)C(=O)C2CCN1CC2
1924,Ipatasertib,"AKT1, AKT, AKT3",0.4550431835494661,180,PATU8902,C[C@@H]1C[C@H](C2=C1C(=NC=N2)N3CCN(CC3)C(=O)[C@H](CNC(C)C)C4=CC=C(C=C4)Cl)O,CVCL_1845,CC(C)NC[C@@H](C(=O)N1CCN(c2ncnc3c2[C@H](C)C[C@H]3O)CC1)c1ccc(Cl)cc1
1199,Tamoxifen,ESR1,0.4576076083484655,180,PATU8902,CC/C(=C(\C1=CC=CC=C1)/C2=CC=C(C=C2)OCCN(C)C)/C3=CC=CC=C3,CVCL_1845,CC/C(=C(\c1ccccc1)c1ccc(OCCN(C)C)cc1)c1ccccc1
1034,Staurosporine,Broad spectrum kinase inhibitor,0.4803397426090399,180,PATU8902,C[C@@]12[C@@H]([C@@H](C[C@H](O1)N3C4=CC=CC=C4C5=C6C(=C7C8=CC=CC=C8N2C7=C53)CNC6=O)NC)OC,CVCL_1845,CN[C@@H]1C[C@@H]2O[C@@](C)([C@@H]1OC)n1c3ccccc3c3c4c(c5c6ccccc6n2c5c31)C(=O)NC4
1593,Entinostat,"HDAC1, HDAC3",0.4885058110707809,180,PATU8902,C1=CC=C(C(=C1)N)NC(=O)C2=CC=C(C=C2)CNC(=O)OCC3=CN=CC=C3,CVCL_1845,Nc1ccccc1NC(=O)c1ccc(CNC(=O)OCc2cccnc2)cc1
1786,AZD4547,"FGFR1, FGFR2, FGFR3",0.4933530148887806,180,PATU8902,C[C@@H]1CN(C[C@@H](N1)C)C2=CC=C(C=C2)C(=O)NC3=NNC(=C3)CCC4=CC(=CC(=C4)OC)OC,CVCL_1845,COc1cc(CCc2cc(NC(=O)c3ccc(N4C[C@H](C)N[C@H](C)C4)cc3)n[nH]2)cc(OC)c1
1259,Talazoparib,"PARP1, PARP2",0.4958304194949656,180,PATU8902,CC(C)/C=N/NC(=O)C1=CC=C(C=C1)NC(=O)C,CVCL_1845,CC(=O)Nc1ccc(C(=O)N/N=C/C(C)C)cc1
1910,ABT737,"BCL2, BCL-XL,  BCL-W, BCL-B, BFL1",0.5098773312614783,180,PATU8902,CN(C)CC[C@H](CSC1=CC=CC=C1)NC2=C(C=C(C=C2)S(=O)(=O)NC(=O)C3=CC=C(C=C3)N4CCN(CC4)CC5=CC=CC=C5C6=CC=C(C=C6)Cl)[N+](=O)[O-],CVCL_1845,CN(C)CC[C@H](CSc1ccccc1)Nc1ccc(S(=O)(=O)NC(=O)c2ccc(N3CCN(Cc4ccccc4-c4ccc(Cl)cc4)CC3)cc2)cc1[N+](=O)[O-]
1084,Rapamycin,MTORC1,0.5498609892774594,180,PATU8902,CC1=NC(=C(N1)[N+](=O)[O-])N(CCN2CCOCC2)CC3=CC=CC=C3F,CVCL_1845,Cc1nc(N(CCN2CCOCC2)Cc2ccccc2F)c([N+](=O)[O-])[nH]1
1177,Niraparib,"PARP1, PARP2",0.5532378888786185,180,PATU8902,C1C[C@H](CNC1)C2=CC=C(C=C2)N3C=C4C=CC=C(C4=N3)C(=O)N,CVCL_1845,NC(=O)c1cccc2cn(-c3ccc([C@@H]4CCCNC4)cc3)nc12
1928,I-BRD9,BRD9,0.5560297547231748,180,PATU8902,CCN1C=C(C2=C(C1=O)C=C(S2)C(=NC3CCS(=O)(=O)CC3)N)C4=CC(=CC=C4)C(F)(F)F,CVCL_1845,CCn1cc(-c2cccc(C(F)(F)F)c2)c2sc(C(N)=NC3CCS(=O)(=O)CC3)cc2c1=O
1036,PLX-4720,BRAF,0.5586335469082852,180,PATU8902,CCCS(=O)(=O)NC1=C(C(=C(C=C1)F)C(=O)C2=CNC3=C2C=C(C=N3)Cl)F,CVCL_1845,CCCS(=O)(=O)Nc1ccc(F)c(C(=O)c2c[nH]c3ncc(Cl)cc23)c1F
1634,AGI-6780,IDH2 R140Q mutant,0.563958698536039,180,PATU8902,C1CC1NS(=O)(=O)C2=CC(=C(C=C2)C3=CSC=C3)NC(=O)NC4=CC=CC(=C4)C(F)(F)F,CVCL_1845,O=C(Nc1cccc(C(F)(F)F)c1)Nc1cc(S(=O)(=O)NC2CC2)ccc1-c1ccsc1
1940,WIKI4,"TNKS1, TNKS2",0.5728006660998665,180,PATU8902,COC1=CC=C(C=C1)N2C(=NN=C2SCCCN3C(=O)C4=CC=CC5=C4C(=CC=C5)C3=O)C6=CC=NC=C6,CVCL_1845,COc1ccc(-n2c(SCCCN3C(=O)c4cccc5cccc(c45)C3=O)nnc2-c2ccncc2)cc1
2040,Foretinib,"MET, KDR, TIE2, VEGFR3/FLT4, RON, PDGFR, FGFR1, EGFR",0.5753972708176478,180,PATU8902,COC1=CC2=C(C=CN=C2C=C1OCCCN3CCOCC3)OC4=C(C=C(C=C4)NC(=O)C5(CC5)C(=O)NC6=CC=C(C=C6)F)F,CVCL_1845,COc1cc2c(Oc3ccc(NC(=O)C4(C(=O)Nc5ccc(F)cc5)CC4)cc3F)ccnc2cc1OCCCN1CCOCC1
1936,Savolitinib,MET,0.5765504695071312,180,PATU8902,C[C@@H](C1=CN2C=CN=C2C=C1)N3C4=NC(=CN=C4N=N3)C5=CN(N=C5)C,CVCL_1845,C[C@@H](c1ccc2nccn2c1)n1nnc2ncc(-c3cnn(C)c3)nc21
1553,Uprosertib,"AKT1, AKT2, AKT3",0.5785966178541128,180,PATU8902,CN1C(=C(C=N1)Cl)C2=C(OC(=C2)C(=O)N[C@@H](CC3=CC(=C(C=C3)F)F)CN)Cl,CVCL_1845,Cn1ncc(Cl)c1-c1cc(C(=O)N[C@H](CN)Cc2ccc(F)c(F)c2)oc1Cl
1919,Osimertinib,EGFR,0.5820276014065998,180,PATU8902,CN1C=C(C2=CC=CC=C21)C3=NC(=NC=C3)NC4=C(C=C(C(=C4)NC(=O)C=C)N(C)CCN(C)C)OC,CVCL_1845,C=CC(=O)Nc1cc(Nc2nccc(-c3cn(C)c4ccccc34)n2)c(OC)cc1N(C)CCN(C)C
1003,Camptothecin,TOP1,0.5838406574844318,180,PATU8902,CC[C@@]1(C2=C(COC1=O)C(=O)N3CC4=CC5=CC=CC=C5N=C4C3=C2)O,CVCL_1845,CC[C@@]1(O)C(=O)OCc2c1cc1n(c2=O)Cc2cc3ccccc3nc2-1
1179,MK-1775,"WEE1, PLK1",0.6016008008541103,180,PATU8902,CC(C)(C1=NC(=CC=C1)N2C3=NC(=NC=C3C(=O)N2CC=C)NC4=CC=C(C=C4)N5CCN(CC5)C)O,CVCL_1845,C=CCn1c(=O)c2cnc(Nc3ccc(N4CCN(C)CC4)cc3)nc2n1-c1cccc(C(C)(C)O)n1
1068,Obatoclax Mesylate,"BCL2, BCL-XL, BCL-W, MCL1",0.6100590724472079,180,PATU8902,CC1=CC(=C(N1)/C=C\2/C(=C/C(=C/3\C=C4C=CC=CC4=N3)/N2)OC)C,CVCL_1845,COc1c/c(=C2\C=c3ccccc3=N2)[nH]/c1=C\c1[nH]c(C)cc1C
1598,LGK974,PORCN,0.6136976560937426,180,PATU8902,CC1=CC(=CN=C1C2=CC(=NC=C2)C)CC(=O)NC3=NC=C(C=C3)C4=NC=CN=C4,CVCL_1845,Cc1cc(-c2ncc(CC(=O)Nc3ccc(-c4cnccn4)cn3)cc2C)ccn1
1854,MN-64,"TNKS1, TNKS2",0.6212146814208037,180,PATU8902,CC(C)C1=CC=C(C=C1)C2=CC(=O)C3=CC=CC=C3O2,CVCL_1845,CC(C)c1ccc(-c2cc(=O)c3ccccc3o2)cc1
1996,MIM1,MCL1,0.6665846020594639,180,PATU8902,CC(C)[C@H]1CSC(=N1)N2[C@H](CSC2=S)C(C)C,CVCL_1845,CC(C)[C@H]1CSC(N2C(=S)SC[C@@H]2C(C)C)=N1
1559,Luminespib,HSP90,0.6713591656960999,180,PATU8902,CN1C2=CC=CC=C2C(C1=O)(CC(=O)C3=CC=C(C=C3)Cl)O,CVCL_1845,CN1C(=O)C(O)(CC(=O)c2ccc(Cl)cc2)c2ccccc21
1088,Irinotecan,TOP1,0.6847113247684736,180,PATU8902,CCC1=C2CN3C(=CC4=C(C3=O)COC(=O)[C@@]4(CC)O)C2=NC5=C1C=C(C=C5)OC(=O)N6CCC(CC6)N7CCCCC7,CVCL_1845,CCc1c2c(nc3ccc(OC(=O)N4CCC(N5CCCCC5)CC4)cc13)-c1cc3c(c(=O)n1C2)COC(=O)[C@]3(O)CC
1511,Epirubicin,Anthracycline,0.6861256967383377,180,PATU8902,C[C@H]1[C@@H]([C@H](C[C@@H](O1)O[C@H]2C[C@@](CC3=C2C(=C4C(=C3O)C(=O)C5=C(C4=O)C(=CC=C5)OC)O)(C(=O)CO)O)N)O,CVCL_1845,COc1cccc2c1C(=O)c1c(O)c3c(c(O)c1C2=O)C[C@@](O)(C(=O)CO)C[C@@H]3O[C@H]1C[C@H](N)[C@@H](O)[C@H](C)O1
1046,Wee1 Inhibitor,"WEE1, CHEK1",0.7165422796432,180,PATU8902,C1=CC=C(C(=C1)C2=CC3=C(C4=C(N3)C=CC(=C4)O)C5=C2C(=O)NC5=O)Cl,CVCL_1845,O=C1NC(=O)c2c1c(-c1ccccc1Cl)cc1[nH]c3ccc(O)cc3c21
1852,LY2109761,TGFB1,0.7166888372543246,180,PATU8902,C1CC2=C(C(=NN2C1)C3=CC=CC=N3)C4=C5C=CC(=CC5=NC=C4)OCCN6CCOCC6,CVCL_1845,c1ccc(-c2nn3c(c2-c2ccnc4cc(OCCN5CCOCC5)ccc24)CCC3)nc1
1083,Crizotinib,"MET, ALK, ROS1",0.7266033441252265,180,PATU8902,C[C@H](C1=C(C=CC(=C1Cl)F)Cl)OC2=C(N=CC(=C2)C3=CN(N=C3)C4CCNCC4)N,CVCL_1845,C[C@@H](Oc1cc(-c2cnn(C3CCNCC3)c2)cnc1N)c1c(Cl)ccc(F)c1Cl
1915,AZD3759,EGFR,0.7277161564586752,180,PATU8902,C[C@@H]1CN(CCN1C(=O)OC2=C(C=C3C(=C2)C(=NC=N3)NC4=C(C(=CC=C4)Cl)F)OC)C,CVCL_1845,COc1cc2ncnc(Nc3cccc(Cl)c3F)c2cc1OC(=O)N1CCN(C)C[C@H]1C
1613,VE-822,ATR,0.7519565099042893,180,PATU8902,CC(C)S(=O)(=O)C1=CC=C(C=C1)C2=CN=C(C(=N2)C3=CC(=NO3)C4=CC=C(C=C4)CNC)N,CVCL_1845,CNCc1ccc(-c2cc(-c3nc(-c4ccc(S(=O)(=O)C(C)C)cc4)cnc3N)on2)cc1
1853,OF-1,"BRPF1B, BRPF2",0.7564140932627154,180,PATU8902,CC1=C(C=CC(=C1)Br)S(=O)(=O)NC2=CC3=C(C=C2OC)N(C(=O)N3C)C,CVCL_1845,COc1cc2c(cc1NS(=O)(=O)c1ccc(Br)cc1C)n(C)c(=O)n2C
1051,Alisertib,AURKA,0.7607439514969472,180,PATU8902,COC1=C(C(=CC=C1)F)C2=NCC3=CN=C(N=C3C4=C2C=C(C=C4)Cl)NC5=CC(=C(C=C5)C(=O)O)OC,CVCL_1845,COc1cc(Nc2ncc3c(n2)-c2ccc(Cl)cc2C(c2c(F)cccc2OC)=NC3)ccc1C(=O)O
1614,WZ4003,"NUAK1, NUAK2",0.7645428909933003,180,PATU8902,CCC(=O)NC1=CC(=CC=C1)OC2=NC(=NC=C2Cl)NC3=C(C=C(C=C3)N4CCN(CC4)C)OC,CVCL_1845,CCC(=O)Nc1cccc(Oc2nc(Nc3ccc(N4CCN(C)CC4)cc3OC)ncc2Cl)c1
2106,Uprosertib,"AKT1, AKT2, AKT3",0.7662197353547507,180,PATU8902,CN1C(=C(C=N1)Cl)C2=C(OC(=C2)C(=O)N[C@@H](CC3=CC(=C(C=C3)F)F)CN)Cl,CVCL_1845,Cn1ncc(Cl)c1-c1cc(C(=O)N[C@H](CN)Cc2ccc(F)c(F)c2)oc1Cl
1006,Cytarabine,Antimetabolite,0.7673340610187143,180,PATU8902,C1=CN(C(=O)N=C1N)[C@H]2[C@H]([C@@H]([C@H](O2)CO)O)O,CVCL_1845,Nc1ccn([C@@H]2O[C@H](CO)[C@@H](O)[C@@H]2O)c(=O)n1
1578,Leflunomide,Pyrimidine synthesis inhibitor,0.7837517200954387,180,PATU8902,CC1=C(C=NO1)C(=O)NC2=CC=C(C=C2)C(F)(F)F,CVCL_1845,Cc1oncc1C(=O)Nc1ccc(C(F)(F)F)cc1
1563,EPZ5676,DOT1L,0.8227498357340257,180,PATU8902,CC(C)N(C[C@@H]1[C@H]([C@H]([C@@H](O1)N2C=NC3=C(N=CN=C32)N)O)O)C4CC(C4)CCC5=NC6=C(N5)C=C(C=C6)C(C)(C)C,CVCL_1845,CC(C)N(C[C@H]1O[C@@H](n2cnc3c(N)ncnc32)[C@H](O)[C@@H]1O)C1CC(CCc2nc3ccc(C(C)(C)C)cc3[nH]2)C1
1010,Gefitinib,EGFR,0.8255730416353206,180,PATU8902,COC1=C(C=C2C(=C1)N=CN=C2NC3=CC(=C(C=C3)F)Cl)OCCCN4CCOCC4,CVCL_1845,COc1cc2ncnc(Nc3ccc(F)c(Cl)c3)c2cc1OCCCN1CCOCC1
1053,MK-2206,"AKT1, AKT2",0.8297483717741394,180,PATU8902,C1CC(C1)(C2=CC=C(C=C2)C3=C(C=C4C(=N3)C=CN5C4=NNC5=O)C6=CC=CC=C6)N.Cl.Cl,CVCL_1845,NC1(c2ccc(-c3nc4ccn5c(=O)[nH]nc5c4cc3-c3ccccc3)cc2)CCC1
1917,AZD6738,ATR,0.8462351591573481,180,PATU8902,C[C@@H]1COCCN1C2=NC(=NC(=C2)C3(CC3)[S@](=N)(=O)C)C4=C5C=CNC5=NC=C4,CVCL_1845,C[C@@H]1COCCN1c1cc(C2([S@](C)(=N)=O)CC2)nc(-c2ccnc3[nH]ccc23)n1
1200,Fulvestrant,ESR,0.8517150056195577,180,PATU8902,C[C@]12CC[C@H]3[C@H]([C@@H]1CC[C@@H]2O)[C@@H](CC4=C3C=CC(=C4)O)CCCCCCCCCS(=O)CCCC(C(F)(F)F)(F)F,CVCL_1845,C[C@]12CC[C@@H]3c4ccc(O)cc4C[C@@H](CCCCCCCCC[S+]([O-])CCCC(F)(F)C(F)(F)F)[C@H]3[C@@H]1CC[C@@H]2O
1239,YK-4-279,RNA helicase A,0.8552701515204115,180,PATU8902,COC1=CC=C(C=C1)C(=O)CC2(C3=C(C=CC(=C3NC2=O)Cl)Cl)O,CVCL_1845,COc1ccc(C(=O)CC2(O)C(=O)Nc3c(Cl)ccc(Cl)c32)cc1
1373,Dabrafenib,BRAF,0.8583453119313984,180,PATU8902,CC(C)(C)C1=NC(=C(S1)C2=NC(=NC=C2)N)C3=C(C(=CC=C3)NS(=O)(=O)C4=C(C=CC=C4F)F)F,CVCL_1845,CC(C)(C)c1nc(-c2cccc(NS(=O)(=O)c3c(F)cccc3F)c2F)c(-c2ccnc(N)n2)s1
1931,MIRA-1,TP53,0.8787165637788356,180,PATU8902,CCC(=O)OCN1C(=O)C=CC1=O,CVCL_1845,CCC(=O)OCN1C(=O)C=CC1=O
1622,Wnt-C59,PORCN,0.8799302507125738,180,PATU8902,CC1=NC=CC(=C1)C2=CC=C(C=C2)CC(=O)NC3=CC=C(C=C3)C4=CN=CC=C4,CVCL_1845,Cc1cc(-c2ccc(CC(=O)Nc3ccc(-c4cccnc4)cc3)cc2)ccn1
1819,Docetaxel,Microtubule stabiliser,0.8935099754532408,180,PATU8902,CC1=C2[C@H](C(=O)[C@@]3([C@H](C[C@@H]4[C@]([C@H]3[C@@H]([C@@](C2(C)C)(C[C@@H]1OC(=O)[C@@H]([C@H](C5=CC=CC=C5)NC(=O)OC(C)(C)C)O)O)OC(=O)C6=CC=CC=C6)(CO4)OC(=O)C)O)C)O,CVCL_1845,CC(=O)O[C@@]12CO[C@@H]1C[C@H](O)[C@@]1(C)C(=O)[C@H](O)C3=C(C)[C@@H](OC(=O)[C@H](O)[C@@H](NC(=O)OC(C)(C)C)c4ccccc4)C[C@@](O)([C@@H](OC(=O)c4ccccc4)[C@@H]12)C3(C)C
1007,Docetaxel,Microtubule stabiliser,0.8939891255890366,180,PATU8902,CC1=C2[C@H](C(=O)[C@@]3([C@H](C[C@@H]4[C@]([C@H]3[C@@H]([C@@](C2(C)C)(C[C@@H]1OC(=O)[C@@H]([C@H](C5=CC=CC=C5)NC(=O)OC(C)(C)C)O)O)OC(=O)C6=CC=CC=C6)(CO4)OC(=O)C)O)C)O,CVCL_1845,CC(=O)O[C@@]12CO[C@@H]1C[C@H](O)[C@@]1(C)C(=O)[C@H](O)C3=C(C)[C@@H](OC(=O)[C@H](O)[C@@H](NC(=O)OC(C)(C)C)c4ccccc4)C[C@@](O)([C@@H](OC(=O)c4ccccc4)[C@@H]12)C3(C)C
1626,OTX015,"BRD2, BRD3, BRD4",0.8962860955065329,180,PATU8902,CC1=C(SC2=C1C(=N[C@H](C3=NN=C(N32)C)CC(=O)NC4=CC=C(C=C4)O)C5=CC=C(C=C5)Cl)C,CVCL_1845,Cc1sc2c(c1C)C(c1ccc(Cl)cc1)=N[C@@H](CC(=O)Nc1ccc(O)cc1)c1nnc(C)n1-2
2047,Ulixertinib,"ERK1, ERK2",0.9027382517559652,180,PATU8902,CC(C)NC1=NC=C(C(=C1)C2=CNC(=C2)C(=O)N[C@H](CO)C3=CC(=CC=C3)Cl)Cl,CVCL_1845,CC(C)Nc1cc(-c2c[nH]c(C(=O)N[C@H](CO)c3cccc(Cl)c3)c2)c(Cl)cn1
1168,Erlotinib,EGFR,0.9113834754652856,180,PATU8902,COCCOC1=C(C=C2C(=C1)C(=NC=N2)NC3=CC=CC(=C3)C#C)OCCOC,CVCL_1845,C#Cc1cccc(Nc2ncnc3cc(OCCOC)c(OCCOC)cc23)c1
1549,Sapitinib,"EGFR, ERBB2, ERBB3",0.9345688687039267,180,PATU8902,CNC(=O)CN1CCC(CC1)OC2=C(C=C3C(=C2)C(=NC=N3)NC4=C(C(=CC=C4)Cl)F)OC,CVCL_1845,CNC(=O)CN1CCC(Oc2cc3c(Nc4cccc(Cl)c4F)ncnc3cc2OC)CC1
1625,RVX-208,BRD4,0.937700960248516,180,PATU8902,C1=CC(=C(C=C1N=C=O)F)F,CVCL_1845,O=C=Nc1ccc(F)c(F)c1
1085,Sorafenib,"PDGFR, KIT, VEGFR, RAF",0.9421332801434732,180,PATU8902,CNC(=O)C1=NC=CC(=C1)OC2=CC=C(C=C2)NC(=O)NC3=CC(=C(C=C3)Cl)C(F)(F)F,CVCL_1845,CNC(=O)c1cc(Oc2ccc(NC(=O)Nc3ccc(Cl)c(C(F)(F)F)c3)cc2)ccn1
1004,Vinblastine,Microtubule destabiliser,0.9484423551994022,180,PATU8902,CC[C@@]1(CC2C[C@@](C3=C(CCN(C2)C1)C4=CC=CC=C4N3)(C5=C(C=C6C(=C5)[C@]78CCN9[C@H]7[C@@](C=CC9)([C@H]([C@@]([C@@H]8N6C)(C(=O)OC)O)OC(=O)C)CC)OC)C(=O)OC)O,CVCL_1845,CC[C@]1(O)CC2CN(CCc3c([nH]c4ccccc34)[C@@](C(=O)OC)(c3cc4c(cc3OC)N(C)[C@H]3[C@@](O)(C(=O)OC)[C@H](OC(C)=O)[C@]5(CC)C=CCN6CC[C@]43[C@@H]65)C2)C1
1512,Cyclophosphamide,Alkylating agent,0.9608052587759564,180,PATU8902,C1CNP(=O)(OC1)N(CCCl)CCCl,CVCL_1845,O=P1(N(CCCl)CCCl)NCCCO1
1618,GSK2606414,PERK,0.9792157193033828,180,PATU8902,CN1C=C(C2=C(N=CN=C21)N)C3=CC4=C(C=C3)N(CC4)C(=O)CC5=CC(=CC=C5)C(F)(F)F,CVCL_1845,Cn1cc(-c2ccc3c(c2)CCN3C(=O)Cc2cccc(C(F)(F)F)c2)c2c(N)ncnc21
1049,PD173074,"FGFR1, FGFR2, FGFR3",0.9881084934475588,180,PATU8902,CCN(CC)CCCCNC1=NC2=NC(=C(C=C2C=N1)C3=CC(=CC(=C3)OC)OC)NC(=O)NC(C)(C)C,CVCL_1845,CCN(CC)CCCCNc1ncc2cc(-c3cc(OC)cc(OC)c3)c(NC(=O)NC(C)(C)C)nc2n1
1180,Dinaciclib,"CDK1, CDK2, CDK5, CDK9",0.9998133838782112,180,PATU8902,CCC1=C2N=C(C=C(N2N=C1)NCC3=C[N+](=CC=C3)[O-])N4CCCC[C@H]4CCO,CVCL_1845,CCc1cnn2c(NCc3ccc[n+]([O-])c3)cc(N3CCCC[C@H]3CCO)nc12
1720,AZD5991,MCL1,1.0190979211802635,180,PATU8902,CC1=C2C(=NN1C)CSCC3=NN(C(=C3)CSC4=CC5=CC=CC=C5C(=C4)OCCCC6=C(N(C7=C6C=CC(=C27)Cl)C)C(=O)O)C,CVCL_1845,Cc1c2c(nn1C)CSCc1cc(n(C)n1)CSc1cc(c3ccccc3c1)OCCCc1c(C(=O)O)n(C)c3c-2c(Cl)ccc13
1093,GSK1904529A,"IGF1R, IR",1.0282898207044064,180,PATU8902,CCC1=CC(=C(C=C1N2CCC(CC2)N3CCN(CC3)S(=O)(=O)C)OC)NC4=NC=CC(=N4)C5=C(N=C6N5C=CC=C6)C7=CC(=C(C=C7)OC)C(=O)NC8=C(C=CC=C8F)F,CVCL_1845,CCc1cc(Nc2nccc(-c3c(-c4ccc(OC)c(C(=O)Nc5c(F)cccc5F)c4)nc4ccccn34)n2)c(OC)cc1N1CCC(N2CCN(S(C)(=O)=O)CC2)CC1
1022,AZD7762,"CHEK1, CHEK2",1.0314770233077823,180,PATU8902,C1C[C@@H](CNC1)NC(=O)C2=C(C=C(S2)C3=CC(=CC=C3)F)NC(=O)N,CVCL_1845,NC(=O)Nc1cc(-c2cccc(F)c2)sc1C(=O)N[C@H]1CCCNC1
1927,GSK2578215A,LRRK2,1.0317383530920634,180,PATU8902,C1=CC=C(C=C1)COC2=C(C=C(C=C2)C3=CC(=NC=C3)F)C(=O)NC4=CN=CC=C4,CVCL_1845,O=C(Nc1cccnc1)c1cc(-c2ccnc(F)c2)ccc1OCc1ccccc1
1849,Sabutoclax,"BCL2,  BCL-XL,  BFL1, MCL1",1.0649979060684367,180,PATU8902,CC1=CC2=C(C(=C(C=C2C(=C1C3=C(C4=CC(=C(C(=C4C=C3C)C(=O)NC[C@H](C)C5=CC=CC=C5)O)O)O)O)O)O)C(=O)NC[C@H](C)C6=CC=CC=C6,CVCL_1845,Cc1cc2c(C(=O)NC[C@H](C)c3ccccc3)c(O)c(O)cc2c(O)c1-c1c(C)cc2c(C(=O)NC[C@H](C)c3ccccc3)c(O)c(O)cc2c1O
2048,Vinorelbine,Microtubule destabiliser,1.0650082720237406,180,PATU8902,CCC1=C[C@H]2C[C@@](C3=C(CN(C2)C1)C4=CC=CC=C4N3)(C5=C(C=C6C(=C5)[C@]78CCN9[C@H]7[C@@](C=CC9)([C@H]([C@@]([C@@H]8N6C)(C(=O)OC)O)OC(=O)C)CC)OC)C(=O)OC,CVCL_1845,CCC1=C[C@@H]2CN(C1)Cc1c([nH]c3ccccc13)[C@@](C(=O)OC)(c1cc3c(cc1OC)N(C)[C@H]1[C@@](O)(C(=O)OC)[C@H](OC(C)=O)[C@]4(CC)C=CCN5CC[C@]31[C@@H]54)C2
1190,Gemcitabine,Pyrimidine antimetabolite,1.0691507638663729,180,PATU8902,C1=CN(C(=O)N=C1N)[C@H]2C([C@@H]([C@H](O2)CO)O)(F)F,CVCL_1845,Nc1ccn([C@@H]2O[C@H](CO)[C@@H](O)C2(F)F)c(=O)n1
2044,Pyridostatin,G-quadruplex stabiliser,1.0819889469359587,180,PATU8902,C1=CC=C2C(=C1)C(=CC(=N2)NC(=O)C3=CC(=CC(=N3)C(=O)NC4=NC5=CC=CC=C5C(=C4)OCCN)OCCN)OCCN,CVCL_1845,NCCOc1cc(C(=O)Nc2cc(OCCN)c3ccccc3n2)nc(C(=O)Nc2cc(OCCN)c3ccccc3n2)c1
1576,IWP-2,PORCN,1.086912898026279,180,PATU8902,CC1=CC2=C(C=C1)N=C(S2)NC(=O)CSC3=NC4=C(C(=O)N3C5=CC=CC=C5)SCC4,CVCL_1845,Cc1ccc2nc(NC(=O)CSc3nc4c(c(=O)n3-c3ccccc3)SCC4)sc2c1
1799,Ibrutinib,BTK,1.0931158116294857,180,PATU8902,C=CC(=O)N1CCC[C@H](C1)N2C3=NC=NC(=C3C(=N2)C4=CC=C(C=C4)OC5=CC=CC=C5)N,CVCL_1845,C=CC(=O)N1CCC[C@@H](n2nc(-c3ccc(Oc4ccccc4)cc3)c3c(N)ncnc32)C1
1250,AZ960,"JAK2, JAK3",1.0965286465775743,180,PATU8902,CC1=CC(=NN1)NC2=C(C=C(C(=N2)N[C@@H](C)C3=CC=C(C=C3)F)C#N)F,CVCL_1845,Cc1cc(Nc2nc(N[C@@H](C)c3ccc(F)cc3)c(C#N)cc2F)n[nH]1
1635,Picolinici-acid,Inflammatory related,1.1059137826532,180,PATU8902,C1=CC=NC(=C1)C(=O)O,CVCL_1845,O=C(O)c1ccccn1
1627,GSK343,EZH2,1.1134767577248748,180,PATU8902,CCCC1=C(C(=O)NC(=C1)C)CNC(=O)C2=C3C=NN(C3=CC(=C2)C4=CC(=NC=C4)N5CCN(CC5)C)C(C)C,CVCL_1845,CCCc1cc(C)[nH]c(=O)c1CNC(=O)c1cc(-c2ccnc(N3CCN(C)CC3)c2)cc2c1cnn2C(C)C
2096,VX-11e,ERK2,1.1226965283197992,180,PATU8902,CC1=CN=C(N=C1C2=CNC(=C2)C(=O)N[C@H](CO)C3=CC(=CC=C3)Cl)NC4=C(C=C(C=C4)F)Cl,CVCL_1845,Cc1cnc(Nc2ccc(F)cc2Cl)nc1-c1c[nH]c(C(=O)N[C@H](CO)c2cccc(Cl)c2)c1
1855,KRAS (G12C) Inhibitor-12,KRAS (G12C),1.130243337812053,180,PATU8902,C=CC(=O)N1CCN(CC1)C(=O)CNC2=CC(=C(C=C2O)Cl)I,CVCL_1845,C=CC(=O)N1CCN(C(=O)CNc2cc(I)c(Cl)cc2O)CC1
1073,5-Fluorouracil,Antimetabolite (DNA & RNA),1.134495899033205,180,PATU8902,C1=C(C(=O)NC(=O)N1)F,CVCL_1845,O=c1[nH]cc(F)c(=O)[nH]1
1507,Ruxolitinib,"JAK1, JAK2",1.1664391221851371,180,PATU8902,C1CCC(C1)[C@@H](CC#N)N2C=C(C=N2)C3=C4C=CNC4=NC=N3,CVCL_1845,N#CC[C@H](C1CCCC1)n1cc(-c2ncnc3[nH]ccc23)cn1
1375,Temozolomide,DNA alkylating agent,1.166682239490718,180,PATU8902,CN1C(=O)N2C=NC(=C2N=N1)C(=O)N,CVCL_1845,Cn1nnc2c(C(N)=O)ncn2c1=O
1630,Entospletinib,SYK,1.192897447076232,180,PATU8902,C1COCCN1C2=CC=C(C=C2)NC3=NC(=CN4C3=NC=C4)C5=CC6=C(C=C5)C=NN6,CVCL_1845,c1cn2cc(-c3ccc4cn[nH]c4c3)nc(Nc3ccc(N4CCOCC4)cc3)c2n1
1032,Afatinib,"ERBB2, EGFR",1.195521319562043,180,PATU8902,CN(C)C/C=C/C(=O)NC1=C(C=C2C(=C1)C(=NC=N2)NC3=CC(=C(C=C3)F)Cl)O[C@H]4CCOC4,CVCL_1845,CN(C)C/C=C/C(=O)Nc1cc2c(Nc3ccc(F)c(Cl)c3)ncnc2cc1O[C@H]1CCOC1
1620,PFI3,"Polybromo 1, SMARCA4, SMARCA2",1.196306121607878,180,PATU8902,C1[C@@H]2CN([C@H]1CN2C3=CC=CC=N3)/C=C/C(=O)C4=CC=CC=C4O,CVCL_1845,O=C(/C=C/N1C[C@H]2C[C@@H]1CN2c1ccccn1)c1ccccc1O
2046,MK-8776,"CHEK1, CHEK2, CDK2",1.2384065126733277,180,PATU8902,CN1C=C(C=N1)C2=C3N=C(C(=C(N3N=C2)N)Br)C4CCCNC4,CVCL_1845,Cn1cc(-c2cnn3c(N)c(Br)c(C4CCCNC4)nc23)cn1
1629,ML323,"USP1, UAF1",1.291665447046911,180,PATU8902,CC1=CN=C(N=C1NCC2=CC=C(C=C2)N3C=CN=N3)C4=CC=CC=C4C(C)C,CVCL_1845,Cc1cnc(-c2ccccc2C(C)C)nc1NCc1ccc(-n2ccnn2)cc1
1615,CZC24832,PI3Kgamma,1.294722149503623,180,PATU8902,CC(C)(C)NS(=O)(=O)C1=CN=CC(=C1)C2=CN3C(=NC(=N3)N)C(=C2)F,CVCL_1845,CC(C)(C)NS(=O)(=O)c1cncc(-c2cc(F)c3nc(N)nn3c2)c1
2170,AT13148,AKT1,1.2965541234957731,180,PATU8902,C1=CC(=CC=C1C2=CNN=C2)[C@@](CN)(C3=CC=C(C=C3)Cl)O,CVCL_1845,NC[C@@](O)(c1ccc(Cl)cc1)c1ccc(-c2cn[nH]c2)cc1
2107,LJI308,"RSK2, RSK1, RSK3",1.3213304193880058,180,PATU8902,C1COCCN1C2=CC=C(C=C2)C3=C(C=NC=C3)C4=CC(=C(C(=C4)F)O)F,CVCL_1845,Oc1c(F)cc(-c2cnccc2-c2ccc(N3CCOCC3)cc2)cc1F
2045,AMG-319,PI3K (beta sparing),1.3356410003989854,180,PATU8902,C[C@@H](C1=C(N=C2C=C(C=CC2=C1)F)C3=CC=CC=N3)NC4=NC=NC5=C4NC=N5,CVCL_1845,C[C@H](Nc1ncnc2nc[nH]c12)c1cc2ccc(F)cc2nc1-c1ccccn1
2043,BIBR-1532,TERT,1.3599057235201937,180,PATU8902,C/C(=C\C(=O)NC1=CC=CC=C1C(=O)O)/C2=CC3=CC=CC=C3C=C2,CVCL_1845,C/C(=C\C(=O)Nc1ccccc1C(=O)O)c1ccc2ccccc2c1
1401,AZD5438,CDK2,1.3660927035840158,180,PATU8902,CC1=NC=C(N1C(C)C)C2=NC(=NC=C2)NC3=CC=C(C=C3)S(=O)(=O)C,CVCL_1845,Cc1ncc(-c2ccnc(Nc3ccc(S(C)(=O)=O)cc3)n2)n1C(C)C
1706,AZD5153,BRD4,1.377366333951461,180,PATU8902,C[C@@H]1C(=O)N(CCN1CCOC2=CC=C(C=C2)C3CCN(CC3)C4=NN5C(=NN=C5OC)C=C4)C,CVCL_1845,COc1nnc2ccc(N3CCC(c4ccc(OCCN5CCN(C)C(=O)[C@H]5C)cc4)CC3)nn12
1047,Nutlin-3a (-),MDM2,1.3983746705938378,180,PATU8902,CC(C)OC1=C(C=CC(=C1)OC)C2=N[C@H]([C@H](N2C(=O)N3CCNC(=O)C3)C4=CC=C(C=C4)Cl)C5=CC=C(C=C5)Cl,CVCL_1845,COc1ccc(C2=N[C@@H](c3ccc(Cl)cc3)[C@@H](c3ccc(Cl)cc3)N2C(=O)N2CCNC(=O)C2)c(OC(C)C)c1
1237,EPZ004777,DOT1L,1.4195739769506162,180,PATU8902,CC(C)N(CCCNC(=O)NC1=CC=C(C=C1)C(C)(C)C)C[C@@H]2[C@H]([C@H]([C@@H](O2)N3C=CC4=C(N=CN=C43)N)O)O,CVCL_1845,CC(C)N(CCCNC(=O)Nc1ccc(C(C)(C)C)cc1)C[C@H]1O[C@@H](n2ccc3c(N)ncnc32)[C@H](O)[C@@H]1O
1806,Oxaliplatin,DNA alkylating agent,1.4367601925695554,180,PATU8902,C1CC[C@H]([C@@H](C1)[NH-])[NH-].C(=O)(C(=O)O)O.[Pt+2],CVCL_1845,N[C@@H]1CCCC[C@H]1N
1913,AGI-5198,IDH1 (R132H),1.4417765380206358,180,PATU8902,CC1=CC=CC=C1C(C(=O)NC2CCCCC2)N(C3=CC(=CC=C3)F)C(=O)CN4C=CN=C4C,CVCL_1845,Cc1ccccc1C(C(=O)NC1CCCCC1)N(C(=O)Cn1ccnc1C)c1cccc(F)c1
1249,BMS-345541,"IKK-1, IKK-2",1.504617359736231,180,PATU8902,CC1=CC2=C(C=C1)N=C(C3=NC=C(N23)C)NCCN.Cl,CVCL_1845,Cc1ccc2nc(NCCN)c3ncc(C)n3c2c1
1013,Nilotinib,ABL,1.5388863928149767,180,PATU8902,CC1=C(C=C(C=C1)C(=O)NC2=CC(=CC(=C2)C(F)(F)F)N3C=C(N=C3)C)NC4=NC=CC(=N4)C5=CN=CC=C5,CVCL_1845,Cc1cn(-c2cc(NC(=O)c3ccc(C)c(Nc4nccc(-c5cccnc5)n4)c3)cc(C(F)(F)F)c2)cn1
1594,OSI-027,"MTORC1, MTORC2",1.564729709017962,180,PATU8902,C[C@@]1\2CC[C@H](C1(C)C)C/C2=N\NC(=O)C3=CC=C(C=C3)S(=O)(=O)N4CCCCCC4,CVCL_1845,CC1(C)[C@H]2CC[C@@]1(C)/C(=N/NC(=O)c1ccc(S(=O)(=O)N3CCCCCC3)cc1)C2
1624,I-BET-762,"BRD2, BRD3, BRD4",1.6055555563838415,180,PATU8902,CCNC(=O)C[C@H]1C2=NN=C(N2C3=C(C=C(C=C3)OC)C(=N1)C4=CC=C(C=C4)Cl)C,CVCL_1845,CCNC(=O)C[C@@H]1N=C(c2ccc(Cl)cc2)c2cc(OC)ccc2-n2c(C)nnc21
1621,PCI-34051,"HDAC8, HDAC6, HDAC1",1.6070263023819702,180,PATU8902,COC1=CC=C(C=C1)CN2C=CC3=C2C=C(C=C3)C(=O)NO,CVCL_1845,COc1ccc(Cn2ccc3ccc(C(=O)NO)cc32)cc1
2111,VE821,ATR,1.6496541834002507,180,PATU8902,CS(=O)(=O)C1=CC=C(C=C1)C2=CN=C(C(=N2)C(=O)NC3=CC=CC=C3)N,CVCL_1845,CS(=O)(=O)c1ccc(-c2cnc(N)c(C(=O)Nc3ccccc3)n2)cc1
1080,Paclitaxel,Microtubule stabiliser,1.6982155703272308,180,PATU8902,CC1=C2[C@H](C(=O)[C@@]3([C@H](C[C@@H]4[C@]([C@H]3[C@@H]([C@@](C2(C)C)(C[C@@H]1OC(=O)[C@@H]([C@H](C5=CC=CC=C5)NC(=O)C6=CC=CC=C6)O)O)OC(=O)C7=CC=CC=C7)(CO4)OC(=O)C)O)C)OC(=O)C,CVCL_1845,CC(=O)O[C@H]1C(=O)[C@]2(C)[C@@H](O)C[C@H]3OC[C@@]3(OC(C)=O)[C@H]2[C@H](OC(=O)c2ccccc2)[C@]2(O)C[C@H](OC(=O)[C@H](O)[C@@H](NC(=O)c3ccccc3)c3ccccc3)C(C)=C1C2(C)C
2110,GSK591,PMRT5,1.816460691366572,180,PATU8902,C1CC(C1)NC2=NC=CC(=C2)C(=O)NC[C@@H](CN3CCC4=CC=CC=C4C3)O,CVCL_1845,O=C(NC[C@H](O)CN1CCc2ccccc2C1)c1ccnc(NC2CCC2)c1
1558,Lapatinib,"EGFR, ERBB2",1.8377571683748104,180,PATU8902,CS(=O)(=O)CCNCC1=CC=C(O1)C2=CC3=C(C=C2)N=CN=C3NC4=CC(=C(C=C4)OCC5=CC(=CC=C5)F)Cl,CVCL_1845,CS(=O)(=O)CCNCc1ccc(-c2ccc3ncnc(Nc4ccc(OCc5cccc(F)c5)c(Cl)c4)c3c2)o1
2109,AZ6102,"TNKS1, TNKS2",1.9652896909106896,180,PATU8902,CCC1=CC2=C(C=C1OC(=O)C(C)(C)C)OC(=C(C2=O)OC3=CC=C(C=C3)I)C(F)(F)F,CVCL_1845,CCc1cc2c(=O)c(Oc3ccc(I)cc3)c(C(F)(F)F)oc2cc1OC(=O)C(C)(C)C
1268,XAV939,"TNKS1, TNKS2",2.194101966461,180,PATU8902,C1CSCC2=C1N=C(NC2=O)C3=CC=C(C=C3)C(F)(F)F,CVCL_1845,O=c1[nH]c(-c2ccc(C(F)(F)F)cc2)nc2c1CSCC2
1853,OF-1,"BRPF1B, BRPF2",-1.5875592537800505,179,PATU8988T,CC1=C(C=CC(=C1)Br)S(=O)(=O)NC2=CC3=C(C=C2OC)N(C(=O)N3C)C,CVCL_1847,COc1cc2c(cc1NS(=O)(=O)c1ccc(Br)cc1C)n(C)c(=O)n2C
1034,Staurosporine,Broad spectrum kinase inhibitor,-0.9920696177634764,179,PATU8988T,C[C@@]12[C@@H]([C@@H](C[C@H](O1)N3C4=CC=CC=C4C5=C6C(=C7C8=CC=CC=C8N2C7=C53)CNC6=O)NC)OC,CVCL_1847,CN[C@@H]1C[C@@H]2O[C@@](C)([C@@H]1OC)n1c3ccccc3c3c4c(c5c6ccccc6n2c5c31)C(=O)NC4
1626,OTX015,"BRD2, BRD3, BRD4",-0.9340089633087122,179,PATU8988T,CC1=C(SC2=C1C(=N[C@H](C3=NN=C(N32)C)CC(=O)NC4=CC=C(C=C4)O)C5=CC=C(C=C5)Cl)C,CVCL_1847,Cc1sc2c(c1C)C(c1ccc(Cl)cc1)=N[C@@H](CC(=O)Nc1ccc(O)cc1)c1nnc(C)n1-2
1862,MG-132,"Proteasome, CAPN1",-0.9157797144545766,179,PATU8988T,CC(C)C[C@@H](C=O)NC(=O)[C@H](CC(C)C)NC(=O)[C@H](CC(C)C)NC(=O)OCC1=CC=CC=C1,CVCL_1847,CC(C)C[C@@H](C=O)NC(=O)[C@H](CC(C)C)NC(=O)[C@H](CC(C)C)NC(=O)OCc1ccccc1
1179,MK-1775,"WEE1, PLK1",-0.9078536656293156,179,PATU8988T,CC(C)(C1=NC(=CC=C1)N2C3=NC(=NC=C3C(=O)N2CC=C)NC4=CC=C(C=C4)N5CCN(CC5)C)O,CVCL_1847,C=CCn1c(=O)c2cnc(Nc3ccc(N4CCN(C)CC4)cc3)nc2n1-c1cccc(C(C)(C)O)n1
1941,Sepantronium bromide,BIRC5,-0.8210119940847049,179,PATU8988T,CC1=[N+](C2=C(N1CCOC)C(=O)C3=CC=CC=C3C2=O)CC4=NC=CN=C4.[Br-],CVCL_1847,COCCn1c2c([n+](Cc3cnccn3)c1C)C(=O)c1ccccc1C2=O
1939,UMI-77,MCL1,-0.7985459589642627,179,PATU8988T,C1=CC=C2C(=C1)C(=CC(=C2O)SCC(=O)O)NS(=O)(=O)C3=CC=C(C=C3)Br,CVCL_1847,O=C(O)CSc1cc(NS(=O)(=O)c2ccc(Br)cc2)c2ccccc2c1O
1624,I-BET-762,"BRD2, BRD3, BRD4",-0.7454982528280952,179,PATU8988T,CCNC(=O)C[C@H]1C2=NN=C(N2C3=C(C=C(C=C3)OC)C(=N1)C4=CC=C(C=C4)Cl)C,CVCL_1847,CCNC(=O)C[C@@H]1N=C(c2ccc(Cl)cc2)c2cc(OC)ccc2-n2c(C)nnc21
1706,AZD5153,BRD4,-0.7330880653364622,179,PATU8988T,C[C@@H]1C(=O)N(CCN1CCOC2=CC=C(C=C2)C3CCN(CC3)C4=NN5C(=NN=C5OC)C=C4)C,CVCL_1847,COc1nnc2ccc(N3CCC(c4ccc(OCCN5CCN(C)C(=O)[C@H]5C)cc4)CC3)nn12
2170,AT13148,AKT1,-0.703874175523262,179,PATU8988T,C1=CC(=CC=C1C2=CNN=C2)[C@@](CN)(C3=CC=C(C=C3)Cl)O,CVCL_1847,NC[C@@](O)(c1ccc(Cl)cc1)c1ccc(-c2cn[nH]c2)cc1
1908,Ulixertinib,"ERK1, ERK2",-0.7001014633529108,179,PATU8988T,CC(C)NC1=NC=C(C(=C1)C2=CNC(=C2)C(=O)N[C@H](CO)C3=CC(=CC=C3)Cl)Cl,CVCL_1847,CC(C)Nc1cc(-c2c[nH]c(C(=O)N[C@H](CO)c3cccc(Cl)c3)c2)c(Cl)cn1
1529,Pevonedistat,NAE,-0.5844939622557509,179,PATU8988T,C1CC2=CC=CC=C2[C@H]1NC3=C4C=CN(C4=NC=N3)[C@@H]5C[C@H]([C@H](C5)O)COS(=O)(=O)N,CVCL_1847,NS(=O)(=O)OC[C@@H]1C[C@@H](n2ccc3c(N[C@H]4CCc5ccccc54)ncnc32)C[C@@H]1O
2044,Pyridostatin,G-quadruplex stabiliser,-0.5648867654999904,179,PATU8988T,C1=CC=C2C(=C1)C(=CC(=N2)NC(=O)C3=CC(=CC(=N3)C(=O)NC4=NC5=CC=CC=C5C(=C4)OCCN)OCCN)OCCN,CVCL_1847,NCCOc1cc(C(=O)Nc2cc(OCCN)c3ccccc3n2)nc(C(=O)Nc2cc(OCCN)c3ccccc3n2)c1
1004,Vinblastine,Microtubule destabiliser,-0.557674961534869,179,PATU8988T,CC[C@@]1(CC2C[C@@](C3=C(CCN(C2)C1)C4=CC=CC=C4N3)(C5=C(C=C6C(=C5)[C@]78CCN9[C@H]7[C@@](C=CC9)([C@H]([C@@]([C@@H]8N6C)(C(=O)OC)O)OC(=O)C)CC)OC)C(=O)OC)O,CVCL_1847,CC[C@]1(O)CC2CN(CCc3c([nH]c4ccccc34)[C@@](C(=O)OC)(c3cc4c(cc3OC)N(C)[C@H]3[C@@](O)(C(=O)OC)[C@H](OC(C)=O)[C@]5(CC)C=CCN6CC[C@]43[C@@H]65)C2)C1
1926,GNE-317,PI3Kalpha,-0.5301080746762356,179,PATU8988T,CC1=C(SC2=C1N=C(N=C2N3CCOCC3)C4=CN=C(N=C4)N)C5(COC5)OC,CVCL_1847,COC1(c2sc3c(N4CCOCC4)nc(-c4cnc(N)nc4)nc3c2C)COC1
1080,Paclitaxel,Microtubule stabiliser,-0.5249752018792919,179,PATU8988T,CC1=C2[C@H](C(=O)[C@@]3([C@H](C[C@@H]4[C@]([C@H]3[C@@H]([C@@](C2(C)C)(C[C@@H]1OC(=O)[C@@H]([C@H](C5=CC=CC=C5)NC(=O)C6=CC=CC=C6)O)O)OC(=O)C7=CC=CC=C7)(CO4)OC(=O)C)O)C)OC(=O)C,CVCL_1847,CC(=O)O[C@H]1C(=O)[C@]2(C)[C@@H](O)C[C@H]3OC[C@@]3(OC(C)=O)[C@H]2[C@H](OC(=O)c2ccccc2)[C@]2(O)C[C@H](OC(=O)[C@H](O)[C@@H](NC(=O)c3ccccc3)c3ccccc3)C(C)=C1C2(C)C
1180,Dinaciclib,"CDK1, CDK2, CDK5, CDK9",-0.4856341511528746,179,PATU8988T,CCC1=C2N=C(C=C(N2N=C1)NCC3=C[N+](=CC=C3)[O-])N4CCCC[C@H]4CCO,CVCL_1847,CCc1cnn2c(NCc3ccc[n+]([O-])c3)cc(N3CCCC[C@H]3CCO)nc12
1401,AZD5438,CDK2,-0.4566254007698425,179,PATU8988T,CC1=NC=C(N1C(C)C)C2=NC(=NC=C2)NC3=CC=C(C=C3)S(=O)(=O)C,CVCL_1847,Cc1ncc(-c2ccnc(Nc3ccc(S(C)(=O)=O)cc3)n2)n1C(C)C
1079,Dasatinib,"ABL, SRC, Ephrins, PDGFR, KIT",-0.4343641064956089,179,PATU8988T,CC1=C(C(=CC=C1)Cl)NC(=O)C2=CN=C(S2)NC3=CC(=NC(=N3)C)N4CCN(CC4)CCO,CVCL_1847,Cc1nc(Nc2ncc(C(=O)Nc3c(C)cccc3Cl)s2)cc(N2CCN(CCO)CC2)n1
1913,AGI-5198,IDH1 (R132H),-0.4270713251903085,179,PATU8988T,CC1=CC=CC=C1C(C(=O)NC2CCCCC2)N(C3=CC(=CC=C3)F)C(=O)CN4C=CN=C4C,CVCL_1847,Cc1ccccc1C(C(=O)NC1CCCCC1)N(C(=O)Cn1ccnc1C)c1cccc(F)c1
1622,Wnt-C59,PORCN,-0.4158727371020887,179,PATU8988T,CC1=NC=CC(=C1)C2=CC=C(C=C2)CC(=O)NC3=CC=C(C=C3)C4=CN=CC=C4,CVCL_1847,Cc1cc(-c2ccc(CC(=O)Nc3ccc(-c4cccnc4)cc3)cc2)ccn1
1085,Sorafenib,"PDGFR, KIT, VEGFR, RAF",-0.4058652599095709,179,PATU8988T,CNC(=O)C1=NC=CC(=C1)OC2=CC=C(C=C2)NC(=O)NC3=CC(=C(C=C3)Cl)C(F)(F)F,CVCL_1847,CNC(=O)c1cc(Oc2ccc(NC(=O)Nc3ccc(Cl)c(C(F)(F)F)c3)cc2)ccn1
1629,ML323,"USP1, UAF1",-0.3812898468942896,179,PATU8988T,CC1=CN=C(N=C1NCC2=CC=C(C=C2)N3C=CN=N3)C4=CC=CC=C4C(C)C,CVCL_1847,Cc1cnc(-c2ccccc2C(C)C)nc1NCc1ccc(-n2ccnn2)cc1
2096,VX-11e,ERK2,-0.3713735247784218,179,PATU8988T,CC1=CN=C(N=C1C2=CNC(=C2)C(=O)N[C@H](CO)C3=CC(=CC=C3)Cl)NC4=C(C=C(C=C4)F)Cl,CVCL_1847,Cc1cnc(Nc2ccc(F)cc2Cl)nc1-c1c[nH]c(C(=O)N[C@H](CO)c2cccc(Cl)c2)c1
1855,KRAS (G12C) Inhibitor-12,KRAS (G12C),-0.3576081266065507,179,PATU8988T,C=CC(=O)N1CCN(CC1)C(=O)CNC2=CC(=C(C=C2O)Cl)I,CVCL_1847,C=CC(=O)N1CCN(C(=O)CNc2cc(I)c(Cl)cc2O)CC1
1736,Selumetinib,"MEK1, MEK2",-0.3555553650632024,179,PATU8988T,CN1C=NC2=C1C=C(C(=C2F)NC3=C(C=C(C=C3)Br)Cl)C(=O)NOCCO,CVCL_1847,Cn1cnc2c(F)c(Nc3ccc(Br)cc3Cl)c(C(=O)NOCCO)cc21
1060,PD0325901,"MEK1, MEK2",-0.323738142880065,179,PATU8988T,C1=CC(=C(C=C1I)F)NC2=C(C=CC(=C2F)F)C(=O)NOC[C@@H](CO)O,CVCL_1847,O=C(NOC[C@H](O)CO)c1ccc(F)c(F)c1Nc1ccc(I)cc1F
1006,Cytarabine,Antimetabolite,-0.3224144815154546,179,PATU8988T,C1=CN(C(=O)N=C1N)[C@H]2[C@H]([C@@H]([C@H](O2)CO)O)O,CVCL_1847,Nc1ccn([C@@H]2O[C@H](CO)[C@@H](O)[C@@H]2O)c(=O)n1
1936,Savolitinib,MET,-0.3162176781912898,179,PATU8988T,C[C@@H](C1=CN2C=CN=C2C=C1)N3C4=NC(=CN=C4N=N3)C5=CN(N=C5)C,CVCL_1847,C[C@@H](c1ccc2nccn2c1)n1nnc2ncc(-c3cnn(C)c3)nc21
1918,AZD8186,"PI3Kalpha, PI3Kbeta",-0.315675262865115,179,PATU8988T,C[C@H](C1=CC(=CC2=C1OC(=CC2=O)N3CCOCC3)C(=O)N(C)C)NC4=CC(=CC(=C4)F)F,CVCL_1847,C[C@@H](Nc1cc(F)cc(F)c1)c1cc(C(=O)N(C)C)cc2c(=O)cc(N3CCOCC3)oc12
1930,Telomerase Inhibitor IX,Telomerase,-0.290174416682986,179,PATU8988T,C1=CC(=CC(=C1)NC(=O)C2=C(C(=CC=C2)O)O)NC(=O)C3=C(C(=CC=C3)O)O,CVCL_1847,O=C(Nc1cccc(NC(=O)c2cccc(O)c2O)c1)c1cccc(O)c1O
1873,Buparlisib,"PI3Kalpha, PI3Kdelta, PI3Kbeta, PI3Kgamma",-0.2783309910179572,179,PATU8988T,C1COCCN1C2=NC(=NC(=C2)C3=CN=C(C=C3C(F)(F)F)N)N4CCOCC4,CVCL_1847,Nc1cc(C(F)(F)F)c(-c2cc(N3CCOCC3)nc(N3CCOCC3)n2)cn1
1598,LGK974,PORCN,-0.2655682534662687,179,PATU8988T,CC1=CC(=CN=C1C2=CC(=NC=C2)C)CC(=O)NC3=NC=C(C=C3)C4=NC=CN=C4,CVCL_1847,Cc1cc(-c2ncc(CC(=O)Nc3ccc(-c4cnccn4)cn3)cc2C)ccn1
1559,Luminespib,HSP90,-0.2629860924133819,179,PATU8988T,CN1C2=CC=CC=C2C(C1=O)(CC(=O)C3=CC=C(C=C3)Cl)O,CVCL_1847,CN1C(=O)C(O)(CC(=O)c2ccc(Cl)cc2)c2ccccc21
1909,Venetoclax,BCL2,-0.245424064278016,179,PATU8988T,CC1(CCC(=C(C1)C2=CC=C(C=C2)Cl)CN3CCN(CC3)C4=CC(=C(C=C4)C(=O)NS(=O)(=O)C5=CC(=C(C=C5)NCC6CCOCC6)[N+](=O)[O-])OC7=CN=C8C(=C7)C=CN8)C,CVCL_1847,CC1(C)CCC(CN2CCN(c3ccc(C(=O)NS(=O)(=O)c4ccc(NCC5CCOCC5)c([N+](=O)[O-])c4)c(Oc4cnc5[nH]ccc5c4)c3)CC2)=C(c2ccc(Cl)cc2)C1
1564,SCH772984,"ERK1, ERK2",-0.226783523681658,179,PATU8988T,C1CN(C[C@@H]1C(=O)NC2=CC3=C(C=C2)NN=C3C4=CC=NC=C4)CC(=O)N5CCN(CC5)C6=CC=C(C=C6)C7=NC=CC=N7,CVCL_1847,O=C(Nc1ccc2[nH]nc(-c3ccncc3)c2c1)[C@@H]1CCN(CC(=O)N2CCN(c3ccc(-c4ncccn4)cc3)CC2)C1
1578,Leflunomide,Pyrimidine synthesis inhibitor,-0.195080570061843,179,PATU8988T,CC1=C(C=NO1)C(=O)NC2=CC=C(C=C2)C(F)(F)F,CVCL_1847,Cc1oncc1C(=O)Nc1ccc(C(F)(F)F)cc1
1046,Wee1 Inhibitor,"WEE1, CHEK1",-0.1824518082578829,179,PATU8988T,C1=CC=C(C(=C1)C2=CC3=C(C4=C(N3)C=CC(=C4)O)C5=C2C(=O)NC5=O)Cl,CVCL_1847,O=C1NC(=O)c2c1c(-c1ccccc1Cl)cc1[nH]c3ccc(O)cc3c21
1200,Fulvestrant,ESR,-0.1705141073101564,179,PATU8988T,C[C@]12CC[C@H]3[C@H]([C@@H]1CC[C@@H]2O)[C@@H](CC4=C3C=CC(=C4)O)CCCCCCCCCS(=O)CCCC(C(F)(F)F)(F)F,CVCL_1847,C[C@]12CC[C@@H]3c4ccc(O)cc4C[C@@H](CCCCCCCCC[S+]([O-])CCCC(F)(F)C(F)(F)F)[C@H]3[C@@H]1CC[C@@H]2O
1933,P22077,"USP7, USP47",-0.1686528567357849,179,PATU8988T,CC(=O)C1=CC(=C(S1)SC2=C(C=C(C=C2)F)F)[N+](=O)[O-],CVCL_1847,CC(=O)c1cc([N+](=O)[O-])c(Sc2ccc(F)cc2F)s1
1919,Osimertinib,EGFR,-0.1640044068101299,179,PATU8988T,CN1C=C(C2=CC=CC=C21)C3=NC(=NC=C3)NC4=C(C=C(C(=C4)NC(=O)C=C)N(C)CCN(C)C)OC,CVCL_1847,C=CC(=O)Nc1cc(Nc2nccc(-c3cn(C)c4ccccc34)n2)c(OC)cc1N(C)CCN(C)C
1940,WIKI4,"TNKS1, TNKS2",-0.1533074457383585,179,PATU8988T,COC1=CC=C(C=C1)N2C(=NN=C2SCCCN3C(=O)C4=CC=CC5=C4C(=CC=C5)C3=O)C6=CC=NC=C6,CVCL_1847,COc1ccc(-n2c(SCCCN3C(=O)c4cccc5cccc(c45)C3=O)nnc2-c2ccncc2)cc1
1057,Dactolisib,"PI3K (class 1), MTORC1, MTORC2",-0.1517467097246906,179,PATU8988T,CC(C)(C#N)C1=CC=C(C=C1)N2C3=C4C=C(C=CC4=NC=C3N(C2=O)C)C5=CC6=CC=CC=C6N=C5,CVCL_1847,Cn1c(=O)n(-c2ccc(C(C)(C)C#N)cc2)c2c3cc(-c4cnc5ccccc5c4)ccc3ncc21
1007,Docetaxel,Microtubule stabiliser,-0.151631840280372,179,PATU8988T,CC1=C2[C@H](C(=O)[C@@]3([C@H](C[C@@H]4[C@]([C@H]3[C@@H]([C@@](C2(C)C)(C[C@@H]1OC(=O)[C@@H]([C@H](C5=CC=CC=C5)NC(=O)OC(C)(C)C)O)O)OC(=O)C6=CC=CC=C6)(CO4)OC(=O)C)O)C)O,CVCL_1847,CC(=O)O[C@@]12CO[C@@H]1C[C@H](O)[C@@]1(C)C(=O)[C@H](O)C3=C(C)[C@@H](OC(=O)[C@H](O)[C@@H](NC(=O)OC(C)(C)C)c4ccccc4)C[C@@](O)([C@@H](OC(=O)c4ccccc4)[C@@H]12)C3(C)C
1627,GSK343,EZH2,-0.1469297232265452,179,PATU8988T,CCCC1=C(C(=O)NC(=C1)C)CNC(=O)C2=C3C=NN(C3=CC(=C2)C4=CC(=NC=C4)N5CCN(CC5)C)C(C)C,CVCL_1847,CCCc1cc(C)[nH]c(=O)c1CNC(=O)c1cc(-c2ccnc(N3CCN(C)CC3)c2)cc2c1cnn2C(C)C
1511,Epirubicin,Anthracycline,-0.1352110164618556,179,PATU8988T,C[C@H]1[C@@H]([C@H](C[C@@H](O1)O[C@H]2C[C@@](CC3=C2C(=C4C(=C3O)C(=O)C5=C(C4=O)C(=CC=C5)OC)O)(C(=O)CO)O)N)O,CVCL_1847,COc1cccc2c1C(=O)c1c(O)c3c(c(O)c1C2=O)C[C@@](O)(C(=O)CO)C[C@@H]3O[C@H]1C[C@H](N)[C@@H](O)[C@H](C)O1
1091,BMS-536924,"IGF1R, IR",-0.134819549639545,179,PATU8988T,CC1=CC(=CC2=C1N=C(N2)C3=C(C=CNC3=O)NC[C@H](C4=CC(=CC=C4)Cl)O)N5CCOCC5,CVCL_1847,Cc1cc(N2CCOCC2)cc2[nH]c(-c3c(NC[C@@H](O)c4cccc(Cl)c4)cc[nH]c3=O)nc12
1093,GSK1904529A,"IGF1R, IR",-0.1288528735823376,179,PATU8988T,CCC1=CC(=C(C=C1N2CCC(CC2)N3CCN(CC3)S(=O)(=O)C)OC)NC4=NC=CC(=N4)C5=C(N=C6N5C=CC=C6)C7=CC(=C(C=C7)OC)C(=O)NC8=C(C=CC=C8F)F,CVCL_1847,CCc1cc(Nc2nccc(-c3c(-c4ccc(OC)c(C(=O)Nc5c(F)cccc5F)c4)nc4ccccn34)n2)c(OC)cc1N1CCC(N2CCN(S(C)(=O)=O)CC2)CC1
1854,MN-64,"TNKS1, TNKS2",-0.1204298047821543,179,PATU8988T,CC(C)C1=CC=C(C=C1)C2=CC(=O)C3=CC=CC=C3O2,CVCL_1847,CC(C)c1ccc(-c2cc(=O)c3ccccc3o2)cc1
1819,Docetaxel,Microtubule stabiliser,-0.1124253580715456,179,PATU8988T,CC1=C2[C@H](C(=O)[C@@]3([C@H](C[C@@H]4[C@]([C@H]3[C@@H]([C@@](C2(C)C)(C[C@@H]1OC(=O)[C@@H]([C@H](C5=CC=CC=C5)NC(=O)OC(C)(C)C)O)O)OC(=O)C6=CC=CC=C6)(CO4)OC(=O)C)O)C)O,CVCL_1847,CC(=O)O[C@@]12CO[C@@H]1C[C@H](O)[C@@]1(C)C(=O)[C@H](O)C3=C(C)[C@@H](OC(=O)[C@H](O)[C@@H](NC(=O)OC(C)(C)C)c4ccccc4)C[C@@](O)([C@@H](OC(=O)c4ccccc4)[C@@H]12)C3(C)C
2048,Vinorelbine,Microtubule destabiliser,-0.111663292117503,179,PATU8988T,CCC1=C[C@H]2C[C@@](C3=C(CN(C2)C1)C4=CC=CC=C4N3)(C5=C(C=C6C(=C5)[C@]78CCN9[C@H]7[C@@](C=CC9)([C@H]([C@@]([C@@H]8N6C)(C(=O)OC)O)OC(=O)C)CC)OC)C(=O)OC,CVCL_1847,CCC1=C[C@@H]2CN(C1)Cc1c([nH]c3ccccc13)[C@@](C(=O)OC)(c1cc3c(cc1OC)N(C)[C@H]1[C@@](O)(C(=O)OC)[C@H](OC(C)=O)[C@]4(CC)C=CCN5CC[C@]31[C@@H]54)C2
1996,MIM1,MCL1,-0.0966315069789887,179,PATU8988T,CC(C)[C@H]1CSC(=N1)N2[C@H](CSC2=S)C(C)C,CVCL_1847,CC(C)[C@H]1CSC(N2C(=S)SC[C@@H]2C(C)C)=N1
1786,AZD4547,"FGFR1, FGFR2, FGFR3",-0.0839725063545736,179,PATU8988T,C[C@@H]1CN(C[C@@H](N1)C)C2=CC=C(C=C2)C(=O)NC3=NNC(=C3)CCC4=CC(=CC(=C4)OC)OC,CVCL_1847,COc1cc(CCc2cc(NC(=O)c3ccc(N4C[C@H](C)N[C@H](C)C4)cc3)n[nH]2)cc(OC)c1
1168,Erlotinib,EGFR,-0.0796380221445435,179,PATU8988T,COCCOC1=C(C=C2C(=C1)C(=NC=N2)NC3=CC=CC(=C3)C#C)OCCOC,CVCL_1847,C#Cc1cccc(Nc2ncnc3cc(OCCOC)c(OCCOC)cc23)c1
1635,Picolinici-acid,Inflammatory related,-0.0766179576674265,179,PATU8988T,C1=CC=NC(=C1)C(=O)O,CVCL_1847,O=C(O)c1ccccn1
1620,PFI3,"Polybromo 1, SMARCA4, SMARCA2",-0.0604324942525075,179,PATU8988T,C1[C@@H]2CN([C@H]1CN2C3=CC=CC=N3)/C=C/C(=O)C4=CC=CC=C4O,CVCL_1847,O=C(/C=C/N1C[C@H]2C[C@@H]1CN2c1ccccn1)c1ccccc1O
1375,Temozolomide,DNA alkylating agent,-0.0519607692039048,179,PATU8988T,CN1C(=O)N2C=NC(=C2N=N1)C(=O)N,CVCL_1847,Cn1nnc2c(C(N)=O)ncn2c1=O
1463,AZD1332,"NTRK1, NTRK2, NTRK3",-0.0455090482091348,179,PATU8988T,CC(C)OC1=NNC(=C1)NC2=NC(=NC=C2Cl)NC(C)C3=NC=C(C=C3)F,CVCL_1847,CC(C)Oc1cc(Nc2nc(NC(C)c3ccc(F)cn3)ncc2Cl)[nH]n1
1512,Cyclophosphamide,Alkylating agent,-0.0184220123722078,179,PATU8988T,C1CNP(=O)(OC1)N(CCCl)CCCl,CVCL_1847,O=P1(N(CCCl)CCCl)NCCCO1
1631,PRT062607,SYK,0.0100060947469501,179,PATU8988T,C1CC[C@H]([C@H](C1)N)NC2=NC=C(C(=N2)NC3=CC(=CC=C3)N4N=CC=N4)C(=O)N,CVCL_1847,NC(=O)c1cnc(N[C@@H]2CCCC[C@@H]2N)nc1Nc1cccc(-n2nccn2)c1
1925,GDC0810,"ESR1, ESR2",0.0370148620187427,179,PATU8988T,CC/C(=C(/C1=CC=C(C=C1)/C=C/C(=O)O)\C2=CC3=C(C=C2)NN=C3)/C4=C(C=C(C=C4)F)Cl,CVCL_1847,CC/C(=C(/c1ccc(/C=C/C(=O)O)cc1)c1ccc2[nH]ncc2c1)c1ccc(F)cc1Cl
1561,Taselisib,PI3K (beta sparing),0.0454809380659625,179,PATU8988T,CC1=NN(C(=N1)C2=CN3CCOC4=C(C3=N2)C=CC(=C4)C5=CN(N=C5)C(C)(C)C(=O)N)C(C)C,CVCL_1847,Cc1nc(-c2cn3c(n2)-c2ccc(-c4cnn(C(C)(C)C(N)=O)c4)cc2OCC3)n(C(C)C)n1
1239,YK-4-279,RNA helicase A,0.0583642426573094,179,PATU8988T,COC1=CC=C(C=C1)C(=O)CC2(C3=C(C=CC(=C3NC2=O)Cl)Cl)O,CVCL_1847,COc1ccc(C(=O)CC2(O)C(=O)Nc3c(Cl)ccc(Cl)c32)cc1
1924,Ipatasertib,"AKT1, AKT, AKT3",0.0678870544841506,179,PATU8988T,C[C@@H]1C[C@H](C2=C1C(=NC=N2)N3CCN(CC3)C(=O)[C@H](CNC(C)C)C4=CC=C(C=C4)Cl)O,CVCL_1847,CC(C)NC[C@@H](C(=O)N1CCN(c2ncnc3c2[C@H](C)C[C@H]3O)CC1)c1ccc(Cl)cc1
1010,Gefitinib,EGFR,0.072874148942677,179,PATU8988T,COC1=C(C=C2C(=C1)N=CN=C2NC3=CC(=C(C=C3)F)Cl)OCCCN4CCOCC4,CVCL_1847,COc1cc2ncnc(Nc3ccc(F)c(Cl)c3)c2cc1OCCCN1CCOCC1
1058,Pictilisib,PI3K (class 1),0.0828752708984696,179,PATU8988T,CS(=O)(=O)N1CCN(CC1)CC2=CC3=C(S2)C(=NC(=N3)C4=C5C=NNC5=CC=C4)N6CCOCC6,CVCL_1847,CS(=O)(=O)N1CCN(Cc2cc3nc(-c4cccc5[nH]ncc45)nc(N4CCOCC4)c3s2)CC1
1441,AZD2014,"mTORC1, mTORC2",0.0849451335561633,179,PATU8988T,C[C@H]1COCCN1C2=NC(=NC3=C2C=CC(=N3)C4=CC(=CC=C4)C(=O)NC)N5CCOC[C@@H]5C,CVCL_1847,CNC(=O)c1cccc(-c2ccc3c(N4CCOC[C@@H]4C)nc(N4CCOC[C@@H]4C)nc3n2)c1
1997,WEHI-539,BCL-XL,0.1278353055506109,179,PATU8988T,C1CC2=C(C=C(C=C2)C3=NC(=C(S3)CCCOC4=CC=C(C=C4)CN)C(=O)O)/C(=N/NC5=NC6=CC=CC=C6S5)/C1,CVCL_1847,NCc1ccc(OCCCc2sc(-c3ccc4c(c3)/C(=N/Nc3nc5ccccc5s3)CCC4)nc2C(=O)O)cc1
1912,Afuresertib,"AKT1, AKT2, AKT3",0.1302415475139447,179,PATU8988T,CN1C(=C(C=N1)Cl)C2=C(SC(=C2)C(=O)N[C@@H](CC3=CC(=CC=C3)F)CN)Cl,CVCL_1847,Cn1ncc(Cl)c1-c1cc(C(=O)N[C@H](CN)Cc2cccc(F)c2)sc1Cl
1372,Trametinib,"MEK1, MEK2",0.161236180990507,179,PATU8988T,CC1=C2C(=C(N(C1=O)C)NC3=C(C=C(C=C3)I)F)C(=O)N(C(=O)N2C4=CC=CC(=C4)NC(=O)C)C5CC5,CVCL_1847,CC(=O)Nc1cccc(-n2c(=O)n(C3CC3)c(=O)c3c(Nc4ccc(I)cc4F)n(C)c(=O)c(C)c32)c1
1084,Rapamycin,MTORC1,0.2061309160913796,179,PATU8988T,CC1=NC(=C(N1)[N+](=O)[O-])N(CCN2CCOCC2)CC3=CC=CC=C3F,CVCL_1847,Cc1nc(N(CCN2CCOCC2)Cc2ccccc2F)c([N+](=O)[O-])[nH]1
1910,ABT737,"BCL2, BCL-XL,  BCL-W, BCL-B, BFL1",0.2373092222882896,179,PATU8988T,CN(C)CC[C@H](CSC1=CC=CC=C1)NC2=C(C=C(C=C2)S(=O)(=O)NC(=O)C3=CC=C(C=C3)N4CCN(CC4)CC5=CC=CC=C5C6=CC=C(C=C6)Cl)[N+](=O)[O-],CVCL_1847,CN(C)CC[C@H](CSc1ccccc1)Nc1ccc(S(=O)(=O)NC(=O)c2ccc(N3CCN(Cc4ccccc4-c4ccc(Cl)cc4)CC3)cc2)cc1[N+](=O)[O-]
2109,AZ6102,"TNKS1, TNKS2",0.2397866862961892,179,PATU8988T,CCC1=CC2=C(C=C1OC(=O)C(C)(C)C)OC(=C(C2=O)OC3=CC=C(C=C3)I)C(F)(F)F,CVCL_1847,CCc1cc2c(=O)c(Oc3ccc(I)cc3)c(C(F)(F)F)oc2cc1OC(=O)C(C)(C)C
1017,Olaparib,"PARP1, PARP2",0.2478222940946637,179,PATU8988T,C1CC1C(=O)N2CCN(CC2)C(=O)C3=C(C=CC(=C3)CC4=NNC(=O)C5=CC=CC=C54)F,CVCL_1847,O=C(c1cc(Cc2n[nH]c(=O)c3ccccc23)ccc1F)N1CCN(C(=O)C2CC2)CC1
1625,RVX-208,BRD4,0.257306638727532,179,PATU8988T,C1=CC(=C(C=C1N=C=O)F)F,CVCL_1847,O=C=Nc1ccc(F)c(F)c1
1922,Cediranib,"VEGFR, FLT1, FLT2, FLT3, FLT4, KIT, PDGFRB",0.2573806141997248,179,PATU8988T,CC1=CC2=C(N1)C=CC(=C2F)OC3=NC=NC4=CC(=C(C=C43)OC)OCCCN5CCCC5,CVCL_1847,COc1cc2c(Oc3ccc4[nH]c(C)cc4c3F)ncnc2cc1OCCCN1CCCC1
1199,Tamoxifen,ESR1,0.2588345819922247,179,PATU8988T,CC/C(=C(\C1=CC=CC=C1)/C2=CC=C(C=C2)OCCN(C)C)/C3=CC=CC=C3,CVCL_1847,CC/C(=C(\c1ccccc1)c1ccc(OCCN(C)C)cc1)c1ccccc1
1927,GSK2578215A,LRRK2,0.2596872734364287,179,PATU8988T,C1=CC=C(C=C1)COC2=C(C=C(C=C2)C3=CC(=NC=C3)F)C(=O)NC4=CN=CC=C4,CVCL_1847,O=C(Nc1cccnc1)c1cc(-c2ccnc(F)c2)ccc1OCc1ccccc1
1634,AGI-6780,IDH2 R140Q mutant,0.2733269827686296,179,PATU8988T,C1CC1NS(=O)(=O)C2=CC(=C(C=C2)C3=CSC=C3)NC(=O)NC4=CC=CC(=C4)C(F)(F)F,CVCL_1847,O=C(Nc1cccc(C(F)(F)F)c1)Nc1cc(S(=O)(=O)NC2CC2)ccc1-c1ccsc1
1032,Afatinib,"ERBB2, EGFR",0.2809523347357159,179,PATU8988T,CN(C)C/C=C/C(=O)NC1=C(C=C2C(=C1)C(=NC=N2)NC3=CC(=C(C=C3)F)Cl)O[C@H]4CCOC4,CVCL_1847,CN(C)C/C=C/C(=O)Nc1cc2c(Nc3ccc(F)c(Cl)c3)ncnc2cc1O[C@H]1CCOC1
1931,MIRA-1,TP53,0.291473144817543,179,PATU8988T,CCC(=O)OCN1C(=O)C=CC1=O,CVCL_1847,CCC(=O)OCN1C(=O)C=CC1=O
1852,LY2109761,TGFB1,0.3057018079049918,179,PATU8988T,C1CC2=C(C(=NN2C1)C3=CC=CC=N3)C4=C5C=CC(=CC5=NC=C4)OCCN6CCOCC6,CVCL_1847,c1ccc(-c2nn3c(c2-c2ccnc4cc(OCCN5CCOCC5)ccc24)CCC3)nc1
2110,GSK591,PMRT5,0.3279810068724861,179,PATU8988T,C1CC(C1)NC2=NC=CC(=C2)C(=O)NC[C@@H](CN3CCC4=CC=CC=C4C3)O,CVCL_1847,O=C(NC[C@H](O)CN1CCc2ccccc2C1)c1ccnc(NC2CCC2)c1
1849,Sabutoclax,"BCL2,  BCL-XL,  BFL1, MCL1",0.3782091332197901,179,PATU8988T,CC1=CC2=C(C(=C(C=C2C(=C1C3=C(C4=CC(=C(C(=C4C=C3C)C(=O)NC[C@H](C)C5=CC=CC=C5)O)O)O)O)O)O)C(=O)NC[C@H](C)C6=CC=CC=C6,CVCL_1847,Cc1cc2c(C(=O)NC[C@H](C)c3ccccc3)c(O)c(O)cc2c(O)c1-c1c(C)cc2c(C(=O)NC[C@H](C)c3ccccc3)c(O)c(O)cc2c1O
1563,EPZ5676,DOT1L,0.3851897164477021,179,PATU8988T,CC(C)N(C[C@@H]1[C@H]([C@H]([C@@H](O1)N2C=NC3=C(N=CN=C32)N)O)O)C4CC(C4)CCC5=NC6=C(N5)C=C(C=C6)C(C)(C)C,CVCL_1847,CC(C)N(C[C@H]1O[C@@H](n2cnc3c(N)ncnc32)[C@H](O)[C@@H]1O)C1CC(CCc2nc3ccc(C(C)(C)C)cc3[nH]2)C1
1022,AZD7762,"CHEK1, CHEK2",0.3896219120964836,179,PATU8988T,C1C[C@@H](CNC1)NC(=O)C2=C(C=C(S2)C3=CC(=CC=C3)F)NC(=O)N,CVCL_1847,NC(=O)Nc1cc(-c2cccc(F)c2)sc1C(=O)N[C@H]1CCCNC1
1621,PCI-34051,"HDAC8, HDAC6, HDAC1",0.4101578169597202,179,PATU8988T,COC1=CC=C(C=C1)CN2C=CC3=C2C=C(C=C3)C(=O)NO,CVCL_1847,COc1ccc(Cn2ccc3ccc(C(=O)NO)cc32)cc1
2106,Uprosertib,"AKT1, AKT2, AKT3",0.4238077477457071,179,PATU8988T,CN1C(=C(C=N1)Cl)C2=C(OC(=C2)C(=O)N[C@@H](CC3=CC(=C(C=C3)F)F)CN)Cl,CVCL_1847,Cn1ncc(Cl)c1-c1cc(C(=O)N[C@H](CN)Cc2ccc(F)c(F)c2)oc1Cl
1549,Sapitinib,"EGFR, ERBB2, ERBB3",0.4245508968621292,179,PATU8988T,CNC(=O)CN1CCC(CC1)OC2=C(C=C3C(=C2)C(=NC=N3)NC4=C(C(=CC=C4)Cl)F)OC,CVCL_1847,CNC(=O)CN1CCC(Oc2cc3c(Nc4cccc(Cl)c4F)ncnc3cc2OC)CC1
1049,PD173074,"FGFR1, FGFR2, FGFR3",0.4319345887834839,179,PATU8988T,CCN(CC)CCCCNC1=NC2=NC(=C(C=C2C=N1)C3=CC(=CC(=C3)OC)OC)NC(=O)NC(C)(C)C,CVCL_1847,CCN(CC)CCCCNc1ncc2cc(-c3cc(OC)cc(OC)c3)c(NC(=O)NC(C)(C)C)nc2n1
1003,Camptothecin,TOP1,0.4749584215848856,179,PATU8988T,CC[C@@]1(C2=C(COC1=O)C(=O)N3CC4=CC5=CC=CC=C5N=C4C3=C2)O,CVCL_1847,CC[C@@]1(O)C(=O)OCc2c1cc1n(c2=O)Cc2cc3ccccc3nc2-1
1073,5-Fluorouracil,Antimetabolite (DNA & RNA),0.4770953758003369,179,PATU8988T,C1=C(C(=O)NC(=O)N1)F,CVCL_1847,O=c1[nH]cc(F)c(=O)[nH]1
2047,Ulixertinib,"ERK1, ERK2",0.5141187238410275,179,PATU8988T,CC(C)NC1=NC=C(C(=C1)C2=CNC(=C2)C(=O)N[C@H](CO)C3=CC(=CC=C3)Cl)Cl,CVCL_1847,CC(C)Nc1cc(-c2c[nH]c(C(=O)N[C@H](CO)c3cccc(Cl)c3)c2)c(Cl)cn1
1373,Dabrafenib,BRAF,0.5258882724259608,179,PATU8988T,CC(C)(C)C1=NC(=C(S1)C2=NC(=NC=C2)N)C3=C(C(=CC=C3)NS(=O)(=O)C4=C(C=CC=C4F)F)F,CVCL_1847,CC(C)(C)c1nc(-c2cccc(NS(=O)(=O)c3c(F)cccc3F)c2F)c(-c2ccnc(N)n2)s1
1510,Linsitinib,IGF1R,0.5386619473897426,179,PATU8988T,CC1(CC(C1)C2=NC(=C3N2C=CN=C3N)C4=CC5=C(C=C4)C=CC(=N5)C6=CC=CC=C6)O,CVCL_1847,CC1(O)CC(c2nc(-c3ccc4ccc(-c5ccccc5)nc4c3)c3c(N)nccn23)C1
1190,Gemcitabine,Pyrimidine antimetabolite,0.5403099179619512,179,PATU8988T,C1=CN(C(=O)N=C1N)[C@H]2C([C@@H]([C@H](O2)CO)O)(F)F,CVCL_1847,Nc1ccn([C@@H]2O[C@H](CO)[C@@H](O)C2(F)F)c(=O)n1
1047,Nutlin-3a (-),MDM2,0.5552261235976825,179,PATU8988T,CC(C)OC1=C(C=CC(=C1)OC)C2=N[C@H]([C@H](N2C(=O)N3CCNC(=O)C3)C4=CC=C(C=C4)Cl)C5=CC=C(C=C5)Cl,CVCL_1847,COc1ccc(C2=N[C@@H](c3ccc(Cl)cc3)[C@@H](c3ccc(Cl)cc3)N2C(=O)N2CCNC(=O)C2)c(OC(C)C)c1
1249,BMS-345541,"IKK-1, IKK-2",0.5598753892670766,179,PATU8988T,CC1=CC2=C(C=C1)N=C(C3=NC=C(N23)C)NCCN.Cl,CVCL_1847,Cc1ccc2nc(NCCN)c3ncc(C)n3c2c1
1553,Uprosertib,"AKT1, AKT2, AKT3",0.5691829695599023,179,PATU8988T,CN1C(=C(C=N1)Cl)C2=C(OC(=C2)C(=O)N[C@@H](CC3=CC(=C(C=C3)F)F)CN)Cl,CVCL_1847,Cn1ncc(Cl)c1-c1cc(C(=O)N[C@H](CN)Cc2ccc(F)c(F)c2)oc1Cl
1615,CZC24832,PI3Kgamma,0.572405131934749,179,PATU8988T,CC(C)(C)NS(=O)(=O)C1=CN=CC(=C1)C2=CN3C(=NC(=N3)N)C(=C2)F,CVCL_1847,CC(C)(C)NS(=O)(=O)c1cncc(-c2cc(F)c3nc(N)nn3c2)c1
1011,Navitoclax,"BCL2, BCL-XL, BCL-W",0.587313987948792,179,PATU8988T,CC1(CCC(=C(C1)CN2CCN(CC2)C3=CC=C(C=C3)C(=O)NS(=O)(=O)C4=CC(=C(C=C4)N[C@H](CCN5CCOCC5)CSC6=CC=CC=C6)S(=O)(=O)C(F)(F)F)C7=CC=C(C=C7)Cl)C,CVCL_1847,CC1(C)CCC(c2ccc(Cl)cc2)=C(CN2CCN(c3ccc(C(=O)NS(=O)(=O)c4ccc(N[C@H](CCN5CCOCC5)CSc5ccccc5)c(S(=O)(=O)C(F)(F)F)c4)cc3)CC2)C1
2043,BIBR-1532,TERT,0.5972043583372468,179,PATU8988T,C/C(=C\C(=O)NC1=CC=CC=C1C(=O)O)/C2=CC3=CC=CC=C3C=C2,CVCL_1847,C/C(=C\C(=O)Nc1ccccc1C(=O)O)c1ccc2ccccc2c1
1928,I-BRD9,BRD9,0.6100244781486893,179,PATU8988T,CCN1C=C(C2=C(C1=O)C=C(S2)C(=NC3CCS(=O)(=O)CC3)N)C4=CC(=CC=C4)C(F)(F)F,CVCL_1847,CCn1cc(-c2cccc(C(F)(F)F)c2)c2sc(C(N)=NC3CCS(=O)(=O)CC3)cc2c1=O
1916,AZD5363,"AKT1, AKT2, AKT3, ROCK2",0.6106122978387043,179,PATU8988T,C1CN(CCC1(C(=O)N[C@@H](CCO)C2=CC=C(C=C2)Cl)N)C3=NC=NC4=C3C=CN4,CVCL_1847,NC1(C(=O)N[C@@H](CCO)c2ccc(Cl)cc2)CCN(c2ncnc3[nH]ccc23)CC1
2107,LJI308,"RSK2, RSK1, RSK3",0.6250700382918595,179,PATU8988T,C1COCCN1C2=CC=C(C=C2)C3=C(C=NC=C3)C4=CC(=C(C(=C4)F)O)F,CVCL_1847,Oc1c(F)cc(-c2cnccc2-c2ccc(N3CCOCC3)cc2)cc1F
1013,Nilotinib,ABL,0.6332056275117065,179,PATU8988T,CC1=C(C=C(C=C1)C(=O)NC2=CC(=CC(=C2)C(F)(F)F)N3C=C(N=C3)C)NC4=NC=CC(=N4)C5=CN=CC=C5,CVCL_1847,Cc1cn(-c2cc(NC(=O)c3ccc(C)c(Nc4nccc(-c5cccnc5)n4)c3)cc(C(F)(F)F)c2)cn1
1089,Oxaliplatin,DNA alkylating agent,0.637312004696591,179,PATU8988T,C1CC[C@H]([C@@H](C1)N)N.C(=O)(C(=O)O)O.[Pt],CVCL_1847,N[C@@H]1CCCC[C@H]1N
1720,AZD5991,MCL1,0.6521232039244905,179,PATU8988T,CC1=C2C(=NN1C)CSCC3=NN(C(=C3)CSC4=CC5=CC=CC=C5C(=C4)OCCCC6=C(N(C7=C6C=CC(=C27)Cl)C)C(=O)O)C,CVCL_1847,Cc1c2c(nn1C)CSCc1cc(n(C)n1)CSc1cc(c3ccccc3c1)OCCCc1c(C(=O)O)n(C)c3c-2c(Cl)ccc13
1630,Entospletinib,SYK,0.6628938282837353,179,PATU8988T,C1COCCN1C2=CC=C(C=C2)NC3=NC(=CN4C3=NC=C4)C5=CC6=C(C=C5)C=NN6,CVCL_1847,c1cn2cc(-c3ccc4cn[nH]c4c3)nc(Nc3ccc(N4CCOCC4)cc3)c2n1
2045,AMG-319,PI3K (beta sparing),0.6786915919821184,179,PATU8988T,C[C@@H](C1=C(N=C2C=C(C=CC2=C1)F)C3=CC=CC=N3)NC4=NC=NC5=C4NC=N5,CVCL_1847,C[C@H](Nc1ncnc2nc[nH]c12)c1cc2ccc(F)cc2nc1-c1ccccn1
2040,Foretinib,"MET, KDR, TIE2, VEGFR3/FLT4, RON, PDGFR, FGFR1, EGFR",0.6882879734060475,179,PATU8988T,COC1=CC2=C(C=CN=C2C=C1OCCCN3CCOCC3)OC4=C(C=C(C=C4)NC(=O)C5(CC5)C(=O)NC6=CC=C(C=C6)F)F,CVCL_1847,COc1cc2c(Oc3ccc(NC(=O)C4(C(=O)Nc5ccc(F)cc5)CC4)cc3F)ccnc2cc1OCCCN1CCOCC1
1054,Palbociclib,"CDK4, CDK6",0.6988255619574505,179,PATU8988T,CC1=C(C(=O)N(C2=NC(=NC=C12)NC3=NC=C(C=C3)N4CCNCC4)C5CCCC5)C(=O)C,CVCL_1847,CC(=O)c1c(C)c2cnc(Nc3ccc(N4CCNCC4)cn3)nc2n(C2CCCC2)c1=O
1177,Niraparib,"PARP1, PARP2",0.7065163651957469,179,PATU8988T,C1C[C@H](CNC1)C2=CC=C(C=C2)N3C=C4C=CC=C(C4=N3)C(=O)N,CVCL_1847,NC(=O)c1cccc2cn(-c3ccc([C@@H]4CCCNC4)cc3)nc12
1799,Ibrutinib,BTK,0.7080411412972212,179,PATU8988T,C=CC(=O)N1CCC[C@H](C1)N2C3=NC=NC(=C3C(=N2)C4=CC=C(C=C4)OC5=CC=CC=C5)N,CVCL_1847,C=CC(=O)N1CCC[C@@H](n2nc(-c3ccc(Oc4ccccc4)cc3)c3c(N)ncnc32)C1
1259,Talazoparib,"PARP1, PARP2",0.7505980677224745,179,PATU8988T,CC(C)/C=N/NC(=O)C1=CC=C(C=C1)NC(=O)C,CVCL_1847,CC(=O)Nc1ccc(C(=O)N/N=C/C(C)C)cc1
1932,NVP-ADW742,IGF1R,0.791937523999615,179,PATU8988T,C1CCN(C1)CC2CC(C2)N3C=C(C4=C(N=CN=C43)N)C5=CC(=CC=C5)OCC6=CC=CC=C6,CVCL_1847,Nc1ncnc2c1c(-c1cccc(OCc3ccccc3)c1)cn2C1CC(CN2CCCC2)C1
1576,IWP-2,PORCN,0.7982995725721138,179,PATU8988T,CC1=CC2=C(C=C1)N=C(S2)NC(=O)CSC3=NC4=C(C(=O)N3C5=CC=CC=C5)SCC4,CVCL_1847,Cc1ccc2nc(NC(=O)CSc3nc4c(c(=O)n3-c3ccccc3)SCC4)sc2c1
1068,Obatoclax Mesylate,"BCL2, BCL-XL, BCL-W, MCL1",0.8211503491594094,179,PATU8988T,CC1=CC(=C(N1)/C=C\2/C(=C/C(=C/3\C=C4C=CC=CC4=N3)/N2)OC)C,CVCL_1847,COc1c/c(=C2\C=c3ccccc3=N2)[nH]/c1=C\c1[nH]c(C)cc1C
1088,Irinotecan,TOP1,0.8267912129588297,179,PATU8988T,CCC1=C2CN3C(=CC4=C(C3=O)COC(=O)[C@@]4(CC)O)C2=NC5=C1C=C(C=C5)OC(=O)N6CCC(CC6)N7CCCCC7,CVCL_1847,CCc1c2c(nc3ccc(OC(=O)N4CCC(N5CCCCC5)CC4)cc13)-c1cc3c(c(=O)n1C2)COC(=O)[C@]3(O)CC
1131,PRIMA-1MET,TP53 activation,0.8482210985121713,179,PATU8988T,COCC1(C(=O)C2CCN1CC2)CO,CVCL_1847,COCC1(CO)C(=O)C2CCN1CC2
2046,MK-8776,"CHEK1, CHEK2, CDK2",0.8670056697980615,179,PATU8988T,CN1C=C(C=N1)C2=C3N=C(C(=C(N3N=C2)N)Br)C4CCCNC4,CVCL_1847,Cn1cc(-c2cnn3c(N)c(Br)c(C4CCCNC4)nc23)cn1
1557,LCL161,"XIAP, IAP1, IAP2",0.8731029725919905,179,PATU8988T,C[C@@H](C(=O)N[C@@H](C1CCCCC1)C(=O)N2CCC[C@H]2C3=NC(=CS3)C(=O)C4=CC=C(C=C4)F)NC,CVCL_1847,CN[C@@H](C)C(=O)N[C@H](C(=O)N1CCC[C@H]1c1nc(C(=O)c2ccc(F)cc2)cs1)C1CCCCC1
1250,AZ960,"JAK2, JAK3",0.8840309584714207,179,PATU8988T,CC1=CC(=NN1)NC2=C(C=C(C(=N2)N[C@@H](C)C3=CC=C(C=C3)F)C#N)F,CVCL_1847,Cc1cc(Nc2nc(N[C@@H](C)c3ccc(F)cc3)c(C#N)cc2F)n[nH]1
1507,Ruxolitinib,"JAK1, JAK2",0.8859444804536887,179,PATU8988T,C1CCC(C1)[C@@H](CC#N)N2C=C(C=N2)C3=C4C=CNC4=NC=N3,CVCL_1847,N#CC[C@H](C1CCCC1)n1cc(-c2ncnc3[nH]ccc23)cn1
1806,Oxaliplatin,DNA alkylating agent,0.9424528858018728,179,PATU8988T,C1CC[C@H]([C@@H](C1)[NH-])[NH-].C(=O)(C(=O)O)O.[Pt+2],CVCL_1847,N[C@@H]1CCCC[C@H]1N
1614,WZ4003,"NUAK1, NUAK2",0.9857767276968936,179,PATU8988T,CCC(=O)NC1=CC(=CC=C1)OC2=NC(=NC=C2Cl)NC3=C(C=C(C=C3)N4CCN(CC4)C)OC,CVCL_1847,CCC(=O)Nc1cccc(Oc2nc(Nc3ccc(N4CCN(C)CC4)cc3OC)ncc2Cl)c1
1237,EPZ004777,DOT1L,1.0417378730029685,179,PATU8988T,CC(C)N(CCCNC(=O)NC1=CC=C(C=C1)C(C)(C)C)C[C@@H]2[C@H]([C@H]([C@@H](O2)N3C=CC4=C(N=CN=C43)N)O)O,CVCL_1847,CC(C)N(CCCNC(=O)Nc1ccc(C(C)(C)C)cc1)C[C@H]1O[C@@H](n2ccc3c(N)ncnc32)[C@H](O)[C@@H]1O
1915,AZD3759,EGFR,1.0643578475623694,179,PATU8988T,C[C@@H]1CN(CCN1C(=O)OC2=C(C=C3C(=C2)C(=NC=N3)NC4=C(C(=CC=C4)Cl)F)OC)C,CVCL_1847,COc1cc2ncnc(Nc3cccc(Cl)c3F)c2cc1OC(=O)N1CCN(C)C[C@H]1C
1268,XAV939,"TNKS1, TNKS2",1.1184861098587888,179,PATU8988T,C1CSCC2=C1N=C(NC2=O)C3=CC=C(C=C3)C(F)(F)F,CVCL_1847,O=c1[nH]c(-c2ccc(C(F)(F)F)cc2)nc2c1CSCC2
1083,Crizotinib,"MET, ALK, ROS1",1.1871849061474464,179,PATU8988T,C[C@H](C1=C(C=CC(=C1Cl)F)Cl)OC2=C(N=CC(=C2)C3=CN(N=C3)C4CCNCC4)N,CVCL_1847,C[C@@H](Oc1cc(-c2cnn(C3CCNCC3)c2)cnc1N)c1c(Cl)ccc(F)c1Cl
1618,GSK2606414,PERK,1.2254411327359287,179,PATU8988T,CN1C=C(C2=C(N=CN=C21)N)C3=CC4=C(C=C3)N(CC4)C(=O)CC5=CC(=CC=C5)C(F)(F)F,CVCL_1847,Cn1cc(-c2ccc3c(c2)CCN3C(=O)Cc2cccc(C(F)(F)F)c2)c2c(N)ncnc21
1613,VE-822,ATR,1.2273459082122204,179,PATU8988T,CC(C)S(=O)(=O)C1=CC=C(C=C1)C2=CN=C(C(=N2)C3=CC(=NO3)C4=CC=C(C=C4)CNC)N,CVCL_1847,CNCc1ccc(-c2cc(-c3nc(-c4ccc(S(=O)(=O)C(C)C)cc4)cnc3N)on2)cc1
1036,PLX-4720,BRAF,1.2432281313014373,179,PATU8988T,CCCS(=O)(=O)NC1=C(C(=C(C=C1)F)C(=O)C2=CNC3=C2C=C(C=N3)Cl)F,CVCL_1847,CCCS(=O)(=O)Nc1ccc(F)c(C(=O)c2c[nH]c3ncc(Cl)cc23)c1F
1051,Alisertib,AURKA,1.2602986816162332,179,PATU8988T,COC1=C(C(=CC=C1)F)C2=NCC3=CN=C(N=C3C4=C2C=C(C=C4)Cl)NC5=CC(=C(C=C5)C(=O)O)OC,CVCL_1847,COc1cc(Nc2ncc3c(n2)-c2ccc(Cl)cc2C(c2c(F)cccc2OC)=NC3)ccc1C(=O)O
1560,Alpelisib,PI3Kalpha,1.2661300694647977,179,PATU8988T,CC1=C(SC(=N1)NC(=O)N2CCC[C@H]2C(=O)N)C3=CC(=NC=C3)C(C)(C)C(F)(F)F,CVCL_1847,Cc1nc(NC(=O)N2CCC[C@H]2C(N)=O)sc1-c1ccnc(C(C)(C)C(F)(F)F)c1
2111,VE821,ATR,1.300138959675658,179,PATU8988T,CS(=O)(=O)C1=CC=C(C=C1)C2=CN=C(C(=N2)C(=O)NC3=CC=CC=C3)N,CVCL_1847,CS(=O)(=O)c1ccc(-c2cnc(N)c(C(=O)Nc3ccccc3)n2)cc1
1053,MK-2206,"AKT1, AKT2",1.3419901881218057,179,PATU8988T,C1CC(C1)(C2=CC=C(C=C2)C3=C(C=C4C(=N3)C=CN5C4=NNC5=O)C6=CC=CC=C6)N.Cl.Cl,CVCL_1847,NC1(c2ccc(-c3nc4ccn5c(=O)[nH]nc5c4cc3-c3ccccc3)cc2)CCC1
1917,AZD6738,ATR,1.3696571029724365,179,PATU8988T,C[C@@H]1COCCN1C2=NC(=NC(=C2)C3(CC3)[S@](=N)(=O)C)C4=C5C=CNC5=NC=C4,CVCL_1847,C[C@@H]1COCCN1c1cc(C2([S@](C)(=N)=O)CC2)nc(-c2ccnc3[nH]ccc23)n1
1558,Lapatinib,"EGFR, ERBB2",1.58615565914588,179,PATU8988T,CS(=O)(=O)CCNCC1=CC=C(O1)C2=CC3=C(C=C2)N=CN=C3NC4=CC(=C(C=C4)OCC5=CC(=CC=C5)F)Cl,CVCL_1847,CS(=O)(=O)CCNCc1ccc(-c2ccc3ncnc(Nc4ccc(OCc5cccc(F)c5)c(Cl)c4)c3c2)o1
1593,Entinostat,"HDAC1, HDAC3",2.235796905362938,179,PATU8988T,C1=CC=C(C(=C1)N)NC(=O)C2=CC=C(C=C2)CNC(=O)OCC3=CN=CC=C3,CVCL_1847,Nc1ccccc1NC(=O)c1ccc(CNC(=O)OCc2cccnc2)cc1
1012,Vorinostat,"HDAC inhibitor Class I, IIa, IIb, IV",2.849182149610959,179,PATU8988T,C1=CC=C(C=C1)NC(=O)CCCCCCC(=O)NO,CVCL_1847,O=C(CCCCCCC(=O)Nc1ccccc1)NO
1634,AGI-6780,IDH2 R140Q mutant,-1.3263292987999953,180,PL18,C1CC1NS(=O)(=O)C2=CC(=C(C=C2)C3=CSC=C3)NC(=O)NC4=CC=CC(=C4)C(F)(F)F,CVCL_X507,O=C(Nc1cccc(C(F)(F)F)c1)Nc1cc(S(=O)(=O)NC2CC2)ccc1-c1ccsc1
1626,OTX015,"BRD2, BRD3, BRD4",-1.1796503300754484,180,PL18,CC1=C(SC2=C1C(=N[C@H](C3=NN=C(N32)C)CC(=O)NC4=CC=C(C=C4)O)C5=CC=C(C=C5)Cl)C,CVCL_X507,Cc1sc2c(c1C)C(c1ccc(Cl)cc1)=N[C@@H](CC(=O)Nc1ccc(O)cc1)c1nnc(C)n1-2
1706,AZD5153,BRD4,-1.0931831419066838,180,PL18,C[C@@H]1C(=O)N(CCN1CCOC2=CC=C(C=C2)C3CCN(CC3)C4=NN5C(=NN=C5OC)C=C4)C,CVCL_X507,COc1nnc2ccc(N3CCC(c4ccc(OCCN5CCN(C)C(=O)[C@H]5C)cc4)CC3)nn12
1624,I-BET-762,"BRD2, BRD3, BRD4",-0.9743777801907884,180,PL18,CCNC(=O)C[C@H]1C2=NN=C(N2C3=C(C=C(C=C3)OC)C(=N1)C4=CC=C(C=C4)Cl)C,CVCL_X507,CCNC(=O)C[C@@H]1N=C(c2ccc(Cl)cc2)c2cc(OC)ccc2-n2c(C)nnc21
1564,SCH772984,"ERK1, ERK2",-0.9039115652413436,180,PL18,C1CN(C[C@@H]1C(=O)NC2=CC3=C(C=C2)NN=C3C4=CC=NC=C4)CC(=O)N5CCN(CC5)C6=CC=C(C=C6)C7=NC=CC=N7,CVCL_X507,O=C(Nc1ccc2[nH]nc(-c3ccncc3)c2c1)[C@@H]1CCN(CC(=O)N2CCN(c3ccc(-c4ncccn4)cc3)CC2)C1
1060,PD0325901,"MEK1, MEK2",-0.8760586943247332,180,PL18,C1=CC(=C(C=C1I)F)NC2=C(C=CC(=C2F)F)C(=O)NOC[C@@H](CO)O,CVCL_X507,O=C(NOC[C@H](O)CO)c1ccc(F)c(F)c1Nc1ccc(I)cc1F
1190,Gemcitabine,Pyrimidine antimetabolite,-0.7779383542989271,180,PL18,C1=CN(C(=O)N=C1N)[C@H]2C([C@@H]([C@H](O2)CO)O)(F)F,CVCL_X507,Nc1ccn([C@@H]2O[C@H](CO)[C@@H](O)C2(F)F)c(=O)n1
1372,Trametinib,"MEK1, MEK2",-0.7550359781894312,180,PL18,CC1=C2C(=C(N(C1=O)C)NC3=C(C=C(C=C3)I)F)C(=O)N(C(=O)N2C4=CC=CC(=C4)NC(=O)C)C5CC5,CVCL_X507,CC(=O)Nc1cccc(-n2c(=O)n(C3CC3)c(=O)c3c(Nc4ccc(I)cc4F)n(C)c(=O)c(C)c32)c1
1268,XAV939,"TNKS1, TNKS2",-0.691087290414915,180,PL18,C1CSCC2=C1N=C(NC2=O)C3=CC=C(C=C3)C(F)(F)F,CVCL_X507,O=c1[nH]c(-c2ccc(C(F)(F)F)cc2)nc2c1CSCC2
1939,UMI-77,MCL1,-0.6467107668857973,180,PL18,C1=CC=C2C(=C1)C(=CC(=C2O)SCC(=O)O)NS(=O)(=O)C3=CC=C(C=C3)Br,CVCL_X507,O=C(O)CSc1cc(NS(=O)(=O)c2ccc(Br)cc2)c2ccccc2c1O
1034,Staurosporine,Broad spectrum kinase inhibitor,-0.6374031207591806,180,PL18,C[C@@]12[C@@H]([C@@H](C[C@H](O1)N3C4=CC=CC=C4C5=C6C(=C7C8=CC=CC=C8N2C7=C53)CNC6=O)NC)OC,CVCL_X507,CN[C@@H]1C[C@@H]2O[C@@](C)([C@@H]1OC)n1c3ccccc3c3c4c(c5c6ccccc6n2c5c31)C(=O)NC4
1006,Cytarabine,Antimetabolite,-0.5793967014371001,180,PL18,C1=CN(C(=O)N=C1N)[C@H]2[C@H]([C@@H]([C@H](O2)CO)O)O,CVCL_X507,Nc1ccn([C@@H]2O[C@H](CO)[C@@H](O)[C@@H]2O)c(=O)n1
2110,GSK591,PMRT5,-0.5786573595832278,180,PL18,C1CC(C1)NC2=NC=CC(=C2)C(=O)NC[C@@H](CN3CCC4=CC=CC=C4C3)O,CVCL_X507,O=C(NC[C@H](O)CN1CCc2ccccc2C1)c1ccnc(NC2CCC2)c1
1736,Selumetinib,"MEK1, MEK2",-0.5660907161918497,180,PL18,CN1C=NC2=C1C=C(C(=C2F)NC3=C(C=C(C=C3)Br)Cl)C(=O)NOCCO,CVCL_X507,Cn1cnc2c(F)c(Nc3ccc(Br)cc3Cl)c(C(=O)NOCCO)cc21
1057,Dactolisib,"PI3K (class 1), MTORC1, MTORC2",-0.5531309736511215,180,PL18,CC(C)(C#N)C1=CC=C(C=C1)N2C3=C4C=C(C=CC4=NC=C3N(C2=O)C)C5=CC6=CC=CC=C6N=C5,CVCL_X507,Cn1c(=O)n(-c2ccc(C(C)(C)C#N)cc2)c2c3cc(-c4cnc5ccccc5c4)ccc3ncc21
1927,GSK2578215A,LRRK2,-0.5501181243433295,180,PL18,C1=CC=C(C=C1)COC2=C(C=C(C=C2)C3=CC(=NC=C3)F)C(=O)NC4=CN=CC=C4,CVCL_X507,O=C(Nc1cccnc1)c1cc(-c2ccnc(F)c2)ccc1OCc1ccccc1
1529,Pevonedistat,NAE,-0.5224621309050193,180,PL18,C1CC2=CC=CC=C2[C@H]1NC3=C4C=CN(C4=NC=N3)[C@@H]5C[C@H]([C@H](C5)O)COS(=O)(=O)N,CVCL_X507,NS(=O)(=O)OC[C@@H]1C[C@@H](n2ccc3c(N[C@H]4CCc5ccccc54)ncnc32)C[C@@H]1O
1047,Nutlin-3a (-),MDM2,-0.5148333208962032,180,PL18,CC(C)OC1=C(C=CC(=C1)OC)C2=N[C@H]([C@H](N2C(=O)N3CCNC(=O)C3)C4=CC=C(C=C4)Cl)C5=CC=C(C=C5)Cl,CVCL_X507,COc1ccc(C2=N[C@@H](c3ccc(Cl)cc3)[C@@H](c3ccc(Cl)cc3)N2C(=O)N2CCNC(=O)C2)c(OC(C)C)c1
1375,Temozolomide,DNA alkylating agent,-0.5004820096362077,180,PL18,CN1C(=O)N2C=NC(=C2N=N1)C(=O)N,CVCL_X507,Cn1nnc2c(C(N)=O)ncn2c1=O
2047,Ulixertinib,"ERK1, ERK2",-0.4958359008049833,180,PL18,CC(C)NC1=NC=C(C(=C1)C2=CNC(=C2)C(=O)N[C@H](CO)C3=CC(=CC=C3)Cl)Cl,CVCL_X507,CC(C)Nc1cc(-c2c[nH]c(C(=O)N[C@H](CO)c3cccc(Cl)c3)c2)c(Cl)cn1
1003,Camptothecin,TOP1,-0.4377278408358615,180,PL18,CC[C@@]1(C2=C(COC1=O)C(=O)N3CC4=CC5=CC=CC=C5N=C4C3=C2)O,CVCL_X507,CC[C@@]1(O)C(=O)OCc2c1cc1n(c2=O)Cc2cc3ccccc3nc2-1
1079,Dasatinib,"ABL, SRC, Ephrins, PDGFR, KIT",-0.4090600120039341,180,PL18,CC1=C(C(=CC=C1)Cl)NC(=O)C2=CN=C(S2)NC3=CC(=NC(=N3)C)N4CCN(CC4)CCO,CVCL_X507,Cc1nc(Nc2ncc(C(=O)Nc3c(C)cccc3Cl)s2)cc(N2CCN(CCO)CC2)n1
1908,Ulixertinib,"ERK1, ERK2",-0.3822779008466808,180,PL18,CC(C)NC1=NC=C(C(=C1)C2=CNC(=C2)C(=O)N[C@H](CO)C3=CC(=CC=C3)Cl)Cl,CVCL_X507,CC(C)Nc1cc(-c2c[nH]c(C(=O)N[C@H](CO)c3cccc(Cl)c3)c2)c(Cl)cn1
1925,GDC0810,"ESR1, ESR2",-0.3765648565840322,180,PL18,CC/C(=C(/C1=CC=C(C=C1)/C=C/C(=O)O)\C2=CC3=C(C=C2)NN=C3)/C4=C(C=C(C=C4)F)Cl,CVCL_X507,CC/C(=C(/c1ccc(/C=C/C(=O)O)cc1)c1ccc2[nH]ncc2c1)c1ccc(F)cc1Cl
1401,AZD5438,CDK2,-0.3452820642523422,180,PL18,CC1=NC=C(N1C(C)C)C2=NC(=NC=C2)NC3=CC=C(C=C3)S(=O)(=O)C,CVCL_X507,Cc1ncc(-c2ccnc(Nc3ccc(S(C)(=O)=O)cc3)n2)n1C(C)C
1926,GNE-317,PI3Kalpha,-0.337794702019864,180,PL18,CC1=C(SC2=C1N=C(N=C2N3CCOCC3)C4=CN=C(N=C4)N)C5(COC5)OC,CVCL_X507,COC1(c2sc3c(N4CCOCC4)nc(-c4cnc(N)nc4)nc3c2C)COC1
1559,Luminespib,HSP90,-0.2840813060395808,180,PL18,CN1C2=CC=CC=C2C(C1=O)(CC(=O)C3=CC=C(C=C3)Cl)O,CVCL_X507,CN1C(=O)C(O)(CC(=O)c2ccc(Cl)cc2)c2ccccc21
1011,Navitoclax,"BCL2, BCL-XL, BCL-W",-0.2751124976879968,180,PL18,CC1(CCC(=C(C1)CN2CCN(CC2)C3=CC=C(C=C3)C(=O)NS(=O)(=O)C4=CC(=C(C=C4)N[C@H](CCN5CCOCC5)CSC6=CC=CC=C6)S(=O)(=O)C(F)(F)F)C7=CC=C(C=C7)Cl)C,CVCL_X507,CC1(C)CCC(c2ccc(Cl)cc2)=C(CN2CCN(c3ccc(C(=O)NS(=O)(=O)c4ccc(N[C@H](CCN5CCOCC5)CSc5ccccc5)c(S(=O)(=O)C(F)(F)F)c4)cc3)CC2)C1
1941,Sepantronium bromide,BIRC5,-0.2339841427945108,180,PL18,CC1=[N+](C2=C(N1CCOC)C(=O)C3=CC=CC=C3C2=O)CC4=NC=CN=C4.[Br-],CVCL_X507,COCCn1c2c([n+](Cc3cnccn3)c1C)C(=O)c1ccccc1C2=O
1073,5-Fluorouracil,Antimetabolite (DNA & RNA),-0.2061993386999728,180,PL18,C1=C(C(=O)NC(=O)N1)F,CVCL_X507,O=c1[nH]cc(F)c(=O)[nH]1
1930,Telomerase Inhibitor IX,Telomerase,-0.1901261481945765,180,PL18,C1=CC(=CC(=C1)NC(=O)C2=C(C(=CC=C2)O)O)NC(=O)C3=C(C(=CC=C3)O)O,CVCL_X507,O=C(Nc1cccc(NC(=O)c2cccc(O)c2O)c1)c1cccc(O)c1O
1853,OF-1,"BRPF1B, BRPF2",-0.1815997547464398,180,PL18,CC1=C(C=CC(=C1)Br)S(=O)(=O)NC2=CC3=C(C=C2OC)N(C(=O)N3C)C,CVCL_X507,COc1cc2c(cc1NS(=O)(=O)c1ccc(Br)cc1C)n(C)c(=O)n2C
1910,ABT737,"BCL2, BCL-XL,  BCL-W, BCL-B, BFL1",-0.1530692598931645,180,PL18,CN(C)CC[C@H](CSC1=CC=CC=C1)NC2=C(C=C(C=C2)S(=O)(=O)NC(=O)C3=CC=C(C=C3)N4CCN(CC4)CC5=CC=CC=C5C6=CC=C(C=C6)Cl)[N+](=O)[O-],CVCL_X507,CN(C)CC[C@H](CSc1ccccc1)Nc1ccc(S(=O)(=O)NC(=O)c2ccc(N3CCN(Cc4ccccc4-c4ccc(Cl)cc4)CC3)cc2)cc1[N+](=O)[O-]
1088,Irinotecan,TOP1,-0.1443898976211182,180,PL18,CCC1=C2CN3C(=CC4=C(C3=O)COC(=O)[C@@]4(CC)O)C2=NC5=C1C=C(C=C5)OC(=O)N6CCC(CC6)N7CCCCC7,CVCL_X507,CCc1c2c(nc3ccc(OC(=O)N4CCC(N5CCCCC5)CC4)cc13)-c1cc3c(c(=O)n1C2)COC(=O)[C@]3(O)CC
1997,WEHI-539,BCL-XL,-0.1236755646207866,180,PL18,C1CC2=C(C=C(C=C2)C3=NC(=C(S3)CCCOC4=CC=C(C=C4)CN)C(=O)O)/C(=N/NC5=NC6=CC=CC=C6S5)/C1,CVCL_X507,NCc1ccc(OCCCc2sc(-c3ccc4c(c3)/C(=N/Nc3nc5ccccc5s3)CCC4)nc2C(=O)O)cc1
1625,RVX-208,BRD4,-0.0880082928871984,180,PL18,C1=CC(=C(C=C1N=C=O)F)F,CVCL_X507,O=C=Nc1ccc(F)c(F)c1
1598,LGK974,PORCN,-0.0374546476428152,180,PL18,CC1=CC(=CN=C1C2=CC(=NC=C2)C)CC(=O)NC3=NC=C(C=C3)C4=NC=CN=C4,CVCL_X507,Cc1cc(-c2ncc(CC(=O)Nc3ccc(-c4cnccn4)cn3)cc2C)ccn1
2045,AMG-319,PI3K (beta sparing),-0.0186285709402496,180,PL18,C[C@@H](C1=C(N=C2C=C(C=CC2=C1)F)C3=CC=CC=N3)NC4=NC=NC5=C4NC=N5,CVCL_X507,C[C@H](Nc1ncnc2nc[nH]c12)c1cc2ccc(F)cc2nc1-c1ccccn1
1200,Fulvestrant,ESR,-0.01693240170713,180,PL18,C[C@]12CC[C@H]3[C@H]([C@@H]1CC[C@@H]2O)[C@@H](CC4=C3C=CC(=C4)O)CCCCCCCCCS(=O)CCCC(C(F)(F)F)(F)F,CVCL_X507,C[C@]12CC[C@@H]3c4ccc(O)cc4C[C@@H](CCCCCCCCC[S+]([O-])CCCC(F)(F)C(F)(F)F)[C@H]3[C@@H]1CC[C@@H]2O
1928,I-BRD9,BRD9,0.019608937450111,180,PL18,CCN1C=C(C2=C(C1=O)C=C(S2)C(=NC3CCS(=O)(=O)CC3)N)C4=CC(=CC=C4)C(F)(F)F,CVCL_X507,CCn1cc(-c2cccc(C(F)(F)F)c2)c2sc(C(N)=NC3CCS(=O)(=O)CC3)cc2c1=O
1622,Wnt-C59,PORCN,0.0397039166083542,180,PL18,CC1=NC=CC(=C1)C2=CC=C(C=C2)CC(=O)NC3=CC=C(C=C3)C4=CN=CC=C4,CVCL_X507,Cc1cc(-c2ccc(CC(=O)Nc3ccc(-c4cccnc4)cc3)cc2)ccn1
1996,MIM1,MCL1,0.0609539422693604,180,PL18,CC(C)[C@H]1CSC(=N1)N2[C@H](CSC2=S)C(C)C,CVCL_X507,CC(C)[C@H]1CSC(N2C(=S)SC[C@@H]2C(C)C)=N1
2096,VX-11e,ERK2,0.0832169938714262,180,PL18,CC1=CN=C(N=C1C2=CNC(=C2)C(=O)N[C@H](CO)C3=CC(=CC=C3)Cl)NC4=C(C=C(C=C4)F)Cl,CVCL_X507,Cc1cnc(Nc2ccc(F)cc2Cl)nc1-c1c[nH]c(C(=O)N[C@H](CO)c2cccc(Cl)c2)c1
1080,Paclitaxel,Microtubule stabiliser,0.0992400878614578,180,PL18,CC1=C2[C@H](C(=O)[C@@]3([C@H](C[C@@H]4[C@]([C@H]3[C@@H]([C@@](C2(C)C)(C[C@@H]1OC(=O)[C@@H]([C@H](C5=CC=CC=C5)NC(=O)C6=CC=CC=C6)O)O)OC(=O)C7=CC=CC=C7)(CO4)OC(=O)C)O)C)OC(=O)C,CVCL_X507,CC(=O)O[C@H]1C(=O)[C@]2(C)[C@@H](O)C[C@H]3OC[C@@]3(OC(C)=O)[C@H]2[C@H](OC(=O)c2ccccc2)[C@]2(O)C[C@H](OC(=O)[C@H](O)[C@@H](NC(=O)c3ccccc3)c3ccccc3)C(C)=C1C2(C)C
1629,ML323,"USP1, UAF1",0.1040652692538716,180,PL18,CC1=CN=C(N=C1NCC2=CC=C(C=C2)N3C=CN=N3)C4=CC=CC=C4C(C)C,CVCL_X507,Cc1cnc(-c2ccccc2C(C)C)nc1NCc1ccc(-n2ccnn2)cc1
1248,Daporinad,NAMPT,0.1401989569792064,180,PL18,C1CN(CCC1CCCCNC(=O)/C=C/C2=CN=CC=C2)C(=O)C3=CC=CC=C3,CVCL_X507,O=C(/C=C/c1cccnc1)NCCCCC1CCN(C(=O)c2ccccc2)CC1
1922,Cediranib,"VEGFR, FLT1, FLT2, FLT3, FLT4, KIT, PDGFRB",0.167046458986852,180,PL18,CC1=CC2=C(N1)C=CC(=C2F)OC3=NC=NC4=CC(=C(C=C43)OC)OCCCN5CCCC5,CVCL_X507,COc1cc2c(Oc3ccc4[nH]c(C)cc4c3F)ncnc2cc1OCCCN1CCCC1
1511,Epirubicin,Anthracycline,0.1881726696404368,180,PL18,C[C@H]1[C@@H]([C@H](C[C@@H](O1)O[C@H]2C[C@@](CC3=C2C(=C4C(=C3O)C(=O)C5=C(C4=O)C(=CC=C5)OC)O)(C(=O)CO)O)N)O,CVCL_X507,COc1cccc2c1C(=O)c1c(O)c3c(c(O)c1C2=O)C[C@@](O)(C(=O)CO)C[C@@H]3O[C@H]1C[C@H](N)[C@@H](O)[C@H](C)O1
1806,Oxaliplatin,DNA alkylating agent,0.2171999689675237,180,PL18,C1CC[C@H]([C@@H](C1)[NH-])[NH-].C(=O)(C(=O)O)O.[Pt+2],CVCL_X507,N[C@@H]1CCCC[C@H]1N
2044,Pyridostatin,G-quadruplex stabiliser,0.2186828194957021,180,PL18,C1=CC=C2C(=C1)C(=CC(=N2)NC(=O)C3=CC(=CC(=N3)C(=O)NC4=NC5=CC=CC=C5C(=C4)OCCN)OCCN)OCCN,CVCL_X507,NCCOc1cc(C(=O)Nc2cc(OCCN)c3ccccc3n2)nc(C(=O)Nc2cc(OCCN)c3ccccc3n2)c1
1862,MG-132,"Proteasome, CAPN1",0.2238523151460077,180,PL18,CC(C)C[C@@H](C=O)NC(=O)[C@H](CC(C)C)NC(=O)[C@H](CC(C)C)NC(=O)OCC1=CC=CC=C1,CVCL_X507,CC(C)C[C@@H](C=O)NC(=O)[C@H](CC(C)C)NC(=O)[C@H](CC(C)C)NC(=O)OCc1ccccc1
1909,Venetoclax,BCL2,0.2315397633415926,180,PL18,CC1(CCC(=C(C1)C2=CC=C(C=C2)Cl)CN3CCN(CC3)C4=CC(=C(C=C4)C(=O)NS(=O)(=O)C5=CC(=C(C=C5)NCC6CCOCC6)[N+](=O)[O-])OC7=CN=C8C(=C7)C=CN8)C,CVCL_X507,CC1(C)CCC(CN2CCN(c3ccc(C(=O)NS(=O)(=O)c4ccc(NCC5CCOCC5)c([N+](=O)[O-])c4)c(Oc4cnc5[nH]ccc5c4)c3)CC2)=C(c2ccc(Cl)cc2)C1
1004,Vinblastine,Microtubule destabiliser,0.2414812215372244,180,PL18,CC[C@@]1(CC2C[C@@](C3=C(CCN(C2)C1)C4=CC=CC=C4N3)(C5=C(C=C6C(=C5)[C@]78CCN9[C@H]7[C@@](C=CC9)([C@H]([C@@]([C@@H]8N6C)(C(=O)OC)O)OC(=O)C)CC)OC)C(=O)OC)O,CVCL_X507,CC[C@]1(O)CC2CN(CCc3c([nH]c4ccccc34)[C@@](C(=O)OC)(c3cc4c(cc3OC)N(C)[C@H]3[C@@](O)(C(=O)OC)[C@H](OC(C)=O)[C@]5(CC)C=CCN6CC[C@]43[C@@H]65)C2)C1
1852,LY2109761,TGFB1,0.2487207821725633,180,PL18,C1CC2=C(C(=NN2C1)C3=CC=CC=N3)C4=C5C=CC(=CC5=NC=C4)OCCN6CCOCC6,CVCL_X507,c1ccc(-c2nn3c(c2-c2ccnc4cc(OCCN5CCOCC5)ccc24)CCC3)nc1
1441,AZD2014,"mTORC1, mTORC2",0.2513371524912458,180,PL18,C[C@H]1COCCN1C2=NC(=NC3=C2C=CC(=N3)C4=CC(=CC=C4)C(=O)NC)N5CCOC[C@@H]5C,CVCL_X507,CNC(=O)c1cccc(-c2ccc3c(N4CCOC[C@@H]4C)nc(N4CCOC[C@@H]4C)nc3n2)c1
1873,Buparlisib,"PI3Kalpha, PI3Kdelta, PI3Kbeta, PI3Kgamma",0.2574944249258397,180,PL18,C1COCCN1C2=NC(=NC(=C2)C3=CN=C(C=C3C(F)(F)F)N)N4CCOCC4,CVCL_X507,Nc1cc(C(F)(F)F)c(-c2cc(N3CCOCC3)nc(N3CCOCC3)n2)cn1
1931,MIRA-1,TP53,0.2979123468734682,180,PL18,CCC(=O)OCN1C(=O)C=CC1=O,CVCL_X507,CCC(=O)OCN1C(=O)C=CC1=O
1068,Obatoclax Mesylate,"BCL2, BCL-XL, BCL-W, MCL1",0.317526395116938,180,PL18,CC1=CC(=C(N1)/C=C\2/C(=C/C(=C/3\C=C4C=CC=CC4=N3)/N2)OC)C,CVCL_X507,COc1c/c(=C2\C=c3ccccc3=N2)[nH]/c1=C\c1[nH]c(C)cc1C
1618,GSK2606414,PERK,0.3213600533987884,180,PL18,CN1C=C(C2=C(N=CN=C21)N)C3=CC4=C(C=C3)N(CC4)C(=O)CC5=CC(=CC=C5)C(F)(F)F,CVCL_X507,Cn1cc(-c2ccc3c(c2)CCN3C(=O)Cc2cccc(C(F)(F)F)c2)c2c(N)ncnc21
1615,CZC24832,PI3Kgamma,0.3412816118080656,180,PL18,CC(C)(C)NS(=O)(=O)C1=CN=CC(=C1)C2=CN3C(=NC(=N3)N)C(=C2)F,CVCL_X507,CC(C)(C)NS(=O)(=O)c1cncc(-c2cc(F)c3nc(N)nn3c2)c1
1373,Dabrafenib,BRAF,0.3545734428461738,180,PL18,CC(C)(C)C1=NC(=C(S1)C2=NC(=NC=C2)N)C3=C(C(=CC=C3)NS(=O)(=O)C4=C(C=CC=C4F)F)F,CVCL_X507,CC(C)(C)c1nc(-c2cccc(NS(=O)(=O)c3c(F)cccc3F)c2F)c(-c2ccnc(N)n2)s1
1259,Talazoparib,"PARP1, PARP2",0.3686492340598868,180,PL18,CC(C)/C=N/NC(=O)C1=CC=C(C=C1)NC(=O)C,CVCL_X507,CC(=O)Nc1ccc(C(=O)N/N=C/C(C)C)cc1
1463,AZD1332,"NTRK1, NTRK2, NTRK3",0.3710627197759455,180,PL18,CC(C)OC1=NNC(=C1)NC2=NC(=NC=C2Cl)NC(C)C3=NC=C(C=C3)F,CVCL_X507,CC(C)Oc1cc(Nc2nc(NC(C)c3ccc(F)cn3)ncc2Cl)[nH]n1
2040,Foretinib,"MET, KDR, TIE2, VEGFR3/FLT4, RON, PDGFR, FGFR1, EGFR",0.375174457414329,180,PL18,COC1=CC2=C(C=CN=C2C=C1OCCCN3CCOCC3)OC4=C(C=C(C=C4)NC(=O)C5(CC5)C(=O)NC6=CC=C(C=C6)F)F,CVCL_X507,COc1cc2c(Oc3ccc(NC(=O)C4(C(=O)Nc5ccc(F)cc5)CC4)cc3F)ccnc2cc1OCCCN1CCOCC1
1913,AGI-5198,IDH1 (R132H),0.3887184583754333,180,PL18,CC1=CC=CC=C1C(C(=O)NC2CCCCC2)N(C3=CC(=CC=C3)F)C(=O)CN4C=CN=C4C,CVCL_X507,Cc1ccccc1C(C(=O)NC1CCCCC1)N(C(=O)Cn1ccnc1C)c1cccc(F)c1
1131,PRIMA-1MET,TP53 activation,0.4067341093114189,180,PL18,COCC1(C(=O)C2CCN1CC2)CO,CVCL_X507,COCC1(CO)C(=O)C2CCN1CC2
1940,WIKI4,"TNKS1, TNKS2",0.4127768738457756,180,PL18,COC1=CC=C(C=C1)N2C(=NN=C2SCCCN3C(=O)C4=CC=CC5=C4C(=CC=C5)C3=O)C6=CC=NC=C6,CVCL_X507,COc1ccc(-n2c(SCCCN3C(=O)c4cccc5cccc(c45)C3=O)nnc2-c2ccncc2)cc1
1180,Dinaciclib,"CDK1, CDK2, CDK5, CDK9",0.4133655487950328,180,PL18,CCC1=C2N=C(C=C(N2N=C1)NCC3=C[N+](=CC=C3)[O-])N4CCCC[C@H]4CCO,CVCL_X507,CCc1cnn2c(NCc3ccc[n+]([O-])c3)cc(N3CCCC[C@H]3CCO)nc12
1093,GSK1904529A,"IGF1R, IR",0.4178239477599384,180,PL18,CCC1=CC(=C(C=C1N2CCC(CC2)N3CCN(CC3)S(=O)(=O)C)OC)NC4=NC=CC(=N4)C5=C(N=C6N5C=CC=C6)C7=CC(=C(C=C7)OC)C(=O)NC8=C(C=CC=C8F)F,CVCL_X507,CCc1cc(Nc2nccc(-c3c(-c4ccc(OC)c(C(=O)Nc5c(F)cccc5F)c4)nc4ccccn34)n2)c(OC)cc1N1CCC(N2CCN(S(C)(=O)=O)CC2)CC1
1563,EPZ5676,DOT1L,0.441626774033323,180,PL18,CC(C)N(C[C@@H]1[C@H]([C@H]([C@@H](O1)N2C=NC3=C(N=CN=C32)N)O)O)C4CC(C4)CCC5=NC6=C(N5)C=C(C=C6)C(C)(C)C,CVCL_X507,CC(C)N(C[C@H]1O[C@@H](n2cnc3c(N)ncnc32)[C@H](O)[C@@H]1O)C1CC(CCc2nc3ccc(C(C)(C)C)cc3[nH]2)C1
1915,AZD3759,EGFR,0.4459896672666716,180,PL18,C[C@@H]1CN(CCN1C(=O)OC2=C(C=C3C(=C2)C(=NC=N3)NC4=C(C(=CC=C4)Cl)F)OC)C,CVCL_X507,COc1cc2ncnc(Nc3cccc(Cl)c3F)c2cc1OC(=O)N1CCN(C)C[C@H]1C
1627,GSK343,EZH2,0.4755885549131289,180,PL18,CCCC1=C(C(=O)NC(=C1)C)CNC(=O)C2=C3C=NN(C3=CC(=C2)C4=CC(=NC=C4)N5CCN(CC5)C)C(C)C,CVCL_X507,CCCc1cc(C)[nH]c(=O)c1CNC(=O)c1cc(-c2ccnc(N3CCN(C)CC3)c2)cc2c1cnn2C(C)C
1089,Oxaliplatin,DNA alkylating agent,0.4759423073407189,180,PL18,C1CC[C@H]([C@@H](C1)N)N.C(=O)(C(=O)O)O.[Pt],CVCL_X507,N[C@@H]1CCCC[C@H]1N
1017,Olaparib,"PARP1, PARP2",0.4790595908813493,180,PL18,C1CC1C(=O)N2CCN(CC2)C(=O)C3=C(C=CC(=C3)CC4=NNC(=O)C5=CC=CC=C54)F,CVCL_X507,O=C(c1cc(Cc2n[nH]c(=O)c3ccccc23)ccc1F)N1CCN(C(=O)C2CC2)CC1
1630,Entospletinib,SYK,0.4883769073809396,180,PL18,C1COCCN1C2=CC=C(C=C2)NC3=NC(=CN4C3=NC=C4)C5=CC6=C(C=C5)C=NN6,CVCL_X507,c1cn2cc(-c3ccc4cn[nH]c4c3)nc(Nc3ccc(N4CCOCC4)cc3)c2n1
1549,Sapitinib,"EGFR, ERBB2, ERBB3",0.5088370901846209,180,PL18,CNC(=O)CN1CCC(CC1)OC2=C(C=C3C(=C2)C(=NC=N3)NC4=C(C(=CC=C4)Cl)F)OC,CVCL_X507,CNC(=O)CN1CCC(Oc2cc3c(Nc4cccc(Cl)c4F)ncnc3cc2OC)CC1
1010,Gefitinib,EGFR,0.5130647563055213,180,PL18,COC1=C(C=C2C(=C1)N=CN=C2NC3=CC(=C(C=C3)F)Cl)OCCCN4CCOCC4,CVCL_X507,COc1cc2ncnc(Nc3ccc(F)c(Cl)c3)c2cc1OCCCN1CCOCC1
1620,PFI3,"Polybromo 1, SMARCA4, SMARCA2",0.5153213053481064,180,PL18,C1[C@@H]2CN([C@H]1CN2C3=CC=CC=N3)/C=C/C(=O)C4=CC=CC=C4O,CVCL_X507,O=C(/C=C/N1C[C@H]2C[C@@H]1CN2c1ccccn1)c1ccccc1O
2107,LJI308,"RSK2, RSK1, RSK3",0.5329090479235873,180,PL18,C1COCCN1C2=CC=C(C=C2)C3=C(C=NC=C3)C4=CC(=C(C(=C4)F)O)F,CVCL_X507,Oc1c(F)cc(-c2cnccc2-c2ccc(N3CCOCC3)cc2)cc1F
1936,Savolitinib,MET,0.5417221302682241,180,PL18,C[C@@H](C1=CN2C=CN=C2C=C1)N3C4=NC(=CN=C4N=N3)C5=CN(N=C5)C,CVCL_X507,C[C@@H](c1ccc2nccn2c1)n1nnc2ncc(-c3cnn(C)c3)nc21
1849,Sabutoclax,"BCL2,  BCL-XL,  BFL1, MCL1",0.5661279897475199,180,PL18,CC1=CC2=C(C(=C(C=C2C(=C1C3=C(C4=CC(=C(C(=C4C=C3C)C(=O)NC[C@H](C)C5=CC=CC=C5)O)O)O)O)O)O)C(=O)NC[C@H](C)C6=CC=CC=C6,CVCL_X507,Cc1cc2c(C(=O)NC[C@H](C)c3ccccc3)c(O)c(O)cc2c(O)c1-c1c(C)cc2c(C(=O)NC[C@H](C)c3ccccc3)c(O)c(O)cc2c1O
1855,KRAS (G12C) Inhibitor-12,KRAS (G12C),0.573665898546593,180,PL18,C=CC(=O)N1CCN(CC1)C(=O)CNC2=CC(=C(C=C2O)Cl)I,CVCL_X507,C=CC(=O)N1CCN(C(=O)CNc2cc(I)c(Cl)cc2O)CC1
1199,Tamoxifen,ESR1,0.5927401529558316,180,PL18,CC/C(=C(\C1=CC=CC=C1)/C2=CC=C(C=C2)OCCN(C)C)/C3=CC=CC=C3,CVCL_X507,CC/C(=C(\c1ccccc1)c1ccc(OCCN(C)C)cc1)c1ccccc1
1635,Picolinici-acid,Inflammatory related,0.6141091464131714,180,PL18,C1=CC=NC(=C1)C(=O)O,CVCL_X507,O=C(O)c1ccccn1
2046,MK-8776,"CHEK1, CHEK2, CDK2",0.6159738447597091,180,PL18,CN1C=C(C=N1)C2=C3N=C(C(=C(N3N=C2)N)Br)C4CCCNC4,CVCL_X507,Cn1cc(-c2cnn3c(N)c(Br)c(C4CCCNC4)nc23)cn1
1012,Vorinostat,"HDAC inhibitor Class I, IIa, IIb, IV",0.6180406677792375,180,PL18,C1=CC=C(C=C1)NC(=O)CCCCCCC(=O)NO,CVCL_X507,O=C(CCCCCCC(=O)Nc1ccccc1)NO
1512,Cyclophosphamide,Alkylating agent,0.6704054895171283,180,PL18,C1CNP(=O)(OC1)N(CCCl)CCCl,CVCL_X507,O=P1(N(CCCl)CCCl)NCCCO1
1049,PD173074,"FGFR1, FGFR2, FGFR3",0.6738943944989124,180,PL18,CCN(CC)CCCCNC1=NC2=NC(=C(C=C2C=N1)C3=CC(=CC(=C3)OC)OC)NC(=O)NC(C)(C)C,CVCL_X507,CCN(CC)CCCCNc1ncc2cc(-c3cc(OC)cc(OC)c3)c(NC(=O)NC(C)(C)C)nc2n1
1046,Wee1 Inhibitor,"WEE1, CHEK1",0.6739728742914961,180,PL18,C1=CC=C(C(=C1)C2=CC3=C(C4=C(N3)C=CC(=C4)O)C5=C2C(=O)NC5=O)Cl,CVCL_X507,O=C1NC(=O)c2c1c(-c1ccccc1Cl)cc1[nH]c3ccc(O)cc3c21
1085,Sorafenib,"PDGFR, KIT, VEGFR, RAF",0.688577638751116,180,PL18,CNC(=O)C1=NC=CC(=C1)OC2=CC=C(C=C2)NC(=O)NC3=CC(=C(C=C3)Cl)C(F)(F)F,CVCL_X507,CNC(=O)c1cc(Oc2ccc(NC(=O)Nc3ccc(Cl)c(C(F)(F)F)c3)cc2)ccn1
1560,Alpelisib,PI3Kalpha,0.7100372527300826,180,PL18,CC1=C(SC(=N1)NC(=O)N2CCC[C@H]2C(=O)N)C3=CC(=NC=C3)C(C)(C)C(F)(F)F,CVCL_X507,Cc1nc(NC(=O)N2CCC[C@H]2C(N)=O)sc1-c1ccnc(C(C)(C)C(F)(F)F)c1
1614,WZ4003,"NUAK1, NUAK2",0.7171774282445439,180,PL18,CCC(=O)NC1=CC(=CC=C1)OC2=NC(=NC=C2Cl)NC3=C(C=C(C=C3)N4CCN(CC4)C)OC,CVCL_X507,CCC(=O)Nc1cccc(Oc2nc(Nc3ccc(N4CCN(C)CC4)cc3OC)ncc2Cl)c1
1578,Leflunomide,Pyrimidine synthesis inhibitor,0.722058982150365,180,PL18,CC1=C(C=NO1)C(=O)NC2=CC=C(C=C2)C(F)(F)F,CVCL_X507,Cc1oncc1C(=O)Nc1ccc(C(F)(F)F)cc1
1036,PLX-4720,BRAF,0.7413465747252368,180,PL18,CCCS(=O)(=O)NC1=C(C(=C(C=C1)F)C(=O)C2=CNC3=C2C=C(C=N3)Cl)F,CVCL_X507,CCCS(=O)(=O)Nc1ccc(F)c(C(=O)c2c[nH]c3ncc(Cl)cc23)c1F
1912,Afuresertib,"AKT1, AKT2, AKT3",0.7499980584330846,180,PL18,CN1C(=C(C=N1)Cl)C2=C(SC(=C2)C(=O)N[C@@H](CC3=CC(=CC=C3)F)CN)Cl,CVCL_X507,Cn1ncc(Cl)c1-c1cc(C(=O)N[C@H](CN)Cc2cccc(F)c2)sc1Cl
2043,BIBR-1532,TERT,0.7537959209778317,180,PL18,C/C(=C\C(=O)NC1=CC=CC=C1C(=O)O)/C2=CC3=CC=CC=C3C=C2,CVCL_X507,C/C(=C\C(=O)Nc1ccccc1C(=O)O)c1ccc2ccccc2c1
1561,Taselisib,PI3K (beta sparing),0.7656972135545995,180,PL18,CC1=NN(C(=N1)C2=CN3CCOC4=C(C3=N2)C=CC(=C4)C5=CN(N=C5)C(C)(C)C(=O)N)C(C)C,CVCL_X507,Cc1nc(-c2cn3c(n2)-c2ccc(-c4cnn(C(C)(C)C(N)=O)c4)cc2OCC3)n(C(C)C)n1
1819,Docetaxel,Microtubule stabiliser,0.7725637123017082,180,PL18,CC1=C2[C@H](C(=O)[C@@]3([C@H](C[C@@H]4[C@]([C@H]3[C@@H]([C@@](C2(C)C)(C[C@@H]1OC(=O)[C@@H]([C@H](C5=CC=CC=C5)NC(=O)OC(C)(C)C)O)O)OC(=O)C6=CC=CC=C6)(CO4)OC(=O)C)O)C)O,CVCL_X507,CC(=O)O[C@@]12CO[C@@H]1C[C@H](O)[C@@]1(C)C(=O)[C@H](O)C3=C(C)[C@@H](OC(=O)[C@H](O)[C@@H](NC(=O)OC(C)(C)C)c4ccccc4)C[C@@](O)([C@@H](OC(=O)c4ccccc4)[C@@H]12)C3(C)C
1576,IWP-2,PORCN,0.7966215452335869,180,PL18,CC1=CC2=C(C=C1)N=C(S2)NC(=O)CSC3=NC4=C(C(=O)N3C5=CC=CC=C5)SCC4,CVCL_X507,Cc1ccc2nc(NC(=O)CSc3nc4c(c(=O)n3-c3ccccc3)SCC4)sc2c1
1507,Ruxolitinib,"JAK1, JAK2",0.7968484769827812,180,PL18,C1CCC(C1)[C@@H](CC#N)N2C=C(C=N2)C3=C4C=CNC4=NC=N3,CVCL_X507,N#CC[C@H](C1CCCC1)n1cc(-c2ncnc3[nH]ccc23)cn1
1918,AZD8186,"PI3Kalpha, PI3Kbeta",0.7975056374762115,180,PL18,C[C@H](C1=CC(=CC2=C1OC(=CC2=O)N3CCOCC3)C(=O)N(C)C)NC4=CC(=CC(=C4)F)F,CVCL_X507,C[C@@H](Nc1cc(F)cc(F)c1)c1cc(C(=O)N(C)C)cc2c(=O)cc(N3CCOCC3)oc12
1007,Docetaxel,Microtubule stabiliser,0.806181013253235,180,PL18,CC1=C2[C@H](C(=O)[C@@]3([C@H](C[C@@H]4[C@]([C@H]3[C@@H]([C@@](C2(C)C)(C[C@@H]1OC(=O)[C@@H]([C@H](C5=CC=CC=C5)NC(=O)OC(C)(C)C)O)O)OC(=O)C6=CC=CC=C6)(CO4)OC(=O)C)O)C)O,CVCL_X507,CC(=O)O[C@@]12CO[C@@H]1C[C@H](O)[C@@]1(C)C(=O)[C@H](O)C3=C(C)[C@@H](OC(=O)[C@H](O)[C@@H](NC(=O)OC(C)(C)C)c4ccccc4)C[C@@](O)([C@@H](OC(=O)c4ccccc4)[C@@H]12)C3(C)C
1720,AZD5991,MCL1,0.8128412777078886,180,PL18,CC1=C2C(=NN1C)CSCC3=NN(C(=C3)CSC4=CC5=CC=CC=C5C(=C4)OCCCC6=C(N(C7=C6C=CC(=C27)Cl)C)C(=O)O)C,CVCL_X507,Cc1c2c(nn1C)CSCc1cc(n(C)n1)CSc1cc(c3ccccc3c1)OCCCc1c(C(=O)O)n(C)c3c-2c(Cl)ccc13
1022,AZD7762,"CHEK1, CHEK2",0.838660685777972,180,PL18,C1C[C@@H](CNC1)NC(=O)C2=C(C=C(S2)C3=CC(=CC=C3)F)NC(=O)N,CVCL_X507,NC(=O)Nc1cc(-c2cccc(F)c2)sc1C(=O)N[C@H]1CCCNC1
1058,Pictilisib,PI3K (class 1),0.8418046777096989,180,PL18,CS(=O)(=O)N1CCN(CC1)CC2=CC3=C(S2)C(=NC(=N3)C4=C5C=NNC5=CC=C4)N6CCOCC6,CVCL_X507,CS(=O)(=O)N1CCN(Cc2cc3nc(-c4cccc5[nH]ncc45)nc(N4CCOCC4)c3s2)CC1
2170,AT13148,AKT1,0.8543407930887981,180,PL18,C1=CC(=CC=C1C2=CNN=C2)[C@@](CN)(C3=CC=C(C=C3)Cl)O,CVCL_X507,NC[C@@](O)(c1ccc(Cl)cc1)c1ccc(-c2cn[nH]c2)cc1
1013,Nilotinib,ABL,0.8629539960468918,180,PL18,CC1=C(C=C(C=C1)C(=O)NC2=CC(=CC(=C2)C(F)(F)F)N3C=C(N=C3)C)NC4=NC=CC(=N4)C5=CN=CC=C5,CVCL_X507,Cc1cn(-c2cc(NC(=O)c3ccc(C)c(Nc4nccc(-c5cccnc5)n4)c3)cc(C(F)(F)F)c2)cn1
1179,MK-1775,"WEE1, PLK1",0.8862518559199916,180,PL18,CC(C)(C1=NC(=CC=C1)N2C3=NC(=NC=C3C(=O)N2CC=C)NC4=CC=C(C=C4)N5CCN(CC5)C)O,CVCL_X507,C=CCn1c(=O)c2cnc(Nc3ccc(N4CCN(C)CC4)cc3)nc2n1-c1cccc(C(C)(C)O)n1
1091,BMS-536924,"IGF1R, IR",0.8986217764387242,180,PL18,CC1=CC(=CC2=C1N=C(N2)C3=C(C=CNC3=O)NC[C@H](C4=CC(=CC=C4)Cl)O)N5CCOCC5,CVCL_X507,Cc1cc(N2CCOCC2)cc2[nH]c(-c3c(NC[C@@H](O)c4cccc(Cl)c4)cc[nH]c3=O)nc12
1249,BMS-345541,"IKK-1, IKK-2",0.9163194210631688,180,PL18,CC1=CC2=C(C=C1)N=C(C3=NC=C(N23)C)NCCN.Cl,CVCL_X507,Cc1ccc2nc(NCCN)c3ncc(C)n3c2c1
1557,LCL161,"XIAP, IAP1, IAP2",0.9234082190786896,180,PL18,C[C@@H](C(=O)N[C@@H](C1CCCCC1)C(=O)N2CCC[C@H]2C3=NC(=CS3)C(=O)C4=CC=C(C=C4)F)NC,CVCL_X507,CN[C@@H](C)C(=O)N[C@H](C(=O)N1CCC[C@H]1c1nc(C(=O)c2ccc(F)cc2)cs1)C1CCCCC1
1593,Entinostat,"HDAC1, HDAC3",0.9262450523815616,180,PL18,C1=CC=C(C(=C1)N)NC(=O)C2=CC=C(C=C2)CNC(=O)OCC3=CN=CC=C3,CVCL_X507,Nc1ccccc1NC(=O)c1ccc(CNC(=O)OCc2cccnc2)cc1
1786,AZD4547,"FGFR1, FGFR2, FGFR3",0.9381563228256872,180,PL18,C[C@@H]1CN(C[C@@H](N1)C)C2=CC=C(C=C2)C(=O)NC3=NNC(=C3)CCC4=CC(=CC(=C4)OC)OC,CVCL_X507,COc1cc(CCc2cc(NC(=O)c3ccc(N4C[C@H](C)N[C@H](C)C4)cc3)n[nH]2)cc(OC)c1
1250,AZ960,"JAK2, JAK3",0.9625677805127412,180,PL18,CC1=CC(=NN1)NC2=C(C=C(C(=N2)N[C@@H](C)C3=CC=C(C=C3)F)C#N)F,CVCL_X507,Cc1cc(Nc2nc(N[C@@H](C)c3ccc(F)cc3)c(C#N)cc2F)n[nH]1
1051,Alisertib,AURKA,0.9694627083750929,180,PL18,COC1=C(C(=CC=C1)F)C2=NCC3=CN=C(N=C3C4=C2C=C(C=C4)Cl)NC5=CC(=C(C=C5)C(=O)O)OC,CVCL_X507,COc1cc(Nc2ncc3c(n2)-c2ccc(Cl)cc2C(c2c(F)cccc2OC)=NC3)ccc1C(=O)O
1799,Ibrutinib,BTK,0.9696932665216204,180,PL18,C=CC(=O)N1CCC[C@H](C1)N2C3=NC=NC(=C3C(=N2)C4=CC=C(C=C4)OC5=CC=CC=C5)N,CVCL_X507,C=CC(=O)N1CCC[C@@H](n2nc(-c3ccc(Oc4ccccc4)cc3)c3c(N)ncnc32)C1
1510,Linsitinib,IGF1R,0.982548522334232,180,PL18,CC1(CC(C1)C2=NC(=C3N2C=CN=C3N)C4=CC5=C(C=C4)C=CC(=N5)C6=CC=CC=C6)O,CVCL_X507,CC1(O)CC(c2nc(-c3ccc4ccc(-c5ccccc5)nc4c3)c3c(N)nccn23)C1
1168,Erlotinib,EGFR,0.983294876019282,180,PL18,COCCOC1=C(C=C2C(=C1)C(=NC=N2)NC3=CC=CC(=C3)C#C)OCCOC,CVCL_X507,C#Cc1cccc(Nc2ncnc3cc(OCCOC)c(OCCOC)cc23)c1
1854,MN-64,"TNKS1, TNKS2",1.0097252912521846,180,PL18,CC(C)C1=CC=C(C=C1)C2=CC(=O)C3=CC=CC=C3O2,CVCL_X507,CC(C)c1ccc(-c2cc(=O)c3ccccc3o2)cc1
1177,Niraparib,"PARP1, PARP2",1.027543486255126,180,PL18,C1C[C@H](CNC1)C2=CC=C(C=C2)N3C=C4C=CC=C(C4=N3)C(=O)N,CVCL_X507,NC(=O)c1cccc2cn(-c3ccc([C@@H]4CCCNC4)cc3)nc12
1933,P22077,"USP7, USP47",1.033763409635538,180,PL18,CC(=O)C1=CC(=C(S1)SC2=C(C=C(C=C2)F)F)[N+](=O)[O-],CVCL_X507,CC(=O)c1cc([N+](=O)[O-])c(Sc2ccc(F)cc2F)s1
2048,Vinorelbine,Microtubule destabiliser,1.0871517574747462,180,PL18,CCC1=C[C@H]2C[C@@](C3=C(CN(C2)C1)C4=CC=CC=C4N3)(C5=C(C=C6C(=C5)[C@]78CCN9[C@H]7[C@@](C=CC9)([C@H]([C@@]([C@@H]8N6C)(C(=O)OC)O)OC(=O)C)CC)OC)C(=O)OC,CVCL_X507,CCC1=C[C@@H]2CN(C1)Cc1c([nH]c3ccccc13)[C@@](C(=O)OC)(c1cc3c(cc1OC)N(C)[C@H]1[C@@](O)(C(=O)OC)[C@H](OC(C)=O)[C@]4(CC)C=CCN5CC[C@]31[C@@H]54)C2
1924,Ipatasertib,"AKT1, AKT, AKT3",1.0928614391447595,180,PL18,C[C@@H]1C[C@H](C2=C1C(=NC=N2)N3CCN(CC3)C(=O)[C@H](CNC(C)C)C4=CC=C(C=C4)Cl)O,CVCL_X507,CC(C)NC[C@@H](C(=O)N1CCN(c2ncnc3c2[C@H](C)C[C@H]3O)CC1)c1ccc(Cl)cc1
1621,PCI-34051,"HDAC8, HDAC6, HDAC1",1.1131139086677344,180,PL18,COC1=CC=C(C=C1)CN2C=CC3=C2C=C(C=C3)C(=O)NO,CVCL_X507,COc1ccc(Cn2ccc3ccc(C(=O)NO)cc32)cc1
1553,Uprosertib,"AKT1, AKT2, AKT3",1.1638735954249693,180,PL18,CN1C(=C(C=N1)Cl)C2=C(OC(=C2)C(=O)N[C@@H](CC3=CC(=C(C=C3)F)F)CN)Cl,CVCL_X507,Cn1ncc(Cl)c1-c1cc(C(=O)N[C@H](CN)Cc2ccc(F)c(F)c2)oc1Cl
1239,YK-4-279,RNA helicase A,1.1985889205551217,180,PL18,COC1=CC=C(C=C1)C(=O)CC2(C3=C(C=CC(=C3NC2=O)Cl)Cl)O,CVCL_X507,COc1ccc(C(=O)CC2(O)C(=O)Nc3c(Cl)ccc(Cl)c32)cc1
1054,Palbociclib,"CDK4, CDK6",1.2297866975832528,180,PL18,CC1=C(C(=O)N(C2=NC(=NC=C12)NC3=NC=C(C=C3)N4CCNCC4)C5CCCC5)C(=O)C,CVCL_X507,CC(=O)c1c(C)c2cnc(Nc3ccc(N4CCNCC4)cn3)nc2n(C2CCCC2)c1=O
1084,Rapamycin,MTORC1,1.2484113792776397,180,PL18,CC1=NC(=C(N1)[N+](=O)[O-])N(CCN2CCOCC2)CC3=CC=CC=C3F,CVCL_X507,Cc1nc(N(CCN2CCOCC2)Cc2ccccc2F)c([N+](=O)[O-])[nH]1
1237,EPZ004777,DOT1L,1.2534798482905785,180,PL18,CC(C)N(CCCNC(=O)NC1=CC=C(C=C1)C(C)(C)C)C[C@@H]2[C@H]([C@H]([C@@H](O2)N3C=CC4=C(N=CN=C43)N)O)O,CVCL_X507,CC(C)N(CCCNC(=O)Nc1ccc(C(C)(C)C)cc1)C[C@H]1O[C@@H](n2ccc3c(N)ncnc32)[C@H](O)[C@@H]1O
2111,VE821,ATR,1.2644658048647732,180,PL18,CS(=O)(=O)C1=CC=C(C=C1)C2=CN=C(C(=N2)C(=O)NC3=CC=CC=C3)N,CVCL_X507,CS(=O)(=O)c1ccc(-c2cnc(N)c(C(=O)Nc3ccccc3)n2)cc1
1916,AZD5363,"AKT1, AKT2, AKT3, ROCK2",1.2674697463315474,180,PL18,C1CN(CCC1(C(=O)N[C@@H](CCO)C2=CC=C(C=C2)Cl)N)C3=NC=NC4=C3C=CN4,CVCL_X507,NC1(C(=O)N[C@@H](CCO)c2ccc(Cl)cc2)CCN(c2ncnc3[nH]ccc23)CC1
1613,VE-822,ATR,1.30632327815045,180,PL18,CC(C)S(=O)(=O)C1=CC=C(C=C1)C2=CN=C(C(=N2)C3=CC(=NO3)C4=CC=C(C=C4)CNC)N,CVCL_X507,CNCc1ccc(-c2cc(-c3nc(-c4ccc(S(=O)(=O)C(C)C)cc4)cnc3N)on2)cc1
1631,PRT062607,SYK,1.3195809209381002,180,PL18,C1CC[C@H]([C@H](C1)N)NC2=NC=C(C(=N2)NC3=CC(=CC=C3)N4N=CC=N4)C(=O)N,CVCL_X507,NC(=O)c1cnc(N[C@@H]2CCCC[C@@H]2N)nc1Nc1cccc(-n2nccn2)c1
1083,Crizotinib,"MET, ALK, ROS1",1.3276459941310392,180,PL18,C[C@H](C1=C(C=CC(=C1Cl)F)Cl)OC2=C(N=CC(=C2)C3=CN(N=C3)C4CCNCC4)N,CVCL_X507,C[C@@H](Oc1cc(-c2cnn(C3CCNCC3)c2)cnc1N)c1c(Cl)ccc(F)c1Cl
1053,MK-2206,"AKT1, AKT2",1.338566778335273,180,PL18,C1CC(C1)(C2=CC=C(C=C2)C3=C(C=C4C(=N3)C=CN5C4=NNC5=O)C6=CC=CC=C6)N.Cl.Cl,CVCL_X507,NC1(c2ccc(-c3nc4ccn5c(=O)[nH]nc5c4cc3-c3ccccc3)cc2)CCC1
1032,Afatinib,"ERBB2, EGFR",1.448386130389428,180,PL18,CN(C)C/C=C/C(=O)NC1=C(C=C2C(=C1)C(=NC=N2)NC3=CC(=C(C=C3)F)Cl)O[C@H]4CCOC4,CVCL_X507,CN(C)C/C=C/C(=O)Nc1cc2c(Nc3ccc(F)c(Cl)c3)ncnc2cc1O[C@H]1CCOC1
1919,Osimertinib,EGFR,1.6125944898829587,180,PL18,CN1C=C(C2=CC=CC=C21)C3=NC(=NC=C3)NC4=C(C=C(C(=C4)NC(=O)C=C)N(C)CCN(C)C)OC,CVCL_X507,C=CC(=O)Nc1cc(Nc2nccc(-c3cn(C)c4ccccc34)n2)c(OC)cc1N(C)CCN(C)C
1917,AZD6738,ATR,1.7248213874669307,180,PL18,C[C@@H]1COCCN1C2=NC(=NC(=C2)C3(CC3)[S@](=N)(=O)C)C4=C5C=CNC5=NC=C4,CVCL_X507,C[C@@H]1COCCN1c1cc(C2([S@](C)(=N)=O)CC2)nc(-c2ccnc3[nH]ccc23)n1
2106,Uprosertib,"AKT1, AKT2, AKT3",1.7485107622725118,180,PL18,CN1C(=C(C=N1)Cl)C2=C(OC(=C2)C(=O)N[C@@H](CC3=CC(=C(C=C3)F)F)CN)Cl,CVCL_X507,Cn1ncc(Cl)c1-c1cc(C(=O)N[C@H](CN)Cc2ccc(F)c(F)c2)oc1Cl
1558,Lapatinib,"EGFR, ERBB2",1.8121130710406048,180,PL18,CS(=O)(=O)CCNCC1=CC=C(O1)C2=CC3=C(C=C2)N=CN=C3NC4=CC(=C(C=C4)OCC5=CC(=CC=C5)F)Cl,CVCL_X507,CS(=O)(=O)CCNCc1ccc(-c2ccc3ncnc(Nc4ccc(OCc5cccc(F)c5)c(Cl)c4)c3c2)o1
2109,AZ6102,"TNKS1, TNKS2",1.8351771321130688,180,PL18,CCC1=CC2=C(C=C1OC(=O)C(C)(C)C)OC(=C(C2=O)OC3=CC=C(C=C3)I)C(F)(F)F,CVCL_X507,CCc1cc2c(=O)c(Oc3ccc(I)cc3)c(C(F)(F)F)oc2cc1OC(=O)C(C)(C)C
1932,NVP-ADW742,IGF1R,2.09199052374052,180,PL18,C1CCN(C1)CC2CC(C2)N3C=C(C4=C(N=CN=C43)N)C5=CC(=CC=C5)OCC6=CC=CC=C6,CVCL_X507,Nc1ncnc2c1c(-c1cccc(OCc3ccccc3)c1)cn2C1CC(CN2CCCC2)C1
1933,P22077,"USP7, USP47",-1.7741742597115602,180,PL4,CC(=O)C1=CC(=C(S1)SC2=C(C=C(C=C2)F)F)[N+](=O)[O-],CVCL_S976,CC(=O)c1cc([N+](=O)[O-])c(Sc2ccc(F)cc2F)s1
1940,WIKI4,"TNKS1, TNKS2",-1.7644989960159698,180,PL4,COC1=CC=C(C=C1)N2C(=NN=C2SCCCN3C(=O)C4=CC=CC5=C4C(=CC=C5)C3=O)C6=CC=NC=C6,CVCL_S976,COc1ccc(-n2c(SCCCN3C(=O)c4cccc5cccc(c45)C3=O)nnc2-c2ccncc2)cc1
1941,Sepantronium bromide,BIRC5,-1.1588460075123193,180,PL4,CC1=[N+](C2=C(N1CCOC)C(=O)C3=CC=CC=C3C2=O)CC4=NC=CN=C4.[Br-],CVCL_S976,COCCn1c2c([n+](Cc3cnccn3)c1C)C(=O)c1ccccc1C2=O
1613,VE-822,ATR,-1.1018163443531352,180,PL4,CC(C)S(=O)(=O)C1=CC=C(C=C1)C2=CN=C(C(=N2)C3=CC(=NO3)C4=CC=C(C=C4)CNC)N,CVCL_S976,CNCc1ccc(-c2cc(-c3nc(-c4ccc(S(=O)(=O)C(C)C)cc4)cnc3N)on2)cc1
1237,EPZ004777,DOT1L,-1.0907684820190051,180,PL4,CC(C)N(CCCNC(=O)NC1=CC=C(C=C1)C(C)(C)C)C[C@@H]2[C@H]([C@H]([C@@H](O2)N3C=CC4=C(N=CN=C43)N)O)O,CVCL_S976,CC(C)N(CCCNC(=O)Nc1ccc(C(C)(C)C)cc1)C[C@H]1O[C@@H](n2ccc3c(N)ncnc32)[C@H](O)[C@@H]1O
1057,Dactolisib,"PI3K (class 1), MTORC1, MTORC2",-1.0665055693001797,180,PL4,CC(C)(C#N)C1=CC=C(C=C1)N2C3=C4C=C(C=CC4=NC=C3N(C2=O)C)C5=CC6=CC=CC=C6N=C5,CVCL_S976,Cn1c(=O)n(-c2ccc(C(C)(C)C#N)cc2)c2c3cc(-c4cnc5ccccc5c4)ccc3ncc21
1908,Ulixertinib,"ERK1, ERK2",-0.9405544845312976,180,PL4,CC(C)NC1=NC=C(C(=C1)C2=CNC(=C2)C(=O)N[C@H](CO)C3=CC(=CC=C3)Cl)Cl,CVCL_S976,CC(C)Nc1cc(-c2c[nH]c(C(=O)N[C@H](CO)c3cccc(Cl)c3)c2)c(Cl)cn1
1997,WEHI-539,BCL-XL,-0.915437606526882,180,PL4,C1CC2=C(C=C(C=C2)C3=NC(=C(S3)CCCOC4=CC=C(C=C4)CN)C(=O)O)/C(=N/NC5=NC6=CC=CC=C6S5)/C1,CVCL_S976,NCc1ccc(OCCCc2sc(-c3ccc4c(c3)/C(=N/Nc3nc5ccccc5s3)CCC4)nc2C(=O)O)cc1
2109,AZ6102,"TNKS1, TNKS2",-0.906034073525247,180,PL4,CCC1=CC2=C(C=C1OC(=O)C(C)(C)C)OC(=C(C2=O)OC3=CC=C(C=C3)I)C(F)(F)F,CVCL_S976,CCc1cc2c(=O)c(Oc3ccc(I)cc3)c(C(F)(F)F)oc2cc1OC(=O)C(C)(C)C
1926,GNE-317,PI3Kalpha,-0.898200896326363,180,PL4,CC1=C(SC2=C1N=C(N=C2N3CCOCC3)C4=CN=C(N=C4)N)C5(COC5)OC,CVCL_S976,COC1(c2sc3c(N4CCOCC4)nc(-c4cnc(N)nc4)nc3c2C)COC1
1873,Buparlisib,"PI3Kalpha, PI3Kdelta, PI3Kbeta, PI3Kgamma",-0.8420862494078909,180,PL4,C1COCCN1C2=NC(=NC(=C2)C3=CN=C(C=C3C(F)(F)F)N)N4CCOCC4,CVCL_S976,Nc1cc(C(F)(F)F)c(-c2cc(N3CCOCC3)nc(N3CCOCC3)n2)cn1
1091,BMS-536924,"IGF1R, IR",-0.8391934929094621,180,PL4,CC1=CC(=CC2=C1N=C(N2)C3=C(C=CNC3=O)NC[C@H](C4=CC(=CC=C4)Cl)O)N5CCOCC5,CVCL_S976,Cc1cc(N2CCOCC2)cc2[nH]c(-c3c(NC[C@@H](O)c4cccc(Cl)c4)cc[nH]c3=O)nc12
1918,AZD8186,"PI3Kalpha, PI3Kbeta",-0.8211620262726324,180,PL4,C[C@H](C1=CC(=CC2=C1OC(=CC2=O)N3CCOCC3)C(=O)N(C)C)NC4=CC(=CC(=C4)F)F,CVCL_S976,C[C@@H](Nc1cc(F)cc(F)c1)c1cc(C(=O)N(C)C)cc2c(=O)cc(N3CCOCC3)oc12
1463,AZD1332,"NTRK1, NTRK2, NTRK3",-0.8036305311151645,180,PL4,CC(C)OC1=NNC(=C1)NC2=NC(=NC=C2Cl)NC(C)C3=NC=C(C=C3)F,CVCL_S976,CC(C)Oc1cc(Nc2nc(NC(C)c3ccc(F)cn3)ncc2Cl)[nH]n1
1917,AZD6738,ATR,-0.7733135528129078,180,PL4,C[C@@H]1COCCN1C2=NC(=NC(=C2)C3(CC3)[S@](=N)(=O)C)C4=C5C=CNC5=NC=C4,CVCL_S976,C[C@@H]1COCCN1c1cc(C2([S@](C)(=N)=O)CC2)nc(-c2ccnc3[nH]ccc23)n1
1627,GSK343,EZH2,-0.7405729822699448,180,PL4,CCCC1=C(C(=O)NC(=C1)C)CNC(=O)C2=C3C=NN(C3=CC(=C2)C4=CC(=NC=C4)N5CCN(CC5)C)C(C)C,CVCL_S976,CCCc1cc(C)[nH]c(=O)c1CNC(=O)c1cc(-c2ccnc(N3CCN(C)CC3)c2)cc2c1cnn2C(C)C
1564,SCH772984,"ERK1, ERK2",-0.691107514873909,180,PL4,C1CN(C[C@@H]1C(=O)NC2=CC3=C(C=C2)NN=C3C4=CC=NC=C4)CC(=O)N5CCN(CC5)C6=CC=C(C=C6)C7=NC=CC=N7,CVCL_S976,O=C(Nc1ccc2[nH]nc(-c3ccncc3)c2c1)[C@@H]1CCN(CC(=O)N2CCN(c3ccc(-c4ncccn4)cc3)CC2)C1
1806,Oxaliplatin,DNA alkylating agent,-0.6545990405814948,180,PL4,C1CC[C@H]([C@@H](C1)[NH-])[NH-].C(=O)(C(=O)O)O.[Pt+2],CVCL_S976,N[C@@H]1CCCC[C@H]1N
1079,Dasatinib,"ABL, SRC, Ephrins, PDGFR, KIT",-0.6207438363184726,180,PL4,CC1=C(C(=CC=C1)Cl)NC(=O)C2=CN=C(S2)NC3=CC(=NC(=N3)C)N4CCN(CC4)CCO,CVCL_S976,Cc1nc(Nc2ncc(C(=O)Nc3c(C)cccc3Cl)s2)cc(N2CCN(CCO)CC2)n1
1010,Gefitinib,EGFR,-0.5947676649325309,180,PL4,COC1=C(C=C2C(=C1)N=CN=C2NC3=CC(=C(C=C3)F)Cl)OCCCN4CCOCC4,CVCL_S976,COc1cc2ncnc(Nc3ccc(F)c(Cl)c3)c2cc1OCCCN1CCOCC1
1996,MIM1,MCL1,-0.540586554103024,180,PL4,CC(C)[C@H]1CSC(=N1)N2[C@H](CSC2=S)C(C)C,CVCL_S976,CC(C)[C@H]1CSC(N2C(=S)SC[C@@H]2C(C)C)=N1
2111,VE821,ATR,-0.5292594292614047,180,PL4,CS(=O)(=O)C1=CC=C(C=C1)C2=CN=C(C(=N2)C(=O)NC3=CC=CC=C3)N,CVCL_S976,CS(=O)(=O)c1ccc(-c2cnc(N)c(C(=O)Nc3ccccc3)n2)cc1
1930,Telomerase Inhibitor IX,Telomerase,-0.5281044709276902,180,PL4,C1=CC(=CC(=C1)NC(=O)C2=C(C(=CC=C2)O)O)NC(=O)C3=C(C(=CC=C3)O)O,CVCL_S976,O=C(Nc1cccc(NC(=O)c2cccc(O)c2O)c1)c1cccc(O)c1O
1936,Savolitinib,MET,-0.4987056955729487,180,PL4,C[C@@H](C1=CN2C=CN=C2C=C1)N3C4=NC(=CN=C4N=N3)C5=CN(N=C5)C,CVCL_S976,C[C@@H](c1ccc2nccn2c1)n1nnc2ncc(-c3cnn(C)c3)nc21
1200,Fulvestrant,ESR,-0.4897843670442093,180,PL4,C[C@]12CC[C@H]3[C@H]([C@@H]1CC[C@@H]2O)[C@@H](CC4=C3C=CC(=C4)O)CCCCCCCCCS(=O)CCCC(C(F)(F)F)(F)F,CVCL_S976,C[C@]12CC[C@@H]3c4ccc(O)cc4C[C@@H](CCCCCCCCC[S+]([O-])CCCC(F)(F)C(F)(F)F)[C@H]3[C@@H]1CC[C@@H]2O
1401,AZD5438,CDK2,-0.4873650374932697,180,PL4,CC1=NC=C(N1C(C)C)C2=NC(=NC=C2)NC3=CC=C(C=C3)S(=O)(=O)C,CVCL_S976,Cc1ncc(-c2ccnc(Nc3ccc(S(C)(=O)=O)cc3)n2)n1C(C)C
1576,IWP-2,PORCN,-0.4728256629677229,180,PL4,CC1=CC2=C(C=C1)N=C(S2)NC(=O)CSC3=NC4=C(C(=O)N3C5=CC=CC=C5)SCC4,CVCL_S976,Cc1ccc2nc(NC(=O)CSc3nc4c(c(=O)n3-c3ccccc3)SCC4)sc2c1
2043,BIBR-1532,TERT,-0.4540814055156224,180,PL4,C/C(=C\C(=O)NC1=CC=CC=C1C(=O)O)/C2=CC3=CC=CC=C3C=C2,CVCL_S976,C/C(=C\C(=O)Nc1ccccc1C(=O)O)c1ccc2ccccc2c1
1511,Epirubicin,Anthracycline,-0.4260944351971081,180,PL4,C[C@H]1[C@@H]([C@H](C[C@@H](O1)O[C@H]2C[C@@](CC3=C2C(=C4C(=C3O)C(=O)C5=C(C4=O)C(=CC=C5)OC)O)(C(=O)CO)O)N)O,CVCL_S976,COc1cccc2c1C(=O)c1c(O)c3c(c(O)c1C2=O)C[C@@](O)(C(=O)CO)C[C@@H]3O[C@H]1C[C@H](N)[C@@H](O)[C@H](C)O1
1089,Oxaliplatin,DNA alkylating agent,-0.3748915624849164,180,PL4,C1CC[C@H]([C@@H](C1)N)N.C(=O)(C(=O)O)O.[Pt],CVCL_S976,N[C@@H]1CCCC[C@H]1N
1372,Trametinib,"MEK1, MEK2",-0.3390133414983232,180,PL4,CC1=C2C(=C(N(C1=O)C)NC3=C(C=C(C=C3)I)F)C(=O)N(C(=O)N2C4=CC=CC(=C4)NC(=O)C)C5CC5,CVCL_S976,CC(=O)Nc1cccc(-n2c(=O)n(C3CC3)c(=O)c3c(Nc4ccc(I)cc4F)n(C)c(=O)c(C)c32)c1
1441,AZD2014,"mTORC1, mTORC2",-0.3308037197538308,180,PL4,C[C@H]1COCCN1C2=NC(=NC3=C2C=CC(=N3)C4=CC(=CC=C4)C(=O)NC)N5CCOC[C@@H]5C,CVCL_S976,CNC(=O)c1cccc(-c2ccc3c(N4CCOC[C@@H]4C)nc(N4CCOC[C@@H]4C)nc3n2)c1
1529,Pevonedistat,NAE,-0.3295033062238244,180,PL4,C1CC2=CC=CC=C2[C@H]1NC3=C4C=CN(C4=NC=N3)[C@@H]5C[C@H]([C@H](C5)O)COS(=O)(=O)N,CVCL_S976,NS(=O)(=O)OC[C@@H]1C[C@@H](n2ccc3c(N[C@H]4CCc5ccccc54)ncnc32)C[C@@H]1O
1060,PD0325901,"MEK1, MEK2",-0.3264220706208692,180,PL4,C1=CC(=C(C=C1I)F)NC2=C(C=CC(=C2F)F)C(=O)NOC[C@@H](CO)O,CVCL_S976,O=C(NOC[C@H](O)CO)c1ccc(F)c(F)c1Nc1ccc(I)cc1F
1925,GDC0810,"ESR1, ESR2",-0.3078513672963645,180,PL4,CC/C(=C(/C1=CC=C(C=C1)/C=C/C(=O)O)\C2=CC3=C(C=C2)NN=C3)/C4=C(C=C(C=C4)F)Cl,CVCL_S976,CC/C(=C(/c1ccc(/C=C/C(=O)O)cc1)c1ccc2[nH]ncc2c1)c1ccc(F)cc1Cl
1507,Ruxolitinib,"JAK1, JAK2",-0.3022355972565963,180,PL4,C1CCC(C1)[C@@H](CC#N)N2C=C(C=N2)C3=C4C=CNC4=NC=N3,CVCL_S976,N#CC[C@H](C1CCCC1)n1cc(-c2ncnc3[nH]ccc23)cn1
1011,Navitoclax,"BCL2, BCL-XL, BCL-W",-0.2940549093833356,180,PL4,CC1(CCC(=C(C1)CN2CCN(CC2)C3=CC=C(C=C3)C(=O)NS(=O)(=O)C4=CC(=C(C=C4)N[C@H](CCN5CCOCC5)CSC6=CC=CC=C6)S(=O)(=O)C(F)(F)F)C7=CC=C(C=C7)Cl)C,CVCL_S976,CC1(C)CCC(c2ccc(Cl)cc2)=C(CN2CCN(c3ccc(C(=O)NS(=O)(=O)c4ccc(N[C@H](CCN5CCOCC5)CSc5ccccc5)c(S(=O)(=O)C(F)(F)F)c4)cc3)CC2)C1
1736,Selumetinib,"MEK1, MEK2",-0.2809012748836422,180,PL4,CN1C=NC2=C1C=C(C(=C2F)NC3=C(C=C(C=C3)Br)Cl)C(=O)NOCCO,CVCL_S976,Cn1cnc2c(F)c(Nc3ccc(Br)cc3Cl)c(C(=O)NOCCO)cc21
1017,Olaparib,"PARP1, PARP2",-0.2795941392974401,180,PL4,C1CC1C(=O)N2CCN(CC2)C(=O)C3=C(C=CC(=C3)CC4=NNC(=O)C5=CC=CC=C54)F,CVCL_S976,O=C(c1cc(Cc2n[nH]c(=O)c3ccccc23)ccc1F)N1CCN(C(=O)C2CC2)CC1
1088,Irinotecan,TOP1,-0.248885632332661,180,PL4,CCC1=C2CN3C(=CC4=C(C3=O)COC(=O)[C@@]4(CC)O)C2=NC5=C1C=C(C=C5)OC(=O)N6CCC(CC6)N7CCCCC7,CVCL_S976,CCc1c2c(nc3ccc(OC(=O)N4CCC(N5CCCCC5)CC4)cc13)-c1cc3c(c(=O)n1C2)COC(=O)[C@]3(O)CC
1051,Alisertib,AURKA,-0.2430934663517188,180,PL4,COC1=C(C(=CC=C1)F)C2=NCC3=CN=C(N=C3C4=C2C=C(C=C4)Cl)NC5=CC(=C(C=C5)C(=O)O)OC,CVCL_S976,COc1cc(Nc2ncc3c(n2)-c2ccc(Cl)cc2C(c2c(F)cccc2OC)=NC3)ccc1C(=O)O
1003,Camptothecin,TOP1,-0.2404203925222137,180,PL4,CC[C@@]1(C2=C(COC1=O)C(=O)N3CC4=CC5=CC=CC=C5N=C4C3=C2)O,CVCL_S976,CC[C@@]1(O)C(=O)OCc2c1cc1n(c2=O)Cc2cc3ccccc3nc2-1
1786,AZD4547,"FGFR1, FGFR2, FGFR3",-0.235537512979801,180,PL4,C[C@@H]1CN(C[C@@H](N1)C)C2=CC=C(C=C2)C(=O)NC3=NNC(=C3)CCC4=CC(=CC(=C4)OC)OC,CVCL_S976,COc1cc(CCc2cc(NC(=O)c3ccc(N4C[C@H](C)N[C@H](C)C4)cc3)n[nH]2)cc(OC)c1
2045,AMG-319,PI3K (beta sparing),-0.2344353255329696,180,PL4,C[C@@H](C1=C(N=C2C=C(C=CC2=C1)F)C3=CC=CC=N3)NC4=NC=NC5=C4NC=N5,CVCL_S976,C[C@H](Nc1ncnc2nc[nH]c12)c1cc2ccc(F)cc2nc1-c1ccccn1
1006,Cytarabine,Antimetabolite,-0.2245704295733154,180,PL4,C1=CN(C(=O)N=C1N)[C@H]2[C@H]([C@@H]([C@H](O2)CO)O)O,CVCL_S976,Nc1ccn([C@@H]2O[C@H](CO)[C@@H](O)[C@@H]2O)c(=O)n1
1034,Staurosporine,Broad spectrum kinase inhibitor,-0.2220928767103621,180,PL4,C[C@@]12[C@@H]([C@@H](C[C@H](O1)N3C4=CC=CC=C4C5=C6C(=C7C8=CC=CC=C8N2C7=C53)CNC6=O)NC)OC,CVCL_S976,CN[C@@H]1C[C@@H]2O[C@@](C)([C@@H]1OC)n1c3ccccc3c3c4c(c5c6ccccc6n2c5c31)C(=O)NC4
1593,Entinostat,"HDAC1, HDAC3",-0.2000771595563342,180,PL4,C1=CC=C(C(=C1)N)NC(=O)C2=CC=C(C=C2)CNC(=O)OCC3=CN=CC=C3,CVCL_S976,Nc1ccccc1NC(=O)c1ccc(CNC(=O)OCc2cccnc2)cc1
1046,Wee1 Inhibitor,"WEE1, CHEK1",-0.1985181455419109,180,PL4,C1=CC=C(C(=C1)C2=CC3=C(C4=C(N3)C=CC(=C4)O)C5=C2C(=O)NC5=O)Cl,CVCL_S976,O=C1NC(=O)c2c1c(-c1ccccc1Cl)cc1[nH]c3ccc(O)cc3c21
1180,Dinaciclib,"CDK1, CDK2, CDK5, CDK9",-0.182857017423918,180,PL4,CCC1=C2N=C(C=C(N2N=C1)NCC3=C[N+](=CC=C3)[O-])N4CCCC[C@H]4CCO,CVCL_S976,CCc1cnn2c(NCc3ccc[n+]([O-])c3)cc(N3CCCC[C@H]3CCO)nc12
1910,ABT737,"BCL2, BCL-XL,  BCL-W, BCL-B, BFL1",-0.1790966085010267,180,PL4,CN(C)CC[C@H](CSC1=CC=CC=C1)NC2=C(C=C(C=C2)S(=O)(=O)NC(=O)C3=CC=C(C=C3)N4CCN(CC4)CC5=CC=CC=C5C6=CC=C(C=C6)Cl)[N+](=O)[O-],CVCL_S976,CN(C)CC[C@H](CSc1ccccc1)Nc1ccc(S(=O)(=O)NC(=O)c2ccc(N3CCN(Cc4ccccc4-c4ccc(Cl)cc4)CC3)cc2)cc1[N+](=O)[O-]
1561,Taselisib,PI3K (beta sparing),-0.1747962598351927,180,PL4,CC1=NN(C(=N1)C2=CN3CCOC4=C(C3=N2)C=CC(=C4)C5=CN(N=C5)C(C)(C)C(=O)N)C(C)C,CVCL_S976,Cc1nc(-c2cn3c(n2)-c2ccc(-c4cnn(C(C)(C)C(N)=O)c4)cc2OCC3)n(C(C)C)n1
1259,Talazoparib,"PARP1, PARP2",-0.1645348025473638,180,PL4,CC(C)/C=N/NC(=O)C1=CC=C(C=C1)NC(=O)C,CVCL_S976,CC(=O)Nc1ccc(C(=O)N/N=C/C(C)C)cc1
1924,Ipatasertib,"AKT1, AKT, AKT3",-0.1530257401128991,180,PL4,C[C@@H]1C[C@H](C2=C1C(=NC=N2)N3CCN(CC3)C(=O)[C@H](CNC(C)C)C4=CC=C(C=C4)Cl)O,CVCL_S976,CC(C)NC[C@@H](C(=O)N1CCN(c2ncnc3c2[C@H](C)C[C@H]3O)CC1)c1ccc(Cl)cc1
1083,Crizotinib,"MET, ALK, ROS1",-0.1227694608169435,180,PL4,C[C@H](C1=C(C=CC(=C1Cl)F)Cl)OC2=C(N=CC(=C2)C3=CN(N=C3)C4CCNCC4)N,CVCL_S976,C[C@@H](Oc1cc(-c2cnn(C3CCNCC3)c2)cnc1N)c1c(Cl)ccc(F)c1Cl
1560,Alpelisib,PI3Kalpha,-0.1209080998043862,180,PL4,CC1=C(SC(=N1)NC(=O)N2CCC[C@H]2C(=O)N)C3=CC(=NC=C3)C(C)(C)C(F)(F)F,CVCL_S976,Cc1nc(NC(=O)N2CCC[C@H]2C(N)=O)sc1-c1ccnc(C(C)(C)C(F)(F)F)c1
1239,YK-4-279,RNA helicase A,-0.1167274314196199,180,PL4,COC1=CC=C(C=C1)C(=O)CC2(C3=C(C=CC(=C3NC2=O)Cl)Cl)O,CVCL_S976,COc1ccc(C(=O)CC2(O)C(=O)Nc3c(Cl)ccc(Cl)c32)cc1
1620,PFI3,"Polybromo 1, SMARCA4, SMARCA2",-0.106845721352097,180,PL4,C1[C@@H]2CN([C@H]1CN2C3=CC=CC=N3)/C=C/C(=O)C4=CC=CC=C4O,CVCL_S976,O=C(/C=C/N1C[C@H]2C[C@@H]1CN2c1ccccn1)c1ccccc1O
1909,Venetoclax,BCL2,-0.1050890024544146,180,PL4,CC1(CCC(=C(C1)C2=CC=C(C=C2)Cl)CN3CCN(CC3)C4=CC(=C(C=C4)C(=O)NS(=O)(=O)C5=CC(=C(C=C5)NCC6CCOCC6)[N+](=O)[O-])OC7=CN=C8C(=C7)C=CN8)C,CVCL_S976,CC1(C)CCC(CN2CCN(c3ccc(C(=O)NS(=O)(=O)c4ccc(NCC5CCOCC5)c([N+](=O)[O-])c4)c(Oc4cnc5[nH]ccc5c4)c3)CC2)=C(c2ccc(Cl)cc2)C1
1557,LCL161,"XIAP, IAP1, IAP2",-0.0964149201473614,180,PL4,C[C@@H](C(=O)N[C@@H](C1CCCCC1)C(=O)N2CCC[C@H]2C3=NC(=CS3)C(=O)C4=CC=C(C=C4)F)NC,CVCL_S976,CN[C@@H](C)C(=O)N[C@H](C(=O)N1CCC[C@H]1c1nc(C(=O)c2ccc(F)cc2)cs1)C1CCCCC1
2096,VX-11e,ERK2,-0.070213205520227,180,PL4,CC1=CN=C(N=C1C2=CNC(=C2)C(=O)N[C@H](CO)C3=CC(=CC=C3)Cl)NC4=C(C=C(C=C4)F)Cl,CVCL_S976,Cc1cnc(Nc2ccc(F)cc2Cl)nc1-c1c[nH]c(C(=O)N[C@H](CO)c2cccc(Cl)c2)c1
1913,AGI-5198,IDH1 (R132H),-0.0695311236789986,180,PL4,CC1=CC=CC=C1C(C(=O)NC2CCCCC2)N(C3=CC(=CC=C3)F)C(=O)CN4C=CN=C4C,CVCL_S976,Cc1ccccc1C(C(=O)NC1CCCCC1)N(C(=O)Cn1ccnc1C)c1cccc(F)c1
1022,AZD7762,"CHEK1, CHEK2",-0.0638765988679397,180,PL4,C1C[C@@H](CNC1)NC(=O)C2=C(C=C(S2)C3=CC(=CC=C3)F)NC(=O)N,CVCL_S976,NC(=O)Nc1cc(-c2cccc(F)c2)sc1C(=O)N[C@H]1CCCNC1
2107,LJI308,"RSK2, RSK1, RSK3",-0.0512615206103646,180,PL4,C1COCCN1C2=CC=C(C=C2)C3=C(C=NC=C3)C4=CC(=C(C(=C4)F)O)F,CVCL_S976,Oc1c(F)cc(-c2cnccc2-c2ccc(N3CCOCC3)cc2)cc1F
1819,Docetaxel,Microtubule stabiliser,-0.0318982571439264,180,PL4,CC1=C2[C@H](C(=O)[C@@]3([C@H](C[C@@H]4[C@]([C@H]3[C@@H]([C@@](C2(C)C)(C[C@@H]1OC(=O)[C@@H]([C@H](C5=CC=CC=C5)NC(=O)OC(C)(C)C)O)O)OC(=O)C6=CC=CC=C6)(CO4)OC(=O)C)O)C)O,CVCL_S976,CC(=O)O[C@@]12CO[C@@H]1C[C@H](O)[C@@]1(C)C(=O)[C@H](O)C3=C(C)[C@@H](OC(=O)[C@H](O)[C@@H](NC(=O)OC(C)(C)C)c4ccccc4)C[C@@](O)([C@@H](OC(=O)c4ccccc4)[C@@H]12)C3(C)C
1249,BMS-345541,"IKK-1, IKK-2",-0.0268410680185852,180,PL4,CC1=CC2=C(C=C1)N=C(C3=NC=C(N23)C)NCCN.Cl,CVCL_S976,Cc1ccc2nc(NCCN)c3ncc(C)n3c2c1
1563,EPZ5676,DOT1L,-0.0179309092241211,180,PL4,CC(C)N(C[C@@H]1[C@H]([C@H]([C@@H](O1)N2C=NC3=C(N=CN=C32)N)O)O)C4CC(C4)CCC5=NC6=C(N5)C=C(C=C6)C(C)(C)C,CVCL_S976,CC(C)N(C[C@H]1O[C@@H](n2cnc3c(N)ncnc32)[C@H](O)[C@@H]1O)C1CC(CCc2nc3ccc(C(C)(C)C)cc3[nH]2)C1
1631,PRT062607,SYK,-0.0153746329563961,180,PL4,C1CC[C@H]([C@H](C1)N)NC2=NC=C(C(=N2)NC3=CC(=CC=C3)N4N=CC=N4)C(=O)N,CVCL_S976,NC(=O)c1cnc(N[C@@H]2CCCC[C@@H]2N)nc1Nc1cccc(-n2nccn2)c1
1549,Sapitinib,"EGFR, ERBB2, ERBB3",-0.0078961199128925,180,PL4,CNC(=O)CN1CCC(CC1)OC2=C(C=C3C(=C2)C(=NC=N3)NC4=C(C(=CC=C4)Cl)F)OC,CVCL_S976,CNC(=O)CN1CCC(Oc2cc3c(Nc4cccc(Cl)c4F)ncnc3cc2OC)CC1
1922,Cediranib,"VEGFR, FLT1, FLT2, FLT3, FLT4, KIT, PDGFRB",-0.0027076284676335,180,PL4,CC1=CC2=C(N1)C=CC(=C2F)OC3=NC=NC4=CC(=C(C=C43)OC)OCCCN5CCCC5,CVCL_S976,COc1cc2c(Oc3ccc4[nH]c(C)cc4c3F)ncnc2cc1OCCCN1CCCC1
2046,MK-8776,"CHEK1, CHEK2, CDK2",0.0540550753964823,180,PL4,CN1C=C(C=N1)C2=C3N=C(C(=C(N3N=C2)N)Br)C4CCCNC4,CVCL_S976,Cn1cc(-c2cnn3c(N)c(Br)c(C4CCCNC4)nc23)cn1
1630,Entospletinib,SYK,0.0647488401987948,180,PL4,C1COCCN1C2=CC=C(C=C2)NC3=NC(=CN4C3=NC=C4)C5=CC6=C(C=C5)C=NN6,CVCL_S976,c1cn2cc(-c3ccc4cn[nH]c4c3)nc(Nc3ccc(N4CCOCC4)cc3)c2n1
1849,Sabutoclax,"BCL2,  BCL-XL,  BFL1, MCL1",0.0701196574358592,180,PL4,CC1=CC2=C(C(=C(C=C2C(=C1C3=C(C4=CC(=C(C(=C4C=C3C)C(=O)NC[C@H](C)C5=CC=CC=C5)O)O)O)O)O)O)C(=O)NC[C@H](C)C6=CC=CC=C6,CVCL_S976,Cc1cc2c(C(=O)NC[C@H](C)c3ccccc3)c(O)c(O)cc2c(O)c1-c1c(C)cc2c(C(=O)NC[C@H](C)c3ccccc3)c(O)c(O)cc2c1O
1635,Picolinici-acid,Inflammatory related,0.0746054393283354,180,PL4,C1=CC=NC(=C1)C(=O)O,CVCL_S976,O=C(O)c1ccccn1
1058,Pictilisib,PI3K (class 1),0.0898293286371499,180,PL4,CS(=O)(=O)N1CCN(CC1)CC2=CC3=C(S2)C(=NC(=N3)C4=C5C=NNC5=CC=C4)N6CCOCC6,CVCL_S976,CS(=O)(=O)N1CCN(Cc2cc3nc(-c4cccc5[nH]ncc45)nc(N4CCOCC4)c3s2)CC1
1085,Sorafenib,"PDGFR, KIT, VEGFR, RAF",0.1070411337905408,180,PL4,CNC(=O)C1=NC=CC(=C1)OC2=CC=C(C=C2)NC(=O)NC3=CC(=C(C=C3)Cl)C(F)(F)F,CVCL_S976,CNC(=O)c1cc(Oc2ccc(NC(=O)Nc3ccc(Cl)c(C(F)(F)F)c3)cc2)ccn1
1013,Nilotinib,ABL,0.1070710915903358,180,PL4,CC1=C(C=C(C=C1)C(=O)NC2=CC(=CC(=C2)C(F)(F)F)N3C=C(N=C3)C)NC4=NC=CC(=N4)C5=CN=CC=C5,CVCL_S976,Cc1cn(-c2cc(NC(=O)c3ccc(C)c(Nc4nccc(-c5cccnc5)n4)c3)cc(C(F)(F)F)c2)cn1
1131,PRIMA-1MET,TP53 activation,0.1281023437214106,180,PL4,COCC1(C(=O)C2CCN1CC2)CO,CVCL_S976,COCC1(CO)C(=O)C2CCN1CC2
1862,MG-132,"Proteasome, CAPN1",0.1396384916080888,180,PL4,CC(C)C[C@@H](C=O)NC(=O)[C@H](CC(C)C)NC(=O)[C@H](CC(C)C)NC(=O)OCC1=CC=CC=C1,CVCL_S976,CC(C)C[C@@H](C=O)NC(=O)[C@H](CC(C)C)NC(=O)[C@H](CC(C)C)NC(=O)OCc1ccccc1
1190,Gemcitabine,Pyrimidine antimetabolite,0.1426785527658202,180,PL4,C1=CN(C(=O)N=C1N)[C@H]2C([C@@H]([C@H](O2)CO)O)(F)F,CVCL_S976,Nc1ccn([C@@H]2O[C@H](CO)[C@@H](O)C2(F)F)c(=O)n1
1199,Tamoxifen,ESR1,0.1472305549812606,180,PL4,CC/C(=C(\C1=CC=CC=C1)/C2=CC=C(C=C2)OCCN(C)C)/C3=CC=CC=C3,CVCL_S976,CC/C(=C(\c1ccccc1)c1ccc(OCCN(C)C)cc1)c1ccccc1
1852,LY2109761,TGFB1,0.1560535015922542,180,PL4,C1CC2=C(C(=NN2C1)C3=CC=CC=N3)C4=C5C=CC(=CC5=NC=C4)OCCN6CCOCC6,CVCL_S976,c1ccc(-c2nn3c(c2-c2ccnc4cc(OCCN5CCOCC5)ccc24)CCC3)nc1
1007,Docetaxel,Microtubule stabiliser,0.156633710673051,180,PL4,CC1=C2[C@H](C(=O)[C@@]3([C@H](C[C@@H]4[C@]([C@H]3[C@@H]([C@@](C2(C)C)(C[C@@H]1OC(=O)[C@@H]([C@H](C5=CC=CC=C5)NC(=O)OC(C)(C)C)O)O)OC(=O)C6=CC=CC=C6)(CO4)OC(=O)C)O)C)O,CVCL_S976,CC(=O)O[C@@]12CO[C@@H]1C[C@H](O)[C@@]1(C)C(=O)[C@H](O)C3=C(C)[C@@H](OC(=O)[C@H](O)[C@@H](NC(=O)OC(C)(C)C)c4ccccc4)C[C@@](O)([C@@H](OC(=O)c4ccccc4)[C@@H]12)C3(C)C
2044,Pyridostatin,G-quadruplex stabiliser,0.1753661812405244,180,PL4,C1=CC=C2C(=C1)C(=CC(=N2)NC(=O)C3=CC(=CC(=N3)C(=O)NC4=NC5=CC=CC=C5C(=C4)OCCN)OCCN)OCCN,CVCL_S976,NCCOc1cc(C(=O)Nc2cc(OCCN)c3ccccc3n2)nc(C(=O)Nc2cc(OCCN)c3ccccc3n2)c1
1179,MK-1775,"WEE1, PLK1",0.1789826482650125,180,PL4,CC(C)(C1=NC(=CC=C1)N2C3=NC(=NC=C3C(=O)N2CC=C)NC4=CC=C(C=C4)N5CCN(CC5)C)O,CVCL_S976,C=CCn1c(=O)c2cnc(Nc3ccc(N4CCN(C)CC4)cc3)nc2n1-c1cccc(C(C)(C)O)n1
1510,Linsitinib,IGF1R,0.186624812259966,180,PL4,CC1(CC(C1)C2=NC(=C3N2C=CN=C3N)C4=CC5=C(C=C4)C=CC(=N5)C6=CC=CC=C6)O,CVCL_S976,CC1(O)CC(c2nc(-c3ccc4ccc(-c5ccccc5)nc4c3)c3c(N)nccn23)C1
1268,XAV939,"TNKS1, TNKS2",0.1869595370964764,180,PL4,C1CSCC2=C1N=C(NC2=O)C3=CC=C(C=C3)C(F)(F)F,CVCL_S976,O=c1[nH]c(-c2ccc(C(F)(F)F)cc2)nc2c1CSCC2
2040,Foretinib,"MET, KDR, TIE2, VEGFR3/FLT4, RON, PDGFR, FGFR1, EGFR",0.2316693666595486,180,PL4,COC1=CC2=C(C=CN=C2C=C1OCCCN3CCOCC3)OC4=C(C=C(C=C4)NC(=O)C5(CC5)C(=O)NC6=CC=C(C=C6)F)F,CVCL_S976,COc1cc2c(Oc3ccc(NC(=O)C4(C(=O)Nc5ccc(F)cc5)CC4)cc3F)ccnc2cc1OCCCN1CCOCC1
1939,UMI-77,MCL1,0.2473627925637999,180,PL4,C1=CC=C2C(=C1)C(=CC(=C2O)SCC(=O)O)NS(=O)(=O)C3=CC=C(C=C3)Br,CVCL_S976,O=C(O)CSc1cc(NS(=O)(=O)c2ccc(Br)cc2)c2ccccc2c1O
1250,AZ960,"JAK2, JAK3",0.2670241381342305,180,PL4,CC1=CC(=NN1)NC2=C(C=C(C(=N2)N[C@@H](C)C3=CC=C(C=C3)F)C#N)F,CVCL_S976,Cc1cc(Nc2nc(N[C@@H](C)c3ccc(F)cc3)c(C#N)cc2F)n[nH]1
1559,Luminespib,HSP90,0.2672888976080743,180,PL4,CN1C2=CC=CC=C2C(C1=O)(CC(=O)C3=CC=C(C=C3)Cl)O,CVCL_S976,CN1C(=O)C(O)(CC(=O)c2ccc(Cl)cc2)c2ccccc21
1931,MIRA-1,TP53,0.3154727970036012,180,PL4,CCC(=O)OCN1C(=O)C=CC1=O,CVCL_S976,CCC(=O)OCN1C(=O)C=CC1=O
1625,RVX-208,BRD4,0.3198870069241626,180,PL4,C1=CC(=C(C=C1N=C=O)F)F,CVCL_S976,O=C=Nc1ccc(F)c(F)c1
1093,GSK1904529A,"IGF1R, IR",0.3201125473138664,180,PL4,CCC1=CC(=C(C=C1N2CCC(CC2)N3CCN(CC3)S(=O)(=O)C)OC)NC4=NC=CC(=N4)C5=C(N=C6N5C=CC=C6)C7=CC(=C(C=C7)OC)C(=O)NC8=C(C=CC=C8F)F,CVCL_S976,CCc1cc(Nc2nccc(-c3c(-c4ccc(OC)c(C(=O)Nc5c(F)cccc5F)c4)nc4ccccn34)n2)c(OC)cc1N1CCC(N2CCN(S(C)(=O)=O)CC2)CC1
1706,AZD5153,BRD4,0.3273355327723092,180,PL4,C[C@@H]1C(=O)N(CCN1CCOC2=CC=C(C=C2)C3CCN(CC3)C4=NN5C(=NN=C5OC)C=C4)C,CVCL_S976,COc1nnc2ccc(N3CCC(c4ccc(OCCN5CCN(C)C(=O)[C@H]5C)cc4)CC3)nn12
1004,Vinblastine,Microtubule destabiliser,0.339264784266912,180,PL4,CC[C@@]1(CC2C[C@@](C3=C(CCN(C2)C1)C4=CC=CC=C4N3)(C5=C(C=C6C(=C5)[C@]78CCN9[C@H]7[C@@](C=CC9)([C@H]([C@@]([C@@H]8N6C)(C(=O)OC)O)OC(=O)C)CC)OC)C(=O)OC)O,CVCL_S976,CC[C@]1(O)CC2CN(CCc3c([nH]c4ccccc34)[C@@](C(=O)OC)(c3cc4c(cc3OC)N(C)[C@H]3[C@@](O)(C(=O)OC)[C@H](OC(C)=O)[C@]5(CC)C=CCN6CC[C@]43[C@@H]65)C2)C1
1629,ML323,"USP1, UAF1",0.3413492245587851,180,PL4,CC1=CN=C(N=C1NCC2=CC=C(C=C2)N3C=CN=N3)C4=CC=CC=C4C(C)C,CVCL_S976,Cc1cnc(-c2ccccc2C(C)C)nc1NCc1ccc(-n2ccnn2)cc1
1626,OTX015,"BRD2, BRD3, BRD4",0.3540424097162104,180,PL4,CC1=C(SC2=C1C(=N[C@H](C3=NN=C(N32)C)CC(=O)NC4=CC=C(C=C4)O)C5=CC=C(C=C5)Cl)C,CVCL_S976,Cc1sc2c(c1C)C(c1ccc(Cl)cc1)=N[C@@H](CC(=O)Nc1ccc(O)cc1)c1nnc(C)n1-2
1073,5-Fluorouracil,Antimetabolite (DNA & RNA),0.357434274183502,180,PL4,C1=C(C(=O)NC(=O)N1)F,CVCL_S976,O=c1[nH]cc(F)c(=O)[nH]1
2048,Vinorelbine,Microtubule destabiliser,0.4060963337808234,180,PL4,CCC1=C[C@H]2C[C@@](C3=C(CN(C2)C1)C4=CC=CC=C4N3)(C5=C(C=C6C(=C5)[C@]78CCN9[C@H]7[C@@](C=CC9)([C@H]([C@@]([C@@H]8N6C)(C(=O)OC)O)OC(=O)C)CC)OC)C(=O)OC,CVCL_S976,CCC1=C[C@@H]2CN(C1)Cc1c([nH]c3ccccc13)[C@@](C(=O)OC)(c1cc3c(cc1OC)N(C)[C@H]1[C@@](O)(C(=O)OC)[C@H](OC(C)=O)[C@]4(CC)C=CCN5CC[C@]31[C@@H]54)C2
1928,I-BRD9,BRD9,0.41209730559932,180,PL4,CCN1C=C(C2=C(C1=O)C=C(S2)C(=NC3CCS(=O)(=O)CC3)N)C4=CC(=CC=C4)C(F)(F)F,CVCL_S976,CCn1cc(-c2cccc(C(F)(F)F)c2)c2sc(C(N)=NC3CCS(=O)(=O)CC3)cc2c1=O
1614,WZ4003,"NUAK1, NUAK2",0.4163422261606551,180,PL4,CCC(=O)NC1=CC(=CC=C1)OC2=NC(=NC=C2Cl)NC3=C(C=C(C=C3)N4CCN(CC4)C)OC,CVCL_S976,CCC(=O)Nc1cccc(Oc2nc(Nc3ccc(N4CCN(C)CC4)cc3OC)ncc2Cl)c1
1049,PD173074,"FGFR1, FGFR2, FGFR3",0.4313655198274782,180,PL4,CCN(CC)CCCCNC1=NC2=NC(=C(C=C2C=N1)C3=CC(=CC(=C3)OC)OC)NC(=O)NC(C)(C)C,CVCL_S976,CCN(CC)CCCCNc1ncc2cc(-c3cc(OC)cc(OC)c3)c(NC(=O)NC(C)(C)C)nc2n1
1012,Vorinostat,"HDAC inhibitor Class I, IIa, IIb, IV",0.4314503034488476,180,PL4,C1=CC=C(C=C1)NC(=O)CCCCCCC(=O)NO,CVCL_S976,O=C(CCCCCCC(=O)Nc1ccccc1)NO
1512,Cyclophosphamide,Alkylating agent,0.4374875276686778,180,PL4,C1CNP(=O)(OC1)N(CCCl)CCCl,CVCL_S976,O=P1(N(CCCl)CCCl)NCCCO1
1373,Dabrafenib,BRAF,0.443724759985788,180,PL4,CC(C)(C)C1=NC(=C(S1)C2=NC(=NC=C2)N)C3=C(C(=CC=C3)NS(=O)(=O)C4=C(C=CC=C4F)F)F,CVCL_S976,CC(C)(C)c1nc(-c2cccc(NS(=O)(=O)c3c(F)cccc3F)c2F)c(-c2ccnc(N)n2)s1
1578,Leflunomide,Pyrimidine synthesis inhibitor,0.4658681622099722,180,PL4,CC1=C(C=NO1)C(=O)NC2=CC=C(C=C2)C(F)(F)F,CVCL_S976,Cc1oncc1C(=O)Nc1ccc(C(F)(F)F)cc1
1618,GSK2606414,PERK,0.4798928891409693,180,PL4,CN1C=C(C2=C(N=CN=C21)N)C3=CC4=C(C=C3)N(CC4)C(=O)CC5=CC(=CC=C5)C(F)(F)F,CVCL_S976,Cn1cc(-c2ccc3c(c2)CCN3C(=O)Cc2cccc(C(F)(F)F)c2)c2c(N)ncnc21
1177,Niraparib,"PARP1, PARP2",0.4854600613995573,180,PL4,C1C[C@H](CNC1)C2=CC=C(C=C2)N3C=C4C=CC=C(C4=N3)C(=O)N,CVCL_S976,NC(=O)c1cccc2cn(-c3ccc([C@@H]4CCCNC4)cc3)nc12
1932,NVP-ADW742,IGF1R,0.4933327490649601,180,PL4,C1CCN(C1)CC2CC(C2)N3C=C(C4=C(N=CN=C43)N)C5=CC(=CC=C5)OCC6=CC=CC=C6,CVCL_S976,Nc1ncnc2c1c(-c1cccc(OCc3ccccc3)c1)cn2C1CC(CN2CCCC2)C1
1622,Wnt-C59,PORCN,0.5815651182621052,180,PL4,CC1=NC=CC(=C1)C2=CC=C(C=C2)CC(=O)NC3=CC=C(C=C3)C4=CN=CC=C4,CVCL_S976,Cc1cc(-c2ccc(CC(=O)Nc3ccc(-c4cccnc4)cc3)cc2)ccn1
1855,KRAS (G12C) Inhibitor-12,KRAS (G12C),0.5831103701862305,180,PL4,C=CC(=O)N1CCN(CC1)C(=O)CNC2=CC(=C(C=C2O)Cl)I,CVCL_S976,C=CC(=O)N1CCN(C(=O)CNc2cc(I)c(Cl)cc2O)CC1
1084,Rapamycin,MTORC1,0.5886209502104713,180,PL4,CC1=NC(=C(N1)[N+](=O)[O-])N(CCN2CCOCC2)CC3=CC=CC=C3F,CVCL_S976,Cc1nc(N(CCN2CCOCC2)Cc2ccccc2F)c([N+](=O)[O-])[nH]1
1375,Temozolomide,DNA alkylating agent,0.6124883492769216,180,PL4,CN1C(=O)N2C=NC(=C2N=N1)C(=O)N,CVCL_S976,Cn1nnc2c(C(N)=O)ncn2c1=O
1598,LGK974,PORCN,0.6253756496047048,180,PL4,CC1=CC(=CN=C1C2=CC(=NC=C2)C)CC(=O)NC3=NC=C(C=C3)C4=NC=CN=C4,CVCL_S976,Cc1cc(-c2ncc(CC(=O)Nc3ccc(-c4cnccn4)cn3)cc2C)ccn1
1912,Afuresertib,"AKT1, AKT2, AKT3",0.6281510199851359,180,PL4,CN1C(=C(C=N1)Cl)C2=C(SC(=C2)C(=O)N[C@@H](CC3=CC(=CC=C3)F)CN)Cl,CVCL_S976,Cn1ncc(Cl)c1-c1cc(C(=O)N[C@H](CN)Cc2cccc(F)c2)sc1Cl
1615,CZC24832,PI3Kgamma,0.6344807418672452,180,PL4,CC(C)(C)NS(=O)(=O)C1=CN=CC(=C1)C2=CN3C(=NC(=N3)N)C(=C2)F,CVCL_S976,CC(C)(C)NS(=O)(=O)c1cncc(-c2cc(F)c3nc(N)nn3c2)c1
1927,GSK2578215A,LRRK2,0.6423289163612678,180,PL4,C1=CC=C(C=C1)COC2=C(C=C(C=C2)C3=CC(=NC=C3)F)C(=O)NC4=CN=CC=C4,CVCL_S976,O=C(Nc1cccnc1)c1cc(-c2ccnc(F)c2)ccc1OCc1ccccc1
2047,Ulixertinib,"ERK1, ERK2",0.6452497863976421,180,PL4,CC(C)NC1=NC=C(C(=C1)C2=CNC(=C2)C(=O)N[C@H](CO)C3=CC(=CC=C3)Cl)Cl,CVCL_S976,CC(C)Nc1cc(-c2c[nH]c(C(=O)N[C@H](CO)c3cccc(Cl)c3)c2)c(Cl)cn1
1036,PLX-4720,BRAF,0.6670921328731627,180,PL4,CCCS(=O)(=O)NC1=C(C(=C(C=C1)F)C(=O)C2=CNC3=C2C=C(C=N3)Cl)F,CVCL_S976,CCCS(=O)(=O)Nc1ccc(F)c(C(=O)c2c[nH]c3ncc(Cl)cc23)c1F
1720,AZD5991,MCL1,0.6807596912412681,180,PL4,CC1=C2C(=NN1C)CSCC3=NN(C(=C3)CSC4=CC5=CC=CC=C5C(=C4)OCCCC6=C(N(C7=C6C=CC(=C27)Cl)C)C(=O)O)C,CVCL_S976,Cc1c2c(nn1C)CSCc1cc(n(C)n1)CSc1cc(c3ccccc3c1)OCCCc1c(C(=O)O)n(C)c3c-2c(Cl)ccc13
1915,AZD3759,EGFR,0.7080082811747695,180,PL4,C[C@@H]1CN(CCN1C(=O)OC2=C(C=C3C(=C2)C(=NC=N3)NC4=C(C(=CC=C4)Cl)F)OC)C,CVCL_S976,COc1cc2ncnc(Nc3cccc(Cl)c3F)c2cc1OC(=O)N1CCN(C)C[C@H]1C
1168,Erlotinib,EGFR,0.7095903087488937,180,PL4,COCCOC1=C(C=C2C(=C1)C(=NC=N2)NC3=CC=CC(=C3)C#C)OCCOC,CVCL_S976,C#Cc1cccc(Nc2ncnc3cc(OCCOC)c(OCCOC)cc23)c1
1621,PCI-34051,"HDAC8, HDAC6, HDAC1",0.7140807209266704,180,PL4,COC1=CC=C(C=C1)CN2C=CC3=C2C=C(C=C3)C(=O)NO,CVCL_S976,COc1ccc(Cn2ccc3ccc(C(=O)NO)cc32)cc1
1047,Nutlin-3a (-),MDM2,0.760108219299603,180,PL4,CC(C)OC1=C(C=CC(=C1)OC)C2=N[C@H]([C@H](N2C(=O)N3CCNC(=O)C3)C4=CC=C(C=C4)Cl)C5=CC=C(C=C5)Cl,CVCL_S976,COc1ccc(C2=N[C@@H](c3ccc(Cl)cc3)[C@@H](c3ccc(Cl)cc3)N2C(=O)N2CCNC(=O)C2)c(OC(C)C)c1
1919,Osimertinib,EGFR,0.7736035707205302,180,PL4,CN1C=C(C2=CC=CC=C21)C3=NC(=NC=C3)NC4=C(C=C(C(=C4)NC(=O)C=C)N(C)CCN(C)C)OC,CVCL_S976,C=CC(=O)Nc1cc(Nc2nccc(-c3cn(C)c4ccccc34)n2)c(OC)cc1N(C)CCN(C)C
1799,Ibrutinib,BTK,0.7815392942745134,180,PL4,C=CC(=O)N1CCC[C@H](C1)N2C3=NC=NC(=C3C(=N2)C4=CC=C(C=C4)OC5=CC=CC=C5)N,CVCL_S976,C=CC(=O)N1CCC[C@@H](n2nc(-c3ccc(Oc4ccccc4)cc3)c3c(N)ncnc32)C1
2170,AT13148,AKT1,0.8816660915489265,180,PL4,C1=CC(=CC=C1C2=CNN=C2)[C@@](CN)(C3=CC=C(C=C3)Cl)O,CVCL_S976,NC[C@@](O)(c1ccc(Cl)cc1)c1ccc(-c2cn[nH]c2)cc1
1068,Obatoclax Mesylate,"BCL2, BCL-XL, BCL-W, MCL1",0.9125080983325136,180,PL4,CC1=CC(=C(N1)/C=C\2/C(=C/C(=C/3\C=C4C=CC=CC4=N3)/N2)OC)C,CVCL_S976,COc1c/c(=C2\C=c3ccccc3=N2)[nH]/c1=C\c1[nH]c(C)cc1C
1032,Afatinib,"ERBB2, EGFR",0.9210800363672736,180,PL4,CN(C)C/C=C/C(=O)NC1=C(C=C2C(=C1)C(=NC=N2)NC3=CC(=C(C=C3)F)Cl)O[C@H]4CCOC4,CVCL_S976,CN(C)C/C=C/C(=O)Nc1cc2c(Nc3ccc(F)c(Cl)c3)ncnc2cc1O[C@H]1CCOC1
1624,I-BET-762,"BRD2, BRD3, BRD4",1.0166499763965071,180,PL4,CCNC(=O)C[C@H]1C2=NN=C(N2C3=C(C=C(C=C3)OC)C(=N1)C4=CC=C(C=C4)Cl)C,CVCL_S976,CCNC(=O)C[C@@H]1N=C(c2ccc(Cl)cc2)c2cc(OC)ccc2-n2c(C)nnc21
1916,AZD5363,"AKT1, AKT2, AKT3, ROCK2",1.0409612705542244,180,PL4,C1CN(CCC1(C(=O)N[C@@H](CCO)C2=CC=C(C=C2)Cl)N)C3=NC=NC4=C3C=CN4,CVCL_S976,NC1(C(=O)N[C@@H](CCO)c2ccc(Cl)cc2)CCN(c2ncnc3[nH]ccc23)CC1
1854,MN-64,"TNKS1, TNKS2",1.0874362760113294,180,PL4,CC(C)C1=CC=C(C=C1)C2=CC(=O)C3=CC=CC=C3O2,CVCL_S976,CC(C)c1ccc(-c2cc(=O)c3ccccc3o2)cc1
1558,Lapatinib,"EGFR, ERBB2",1.1128368625177534,180,PL4,CS(=O)(=O)CCNCC1=CC=C(O1)C2=CC3=C(C=C2)N=CN=C3NC4=CC(=C(C=C4)OCC5=CC(=CC=C5)F)Cl,CVCL_S976,CS(=O)(=O)CCNCc1ccc(-c2ccc3ncnc(Nc4ccc(OCc5cccc(F)c5)c(Cl)c4)c3c2)o1
1080,Paclitaxel,Microtubule stabiliser,1.131961216165689,180,PL4,CC1=C2[C@H](C(=O)[C@@]3([C@H](C[C@@H]4[C@]([C@H]3[C@@H]([C@@](C2(C)C)(C[C@@H]1OC(=O)[C@@H]([C@H](C5=CC=CC=C5)NC(=O)C6=CC=CC=C6)O)O)OC(=O)C7=CC=CC=C7)(CO4)OC(=O)C)O)C)OC(=O)C,CVCL_S976,CC(=O)O[C@H]1C(=O)[C@]2(C)[C@@H](O)C[C@H]3OC[C@@]3(OC(C)=O)[C@H]2[C@H](OC(=O)c2ccccc2)[C@]2(O)C[C@H](OC(=O)[C@H](O)[C@@H](NC(=O)c3ccccc3)c3ccccc3)C(C)=C1C2(C)C
2110,GSK591,PMRT5,1.1359379534903256,180,PL4,C1CC(C1)NC2=NC=CC(=C2)C(=O)NC[C@@H](CN3CCC4=CC=CC=C4C3)O,CVCL_S976,O=C(NC[C@H](O)CN1CCc2ccccc2C1)c1ccnc(NC2CCC2)c1
1054,Palbociclib,"CDK4, CDK6",1.1950219530553148,180,PL4,CC1=C(C(=O)N(C2=NC(=NC=C12)NC3=NC=C(C=C3)N4CCNCC4)C5CCCC5)C(=O)C,CVCL_S976,CC(=O)c1c(C)c2cnc(Nc3ccc(N4CCNCC4)cn3)nc2n(C2CCCC2)c1=O
1053,MK-2206,"AKT1, AKT2",1.2617434226103146,180,PL4,C1CC(C1)(C2=CC=C(C=C2)C3=C(C=C4C(=N3)C=CN5C4=NNC5=O)C6=CC=CC=C6)N.Cl.Cl,CVCL_S976,NC1(c2ccc(-c3nc4ccn5c(=O)[nH]nc5c4cc3-c3ccccc3)cc2)CCC1
1594,OSI-027,"MTORC1, MTORC2",1.3041640289449796,180,PL4,C[C@@]1\2CC[C@H](C1(C)C)C/C2=N\NC(=O)C3=CC=C(C=C3)S(=O)(=O)N4CCCCCC4,CVCL_S976,CC1(C)[C@H]2CC[C@@]1(C)/C(=N/NC(=O)c1ccc(S(=O)(=O)N3CCCCCC3)cc1)C2
1634,AGI-6780,IDH2 R140Q mutant,1.3598717075820606,180,PL4,C1CC1NS(=O)(=O)C2=CC(=C(C=C2)C3=CSC=C3)NC(=O)NC4=CC=CC(=C4)C(F)(F)F,CVCL_S976,O=C(Nc1cccc(C(F)(F)F)c1)Nc1cc(S(=O)(=O)NC2CC2)ccc1-c1ccsc1
1553,Uprosertib,"AKT1, AKT2, AKT3",1.5196218176673324,180,PL4,CN1C(=C(C=N1)Cl)C2=C(OC(=C2)C(=O)N[C@@H](CC3=CC(=C(C=C3)F)F)CN)Cl,CVCL_S976,Cn1ncc(Cl)c1-c1cc(C(=O)N[C@H](CN)Cc2ccc(F)c(F)c2)oc1Cl
1853,OF-1,"BRPF1B, BRPF2",1.5298711692617195,180,PL4,CC1=C(C=CC(=C1)Br)S(=O)(=O)NC2=CC3=C(C=C2OC)N(C(=O)N3C)C,CVCL_S976,COc1cc2c(cc1NS(=O)(=O)c1ccc(Br)cc1C)n(C)c(=O)n2C
2106,Uprosertib,"AKT1, AKT2, AKT3",1.6484206219980035,180,PL4,CN1C(=C(C=N1)Cl)C2=C(OC(=C2)C(=O)N[C@@H](CC3=CC(=C(C=C3)F)F)CN)Cl,CVCL_S976,Cn1ncc(Cl)c1-c1cc(C(=O)N[C@H](CN)Cc2ccc(F)c(F)c2)oc1Cl
1908,Ulixertinib,"ERK1, ERK2",-2.067066383662239,180,PSN1,CC(C)NC1=NC=C(C(=C1)C2=CNC(=C2)C(=O)N[C@H](CO)C3=CC(=CC=C3)Cl)Cl,CVCL_1644,CC(C)Nc1cc(-c2c[nH]c(C(=O)N[C@H](CO)c3cccc(Cl)c3)c2)c(Cl)cn1
2096,VX-11e,ERK2,-1.8197755153585145,180,PSN1,CC1=CN=C(N=C1C2=CNC(=C2)C(=O)N[C@H](CO)C3=CC(=CC=C3)Cl)NC4=C(C=C(C=C4)F)Cl,CVCL_1644,Cc1cnc(Nc2ccc(F)cc2Cl)nc1-c1c[nH]c(C(=O)N[C@H](CO)c2cccc(Cl)c2)c1
1073,5-Fluorouracil,Antimetabolite (DNA & RNA),-1.6492773135564285,180,PSN1,C1=C(C(=O)NC(=O)N1)F,CVCL_1644,O=c1[nH]cc(F)c(=O)[nH]1
1564,SCH772984,"ERK1, ERK2",-1.605050281537668,180,PSN1,C1CN(C[C@@H]1C(=O)NC2=CC3=C(C=C2)NN=C3C4=CC=NC=C4)CC(=O)N5CCN(CC5)C6=CC=C(C=C6)C7=NC=CC=N7,CVCL_1644,O=C(Nc1ccc2[nH]nc(-c3ccncc3)c2c1)[C@@H]1CCN(CC(=O)N2CCN(c3ccc(-c4ncccn4)cc3)CC2)C1
2047,Ulixertinib,"ERK1, ERK2",-1.4186442694984365,180,PSN1,CC(C)NC1=NC=C(C(=C1)C2=CNC(=C2)C(=O)N[C@H](CO)C3=CC(=CC=C3)Cl)Cl,CVCL_1644,CC(C)Nc1cc(-c2c[nH]c(C(=O)N[C@H](CO)c3cccc(Cl)c3)c2)c(Cl)cn1
1913,AGI-5198,IDH1 (R132H),-1.3624443051156017,180,PSN1,CC1=CC=CC=C1C(C(=O)NC2CCCCC2)N(C3=CC(=CC=C3)F)C(=O)CN4C=CN=C4C,CVCL_1644,Cc1ccccc1C(C(=O)NC1CCCCC1)N(C(=O)Cn1ccnc1C)c1cccc(F)c1
1736,Selumetinib,"MEK1, MEK2",-1.3261116865148823,180,PSN1,CN1C=NC2=C1C=C(C(=C2F)NC3=C(C=C(C=C3)Br)Cl)C(=O)NOCCO,CVCL_1644,Cn1cnc2c(F)c(Nc3ccc(Br)cc3Cl)c(C(=O)NOCCO)cc21
1372,Trametinib,"MEK1, MEK2",-1.2260181394140175,180,PSN1,CC1=C2C(=C(N(C1=O)C)NC3=C(C=C(C=C3)I)F)C(=O)N(C(=O)N2C4=CC=CC(=C4)NC(=O)C)C5CC5,CVCL_1644,CC(=O)Nc1cccc(-n2c(=O)n(C3CC3)c(=O)c3c(Nc4ccc(I)cc4F)n(C)c(=O)c(C)c32)c1
1060,PD0325901,"MEK1, MEK2",-1.0237244197320372,180,PSN1,C1=CC(=C(C=C1I)F)NC2=C(C=CC(=C2F)F)C(=O)NOC[C@@H](CO)O,CVCL_1644,O=C(NOC[C@H](O)CO)c1ccc(F)c(F)c1Nc1ccc(I)cc1F
1190,Gemcitabine,Pyrimidine antimetabolite,-0.9927953063859916,180,PSN1,C1=CN(C(=O)N=C1N)[C@H]2C([C@@H]([C@H](O2)CO)O)(F)F,CVCL_1644,Nc1ccn([C@@H]2O[C@H](CO)[C@@H](O)C2(F)F)c(=O)n1
1373,Dabrafenib,BRAF,-0.9203540794029575,180,PSN1,CC(C)(C)C1=NC(=C(S1)C2=NC(=NC=C2)N)C3=C(C(=CC=C3)NS(=O)(=O)C4=C(C=CC=C4F)F)F,CVCL_1644,CC(C)(C)c1nc(-c2cccc(NS(=O)(=O)c3c(F)cccc3F)c2F)c(-c2ccnc(N)n2)s1
1930,Telomerase Inhibitor IX,Telomerase,-0.8940957280010915,180,PSN1,C1=CC(=CC(=C1)NC(=O)C2=C(C(=CC=C2)O)O)NC(=O)C3=C(C(=CC=C3)O)O,CVCL_1644,O=C(Nc1cccc(NC(=O)c2cccc(O)c2O)c1)c1cccc(O)c1O
2110,GSK591,PMRT5,-0.885872629605704,180,PSN1,C1CC(C1)NC2=NC=CC(=C2)C(=O)NC[C@@H](CN3CCC4=CC=CC=C4C3)O,CVCL_1644,O=C(NC[C@H](O)CN1CCc2ccccc2C1)c1ccnc(NC2CCC2)c1
1511,Epirubicin,Anthracycline,-0.866184655939644,180,PSN1,C[C@H]1[C@@H]([C@H](C[C@@H](O1)O[C@H]2C[C@@](CC3=C2C(=C4C(=C3O)C(=O)C5=C(C4=O)C(=CC=C5)OC)O)(C(=O)CO)O)N)O,CVCL_1644,COc1cccc2c1C(=O)c1c(O)c3c(c(O)c1C2=O)C[C@@](O)(C(=O)CO)C[C@@H]3O[C@H]1C[C@H](N)[C@@H](O)[C@H](C)O1
1249,BMS-345541,"IKK-1, IKK-2",-0.8459999107802642,180,PSN1,CC1=CC2=C(C=C1)N=C(C3=NC=C(N23)C)NCCN.Cl,CVCL_1644,Cc1ccc2nc(NCCN)c3ncc(C)n3c2c1
1996,MIM1,MCL1,-0.7860731563918569,180,PSN1,CC(C)[C@H]1CSC(=N1)N2[C@H](CSC2=S)C(C)C,CVCL_1644,CC(C)[C@H]1CSC(N2C(=S)SC[C@@H]2C(C)C)=N1
1006,Cytarabine,Antimetabolite,-0.7614448486509958,180,PSN1,C1=CN(C(=O)N=C1N)[C@H]2[C@H]([C@@H]([C@H](O2)CO)O)O,CVCL_1644,Nc1ccn([C@@H]2O[C@H](CO)[C@@H](O)[C@@H]2O)c(=O)n1
1939,UMI-77,MCL1,-0.7570149223540323,180,PSN1,C1=CC=C2C(=C1)C(=CC(=C2O)SCC(=O)O)NS(=O)(=O)C3=CC=C(C=C3)Br,CVCL_1644,O=C(O)CSc1cc(NS(=O)(=O)c2ccc(Br)cc2)c2ccccc2c1O
1925,GDC0810,"ESR1, ESR2",-0.7549272495427245,180,PSN1,CC/C(=C(/C1=CC=C(C=C1)/C=C/C(=O)O)\C2=CC3=C(C=C2)NN=C3)/C4=C(C=C(C=C4)F)Cl,CVCL_1644,CC/C(=C(/c1ccc(/C=C/C(=O)O)cc1)c1ccc2[nH]ncc2c1)c1ccc(F)cc1Cl
1941,Sepantronium bromide,BIRC5,-0.7473483056013996,180,PSN1,CC1=[N+](C2=C(N1CCOC)C(=O)C3=CC=CC=C3C2=O)CC4=NC=CN=C4.[Br-],CVCL_1644,COCCn1c2c([n+](Cc3cnccn3)c1C)C(=O)c1ccccc1C2=O
1862,MG-132,"Proteasome, CAPN1",-0.7436232820191809,180,PSN1,CC(C)C[C@@H](C=O)NC(=O)[C@H](CC(C)C)NC(=O)[C@H](CC(C)C)NC(=O)OCC1=CC=CC=C1,CVCL_1644,CC(C)C[C@@H](C=O)NC(=O)[C@H](CC(C)C)NC(=O)[C@H](CC(C)C)NC(=O)OCc1ccccc1
1131,PRIMA-1MET,TP53 activation,-0.7021742395440153,180,PSN1,COCC1(C(=O)C2CCN1CC2)CO,CVCL_1644,COCC1(CO)C(=O)C2CCN1CC2
1079,Dasatinib,"ABL, SRC, Ephrins, PDGFR, KIT",-0.6262461566735734,180,PSN1,CC1=C(C(=CC=C1)Cl)NC(=O)C2=CN=C(S2)NC3=CC(=NC(=N3)C)N4CCN(CC4)CCO,CVCL_1644,Cc1nc(Nc2ncc(C(=O)Nc3c(C)cccc3Cl)s2)cc(N2CCN(CCO)CC2)n1
1855,KRAS (G12C) Inhibitor-12,KRAS (G12C),-0.614404914461884,180,PSN1,C=CC(=O)N1CCN(CC1)C(=O)CNC2=CC(=C(C=C2O)Cl)I,CVCL_1644,C=CC(=O)N1CCN(C(=O)CNc2cc(I)c(Cl)cc2O)CC1
1854,MN-64,"TNKS1, TNKS2",-0.5816921265992712,180,PSN1,CC(C)C1=CC=C(C=C1)C2=CC(=O)C3=CC=CC=C3O2,CVCL_1644,CC(C)c1ccc(-c2cc(=O)c3ccccc3o2)cc1
1512,Cyclophosphamide,Alkylating agent,-0.550622755138892,180,PSN1,C1CNP(=O)(OC1)N(CCCl)CCCl,CVCL_1644,O=P1(N(CCCl)CCCl)NCCCO1
1463,AZD1332,"NTRK1, NTRK2, NTRK3",-0.5486912787209653,180,PSN1,CC(C)OC1=NNC(=C1)NC2=NC(=NC=C2Cl)NC(C)C3=NC=C(C=C3)F,CVCL_1644,CC(C)Oc1cc(Nc2nc(NC(C)c3ccc(F)cn3)ncc2Cl)[nH]n1
1401,AZD5438,CDK2,-0.5411827248097211,180,PSN1,CC1=NC=C(N1C(C)C)C2=NC(=NC=C2)NC3=CC=C(C=C3)S(=O)(=O)C,CVCL_1644,Cc1ncc(-c2ccnc(Nc3ccc(S(C)(=O)=O)cc3)n2)n1C(C)C
1927,GSK2578215A,LRRK2,-0.5050912300919518,180,PSN1,C1=CC=C(C=C1)COC2=C(C=C(C=C2)C3=CC(=NC=C3)F)C(=O)NC4=CN=CC=C4,CVCL_1644,O=C(Nc1cccnc1)c1cc(-c2ccnc(F)c2)ccc1OCc1ccccc1
1559,Luminespib,HSP90,-0.5019784255708012,180,PSN1,CN1C2=CC=CC=C2C(C1=O)(CC(=O)C3=CC=C(C=C3)Cl)O,CVCL_1644,CN1C(=O)C(O)(CC(=O)c2ccc(Cl)cc2)c2ccccc21
1003,Camptothecin,TOP1,-0.4975421471692603,180,PSN1,CC[C@@]1(C2=C(COC1=O)C(=O)N3CC4=CC5=CC=CC=C5N=C4C3=C2)O,CVCL_1644,CC[C@@]1(O)C(=O)OCc2c1cc1n(c2=O)Cc2cc3ccccc3nc2-1
1259,Talazoparib,"PARP1, PARP2",-0.4729065991916109,180,PSN1,CC(C)/C=N/NC(=O)C1=CC=C(C=C1)NC(=O)C,CVCL_1644,CC(=O)Nc1ccc(C(=O)N/N=C/C(C)C)cc1
1615,CZC24832,PI3Kgamma,-0.4575942284039553,180,PSN1,CC(C)(C)NS(=O)(=O)C1=CN=CC(=C1)C2=CN3C(=NC(=N3)N)C(=C2)F,CVCL_1644,CC(C)(C)NS(=O)(=O)c1cncc(-c2cc(F)c3nc(N)nn3c2)c1
1853,OF-1,"BRPF1B, BRPF2",-0.4146008950814527,180,PSN1,CC1=C(C=CC(=C1)Br)S(=O)(=O)NC2=CC3=C(C=C2OC)N(C(=O)N3C)C,CVCL_1644,COc1cc2c(cc1NS(=O)(=O)c1ccc(Br)cc1C)n(C)c(=O)n2C
1375,Temozolomide,DNA alkylating agent,-0.3984852668880427,180,PSN1,CN1C(=O)N2C=NC(=C2N=N1)C(=O)N,CVCL_1644,Cn1nnc2c(C(N)=O)ncn2c1=O
1940,WIKI4,"TNKS1, TNKS2",-0.3931600073890409,180,PSN1,COC1=CC=C(C=C1)N2C(=NN=C2SCCCN3C(=O)C4=CC=CC5=C4C(=CC=C5)C3=O)C6=CC=NC=C6,CVCL_1644,COc1ccc(-n2c(SCCCN3C(=O)c4cccc5cccc(c45)C3=O)nnc2-c2ccncc2)cc1
1510,Linsitinib,IGF1R,-0.3897933104708674,180,PSN1,CC1(CC(C1)C2=NC(=C3N2C=CN=C3N)C4=CC5=C(C=C4)C=CC(=N5)C6=CC=CC=C6)O,CVCL_1644,CC1(O)CC(c2nc(-c3ccc4ccc(-c5ccccc5)nc4c3)c3c(N)nccn23)C1
1004,Vinblastine,Microtubule destabiliser,-0.3588605008032352,180,PSN1,CC[C@@]1(CC2C[C@@](C3=C(CCN(C2)C1)C4=CC=CC=C4N3)(C5=C(C=C6C(=C5)[C@]78CCN9[C@H]7[C@@](C=CC9)([C@H]([C@@]([C@@H]8N6C)(C(=O)OC)O)OC(=O)C)CC)OC)C(=O)OC)O,CVCL_1644,CC[C@]1(O)CC2CN(CCc3c([nH]c4ccccc34)[C@@](C(=O)OC)(c3cc4c(cc3OC)N(C)[C@H]3[C@@](O)(C(=O)OC)[C@H](OC(C)=O)[C@]5(CC)C=CCN6CC[C@]43[C@@H]65)C2)C1
1928,I-BRD9,BRD9,-0.3476641517026024,180,PSN1,CCN1C=C(C2=C(C1=O)C=C(S2)C(=NC3CCS(=O)(=O)CC3)N)C4=CC(=CC=C4)C(F)(F)F,CVCL_1644,CCn1cc(-c2cccc(C(F)(F)F)c2)c2sc(C(N)=NC3CCS(=O)(=O)CC3)cc2c1=O
1089,Oxaliplatin,DNA alkylating agent,-0.330024909905349,180,PSN1,C1CC[C@H]([C@@H](C1)N)N.C(=O)(C(=O)O)O.[Pt],CVCL_1644,N[C@@H]1CCCC[C@H]1N
1088,Irinotecan,TOP1,-0.3300002489688791,180,PSN1,CCC1=C2CN3C(=CC4=C(C3=O)COC(=O)[C@@]4(CC)O)C2=NC5=C1C=C(C=C5)OC(=O)N6CCC(CC6)N7CCCCC7,CVCL_1644,CCc1c2c(nc3ccc(OC(=O)N4CCC(N5CCCCC5)CC4)cc13)-c1cc3c(c(=O)n1C2)COC(=O)[C@]3(O)CC
1237,EPZ004777,DOT1L,-0.3294571877429294,180,PSN1,CC(C)N(CCCNC(=O)NC1=CC=C(C=C1)C(C)(C)C)C[C@@H]2[C@H]([C@H]([C@@H](O2)N3C=CC4=C(N=CN=C43)N)O)O,CVCL_1644,CC(C)N(CCCNC(=O)Nc1ccc(C(C)(C)C)cc1)C[C@H]1O[C@@H](n2ccc3c(N)ncnc32)[C@H](O)[C@@H]1O
1997,WEHI-539,BCL-XL,-0.3276636023715939,180,PSN1,C1CC2=C(C=C(C=C2)C3=NC(=C(S3)CCCOC4=CC=C(C=C4)CN)C(=O)O)/C(=N/NC5=NC6=CC=CC=C6S5)/C1,CVCL_1644,NCc1ccc(OCCCc2sc(-c3ccc4c(c3)/C(=N/Nc3nc5ccccc5s3)CCC4)nc2C(=O)O)cc1
1017,Olaparib,"PARP1, PARP2",-0.3188403503312306,180,PSN1,C1CC1C(=O)N2CCN(CC2)C(=O)C3=C(C=CC(=C3)CC4=NNC(=O)C5=CC=CC=C54)F,CVCL_1644,O=C(c1cc(Cc2n[nH]c(=O)c3ccccc23)ccc1F)N1CCN(C(=O)C2CC2)CC1
1239,YK-4-279,RNA helicase A,-0.311402268827113,180,PSN1,COC1=CC=C(C=C1)C(=O)CC2(C3=C(C=CC(=C3NC2=O)Cl)Cl)O,CVCL_1644,COc1ccc(C(=O)CC2(O)C(=O)Nc3c(Cl)ccc(Cl)c32)cc1
1054,Palbociclib,"CDK4, CDK6",-0.2841838640543216,180,PSN1,CC1=C(C(=O)N(C2=NC(=NC=C12)NC3=NC=C(C=C3)N4CCNCC4)C5CCCC5)C(=O)C,CVCL_1644,CC(=O)c1c(C)c2cnc(Nc3ccc(N4CCNCC4)cn3)nc2n(C2CCCC2)c1=O
2048,Vinorelbine,Microtubule destabiliser,-0.2783569917416337,180,PSN1,CCC1=C[C@H]2C[C@@](C3=C(CN(C2)C1)C4=CC=CC=C4N3)(C5=C(C=C6C(=C5)[C@]78CCN9[C@H]7[C@@](C=CC9)([C@H]([C@@]([C@@H]8N6C)(C(=O)OC)O)OC(=O)C)CC)OC)C(=O)OC,CVCL_1644,CCC1=C[C@@H]2CN(C1)Cc1c([nH]c3ccccc13)[C@@](C(=O)OC)(c1cc3c(cc1OC)N(C)[C@H]1[C@@](O)(C(=O)OC)[C@H](OC(C)=O)[C@]4(CC)C=CCN5CC[C@]31[C@@H]54)C2
1614,WZ4003,"NUAK1, NUAK2",-0.2593955675611798,180,PSN1,CCC(=O)NC1=CC(=CC=C1)OC2=NC(=NC=C2Cl)NC3=C(C=C(C=C3)N4CCN(CC4)C)OC,CVCL_1644,CCC(=O)Nc1cccc(Oc2nc(Nc3ccc(N4CCN(C)CC4)cc3OC)ncc2Cl)c1
1806,Oxaliplatin,DNA alkylating agent,-0.2581207597215469,180,PSN1,C1CC[C@H]([C@@H](C1)[NH-])[NH-].C(=O)(C(=O)O)O.[Pt+2],CVCL_1644,N[C@@H]1CCCC[C@H]1N
1248,Daporinad,NAMPT,-0.2389419886981334,180,PSN1,C1CN(CCC1CCCCNC(=O)/C=C/C2=CN=CC=C2)C(=O)C3=CC=CC=C3,CVCL_1644,O=C(/C=C/c1cccnc1)NCCCCC1CCN(C(=O)c2ccccc2)CC1
1091,BMS-536924,"IGF1R, IR",-0.2161193474148118,180,PSN1,CC1=CC(=CC2=C1N=C(N2)C3=C(C=CNC3=O)NC[C@H](C4=CC(=CC=C4)Cl)O)N5CCOCC5,CVCL_1644,Cc1cc(N2CCOCC2)cc2[nH]c(-c3c(NC[C@@H](O)c4cccc(Cl)c4)cc[nH]c3=O)nc12
1034,Staurosporine,Broad spectrum kinase inhibitor,-0.1655350083039007,180,PSN1,C[C@@]12[C@@H]([C@@H](C[C@H](O1)N3C4=CC=CC=C4C5=C6C(=C7C8=CC=CC=C8N2C7=C53)CNC6=O)NC)OC,CVCL_1644,CN[C@@H]1C[C@@H]2O[C@@](C)([C@@H]1OC)n1c3ccccc3c3c4c(c5c6ccccc6n2c5c31)C(=O)NC4
2107,LJI308,"RSK2, RSK1, RSK3",-0.1635197707154606,180,PSN1,C1COCCN1C2=CC=C(C=C2)C3=C(C=NC=C3)C4=CC(=C(C(=C4)F)O)F,CVCL_1644,Oc1c(F)cc(-c2cnccc2-c2ccc(N3CCOCC3)cc2)cc1F
1852,LY2109761,TGFB1,-0.0807147999728223,180,PSN1,C1CC2=C(C(=NN2C1)C3=CC=CC=N3)C4=C5C=CC(=CC5=NC=C4)OCCN6CCOCC6,CVCL_1644,c1ccc(-c2nn3c(c2-c2ccnc4cc(OCCN5CCOCC5)ccc24)CCC3)nc1
1200,Fulvestrant,ESR,-0.0796670458760805,180,PSN1,C[C@]12CC[C@H]3[C@H]([C@@H]1CC[C@@H]2O)[C@@H](CC4=C3C=CC(=C4)O)CCCCCCCCCS(=O)CCCC(C(F)(F)F)(F)F,CVCL_1644,C[C@]12CC[C@@H]3c4ccc(O)cc4C[C@@H](CCCCCCCCC[S+]([O-])CCCC(F)(F)C(F)(F)F)[C@H]3[C@@H]1CC[C@@H]2O
1199,Tamoxifen,ESR1,-0.0615774578616456,180,PSN1,CC/C(=C(\C1=CC=CC=C1)/C2=CC=C(C=C2)OCCN(C)C)/C3=CC=CC=C3,CVCL_1644,CC/C(=C(\c1ccccc1)c1ccc(OCCN(C)C)cc1)c1ccccc1
1799,Ibrutinib,BTK,-0.0551800388576889,180,PSN1,C=CC(=O)N1CCC[C@H](C1)N2C3=NC=NC(=C3C(=N2)C4=CC=C(C=C4)OC5=CC=CC=C5)N,CVCL_1644,C=CC(=O)N1CCC[C@@H](n2nc(-c3ccc(Oc4ccccc4)cc3)c3c(N)ncnc32)C1
1529,Pevonedistat,NAE,-0.0475921398788282,180,PSN1,C1CC2=CC=CC=C2[C@H]1NC3=C4C=CN(C4=NC=N3)[C@@H]5C[C@H]([C@H](C5)O)COS(=O)(=O)N,CVCL_1644,NS(=O)(=O)OC[C@@H]1C[C@@H](n2ccc3c(N[C@H]4CCc5ccccc54)ncnc32)C[C@@H]1O
1068,Obatoclax Mesylate,"BCL2, BCL-XL, BCL-W, MCL1",-0.0384335449329122,180,PSN1,CC1=CC(=C(N1)/C=C\2/C(=C/C(=C/3\C=C4C=CC=CC4=N3)/N2)OC)C,CVCL_1644,COc1c/c(=C2\C=c3ccccc3=N2)[nH]/c1=C\c1[nH]c(C)cc1C
2043,BIBR-1532,TERT,-0.0270229546808783,180,PSN1,C/C(=C\C(=O)NC1=CC=CC=C1C(=O)O)/C2=CC3=CC=CC=C3C=C2,CVCL_1644,C/C(=C\C(=O)Nc1ccccc1C(=O)O)c1ccc2ccccc2c1
1093,GSK1904529A,"IGF1R, IR",-0.0158939977672142,180,PSN1,CCC1=CC(=C(C=C1N2CCC(CC2)N3CCN(CC3)S(=O)(=O)C)OC)NC4=NC=CC(=N4)C5=C(N=C6N5C=CC=C6)C7=CC(=C(C=C7)OC)C(=O)NC8=C(C=CC=C8F)F,CVCL_1644,CCc1cc(Nc2nccc(-c3c(-c4ccc(OC)c(C(=O)Nc5c(F)cccc5F)c4)nc4ccccn34)n2)c(OC)cc1N1CCC(N2CCN(S(C)(=O)=O)CC2)CC1
1931,MIRA-1,TP53,0.0148461300079862,180,PSN1,CCC(=O)OCN1C(=O)C=CC1=O,CVCL_1644,CCC(=O)OCN1C(=O)C=CC1=O
1631,PRT062607,SYK,0.0300160497164786,180,PSN1,C1CC[C@H]([C@H](C1)N)NC2=NC=C(C(=N2)NC3=CC(=CC=C3)N4N=CC=N4)C(=O)N,CVCL_1644,NC(=O)c1cnc(N[C@@H]2CCCC[C@@H]2N)nc1Nc1cccc(-n2nccn2)c1
1593,Entinostat,"HDAC1, HDAC3",0.0378742909207326,180,PSN1,C1=CC=C(C(=C1)N)NC(=O)C2=CC=C(C=C2)CNC(=O)OCC3=CN=CC=C3,CVCL_1644,Nc1ccccc1NC(=O)c1ccc(CNC(=O)OCc2cccnc2)cc1
1022,AZD7762,"CHEK1, CHEK2",0.054631258438907,180,PSN1,C1C[C@@H](CNC1)NC(=O)C2=C(C=C(S2)C3=CC(=CC=C3)F)NC(=O)N,CVCL_1644,NC(=O)Nc1cc(-c2cccc(F)c2)sc1C(=O)N[C@H]1CCCNC1
1012,Vorinostat,"HDAC inhibitor Class I, IIa, IIb, IV",0.0618065923807275,180,PSN1,C1=CC=C(C=C1)NC(=O)CCCCCCC(=O)NO,CVCL_1644,O=C(CCCCCCC(=O)Nc1ccccc1)NO
1179,MK-1775,"WEE1, PLK1",0.0643267950628082,180,PSN1,CC(C)(C1=NC(=CC=C1)N2C3=NC(=NC=C3C(=O)N2CC=C)NC4=CC=C(C=C4)N5CCN(CC5)C)O,CVCL_1644,C=CCn1c(=O)c2cnc(Nc3ccc(N4CCN(C)CC4)cc3)nc2n1-c1cccc(C(C)(C)O)n1
2170,AT13148,AKT1,0.0709352736928986,180,PSN1,C1=CC(=CC=C1C2=CNN=C2)[C@@](CN)(C3=CC=C(C=C3)Cl)O,CVCL_1644,NC[C@@](O)(c1ccc(Cl)cc1)c1ccc(-c2cn[nH]c2)cc1
1598,LGK974,PORCN,0.0958743141134152,180,PSN1,CC1=CC(=CN=C1C2=CC(=NC=C2)C)CC(=O)NC3=NC=C(C=C3)C4=NC=CN=C4,CVCL_1644,Cc1cc(-c2ncc(CC(=O)Nc3ccc(-c4cnccn4)cn3)cc2C)ccn1
1919,Osimertinib,EGFR,0.1196255758810166,180,PSN1,CN1C=C(C2=CC=CC=C21)C3=NC(=NC=C3)NC4=C(C=C(C(=C4)NC(=O)C=C)N(C)CCN(C)C)OC,CVCL_1644,C=CC(=O)Nc1cc(Nc2nccc(-c3cn(C)c4ccccc34)n2)c(OC)cc1N(C)CCN(C)C
1909,Venetoclax,BCL2,0.1217899707951032,180,PSN1,CC1(CCC(=C(C1)C2=CC=C(C=C2)Cl)CN3CCN(CC3)C4=CC(=C(C=C4)C(=O)NS(=O)(=O)C5=CC(=C(C=C5)NCC6CCOCC6)[N+](=O)[O-])OC7=CN=C8C(=C7)C=CN8)C,CVCL_1644,CC1(C)CCC(CN2CCN(c3ccc(C(=O)NS(=O)(=O)c4ccc(NCC5CCOCC5)c([N+](=O)[O-])c4)c(Oc4cnc5[nH]ccc5c4)c3)CC2)=C(c2ccc(Cl)cc2)C1
1613,VE-822,ATR,0.1293987856545903,180,PSN1,CC(C)S(=O)(=O)C1=CC=C(C=C1)C2=CN=C(C(=N2)C3=CC(=NO3)C4=CC=C(C=C4)CNC)N,CVCL_1644,CNCc1ccc(-c2cc(-c3nc(-c4ccc(S(=O)(=O)C(C)C)cc4)cnc3N)on2)cc1
1915,AZD3759,EGFR,0.1679083374299325,180,PSN1,C[C@@H]1CN(CCN1C(=O)OC2=C(C=C3C(=C2)C(=NC=N3)NC4=C(C(=CC=C4)Cl)F)OC)C,CVCL_1644,COc1cc2ncnc(Nc3cccc(Cl)c3F)c2cc1OC(=O)N1CCN(C)C[C@H]1C
1036,PLX-4720,BRAF,0.205358439120752,180,PSN1,CCCS(=O)(=O)NC1=C(C(=C(C=C1)F)C(=O)C2=CNC3=C2C=C(C=N3)Cl)F,CVCL_1644,CCCS(=O)(=O)Nc1ccc(F)c(C(=O)c2c[nH]c3ncc(Cl)cc23)c1F
1250,AZ960,"JAK2, JAK3",0.2151638584424505,180,PSN1,CC1=CC(=NN1)NC2=C(C=C(C(=N2)N[C@@H](C)C3=CC=C(C=C3)F)C#N)F,CVCL_1644,Cc1cc(Nc2nc(N[C@@H](C)c3ccc(F)cc3)c(C#N)cc2F)n[nH]1
1620,PFI3,"Polybromo 1, SMARCA4, SMARCA2",0.3124146212425668,180,PSN1,C1[C@@H]2CN([C@H]1CN2C3=CC=CC=N3)/C=C/C(=O)C4=CC=CC=C4O,CVCL_1644,O=C(/C=C/N1C[C@H]2C[C@@H]1CN2c1ccccn1)c1ccccc1O
1910,ABT737,"BCL2, BCL-XL,  BCL-W, BCL-B, BFL1",0.3128391055122151,180,PSN1,CN(C)CC[C@H](CSC1=CC=CC=C1)NC2=C(C=C(C=C2)S(=O)(=O)NC(=O)C3=CC=C(C=C3)N4CCN(CC4)CC5=CC=CC=C5C6=CC=C(C=C6)Cl)[N+](=O)[O-],CVCL_1644,CN(C)CC[C@H](CSc1ccccc1)Nc1ccc(S(=O)(=O)NC(=O)c2ccc(N3CCN(Cc4ccccc4-c4ccc(Cl)cc4)CC3)cc2)cc1[N+](=O)[O-]
1618,GSK2606414,PERK,0.3239738904605716,180,PSN1,CN1C=C(C2=C(N=CN=C21)N)C3=CC4=C(C=C3)N(CC4)C(=O)CC5=CC(=CC=C5)C(F)(F)F,CVCL_1644,Cn1cc(-c2ccc3c(c2)CCN3C(=O)Cc2cccc(C(F)(F)F)c2)c2c(N)ncnc21
1924,Ipatasertib,"AKT1, AKT, AKT3",0.3265768361791513,180,PSN1,C[C@@H]1C[C@H](C2=C1C(=NC=N2)N3CCN(CC3)C(=O)[C@H](CNC(C)C)C4=CC=C(C=C4)Cl)O,CVCL_1644,CC(C)NC[C@@H](C(=O)N1CCN(c2ncnc3c2[C@H](C)C[C@H]3O)CC1)c1ccc(Cl)cc1
1049,PD173074,"FGFR1, FGFR2, FGFR3",0.3285584208278349,180,PSN1,CCN(CC)CCCCNC1=NC2=NC(=C(C=C2C=N1)C3=CC(=CC(=C3)OC)OC)NC(=O)NC(C)(C)C,CVCL_1644,CCN(CC)CCCCNc1ncc2cc(-c3cc(OC)cc(OC)c3)c(NC(=O)NC(C)(C)C)nc2n1
1180,Dinaciclib,"CDK1, CDK2, CDK5, CDK9",0.3310660751731872,180,PSN1,CCC1=C2N=C(C=C(N2N=C1)NCC3=C[N+](=CC=C3)[O-])N4CCCC[C@H]4CCO,CVCL_1644,CCc1cnn2c(NCc3ccc[n+]([O-])c3)cc(N3CCCC[C@H]3CCO)nc12
1011,Navitoclax,"BCL2, BCL-XL, BCL-W",0.3344460538938956,180,PSN1,CC1(CCC(=C(C1)CN2CCN(CC2)C3=CC=C(C=C3)C(=O)NS(=O)(=O)C4=CC(=C(C=C4)N[C@H](CCN5CCOCC5)CSC6=CC=CC=C6)S(=O)(=O)C(F)(F)F)C7=CC=C(C=C7)Cl)C,CVCL_1644,CC1(C)CCC(c2ccc(Cl)cc2)=C(CN2CCN(c3ccc(C(=O)NS(=O)(=O)c4ccc(N[C@H](CCN5CCOCC5)CSc5ccccc5)c(S(=O)(=O)C(F)(F)F)c4)cc3)CC2)C1
1720,AZD5991,MCL1,0.3371738602728869,180,PSN1,CC1=C2C(=NN1C)CSCC3=NN(C(=C3)CSC4=CC5=CC=CC=C5C(=C4)OCCCC6=C(N(C7=C6C=CC(=C27)Cl)C)C(=O)O)C,CVCL_1644,Cc1c2c(nn1C)CSCc1cc(n(C)n1)CSc1cc(c3ccccc3c1)OCCCc1c(C(=O)O)n(C)c3c-2c(Cl)ccc13
1563,EPZ5676,DOT1L,0.3386139671157805,180,PSN1,CC(C)N(C[C@@H]1[C@H]([C@H]([C@@H](O1)N2C=NC3=C(N=CN=C32)N)O)O)C4CC(C4)CCC5=NC6=C(N5)C=C(C=C6)C(C)(C)C,CVCL_1644,CC(C)N(C[C@H]1O[C@@H](n2cnc3c(N)ncnc32)[C@H](O)[C@@H]1O)C1CC(CCc2nc3ccc(C(C)(C)C)cc3[nH]2)C1
1849,Sabutoclax,"BCL2,  BCL-XL,  BFL1, MCL1",0.3435587158159952,180,PSN1,CC1=CC2=C(C(=C(C=C2C(=C1C3=C(C4=CC(=C(C(=C4C=C3C)C(=O)NC[C@H](C)C5=CC=CC=C5)O)O)O)O)O)O)C(=O)NC[C@H](C)C6=CC=CC=C6,CVCL_1644,Cc1cc2c(C(=O)NC[C@H](C)c3ccccc3)c(O)c(O)cc2c(O)c1-c1c(C)cc2c(C(=O)NC[C@H](C)c3ccccc3)c(O)c(O)cc2c1O
2040,Foretinib,"MET, KDR, TIE2, VEGFR3/FLT4, RON, PDGFR, FGFR1, EGFR",0.3722489798626016,180,PSN1,COC1=CC2=C(C=CN=C2C=C1OCCCN3CCOCC3)OC4=C(C=C(C=C4)NC(=O)C5(CC5)C(=O)NC6=CC=C(C=C6)F)F,CVCL_1644,COc1cc2c(Oc3ccc(NC(=O)C4(C(=O)Nc5ccc(F)cc5)CC4)cc3F)ccnc2cc1OCCCN1CCOCC1
1168,Erlotinib,EGFR,0.4019513590527159,180,PSN1,COCCOC1=C(C=C2C(=C1)C(=NC=N2)NC3=CC=CC(=C3)C#C)OCCOC,CVCL_1644,C#Cc1cccc(Nc2ncnc3cc(OCCOC)c(OCCOC)cc23)c1
1873,Buparlisib,"PI3Kalpha, PI3Kdelta, PI3Kbeta, PI3Kgamma",0.4217661395538235,180,PSN1,C1COCCN1C2=NC(=NC(=C2)C3=CN=C(C=C3C(F)(F)F)N)N4CCOCC4,CVCL_1644,Nc1cc(C(F)(F)F)c(-c2cc(N3CCOCC3)nc(N3CCOCC3)n2)cn1
1032,Afatinib,"ERBB2, EGFR",0.4345103250322248,180,PSN1,CN(C)C/C=C/C(=O)NC1=C(C=C2C(=C1)C(=NC=N2)NC3=CC(=C(C=C3)F)Cl)O[C@H]4CCOC4,CVCL_1644,CN(C)C/C=C/C(=O)Nc1cc2c(Nc3ccc(F)c(Cl)c3)ncnc2cc1O[C@H]1CCOC1
1007,Docetaxel,Microtubule stabiliser,0.4450348294548596,180,PSN1,CC1=C2[C@H](C(=O)[C@@]3([C@H](C[C@@H]4[C@]([C@H]3[C@@H]([C@@](C2(C)C)(C[C@@H]1OC(=O)[C@@H]([C@H](C5=CC=CC=C5)NC(=O)OC(C)(C)C)O)O)OC(=O)C6=CC=CC=C6)(CO4)OC(=O)C)O)C)O,CVCL_1644,CC(=O)O[C@@]12CO[C@@H]1C[C@H](O)[C@@]1(C)C(=O)[C@H](O)C3=C(C)[C@@H](OC(=O)[C@H](O)[C@@H](NC(=O)OC(C)(C)C)c4ccccc4)C[C@@](O)([C@@H](OC(=O)c4ccccc4)[C@@H]12)C3(C)C
1917,AZD6738,ATR,0.449733481429054,180,PSN1,C[C@@H]1COCCN1C2=NC(=NC(=C2)C3(CC3)[S@](=N)(=O)C)C4=C5C=CNC5=NC=C4,CVCL_1644,C[C@@H]1COCCN1c1cc(C2([S@](C)(=N)=O)CC2)nc(-c2ccnc3[nH]ccc23)n1
1084,Rapamycin,MTORC1,0.4533877867853433,180,PSN1,CC1=NC(=C(N1)[N+](=O)[O-])N(CCN2CCOCC2)CC3=CC=CC=C3F,CVCL_1644,Cc1nc(N(CCN2CCOCC2)Cc2ccccc2F)c([N+](=O)[O-])[nH]1
1926,GNE-317,PI3Kalpha,0.4565277451909135,180,PSN1,CC1=C(SC2=C1N=C(N=C2N3CCOCC3)C4=CN=C(N=C4)N)C5(COC5)OC,CVCL_1644,COC1(c2sc3c(N4CCOCC4)nc(-c4cnc(N)nc4)nc3c2C)COC1
1085,Sorafenib,"PDGFR, KIT, VEGFR, RAF",0.4631720018097945,180,PSN1,CNC(=O)C1=NC=CC(=C1)OC2=CC=C(C=C2)NC(=O)NC3=CC(=C(C=C3)Cl)C(F)(F)F,CVCL_1644,CNC(=O)c1cc(Oc2ccc(NC(=O)Nc3ccc(Cl)c(C(F)(F)F)c3)cc2)ccn1
1932,NVP-ADW742,IGF1R,0.4667236094253165,180,PSN1,C1CCN(C1)CC2CC(C2)N3C=C(C4=C(N=CN=C43)N)C5=CC(=CC=C5)OCC6=CC=CC=C6,CVCL_1644,Nc1ncnc2c1c(-c1cccc(OCc3ccccc3)c1)cn2C1CC(CN2CCCC2)C1
1936,Savolitinib,MET,0.4727761919893433,180,PSN1,C[C@@H](C1=CN2C=CN=C2C=C1)N3C4=NC(=CN=C4N=N3)C5=CN(N=C5)C,CVCL_1644,C[C@@H](c1ccc2nccn2c1)n1nnc2ncc(-c3cnn(C)c3)nc21
1046,Wee1 Inhibitor,"WEE1, CHEK1",0.4734161527546371,180,PSN1,C1=CC=C(C(=C1)C2=CC3=C(C4=C(N3)C=CC(=C4)O)C5=C2C(=O)NC5=O)Cl,CVCL_1644,O=C1NC(=O)c2c1c(-c1ccccc1Cl)cc1[nH]c3ccc(O)cc3c21
1010,Gefitinib,EGFR,0.4853184869354133,180,PSN1,COC1=C(C=C2C(=C1)N=CN=C2NC3=CC(=C(C=C3)F)Cl)OCCCN4CCOCC4,CVCL_1644,COc1cc2ncnc(Nc3ccc(F)c(Cl)c3)c2cc1OCCCN1CCOCC1
1918,AZD8186,"PI3Kalpha, PI3Kbeta",0.4861420202661052,180,PSN1,C[C@H](C1=CC(=CC2=C1OC(=CC2=O)N3CCOCC3)C(=O)N(C)C)NC4=CC(=CC(=C4)F)F,CVCL_1644,C[C@@H](Nc1cc(F)cc(F)c1)c1cc(C(=O)N(C)C)cc2c(=O)cc(N3CCOCC3)oc12
1786,AZD4547,"FGFR1, FGFR2, FGFR3",0.4942938151714876,180,PSN1,C[C@@H]1CN(C[C@@H](N1)C)C2=CC=C(C=C2)C(=O)NC3=NNC(=C3)CCC4=CC(=CC(=C4)OC)OC,CVCL_1644,COc1cc(CCc2cc(NC(=O)c3ccc(N4C[C@H](C)N[C@H](C)C4)cc3)n[nH]2)cc(OC)c1
1819,Docetaxel,Microtubule stabiliser,0.5060275859813443,180,PSN1,CC1=C2[C@H](C(=O)[C@@]3([C@H](C[C@@H]4[C@]([C@H]3[C@@H]([C@@](C2(C)C)(C[C@@H]1OC(=O)[C@@H]([C@H](C5=CC=CC=C5)NC(=O)OC(C)(C)C)O)O)OC(=O)C6=CC=CC=C6)(CO4)OC(=O)C)O)C)O,CVCL_1644,CC(=O)O[C@@]12CO[C@@H]1C[C@H](O)[C@@]1(C)C(=O)[C@H](O)C3=C(C)[C@@H](OC(=O)[C@H](O)[C@@H](NC(=O)OC(C)(C)C)c4ccccc4)C[C@@](O)([C@@H](OC(=O)c4ccccc4)[C@@H]12)C3(C)C
1912,Afuresertib,"AKT1, AKT2, AKT3",0.510820102798396,180,PSN1,CN1C(=C(C=N1)Cl)C2=C(SC(=C2)C(=O)N[C@@H](CC3=CC(=CC=C3)F)CN)Cl,CVCL_1644,Cn1ncc(Cl)c1-c1cc(C(=O)N[C@H](CN)Cc2cccc(F)c2)sc1Cl
1441,AZD2014,"mTORC1, mTORC2",0.5151254950853252,180,PSN1,C[C@H]1COCCN1C2=NC(=NC3=C2C=CC(=N3)C4=CC(=CC=C4)C(=O)NC)N5CCOC[C@@H]5C,CVCL_1644,CNC(=O)c1cccc(-c2ccc3c(N4CCOC[C@@H]4C)nc(N4CCOC[C@@H]4C)nc3n2)c1
1051,Alisertib,AURKA,0.544835407305862,180,PSN1,COC1=C(C(=CC=C1)F)C2=NCC3=CN=C(N=C3C4=C2C=C(C=C4)Cl)NC5=CC(=C(C=C5)C(=O)O)OC,CVCL_1644,COc1cc(Nc2ncc3c(n2)-c2ccc(Cl)cc2C(c2c(F)cccc2OC)=NC3)ccc1C(=O)O
2111,VE821,ATR,0.5472533101721675,180,PSN1,CS(=O)(=O)C1=CC=C(C=C1)C2=CN=C(C(=N2)C(=O)NC3=CC=CC=C3)N,CVCL_1644,CS(=O)(=O)c1ccc(-c2cnc(N)c(C(=O)Nc3ccccc3)n2)cc1
1635,Picolinici-acid,Inflammatory related,0.5626331496421706,180,PSN1,C1=CC=NC(=C1)C(=O)O,CVCL_1644,O=C(O)c1ccccn1
1621,PCI-34051,"HDAC8, HDAC6, HDAC1",0.5662681044717758,180,PSN1,COC1=CC=C(C=C1)CN2C=CC3=C2C=C(C=C3)C(=O)NO,CVCL_1644,COc1ccc(Cn2ccc3ccc(C(=O)NO)cc32)cc1
1013,Nilotinib,ABL,0.5705697834678906,180,PSN1,CC1=C(C=C(C=C1)C(=O)NC2=CC(=CC(=C2)C(F)(F)F)N3C=C(N=C3)C)NC4=NC=CC(=N4)C5=CN=CC=C5,CVCL_1644,Cc1cn(-c2cc(NC(=O)c3ccc(C)c(Nc4nccc(-c5cccnc5)n4)c3)cc(C(F)(F)F)c2)cn1
1627,GSK343,EZH2,0.5807144621081023,180,PSN1,CCCC1=C(C(=O)NC(=C1)C)CNC(=O)C2=C3C=NN(C3=CC(=C2)C4=CC(=NC=C4)N5CCN(CC5)C)C(C)C,CVCL_1644,CCCc1cc(C)[nH]c(=O)c1CNC(=O)c1cc(-c2ccnc(N3CCN(C)CC3)c2)cc2c1cnn2C(C)C
2045,AMG-319,PI3K (beta sparing),0.5807528516120237,180,PSN1,C[C@@H](C1=C(N=C2C=C(C=CC2=C1)F)C3=CC=CC=N3)NC4=NC=NC5=C4NC=N5,CVCL_1644,C[C@H](Nc1ncnc2nc[nH]c12)c1cc2ccc(F)cc2nc1-c1ccccn1
2046,MK-8776,"CHEK1, CHEK2, CDK2",0.5868067227330371,180,PSN1,CN1C=C(C=N1)C2=C3N=C(C(=C(N3N=C2)N)Br)C4CCCNC4,CVCL_1644,Cn1cc(-c2cnn3c(N)c(Br)c(C4CCCNC4)nc23)cn1
1634,AGI-6780,IDH2 R140Q mutant,0.5942130286176608,180,PSN1,C1CC1NS(=O)(=O)C2=CC(=C(C=C2)C3=CSC=C3)NC(=O)NC4=CC=CC(=C4)C(F)(F)F,CVCL_1644,O=C(Nc1cccc(C(F)(F)F)c1)Nc1cc(S(=O)(=O)NC2CC2)ccc1-c1ccsc1
1177,Niraparib,"PARP1, PARP2",0.6278188441330294,180,PSN1,C1C[C@H](CNC1)C2=CC=C(C=C2)N3C=C4C=CC=C(C4=N3)C(=O)N,CVCL_1644,NC(=O)c1cccc2cn(-c3ccc([C@@H]4CCCNC4)cc3)nc12
1576,IWP-2,PORCN,0.6328615238907097,180,PSN1,CC1=CC2=C(C=C1)N=C(S2)NC(=O)CSC3=NC4=C(C(=O)N3C5=CC=CC=C5)SCC4,CVCL_1644,Cc1ccc2nc(NC(=O)CSc3nc4c(c(=O)n3-c3ccccc3)SCC4)sc2c1
1916,AZD5363,"AKT1, AKT2, AKT3, ROCK2",0.636650461537854,180,PSN1,C1CN(CCC1(C(=O)N[C@@H](CCO)C2=CC=C(C=C2)Cl)N)C3=NC=NC4=C3C=CN4,CVCL_1644,NC1(C(=O)N[C@@H](CCO)c2ccc(Cl)cc2)CCN(c2ncnc3[nH]ccc23)CC1
1507,Ruxolitinib,"JAK1, JAK2",0.677810766517899,180,PSN1,C1CCC(C1)[C@@H](CC#N)N2C=C(C=N2)C3=C4C=CNC4=NC=N3,CVCL_1644,N#CC[C@H](C1CCCC1)n1cc(-c2ncnc3[nH]ccc23)cn1
1560,Alpelisib,PI3Kalpha,0.6998376264655336,180,PSN1,CC1=C(SC(=N1)NC(=O)N2CCC[C@H]2C(=O)N)C3=CC(=NC=C3)C(C)(C)C(F)(F)F,CVCL_1644,Cc1nc(NC(=O)N2CCC[C@H]2C(N)=O)sc1-c1ccnc(C(C)(C)C(F)(F)F)c1
1561,Taselisib,PI3K (beta sparing),0.7081324579338835,180,PSN1,CC1=NN(C(=N1)C2=CN3CCOC4=C(C3=N2)C=CC(=C4)C5=CN(N=C5)C(C)(C)C(=O)N)C(C)C,CVCL_1644,Cc1nc(-c2cn3c(n2)-c2ccc(-c4cnn(C(C)(C)C(N)=O)c4)cc2OCC3)n(C(C)C)n1
1622,Wnt-C59,PORCN,0.7092688113842455,180,PSN1,CC1=NC=CC(=C1)C2=CC=C(C=C2)CC(=O)NC3=CC=C(C=C3)C4=CN=CC=C4,CVCL_1644,Cc1cc(-c2ccc(CC(=O)Nc3ccc(-c4cccnc4)cc3)cc2)ccn1
1558,Lapatinib,"EGFR, ERBB2",0.7372163095351417,180,PSN1,CS(=O)(=O)CCNCC1=CC=C(O1)C2=CC3=C(C=C2)N=CN=C3NC4=CC(=C(C=C4)OCC5=CC(=CC=C5)F)Cl,CVCL_1644,CS(=O)(=O)CCNCc1ccc(-c2ccc3ncnc(Nc4ccc(OCc5cccc(F)c5)c(Cl)c4)c3c2)o1
1933,P22077,"USP7, USP47",0.7487195629660224,180,PSN1,CC(=O)C1=CC(=C(S1)SC2=C(C=C(C=C2)F)F)[N+](=O)[O-],CVCL_1644,CC(=O)c1cc([N+](=O)[O-])c(Sc2ccc(F)cc2F)s1
1549,Sapitinib,"EGFR, ERBB2, ERBB3",0.7815511426186349,180,PSN1,CNC(=O)CN1CCC(CC1)OC2=C(C=C3C(=C2)C(=NC=N3)NC4=C(C(=CC=C4)Cl)F)OC,CVCL_1644,CNC(=O)CN1CCC(Oc2cc3c(Nc4cccc(Cl)c4F)ncnc3cc2OC)CC1
1557,LCL161,"XIAP, IAP1, IAP2",0.7849865596296416,180,PSN1,C[C@@H](C(=O)N[C@@H](C1CCCCC1)C(=O)N2CCC[C@H]2C3=NC(=CS3)C(=O)C4=CC=C(C=C4)F)NC,CVCL_1644,CN[C@@H](C)C(=O)N[C@H](C(=O)N1CCC[C@H]1c1nc(C(=O)c2ccc(F)cc2)cs1)C1CCCCC1
2044,Pyridostatin,G-quadruplex stabiliser,0.785268903773017,180,PSN1,C1=CC=C2C(=C1)C(=CC(=N2)NC(=O)C3=CC(=CC(=N3)C(=O)NC4=NC5=CC=CC=C5C(=C4)OCCN)OCCN)OCCN,CVCL_1644,NCCOc1cc(C(=O)Nc2cc(OCCN)c3ccccc3n2)nc(C(=O)Nc2cc(OCCN)c3ccccc3n2)c1
1625,RVX-208,BRD4,0.7960756579407485,180,PSN1,C1=CC(=C(C=C1N=C=O)F)F,CVCL_1644,O=C=Nc1ccc(F)c(F)c1
1080,Paclitaxel,Microtubule stabiliser,0.801685652136924,180,PSN1,CC1=C2[C@H](C(=O)[C@@]3([C@H](C[C@@H]4[C@]([C@H]3[C@@H]([C@@](C2(C)C)(C[C@@H]1OC(=O)[C@@H]([C@H](C5=CC=CC=C5)NC(=O)C6=CC=CC=C6)O)O)OC(=O)C7=CC=CC=C7)(CO4)OC(=O)C)O)C)OC(=O)C,CVCL_1644,CC(=O)O[C@H]1C(=O)[C@]2(C)[C@@H](O)C[C@H]3OC[C@@]3(OC(C)=O)[C@H]2[C@H](OC(=O)c2ccccc2)[C@]2(O)C[C@H](OC(=O)[C@H](O)[C@@H](NC(=O)c3ccccc3)c3ccccc3)C(C)=C1C2(C)C
1047,Nutlin-3a (-),MDM2,0.8464751332028935,180,PSN1,CC(C)OC1=C(C=CC(=C1)OC)C2=N[C@H]([C@H](N2C(=O)N3CCNC(=O)C3)C4=CC=C(C=C4)Cl)C5=CC=C(C=C5)Cl,CVCL_1644,COc1ccc(C2=N[C@@H](c3ccc(Cl)cc3)[C@@H](c3ccc(Cl)cc3)N2C(=O)N2CCNC(=O)C2)c(OC(C)C)c1
1058,Pictilisib,PI3K (class 1),0.8920293813904526,180,PSN1,CS(=O)(=O)N1CCN(CC1)CC2=CC3=C(S2)C(=NC(=N3)C4=C5C=NNC5=CC=C4)N6CCOCC6,CVCL_1644,CS(=O)(=O)N1CCN(Cc2cc3nc(-c4cccc5[nH]ncc45)nc(N4CCOCC4)c3s2)CC1
1083,Crizotinib,"MET, ALK, ROS1",0.9016522064951488,180,PSN1,C[C@H](C1=C(C=CC(=C1Cl)F)Cl)OC2=C(N=CC(=C2)C3=CN(N=C3)C4CCNCC4)N,CVCL_1644,C[C@@H](Oc1cc(-c2cnn(C3CCNCC3)c2)cnc1N)c1c(Cl)ccc(F)c1Cl
1629,ML323,"USP1, UAF1",0.93908548242621,180,PSN1,CC1=CN=C(N=C1NCC2=CC=C(C=C2)N3C=CN=N3)C4=CC=CC=C4C(C)C,CVCL_1644,Cc1cnc(-c2ccccc2C(C)C)nc1NCc1ccc(-n2ccnn2)cc1
1630,Entospletinib,SYK,0.942796078339423,180,PSN1,C1COCCN1C2=CC=C(C=C2)NC3=NC(=CN4C3=NC=C4)C5=CC6=C(C=C5)C=NN6,CVCL_1644,c1cn2cc(-c3ccc4cn[nH]c4c3)nc(Nc3ccc(N4CCOCC4)cc3)c2n1
1578,Leflunomide,Pyrimidine synthesis inhibitor,0.9897406362292724,180,PSN1,CC1=C(C=NO1)C(=O)NC2=CC=C(C=C2)C(F)(F)F,CVCL_1644,Cc1oncc1C(=O)Nc1ccc(C(F)(F)F)cc1
1057,Dactolisib,"PI3K (class 1), MTORC1, MTORC2",1.0208391133139871,180,PSN1,CC(C)(C#N)C1=CC=C(C=C1)N2C3=C4C=C(C=CC4=NC=C3N(C2=O)C)C5=CC6=CC=CC=C6N=C5,CVCL_1644,Cn1c(=O)n(-c2ccc(C(C)(C)C#N)cc2)c2c3cc(-c4cnc5ccccc5c4)ccc3ncc21
2106,Uprosertib,"AKT1, AKT2, AKT3",1.1698127406382868,180,PSN1,CN1C(=C(C=N1)Cl)C2=C(OC(=C2)C(=O)N[C@@H](CC3=CC(=C(C=C3)F)F)CN)Cl,CVCL_1644,Cn1ncc(Cl)c1-c1cc(C(=O)N[C@H](CN)Cc2ccc(F)c(F)c2)oc1Cl
1922,Cediranib,"VEGFR, FLT1, FLT2, FLT3, FLT4, KIT, PDGFRB",1.2526091299847264,180,PSN1,CC1=CC2=C(N1)C=CC(=C2F)OC3=NC=NC4=CC(=C(C=C43)OC)OCCCN5CCCC5,CVCL_1644,COc1cc2c(Oc3ccc4[nH]c(C)cc4c3F)ncnc2cc1OCCCN1CCCC1
1706,AZD5153,BRD4,1.2828276699539214,180,PSN1,C[C@@H]1C(=O)N(CCN1CCOC2=CC=C(C=C2)C3CCN(CC3)C4=NN5C(=NN=C5OC)C=C4)C,CVCL_1644,COc1nnc2ccc(N3CCC(c4ccc(OCCN5CCN(C)C(=O)[C@H]5C)cc4)CC3)nn12
1053,MK-2206,"AKT1, AKT2",1.2855512536750269,180,PSN1,C1CC(C1)(C2=CC=C(C=C2)C3=C(C=C4C(=N3)C=CN5C4=NNC5=O)C6=CC=CC=C6)N.Cl.Cl,CVCL_1644,NC1(c2ccc(-c3nc4ccn5c(=O)[nH]nc5c4cc3-c3ccccc3)cc2)CCC1
1624,I-BET-762,"BRD2, BRD3, BRD4",1.3075196012161392,180,PSN1,CCNC(=O)C[C@H]1C2=NN=C(N2C3=C(C=C(C=C3)OC)C(=N1)C4=CC=C(C=C4)Cl)C,CVCL_1644,CCNC(=O)C[C@@H]1N=C(c2ccc(Cl)cc2)c2cc(OC)ccc2-n2c(C)nnc21
1626,OTX015,"BRD2, BRD3, BRD4",1.4100536091269311,180,PSN1,CC1=C(SC2=C1C(=N[C@H](C3=NN=C(N32)C)CC(=O)NC4=CC=C(C=C4)O)C5=CC=C(C=C5)Cl)C,CVCL_1644,Cc1sc2c(c1C)C(c1ccc(Cl)cc1)=N[C@@H](CC(=O)Nc1ccc(O)cc1)c1nnc(C)n1-2
1268,XAV939,"TNKS1, TNKS2",1.423810116472326,180,PSN1,C1CSCC2=C1N=C(NC2=O)C3=CC=C(C=C3)C(F)(F)F,CVCL_1644,O=c1[nH]c(-c2ccc(C(F)(F)F)cc2)nc2c1CSCC2
1553,Uprosertib,"AKT1, AKT2, AKT3",1.4891551079482237,180,PSN1,CN1C(=C(C=N1)Cl)C2=C(OC(=C2)C(=O)N[C@@H](CC3=CC(=C(C=C3)F)F)CN)Cl,CVCL_1644,Cn1ncc(Cl)c1-c1cc(C(=O)N[C@H](CN)Cc2ccc(F)c(F)c2)oc1Cl
2109,AZ6102,"TNKS1, TNKS2",1.6659793337368218,180,PSN1,CCC1=CC2=C(C=C1OC(=O)C(C)(C)C)OC(=C(C2=O)OC3=CC=C(C=C3)I)C(F)(F)F,CVCL_1644,CCc1cc2c(=O)c(Oc3ccc(I)cc3)c(C(F)(F)F)oc2cc1OC(=O)C(C)(C)C
1941,Sepantronium bromide,BIRC5,-0.7148096638864041,180,SU8686,CC1=[N+](C2=C(N1CCOC)C(=O)C3=CC=CC=C3C2=O)CC4=NC=CN=C4.[Br-],CVCL_3881,COCCn1c2c([n+](Cc3cnccn3)c1C)C(=O)c1ccccc1C2=O
1736,Selumetinib,"MEK1, MEK2",-0.6967301418471207,180,SU8686,CN1C=NC2=C1C=C(C(=C2F)NC3=C(C=C(C=C3)Br)Cl)C(=O)NOCCO,CVCL_3881,Cn1cnc2c(F)c(Nc3ccc(Br)cc3Cl)c(C(=O)NOCCO)cc21
1372,Trametinib,"MEK1, MEK2",-0.3090735584486806,180,SU8686,CC1=C2C(=C(N(C1=O)C)NC3=C(C=C(C=C3)I)F)C(=O)N(C(=O)N2C4=CC=CC(=C4)NC(=O)C)C5CC5,CVCL_3881,CC(=O)Nc1cccc(-n2c(=O)n(C3CC3)c(=O)c3c(Nc4ccc(I)cc4F)n(C)c(=O)c(C)c32)c1
1862,MG-132,"Proteasome, CAPN1",-0.3089024565475559,180,SU8686,CC(C)C[C@@H](C=O)NC(=O)[C@H](CC(C)C)NC(=O)[C@H](CC(C)C)NC(=O)OCC1=CC=CC=C1,CVCL_3881,CC(C)C[C@@H](C=O)NC(=O)[C@H](CC(C)C)NC(=O)[C@H](CC(C)C)NC(=O)OCc1ccccc1
1918,AZD8186,"PI3Kalpha, PI3Kbeta",-0.220060849831893,180,SU8686,C[C@H](C1=CC(=CC2=C1OC(=CC2=O)N3CCOCC3)C(=O)N(C)C)NC4=CC(=CC(=C4)F)F,CVCL_3881,C[C@@H](Nc1cc(F)cc(F)c1)c1cc(C(=O)N(C)C)cc2c(=O)cc(N3CCOCC3)oc12
1011,Navitoclax,"BCL2, BCL-XL, BCL-W",-0.0615099068234729,180,SU8686,CC1(CCC(=C(C1)CN2CCN(CC2)C3=CC=C(C=C3)C(=O)NS(=O)(=O)C4=CC(=C(C=C4)N[C@H](CCN5CCOCC5)CSC6=CC=CC=C6)S(=O)(=O)C(F)(F)F)C7=CC=C(C=C7)Cl)C,CVCL_3881,CC1(C)CCC(c2ccc(Cl)cc2)=C(CN2CCN(c3ccc(C(=O)NS(=O)(=O)c4ccc(N[C@H](CCN5CCOCC5)CSc5ccccc5)c(S(=O)(=O)C(F)(F)F)c4)cc3)CC2)C1
1512,Cyclophosphamide,Alkylating agent,-0.0075873218978292,180,SU8686,C1CNP(=O)(OC1)N(CCCl)CCCl,CVCL_3881,O=P1(N(CCCl)CCCl)NCCCO1
1079,Dasatinib,"ABL, SRC, Ephrins, PDGFR, KIT",0.0488496816320443,180,SU8686,CC1=C(C(=CC=C1)Cl)NC(=O)C2=CN=C(S2)NC3=CC(=NC(=N3)C)N4CCN(CC4)CCO,CVCL_3881,Cc1nc(Nc2ncc(C(=O)Nc3c(C)cccc3Cl)s2)cc(N2CCN(CCO)CC2)n1
1549,Sapitinib,"EGFR, ERBB2, ERBB3",0.0657658410962181,180,SU8686,CNC(=O)CN1CCC(CC1)OC2=C(C=C3C(=C2)C(=NC=N3)NC4=C(C(=CC=C4)Cl)F)OC,CVCL_3881,CNC(=O)CN1CCC(Oc2cc3c(Nc4cccc(Cl)c4F)ncnc3cc2OC)CC1
1060,PD0325901,"MEK1, MEK2",0.134097571889004,180,SU8686,C1=CC(=C(C=C1I)F)NC2=C(C=CC(=C2F)F)C(=O)NOC[C@@H](CO)O,CVCL_3881,O=C(NOC[C@H](O)CO)c1ccc(F)c(F)c1Nc1ccc(I)cc1F
1852,LY2109761,TGFB1,0.1862796496255452,180,SU8686,C1CC2=C(C(=NN2C1)C3=CC=CC=N3)C4=C5C=CC(=CC5=NC=C4)OCCN6CCOCC6,CVCL_3881,c1ccc(-c2nn3c(c2-c2ccnc4cc(OCCN5CCOCC5)ccc24)CCC3)nc1
1910,ABT737,"BCL2, BCL-XL,  BCL-W, BCL-B, BFL1",0.275080467354855,180,SU8686,CN(C)CC[C@H](CSC1=CC=CC=C1)NC2=C(C=C(C=C2)S(=O)(=O)NC(=O)C3=CC=C(C=C3)N4CCN(CC4)CC5=CC=CC=C5C6=CC=C(C=C6)Cl)[N+](=O)[O-],CVCL_3881,CN(C)CC[C@H](CSc1ccccc1)Nc1ccc(S(=O)(=O)NC(=O)c2ccc(N3CCN(Cc4ccccc4-c4ccc(Cl)cc4)CC3)cc2)cc1[N+](=O)[O-]
1940,WIKI4,"TNKS1, TNKS2",0.3231532386578648,180,SU8686,COC1=CC=C(C=C1)N2C(=NN=C2SCCCN3C(=O)C4=CC=CC5=C4C(=CC=C5)C3=O)C6=CC=NC=C6,CVCL_3881,COc1ccc(-n2c(SCCCN3C(=O)c4cccc5cccc(c45)C3=O)nnc2-c2ccncc2)cc1
1168,Erlotinib,EGFR,0.3433296497535236,180,SU8686,COCCOC1=C(C=C2C(=C1)C(=NC=N2)NC3=CC=CC(=C3)C#C)OCCOC,CVCL_3881,C#Cc1cccc(Nc2ncnc3cc(OCCOC)c(OCCOC)cc23)c1
1564,SCH772984,"ERK1, ERK2",0.4391081356464439,180,SU8686,C1CN(C[C@@H]1C(=O)NC2=CC3=C(C=C2)NN=C3C4=CC=NC=C4)CC(=O)N5CCN(CC5)C6=CC=C(C=C6)C7=NC=CC=N7,CVCL_3881,O=C(Nc1ccc2[nH]nc(-c3ccncc3)c2c1)[C@@H]1CCN(CC(=O)N2CCN(c3ccc(-c4ncccn4)cc3)CC2)C1
1915,AZD3759,EGFR,0.4551627534204628,180,SU8686,C[C@@H]1CN(CCN1C(=O)OC2=C(C=C3C(=C2)C(=NC=N3)NC4=C(C(=CC=C4)Cl)F)OC)C,CVCL_3881,COc1cc2ncnc(Nc3cccc(Cl)c3F)c2cc1OC(=O)N1CCN(C)C[C@H]1C
1997,WEHI-539,BCL-XL,0.4622734036971965,180,SU8686,C1CC2=C(C=C(C=C2)C3=NC(=C(S3)CCCOC4=CC=C(C=C4)CN)C(=O)O)/C(=N/NC5=NC6=CC=CC=C6S5)/C1,CVCL_3881,NCc1ccc(OCCCc2sc(-c3ccc4c(c3)/C(=N/Nc3nc5ccccc5s3)CCC4)nc2C(=O)O)cc1
1017,Olaparib,"PARP1, PARP2",0.5105001835029584,180,SU8686,C1CC1C(=O)N2CCN(CC2)C(=O)C3=C(C=CC(=C3)CC4=NNC(=O)C5=CC=CC=C54)F,CVCL_3881,O=C(c1cc(Cc2n[nH]c(=O)c3ccccc23)ccc1F)N1CCN(C(=O)C2CC2)CC1
1909,Venetoclax,BCL2,0.6205832625769665,180,SU8686,CC1(CCC(=C(C1)C2=CC=C(C=C2)Cl)CN3CCN(CC3)C4=CC(=C(C=C4)C(=O)NS(=O)(=O)C5=CC(=C(C=C5)NCC6CCOCC6)[N+](=O)[O-])OC7=CN=C8C(=C7)C=CN8)C,CVCL_3881,CC1(C)CCC(CN2CCN(c3ccc(C(=O)NS(=O)(=O)c4ccc(NCC5CCOCC5)c([N+](=O)[O-])c4)c(Oc4cnc5[nH]ccc5c4)c3)CC2)=C(c2ccc(Cl)cc2)C1
1996,MIM1,MCL1,0.6936738516777934,180,SU8686,CC(C)[C@H]1CSC(=N1)N2[C@H](CSC2=S)C(C)C,CVCL_3881,CC(C)[C@H]1CSC(N2C(=S)SC[C@@H]2C(C)C)=N1
1598,LGK974,PORCN,0.7293369718007513,180,SU8686,CC1=CC(=CN=C1C2=CC(=NC=C2)C)CC(=O)NC3=NC=C(C=C3)C4=NC=CN=C4,CVCL_3881,Cc1cc(-c2ncc(CC(=O)Nc3ccc(-c4cnccn4)cn3)cc2C)ccn1
1529,Pevonedistat,NAE,0.7745908041827431,180,SU8686,C1CC2=CC=CC=C2[C@H]1NC3=C4C=CN(C4=NC=N3)[C@@H]5C[C@H]([C@H](C5)O)COS(=O)(=O)N,CVCL_3881,NS(=O)(=O)OC[C@@H]1C[C@@H](n2ccc3c(N[C@H]4CCc5ccccc54)ncnc32)C[C@@H]1O
1091,BMS-536924,"IGF1R, IR",0.828691002838642,180,SU8686,CC1=CC(=CC2=C1N=C(N2)C3=C(C=CNC3=O)NC[C@H](C4=CC(=CC=C4)Cl)O)N5CCOCC5,CVCL_3881,Cc1cc(N2CCOCC2)cc2[nH]c(-c3c(NC[C@@H](O)c4cccc(Cl)c4)cc[nH]c3=O)nc12
1919,Osimertinib,EGFR,0.8527967699574162,180,SU8686,CN1C=C(C2=CC=CC=C21)C3=NC(=NC=C3)NC4=C(C=C(C(=C4)NC(=O)C=C)N(C)CCN(C)C)OC,CVCL_3881,C=CC(=O)Nc1cc(Nc2nccc(-c3cn(C)c4ccccc34)n2)c(OC)cc1N(C)CCN(C)C
2043,BIBR-1532,TERT,0.9280929349800624,180,SU8686,C/C(=C\C(=O)NC1=CC=CC=C1C(=O)O)/C2=CC3=CC=CC=C3C=C2,CVCL_3881,C/C(=C\C(=O)Nc1ccccc1C(=O)O)c1ccc2ccccc2c1
1720,AZD5991,MCL1,0.9300466187346396,180,SU8686,CC1=C2C(=NN1C)CSCC3=NN(C(=C3)CSC4=CC5=CC=CC=C5C(=C4)OCCCC6=C(N(C7=C6C=CC(=C27)Cl)C)C(=O)O)C,CVCL_3881,Cc1c2c(nn1C)CSCc1cc(n(C)n1)CSc1cc(c3ccccc3c1)OCCCc1c(C(=O)O)n(C)c3c-2c(Cl)ccc13
1799,Ibrutinib,BTK,0.9518600940661536,180,SU8686,C=CC(=O)N1CCC[C@H](C1)N2C3=NC=NC(=C3C(=N2)C4=CC=C(C=C4)OC5=CC=CC=C5)N,CVCL_3881,C=CC(=O)N1CCC[C@@H](n2nc(-c3ccc(Oc4ccccc4)cc3)c3c(N)ncnc32)C1
1913,AGI-5198,IDH1 (R132H),0.9654179783424028,180,SU8686,CC1=CC=CC=C1C(C(=O)NC2CCCCC2)N(C3=CC(=CC=C3)F)C(=O)CN4C=CN=C4C,CVCL_3881,Cc1ccccc1C(C(=O)NC1CCCCC1)N(C(=O)Cn1ccnc1C)c1cccc(F)c1
1936,Savolitinib,MET,1.0197221905610905,180,SU8686,C[C@@H](C1=CN2C=CN=C2C=C1)N3C4=NC(=CN=C4N=N3)C5=CN(N=C5)C,CVCL_3881,C[C@@H](c1ccc2nccn2c1)n1nnc2ncc(-c3cnn(C)c3)nc21
1635,Picolinici-acid,Inflammatory related,1.0378960111346769,180,SU8686,C1=CC=NC(=C1)C(=O)O,CVCL_3881,O=C(O)c1ccccn1
1036,PLX-4720,BRAF,1.040502569338879,180,SU8686,CCCS(=O)(=O)NC1=C(C(=C(C=C1)F)C(=O)C2=CNC3=C2C=C(C=N3)Cl)F,CVCL_3881,CCCS(=O)(=O)Nc1ccc(F)c(C(=O)c2c[nH]c3ncc(Cl)cc23)c1F
1239,YK-4-279,RNA helicase A,1.082982569369359,180,SU8686,COC1=CC=C(C=C1)C(=O)CC2(C3=C(C=CC(=C3NC2=O)Cl)Cl)O,CVCL_3881,COc1ccc(C(=O)CC2(O)C(=O)Nc3c(Cl)ccc(Cl)c32)cc1
1268,XAV939,"TNKS1, TNKS2",1.0978103503755,180,SU8686,C1CSCC2=C1N=C(NC2=O)C3=CC=C(C=C3)C(F)(F)F,CVCL_3881,O=c1[nH]c(-c2ccc(C(F)(F)F)cc2)nc2c1CSCC2
1630,Entospletinib,SYK,1.1494481659817302,180,SU8686,C1COCCN1C2=CC=C(C=C2)NC3=NC(=CN4C3=NC=C4)C5=CC6=C(C=C5)C=NN6,CVCL_3881,c1cn2cc(-c3ccc4cn[nH]c4c3)nc(Nc3ccc(N4CCOCC4)cc3)c2n1
1806,Oxaliplatin,DNA alkylating agent,1.151189252674426,180,SU8686,C1CC[C@H]([C@@H](C1)[NH-])[NH-].C(=O)(C(=O)O)O.[Pt+2],CVCL_3881,N[C@@H]1CCCC[C@H]1N
1922,Cediranib,"VEGFR, FLT1, FLT2, FLT3, FLT4, KIT, PDGFRB",1.190491905245589,180,SU8686,CC1=CC2=C(N1)C=CC(=C2F)OC3=NC=NC4=CC(=C(C=C43)OC)OCCCN5CCCC5,CVCL_3881,COc1cc2c(Oc3ccc4[nH]c(C)cc4c3F)ncnc2cc1OCCCN1CCCC1
1855,KRAS (G12C) Inhibitor-12,KRAS (G12C),1.193399899697129,180,SU8686,C=CC(=O)N1CCN(CC1)C(=O)CNC2=CC(=C(C=C2O)Cl)I,CVCL_3881,C=CC(=O)N1CCN(C(=O)CNc2cc(I)c(Cl)cc2O)CC1
1917,AZD6738,ATR,1.230762500504634,180,SU8686,C[C@@H]1COCCN1C2=NC(=NC(=C2)C3(CC3)[S@](=N)(=O)C)C4=C5C=CNC5=NC=C4,CVCL_3881,C[C@@H]1COCCN1c1cc(C2([S@](C)(=N)=O)CC2)nc(-c2ccnc3[nH]ccc23)n1
1463,AZD1332,"NTRK1, NTRK2, NTRK3",1.2384217407770963,180,SU8686,CC(C)OC1=NNC(=C1)NC2=NC(=NC=C2Cl)NC(C)C3=NC=C(C=C3)F,CVCL_3881,CC(C)Oc1cc(Nc2nc(NC(C)c3ccc(F)cn3)ncc2Cl)[nH]n1
2110,GSK591,PMRT5,1.2699943869979642,180,SU8686,C1CC(C1)NC2=NC=CC(=C2)C(=O)NC[C@@H](CN3CCC4=CC=CC=C4C3)O,CVCL_3881,O=C(NC[C@H](O)CN1CCc2ccccc2C1)c1ccnc(NC2CCC2)c1
1034,Staurosporine,Broad spectrum kinase inhibitor,1.272587411411189,180,SU8686,C[C@@]12[C@@H]([C@@H](C[C@H](O1)N3C4=CC=CC=C4C5=C6C(=C7C8=CC=CC=C8N2C7=C53)CNC6=O)NC)OC,CVCL_3881,CN[C@@H]1C[C@@H]2O[C@@](C)([C@@H]1OC)n1c3ccccc3c3c4c(c5c6ccccc6n2c5c31)C(=O)NC4
1401,AZD5438,CDK2,1.2742872828775114,180,SU8686,CC1=NC=C(N1C(C)C)C2=NC(=NC=C2)NC3=CC=C(C=C3)S(=O)(=O)C,CVCL_3881,Cc1ncc(-c2ccnc(Nc3ccc(S(C)(=O)=O)cc3)n2)n1C(C)C
1373,Dabrafenib,BRAF,1.2778673081885497,180,SU8686,CC(C)(C)C1=NC(=C(S1)C2=NC(=NC=C2)N)C3=C(C(=CC=C3)NS(=O)(=O)C4=C(C=CC=C4F)F)F,CVCL_3881,CC(C)(C)c1nc(-c2cccc(NS(=O)(=O)c3c(F)cccc3F)c2F)c(-c2ccnc(N)n2)s1
1853,OF-1,"BRPF1B, BRPF2",1.2800984707786631,180,SU8686,CC1=C(C=CC(=C1)Br)S(=O)(=O)NC2=CC3=C(C=C2OC)N(C(=O)N3C)C,CVCL_3881,COc1cc2c(cc1NS(=O)(=O)c1ccc(Br)cc1C)n(C)c(=O)n2C
1576,IWP-2,PORCN,1.298401323332427,180,SU8686,CC1=CC2=C(C=C1)N=C(S2)NC(=O)CSC3=NC4=C(C(=O)N3C5=CC=CC=C5)SCC4,CVCL_3881,Cc1ccc2nc(NC(=O)CSc3nc4c(c(=O)n3-c3ccccc3)SCC4)sc2c1
1200,Fulvestrant,ESR,1.3095256845781909,180,SU8686,C[C@]12CC[C@H]3[C@H]([C@@H]1CC[C@@H]2O)[C@@H](CC4=C3C=CC(=C4)O)CCCCCCCCCS(=O)CCCC(C(F)(F)F)(F)F,CVCL_3881,C[C@]12CC[C@@H]3c4ccc(O)cc4C[C@@H](CCCCCCCCC[S+]([O-])CCCC(F)(F)C(F)(F)F)[C@H]3[C@@H]1CC[C@@H]2O
1924,Ipatasertib,"AKT1, AKT, AKT3",1.3571377476401494,180,SU8686,C[C@@H]1C[C@H](C2=C1C(=NC=N2)N3CCN(CC3)C(=O)[C@H](CNC(C)C)C4=CC=C(C=C4)Cl)O,CVCL_3881,CC(C)NC[C@@H](C(=O)N1CCN(c2ncnc3c2[C@H](C)C[C@H]3O)CC1)c1ccc(Cl)cc1
1237,EPZ004777,DOT1L,1.3578569252009371,180,SU8686,CC(C)N(CCCNC(=O)NC1=CC=C(C=C1)C(C)(C)C)C[C@@H]2[C@H]([C@H]([C@@H](O2)N3C=CC4=C(N=CN=C43)N)O)O,CVCL_3881,CC(C)N(CCCNC(=O)Nc1ccc(C(C)(C)C)cc1)C[C@H]1O[C@@H](n2ccc3c(N)ncnc32)[C@H](O)[C@@H]1O
1375,Temozolomide,DNA alkylating agent,1.3647662109288423,180,SU8686,CN1C(=O)N2C=NC(=C2N=N1)C(=O)N,CVCL_3881,Cn1nnc2c(C(N)=O)ncn2c1=O
1618,GSK2606414,PERK,1.3848889554747972,180,SU8686,CN1C=C(C2=C(N=CN=C21)N)C3=CC4=C(C=C3)N(CC4)C(=O)CC5=CC(=CC=C5)C(F)(F)F,CVCL_3881,Cn1cc(-c2ccc3c(c2)CCN3C(=O)Cc2cccc(C(F)(F)F)c2)c2c(N)ncnc21
2096,VX-11e,ERK2,1.414046456964685,180,SU8686,CC1=CN=C(N=C1C2=CNC(=C2)C(=O)N[C@H](CO)C3=CC(=CC=C3)Cl)NC4=C(C=C(C=C4)F)Cl,CVCL_3881,Cc1cnc(Nc2ccc(F)cc2Cl)nc1-c1c[nH]c(C(=O)N[C@H](CO)c2cccc(Cl)c2)c1
1199,Tamoxifen,ESR1,1.4212467770405757,180,SU8686,CC/C(=C(\C1=CC=CC=C1)/C2=CC=C(C=C2)OCCN(C)C)/C3=CC=CC=C3,CVCL_3881,CC/C(=C(\c1ccccc1)c1ccc(OCCN(C)C)cc1)c1ccccc1
1931,MIRA-1,TP53,1.4796085039717404,180,SU8686,CCC(=O)OCN1C(=O)C=CC1=O,CVCL_3881,CCC(=O)OCN1C(=O)C=CC1=O
1786,AZD4547,"FGFR1, FGFR2, FGFR3",1.4986814326215163,180,SU8686,C[C@@H]1CN(C[C@@H](N1)C)C2=CC=C(C=C2)C(=O)NC3=NNC(=C3)CCC4=CC(=CC(=C4)OC)OC,CVCL_3881,COc1cc(CCc2cc(NC(=O)c3ccc(N4C[C@H](C)N[C@H](C)C4)cc3)n[nH]2)cc(OC)c1
1049,PD173074,"FGFR1, FGFR2, FGFR3",1.5075574784626025,180,SU8686,CCN(CC)CCCCNC1=NC2=NC(=C(C=C2C=N1)C3=CC(=CC(=C3)OC)OC)NC(=O)NC(C)(C)C,CVCL_3881,CCN(CC)CCCCNc1ncc2cc(-c3cc(OC)cc(OC)c3)c(NC(=O)NC(C)(C)C)nc2n1
1908,Ulixertinib,"ERK1, ERK2",1.5220028134491537,180,SU8686,CC(C)NC1=NC=C(C(=C1)C2=CNC(=C2)C(=O)N[C@H](CO)C3=CC(=CC=C3)Cl)Cl,CVCL_3881,CC(C)Nc1cc(-c2c[nH]c(C(=O)N[C@H](CO)c3cccc(Cl)c3)c2)c(Cl)cn1
1615,CZC24832,PI3Kgamma,1.52511152784742,180,SU8686,CC(C)(C)NS(=O)(=O)C1=CN=CC(=C1)C2=CN3C(=NC(=N3)N)C(=C2)F,CVCL_3881,CC(C)(C)NS(=O)(=O)c1cncc(-c2cc(F)c3nc(N)nn3c2)c1
1010,Gefitinib,EGFR,1.528579913626772,180,SU8686,COC1=C(C=C2C(=C1)N=CN=C2NC3=CC(=C(C=C3)F)Cl)OCCCN4CCOCC4,CVCL_3881,COc1cc2ncnc(Nc3ccc(F)c(Cl)c3)c2cc1OCCCN1CCOCC1
1613,VE-822,ATR,1.5309045029250543,180,SU8686,CC(C)S(=O)(=O)C1=CC=C(C=C1)C2=CN=C(C(=N2)C3=CC(=NO3)C4=CC=C(C=C4)CNC)N,CVCL_3881,CNCc1ccc(-c2cc(-c3nc(-c4ccc(S(=O)(=O)C(C)C)cc4)cnc3N)on2)cc1
1578,Leflunomide,Pyrimidine synthesis inhibitor,1.5359287416489995,180,SU8686,CC1=C(C=NO1)C(=O)NC2=CC=C(C=C2)C(F)(F)F,CVCL_3881,Cc1oncc1C(=O)Nc1ccc(C(F)(F)F)cc1
1511,Epirubicin,Anthracycline,1.546081459251328,180,SU8686,C[C@H]1[C@@H]([C@H](C[C@@H](O1)O[C@H]2C[C@@](CC3=C2C(=C4C(=C3O)C(=O)C5=C(C4=O)C(=CC=C5)OC)O)(C(=O)CO)O)N)O,CVCL_3881,COc1cccc2c1C(=O)c1c(O)c3c(c(O)c1C2=O)C[C@@](O)(C(=O)CO)C[C@@H]3O[C@H]1C[C@H](N)[C@@H](O)[C@H](C)O1
1560,Alpelisib,PI3Kalpha,1.557116492447044,180,SU8686,CC1=C(SC(=N1)NC(=O)N2CCC[C@H]2C(=O)N)C3=CC(=NC=C3)C(C)(C)C(F)(F)F,CVCL_3881,Cc1nc(NC(=O)N2CCC[C@H]2C(N)=O)sc1-c1ccnc(C(C)(C)C(F)(F)F)c1
2046,MK-8776,"CHEK1, CHEK2, CDK2",1.5647545893416022,180,SU8686,CN1C=C(C=N1)C2=C3N=C(C(=C(N3N=C2)N)Br)C4CCCNC4,CVCL_3881,Cn1cc(-c2cnn3c(N)c(Br)c(C4CCCNC4)nc23)cn1
1930,Telomerase Inhibitor IX,Telomerase,1.565155024070134,180,SU8686,C1=CC(=CC(=C1)NC(=O)C2=C(C(=CC=C2)O)O)NC(=O)C3=C(C(=CC=C3)O)O,CVCL_3881,O=C(Nc1cccc(NC(=O)c2cccc(O)c2O)c1)c1cccc(O)c1O
1046,Wee1 Inhibitor,"WEE1, CHEK1",1.5705150223819613,180,SU8686,C1=CC=C(C(=C1)C2=CC3=C(C4=C(N3)C=CC(=C4)O)C5=C2C(=O)NC5=O)Cl,CVCL_3881,O=C1NC(=O)c2c1c(-c1ccccc1Cl)cc1[nH]c3ccc(O)cc3c21
1022,AZD7762,"CHEK1, CHEK2",1.5713285559508026,180,SU8686,C1C[C@@H](CNC1)NC(=O)C2=C(C=C(S2)C3=CC(=CC=C3)F)NC(=O)N,CVCL_3881,NC(=O)Nc1cc(-c2cccc(F)c2)sc1C(=O)N[C@H]1CCCNC1
1927,GSK2578215A,LRRK2,1.5800704049233203,180,SU8686,C1=CC=C(C=C1)COC2=C(C=C(C=C2)C3=CC(=NC=C3)F)C(=O)NC4=CN=CC=C4,CVCL_3881,O=C(Nc1cccnc1)c1cc(-c2ccnc(F)c2)ccc1OCc1ccccc1
1013,Nilotinib,ABL,1.5883637006830318,180,SU8686,CC1=C(C=C(C=C1)C(=O)NC2=CC(=CC(=C2)C(F)(F)F)N3C=C(N=C3)C)NC4=NC=CC(=N4)C5=CN=CC=C5,CVCL_3881,Cc1cn(-c2cc(NC(=O)c3ccc(C)c(Nc4nccc(-c5cccnc5)n4)c3)cc(C(F)(F)F)c2)cn1
1912,Afuresertib,"AKT1, AKT2, AKT3",1.5976023730212487,180,SU8686,CN1C(=C(C=N1)Cl)C2=C(SC(=C2)C(=O)N[C@@H](CC3=CC(=CC=C3)F)CN)Cl,CVCL_3881,Cn1ncc(Cl)c1-c1cc(C(=O)N[C@H](CN)Cc2cccc(F)c2)sc1Cl
1819,Docetaxel,Microtubule stabiliser,1.6218070523489674,180,SU8686,CC1=C2[C@H](C(=O)[C@@]3([C@H](C[C@@H]4[C@]([C@H]3[C@@H]([C@@](C2(C)C)(C[C@@H]1OC(=O)[C@@H]([C@H](C5=CC=CC=C5)NC(=O)OC(C)(C)C)O)O)OC(=O)C6=CC=CC=C6)(CO4)OC(=O)C)O)C)O,CVCL_3881,CC(=O)O[C@@]12CO[C@@H]1C[C@H](O)[C@@]1(C)C(=O)[C@H](O)C3=C(C)[C@@H](OC(=O)[C@H](O)[C@@H](NC(=O)OC(C)(C)C)c4ccccc4)C[C@@](O)([C@@H](OC(=O)c4ccccc4)[C@@H]12)C3(C)C
2109,AZ6102,"TNKS1, TNKS2",1.6289720578642546,180,SU8686,CCC1=CC2=C(C=C1OC(=O)C(C)(C)C)OC(=C(C2=O)OC3=CC=C(C=C3)I)C(F)(F)F,CVCL_3881,CCc1cc2c(=O)c(Oc3ccc(I)cc3)c(C(F)(F)F)oc2cc1OC(=O)C(C)(C)C
1849,Sabutoclax,"BCL2,  BCL-XL,  BFL1, MCL1",1.6297771192307997,180,SU8686,CC1=CC2=C(C(=C(C=C2C(=C1C3=C(C4=CC(=C(C(=C4C=C3C)C(=O)NC[C@H](C)C5=CC=CC=C5)O)O)O)O)O)O)C(=O)NC[C@H](C)C6=CC=CC=C6,CVCL_3881,Cc1cc2c(C(=O)NC[C@H](C)c3ccccc3)c(O)c(O)cc2c(O)c1-c1c(C)cc2c(C(=O)NC[C@H](C)c3ccccc3)c(O)c(O)cc2c1O
1259,Talazoparib,"PARP1, PARP2",1.6327280320870308,180,SU8686,CC(C)/C=N/NC(=O)C1=CC=C(C=C1)NC(=O)C,CVCL_3881,CC(=O)Nc1ccc(C(=O)N/N=C/C(C)C)cc1
2045,AMG-319,PI3K (beta sparing),1.6681284358993385,180,SU8686,C[C@@H](C1=C(N=C2C=C(C=CC2=C1)F)C3=CC=CC=N3)NC4=NC=NC5=C4NC=N5,CVCL_3881,C[C@H](Nc1ncnc2nc[nH]c12)c1cc2ccc(F)cc2nc1-c1ccccn1
1047,Nutlin-3a (-),MDM2,1.6744885442154187,180,SU8686,CC(C)OC1=C(C=CC(=C1)OC)C2=N[C@H]([C@H](N2C(=O)N3CCNC(=O)C3)C4=CC=C(C=C4)Cl)C5=CC=C(C=C5)Cl,CVCL_3881,COc1ccc(C2=N[C@@H](c3ccc(Cl)cc3)[C@@H](c3ccc(Cl)cc3)N2C(=O)N2CCNC(=O)C2)c(OC(C)C)c1
1926,GNE-317,PI3Kalpha,1.6941684036142053,180,SU8686,CC1=C(SC2=C1N=C(N=C2N3CCOCC3)C4=CN=C(N=C4)N)C5(COC5)OC,CVCL_3881,COC1(c2sc3c(N4CCOCC4)nc(-c4cnc(N)nc4)nc3c2C)COC1
2047,Ulixertinib,"ERK1, ERK2",1.7198813525172807,180,SU8686,CC(C)NC1=NC=C(C(=C1)C2=CNC(=C2)C(=O)N[C@H](CO)C3=CC(=CC=C3)Cl)Cl,CVCL_3881,CC(C)Nc1cc(-c2c[nH]c(C(=O)N[C@H](CO)c3cccc(Cl)c3)c2)c(Cl)cn1
1629,ML323,"USP1, UAF1",1.728448824815984,180,SU8686,CC1=CN=C(N=C1NCC2=CC=C(C=C2)N3C=CN=N3)C4=CC=CC=C4C(C)C,CVCL_3881,Cc1cnc(-c2ccccc2C(C)C)nc1NCc1ccc(-n2ccnn2)cc1
2111,VE821,ATR,1.748793186614294,180,SU8686,CS(=O)(=O)C1=CC=C(C=C1)C2=CN=C(C(=N2)C(=O)NC3=CC=CC=C3)N,CVCL_3881,CS(=O)(=O)c1ccc(-c2cnc(N)c(C(=O)Nc3ccccc3)n2)cc1
1933,P22077,"USP7, USP47",1.7737301784646429,180,SU8686,CC(=O)C1=CC(=C(S1)SC2=C(C=C(C=C2)F)F)[N+](=O)[O-],CVCL_3881,CC(=O)c1cc([N+](=O)[O-])c(Sc2ccc(F)cc2F)s1
1032,Afatinib,"ERBB2, EGFR",1.780013922690689,180,SU8686,CN(C)C/C=C/C(=O)NC1=C(C=C2C(=C1)C(=NC=N2)NC3=CC(=C(C=C3)F)Cl)O[C@H]4CCOC4,CVCL_3881,CN(C)C/C=C/C(=O)Nc1cc2c(Nc3ccc(F)c(Cl)c3)ncnc2cc1O[C@H]1CCOC1
1557,LCL161,"XIAP, IAP1, IAP2",1.7809572717668565,180,SU8686,C[C@@H](C(=O)N[C@@H](C1CCCCC1)C(=O)N2CCC[C@H]2C3=NC(=CS3)C(=O)C4=CC=C(C=C4)F)NC,CVCL_3881,CN[C@@H](C)C(=O)N[C@H](C(=O)N1CCC[C@H]1c1nc(C(=O)c2ccc(F)cc2)cs1)C1CCCCC1
1004,Vinblastine,Microtubule destabiliser,1.7910652560488287,180,SU8686,CC[C@@]1(CC2C[C@@](C3=C(CCN(C2)C1)C4=CC=CC=C4N3)(C5=C(C=C6C(=C5)[C@]78CCN9[C@H]7[C@@](C=CC9)([C@H]([C@@]([C@@H]8N6C)(C(=O)OC)O)OC(=O)C)CC)OC)C(=O)OC)O,CVCL_3881,CC[C@]1(O)CC2CN(CCc3c([nH]c4ccccc34)[C@@](C(=O)OC)(c3cc4c(cc3OC)N(C)[C@H]3[C@@](O)(C(=O)OC)[C@H](OC(C)=O)[C@]5(CC)C=CCN6CC[C@]43[C@@H]65)C2)C1
2107,LJI308,"RSK2, RSK1, RSK3",1.8197300607052915,180,SU8686,C1COCCN1C2=CC=C(C=C2)C3=C(C=NC=C3)C4=CC(=C(C(=C4)F)O)F,CVCL_3881,Oc1c(F)cc(-c2cnccc2-c2ccc(N3CCOCC3)cc2)cc1F
1561,Taselisib,PI3K (beta sparing),1.8214723947818343,180,SU8686,CC1=NN(C(=N1)C2=CN3CCOC4=C(C3=N2)C=CC(=C4)C5=CN(N=C5)C(C)(C)C(=O)N)C(C)C,CVCL_3881,Cc1nc(-c2cn3c(n2)-c2ccc(-c4cnn(C(C)(C)C(N)=O)c4)cc2OCC3)n(C(C)C)n1
1925,GDC0810,"ESR1, ESR2",1.8978899030801768,180,SU8686,CC/C(=C(/C1=CC=C(C=C1)/C=C/C(=O)O)\C2=CC3=C(C=C2)NN=C3)/C4=C(C=C(C=C4)F)Cl,CVCL_3881,CC/C(=C(/c1ccc(/C=C/C(=O)O)cc1)c1ccc2[nH]ncc2c1)c1ccc(F)cc1Cl
1916,AZD5363,"AKT1, AKT2, AKT3, ROCK2",1.899699847839594,180,SU8686,C1CN(CCC1(C(=O)N[C@@H](CCO)C2=CC=C(C=C2)Cl)N)C3=NC=NC4=C3C=CN4,CVCL_3881,NC1(C(=O)N[C@@H](CCO)c2ccc(Cl)cc2)CCN(c2ncnc3[nH]ccc23)CC1
1621,PCI-34051,"HDAC8, HDAC6, HDAC1",1.9203877848880948,180,SU8686,COC1=CC=C(C=C1)CN2C=CC3=C2C=C(C=C3)C(=O)NO,CVCL_3881,COc1ccc(Cn2ccc3ccc(C(=O)NO)cc32)cc1
1089,Oxaliplatin,DNA alkylating agent,1.932806968322836,180,SU8686,C1CC[C@H]([C@@H](C1)N)N.C(=O)(C(=O)O)O.[Pt],CVCL_3881,N[C@@H]1CCCC[C@H]1N
1085,Sorafenib,"PDGFR, KIT, VEGFR, RAF",1.9500953048947167,180,SU8686,CNC(=O)C1=NC=CC(=C1)OC2=CC=C(C=C2)NC(=O)NC3=CC(=C(C=C3)Cl)C(F)(F)F,CVCL_3881,CNC(=O)c1cc(Oc2ccc(NC(=O)Nc3ccc(Cl)c(C(F)(F)F)c3)cc2)ccn1
1007,Docetaxel,Microtubule stabiliser,1.9636746907218845,180,SU8686,CC1=C2[C@H](C(=O)[C@@]3([C@H](C[C@@H]4[C@]([C@H]3[C@@H]([C@@](C2(C)C)(C[C@@H]1OC(=O)[C@@H]([C@H](C5=CC=CC=C5)NC(=O)OC(C)(C)C)O)O)OC(=O)C6=CC=CC=C6)(CO4)OC(=O)C)O)C)O,CVCL_3881,CC(=O)O[C@@]12CO[C@@H]1C[C@H](O)[C@@]1(C)C(=O)[C@H](O)C3=C(C)[C@@H](OC(=O)[C@H](O)[C@@H](NC(=O)OC(C)(C)C)c4ccccc4)C[C@@](O)([C@@H](OC(=O)c4ccccc4)[C@@H]12)C3(C)C
1441,AZD2014,"mTORC1, mTORC2",1.9682344742441813,180,SU8686,C[C@H]1COCCN1C2=NC(=NC3=C2C=CC(=N3)C4=CC(=CC=C4)C(=O)NC)N5CCOC[C@@H]5C,CVCL_3881,CNC(=O)c1cccc(-c2ccc3c(N4CCOC[C@@H]4C)nc(N4CCOC[C@@H]4C)nc3n2)c1
1873,Buparlisib,"PI3Kalpha, PI3Kdelta, PI3Kbeta, PI3Kgamma",1.9747469704377547,180,SU8686,C1COCCN1C2=NC(=NC(=C2)C3=CN=C(C=C3C(F)(F)F)N)N4CCOCC4,CVCL_3881,Nc1cc(C(F)(F)F)c(-c2cc(N3CCOCC3)nc(N3CCOCC3)n2)cn1
1250,AZ960,"JAK2, JAK3",1.9845512350228125,180,SU8686,CC1=CC(=NN1)NC2=C(C=C(C(=N2)N[C@@H](C)C3=CC=C(C=C3)F)C#N)F,CVCL_3881,Cc1cc(Nc2nc(N[C@@H](C)c3ccc(F)cc3)c(C#N)cc2F)n[nH]1
1006,Cytarabine,Antimetabolite,2.017204066345164,180,SU8686,C1=CN(C(=O)N=C1N)[C@H]2[C@H]([C@@H]([C@H](O2)CO)O)O,CVCL_3881,Nc1ccn([C@@H]2O[C@H](CO)[C@@H](O)[C@@H]2O)c(=O)n1
1622,Wnt-C59,PORCN,2.067072191795336,180,SU8686,CC1=NC=CC(=C1)C2=CC=C(C=C2)CC(=O)NC3=CC=C(C=C3)C4=CN=CC=C4,CVCL_3881,Cc1cc(-c2ccc(CC(=O)Nc3ccc(-c4cccnc4)cc3)cc2)ccn1
1180,Dinaciclib,"CDK1, CDK2, CDK5, CDK9",2.0753151734287543,180,SU8686,CCC1=C2N=C(C=C(N2N=C1)NCC3=C[N+](=CC=C3)[O-])N4CCCC[C@H]4CCO,CVCL_3881,CCc1cnn2c(NCc3ccc[n+]([O-])c3)cc(N3CCCC[C@H]3CCO)nc12
1179,MK-1775,"WEE1, PLK1",2.0945474931579366,180,SU8686,CC(C)(C1=NC(=CC=C1)N2C3=NC(=NC=C3C(=O)N2CC=C)NC4=CC=C(C=C4)N5CCN(CC5)C)O,CVCL_3881,C=CCn1c(=O)c2cnc(Nc3ccc(N4CCN(C)CC4)cc3)nc2n1-c1cccc(C(C)(C)O)n1
1093,GSK1904529A,"IGF1R, IR",2.097067305717017,180,SU8686,CCC1=CC(=C(C=C1N2CCC(CC2)N3CCN(CC3)S(=O)(=O)C)OC)NC4=NC=CC(=N4)C5=C(N=C6N5C=CC=C6)C7=CC(=C(C=C7)OC)C(=O)NC8=C(C=CC=C8F)F,CVCL_3881,CCc1cc(Nc2nccc(-c3c(-c4ccc(OC)c(C(=O)Nc5c(F)cccc5F)c4)nc4ccccn34)n2)c(OC)cc1N1CCC(N2CCN(S(C)(=O)=O)CC2)CC1
2044,Pyridostatin,G-quadruplex stabiliser,2.108090031640467,180,SU8686,C1=CC=C2C(=C1)C(=CC(=N2)NC(=O)C3=CC(=CC(=N3)C(=O)NC4=NC5=CC=CC=C5C(=C4)OCCN)OCCN)OCCN,CVCL_3881,NCCOc1cc(C(=O)Nc2cc(OCCN)c3ccccc3n2)nc(C(=O)Nc2cc(OCCN)c3ccccc3n2)c1
1080,Paclitaxel,Microtubule stabiliser,2.136460168718516,180,SU8686,CC1=C2[C@H](C(=O)[C@@]3([C@H](C[C@@H]4[C@]([C@H]3[C@@H]([C@@](C2(C)C)(C[C@@H]1OC(=O)[C@@H]([C@H](C5=CC=CC=C5)NC(=O)C6=CC=CC=C6)O)O)OC(=O)C7=CC=CC=C7)(CO4)OC(=O)C)O)C)OC(=O)C,CVCL_3881,CC(=O)O[C@H]1C(=O)[C@]2(C)[C@@H](O)C[C@H]3OC[C@@]3(OC(C)=O)[C@H]2[C@H](OC(=O)c2ccccc2)[C@]2(O)C[C@H](OC(=O)[C@H](O)[C@@H](NC(=O)c3ccccc3)c3ccccc3)C(C)=C1C2(C)C
2040,Foretinib,"MET, KDR, TIE2, VEGFR3/FLT4, RON, PDGFR, FGFR1, EGFR",2.136516776150544,180,SU8686,COC1=CC2=C(C=CN=C2C=C1OCCCN3CCOCC3)OC4=C(C=C(C=C4)NC(=O)C5(CC5)C(=O)NC6=CC=C(C=C6)F)F,CVCL_3881,COc1cc2c(Oc3ccc(NC(=O)C4(C(=O)Nc5ccc(F)cc5)CC4)cc3F)ccnc2cc1OCCCN1CCOCC1
1190,Gemcitabine,Pyrimidine antimetabolite,2.1375386341200904,180,SU8686,C1=CN(C(=O)N=C1N)[C@H]2C([C@@H]([C@H](O2)CO)O)(F)F,CVCL_3881,Nc1ccn([C@@H]2O[C@H](CO)[C@@H](O)C2(F)F)c(=O)n1
1088,Irinotecan,TOP1,2.154216712050129,180,SU8686,CCC1=C2CN3C(=CC4=C(C3=O)COC(=O)[C@@]4(CC)O)C2=NC5=C1C=C(C=C5)OC(=O)N6CCC(CC6)N7CCCCC7,CVCL_3881,CCc1c2c(nc3ccc(OC(=O)N4CCC(N5CCCCC5)CC4)cc13)-c1cc3c(c(=O)n1C2)COC(=O)[C@]3(O)CC
1051,Alisertib,AURKA,2.19115066933948,180,SU8686,COC1=C(C(=CC=C1)F)C2=NCC3=CN=C(N=C3C4=C2C=C(C=C4)Cl)NC5=CC(=C(C=C5)C(=O)O)OC,CVCL_3881,COc1cc(Nc2ncc3c(n2)-c2ccc(Cl)cc2C(c2c(F)cccc2OC)=NC3)ccc1C(=O)O
1928,I-BRD9,BRD9,2.192534275269512,180,SU8686,CCN1C=C(C2=C(C1=O)C=C(S2)C(=NC3CCS(=O)(=O)CC3)N)C4=CC(=CC=C4)C(F)(F)F,CVCL_3881,CCn1cc(-c2cccc(C(F)(F)F)c2)c2sc(C(N)=NC3CCS(=O)(=O)CC3)cc2c1=O
1563,EPZ5676,DOT1L,2.204736091667684,180,SU8686,CC(C)N(C[C@@H]1[C@H]([C@H]([C@@H](O1)N2C=NC3=C(N=CN=C32)N)O)O)C4CC(C4)CCC5=NC6=C(N5)C=C(C=C6)C(C)(C)C,CVCL_3881,CC(C)N(C[C@H]1O[C@@H](n2cnc3c(N)ncnc32)[C@H](O)[C@@H]1O)C1CC(CCc2nc3ccc(C(C)(C)C)cc3[nH]2)C1
1620,PFI3,"Polybromo 1, SMARCA4, SMARCA2",2.215087672814964,180,SU8686,C1[C@@H]2CN([C@H]1CN2C3=CC=CC=N3)/C=C/C(=O)C4=CC=CC=C4O,CVCL_3881,O=C(/C=C/N1C[C@H]2C[C@@H]1CN2c1ccccn1)c1ccccc1O
1003,Camptothecin,TOP1,2.2158546372609016,180,SU8686,CC[C@@]1(C2=C(COC1=O)C(=O)N3CC4=CC5=CC=CC=C5N=C4C3=C2)O,CVCL_3881,CC[C@@]1(O)C(=O)OCc2c1cc1n(c2=O)Cc2cc3ccccc3nc2-1
1559,Luminespib,HSP90,2.2275339647090666,180,SU8686,CN1C2=CC=CC=C2C(C1=O)(CC(=O)C3=CC=C(C=C3)Cl)O,CVCL_3881,CN1C(=O)C(O)(CC(=O)c2ccc(Cl)cc2)c2ccccc21
1084,Rapamycin,MTORC1,2.230241058262052,180,SU8686,CC1=NC(=C(N1)[N+](=O)[O-])N(CCN2CCOCC2)CC3=CC=CC=C3F,CVCL_3881,Cc1nc(N(CCN2CCOCC2)Cc2ccccc2F)c([N+](=O)[O-])[nH]1
1594,OSI-027,"MTORC1, MTORC2",2.2328478945861887,180,SU8686,C[C@@]1\2CC[C@H](C1(C)C)C/C2=N\NC(=O)C3=CC=C(C=C3)S(=O)(=O)N4CCCCCC4,CVCL_3881,CC1(C)[C@H]2CC[C@@]1(C)/C(=N/NC(=O)c1ccc(S(=O)(=O)N3CCCCCC3)cc1)C2
1131,PRIMA-1MET,TP53 activation,2.245304357426594,180,SU8686,COCC1(C(=O)C2CCN1CC2)CO,CVCL_3881,COCC1(CO)C(=O)C2CCN1CC2
1177,Niraparib,"PARP1, PARP2",2.2684609328675025,180,SU8686,C1C[C@H](CNC1)C2=CC=C(C=C2)N3C=C4C=CC=C(C4=N3)C(=O)N,CVCL_3881,NC(=O)c1cccc2cn(-c3ccc([C@@H]4CCCNC4)cc3)nc12
1057,Dactolisib,"PI3K (class 1), MTORC1, MTORC2",2.3528398464942515,180,SU8686,CC(C)(C#N)C1=CC=C(C=C1)N2C3=C4C=C(C=CC4=NC=C3N(C2=O)C)C5=CC6=CC=CC=C6N=C5,CVCL_3881,Cn1c(=O)n(-c2ccc(C(C)(C)C#N)cc2)c2c3cc(-c4cnc5ccccc5c4)ccc3ncc21
1854,MN-64,"TNKS1, TNKS2",2.362674301675189,180,SU8686,CC(C)C1=CC=C(C=C1)C2=CC(=O)C3=CC=CC=C3O2,CVCL_3881,CC(C)c1ccc(-c2cc(=O)c3ccccc3o2)cc1
1507,Ruxolitinib,"JAK1, JAK2",2.3661775649838868,180,SU8686,C1CCC(C1)[C@@H](CC#N)N2C=C(C=N2)C3=C4C=CNC4=NC=N3,CVCL_3881,N#CC[C@H](C1CCCC1)n1cc(-c2ncnc3[nH]ccc23)cn1
1625,RVX-208,BRD4,2.430464347788805,180,SU8686,C1=CC(=C(C=C1N=C=O)F)F,CVCL_3881,O=C=Nc1ccc(F)c(F)c1
2170,AT13148,AKT1,2.4396593740124057,180,SU8686,C1=CC(=CC=C1C2=CNN=C2)[C@@](CN)(C3=CC=C(C=C3)Cl)O,CVCL_3881,NC[C@@](O)(c1ccc(Cl)cc1)c1ccc(-c2cn[nH]c2)cc1
1083,Crizotinib,"MET, ALK, ROS1",2.4654648792526355,180,SU8686,C[C@H](C1=C(C=CC(=C1Cl)F)Cl)OC2=C(N=CC(=C2)C3=CN(N=C3)C4CCNCC4)N,CVCL_3881,C[C@@H](Oc1cc(-c2cnn(C3CCNCC3)c2)cnc1N)c1c(Cl)ccc(F)c1Cl
1939,UMI-77,MCL1,2.47287973697438,180,SU8686,C1=CC=C2C(=C1)C(=CC(=C2O)SCC(=O)O)NS(=O)(=O)C3=CC=C(C=C3)Br,CVCL_3881,O=C(O)CSc1cc(NS(=O)(=O)c2ccc(Br)cc2)c2ccccc2c1O
1558,Lapatinib,"EGFR, ERBB2",2.4729321586585056,180,SU8686,CS(=O)(=O)CCNCC1=CC=C(O1)C2=CC3=C(C=C2)N=CN=C3NC4=CC(=C(C=C4)OCC5=CC(=CC=C5)F)Cl,CVCL_3881,CS(=O)(=O)CCNCc1ccc(-c2ccc3ncnc(Nc4ccc(OCc5cccc(F)c5)c(Cl)c4)c3c2)o1
1073,5-Fluorouracil,Antimetabolite (DNA & RNA),2.4952837498068434,180,SU8686,C1=C(C(=O)NC(=O)N1)F,CVCL_3881,O=c1[nH]cc(F)c(=O)[nH]1
1058,Pictilisib,PI3K (class 1),2.503292488438453,180,SU8686,CS(=O)(=O)N1CCN(CC1)CC2=CC3=C(S2)C(=NC(=N3)C4=C5C=NNC5=CC=C4)N6CCOCC6,CVCL_3881,CS(=O)(=O)N1CCN(Cc2cc3nc(-c4cccc5[nH]ncc45)nc(N4CCOCC4)c3s2)CC1
1627,GSK343,EZH2,2.5268432693155485,180,SU8686,CCCC1=C(C(=O)NC(=C1)C)CNC(=O)C2=C3C=NN(C3=CC(=C2)C4=CC(=NC=C4)N5CCN(CC5)C)C(C)C,CVCL_3881,CCCc1cc(C)[nH]c(=O)c1CNC(=O)c1cc(-c2ccnc(N3CCN(C)CC3)c2)cc2c1cnn2C(C)C
2106,Uprosertib,"AKT1, AKT2, AKT3",2.526931518641824,180,SU8686,CN1C(=C(C=N1)Cl)C2=C(OC(=C2)C(=O)N[C@@H](CC3=CC(=C(C=C3)F)F)CN)Cl,CVCL_3881,Cn1ncc(Cl)c1-c1cc(C(=O)N[C@H](CN)Cc2ccc(F)c(F)c2)oc1Cl
2048,Vinorelbine,Microtubule destabiliser,2.5410751118272272,180,SU8686,CCC1=C[C@H]2C[C@@](C3=C(CN(C2)C1)C4=CC=CC=C4N3)(C5=C(C=C6C(=C5)[C@]78CCN9[C@H]7[C@@](C=CC9)([C@H]([C@@]([C@@H]8N6C)(C(=O)OC)O)OC(=O)C)CC)OC)C(=O)OC,CVCL_3881,CCC1=C[C@@H]2CN(C1)Cc1c([nH]c3ccccc13)[C@@](C(=O)OC)(c1cc3c(cc1OC)N(C)[C@H]1[C@@](O)(C(=O)OC)[C@H](OC(C)=O)[C@]4(CC)C=CCN5CC[C@]31[C@@H]54)C2
1510,Linsitinib,IGF1R,2.577217341877121,180,SU8686,CC1(CC(C1)C2=NC(=C3N2C=CN=C3N)C4=CC5=C(C=C4)C=CC(=N5)C6=CC=CC=C6)O,CVCL_3881,CC1(O)CC(c2nc(-c3ccc4ccc(-c5ccccc5)nc4c3)c3c(N)nccn23)C1
1706,AZD5153,BRD4,2.594671185362147,180,SU8686,C[C@@H]1C(=O)N(CCN1CCOC2=CC=C(C=C2)C3CCN(CC3)C4=NN5C(=NN=C5OC)C=C4)C,CVCL_3881,COc1nnc2ccc(N3CCC(c4ccc(OCCN5CCN(C)C(=O)[C@H]5C)cc4)CC3)nn12
1634,AGI-6780,IDH2 R140Q mutant,2.596164929015196,180,SU8686,C1CC1NS(=O)(=O)C2=CC(=C(C=C2)C3=CSC=C3)NC(=O)NC4=CC=CC(=C4)C(F)(F)F,CVCL_3881,O=C(Nc1cccc(C(F)(F)F)c1)Nc1cc(S(=O)(=O)NC2CC2)ccc1-c1ccsc1
1614,WZ4003,"NUAK1, NUAK2",2.626375591265122,180,SU8686,CCC(=O)NC1=CC(=CC=C1)OC2=NC(=NC=C2Cl)NC3=C(C=C(C=C3)N4CCN(CC4)C)OC,CVCL_3881,CCC(=O)Nc1cccc(Oc2nc(Nc3ccc(N4CCN(C)CC4)cc3OC)ncc2Cl)c1
1631,PRT062607,SYK,2.7013504395448664,180,SU8686,C1CC[C@H]([C@H](C1)N)NC2=NC=C(C(=N2)NC3=CC(=CC=C3)N4N=CC=N4)C(=O)N,CVCL_3881,NC(=O)c1cnc(N[C@@H]2CCCC[C@@H]2N)nc1Nc1cccc(-n2nccn2)c1
1553,Uprosertib,"AKT1, AKT2, AKT3",2.8239418670229632,180,SU8686,CN1C(=C(C=N1)Cl)C2=C(OC(=C2)C(=O)N[C@@H](CC3=CC(=C(C=C3)F)F)CN)Cl,CVCL_3881,Cn1ncc(Cl)c1-c1cc(C(=O)N[C@H](CN)Cc2ccc(F)c(F)c2)oc1Cl
1249,BMS-345541,"IKK-1, IKK-2",2.8365194459562018,180,SU8686,CC1=CC2=C(C=C1)N=C(C3=NC=C(N23)C)NCCN.Cl,CVCL_3881,Cc1ccc2nc(NCCN)c3ncc(C)n3c2c1
1932,NVP-ADW742,IGF1R,2.861525014223775,180,SU8686,C1CCN(C1)CC2CC(C2)N3C=C(C4=C(N=CN=C43)N)C5=CC(=CC=C5)OCC6=CC=CC=C6,CVCL_3881,Nc1ncnc2c1c(-c1cccc(OCc3ccccc3)c1)cn2C1CC(CN2CCCC2)C1
1054,Palbociclib,"CDK4, CDK6",2.8885809486144054,180,SU8686,CC1=C(C(=O)N(C2=NC(=NC=C12)NC3=NC=C(C=C3)N4CCNCC4)C5CCCC5)C(=O)C,CVCL_3881,CC(=O)c1c(C)c2cnc(Nc3ccc(N4CCNCC4)cn3)nc2n(C2CCCC2)c1=O
1593,Entinostat,"HDAC1, HDAC3",2.9387770500741204,180,SU8686,C1=CC=C(C(=C1)N)NC(=O)C2=CC=C(C=C2)CNC(=O)OCC3=CN=CC=C3,CVCL_3881,Nc1ccccc1NC(=O)c1ccc(CNC(=O)OCc2cccnc2)cc1
1624,I-BET-762,"BRD2, BRD3, BRD4",2.941977894379816,180,SU8686,CCNC(=O)C[C@H]1C2=NN=C(N2C3=C(C=C(C=C3)OC)C(=N1)C4=CC=C(C=C4)Cl)C,CVCL_3881,CCNC(=O)C[C@@H]1N=C(c2ccc(Cl)cc2)c2cc(OC)ccc2-n2c(C)nnc21
1626,OTX015,"BRD2, BRD3, BRD4",2.9640743964883143,180,SU8686,CC1=C(SC2=C1C(=N[C@H](C3=NN=C(N32)C)CC(=O)NC4=CC=C(C=C4)O)C5=CC=C(C=C5)Cl)C,CVCL_3881,Cc1sc2c(c1C)C(c1ccc(Cl)cc1)=N[C@@H](CC(=O)Nc1ccc(O)cc1)c1nnc(C)n1-2
1053,MK-2206,"AKT1, AKT2",3.054807107264655,180,SU8686,C1CC(C1)(C2=CC=C(C=C2)C3=C(C=C4C(=N3)C=CN5C4=NNC5=O)C6=CC=CC=C6)N.Cl.Cl,CVCL_3881,NC1(c2ccc(-c3nc4ccn5c(=O)[nH]nc5c4cc3-c3ccccc3)cc2)CCC1
1012,Vorinostat,"HDAC inhibitor Class I, IIa, IIb, IV",4.296715577979249,180,SU8686,C1=CC=C(C=C1)NC(=O)CCCCCCC(=O)NO,CVCL_3881,O=C(CCCCCCC(=O)Nc1ccccc1)NO
1068,Obatoclax Mesylate,"BCL2, BCL-XL, BCL-W, MCL1",4.384494810214096,180,SU8686,CC1=CC(=C(N1)/C=C\2/C(=C/C(=C/3\C=C4C=CC=CC4=N3)/N2)OC)C,CVCL_3881,COc1c/c(=C2\C=c3ccccc3=N2)[nH]/c1=C\c1[nH]c(C)cc1C
1736,Selumetinib,"MEK1, MEK2",-0.5260638305913273,180,SUIT2,CN1C=NC2=C1C=C(C(=C2F)NC3=C(C=C(C=C3)Br)Cl)C(=O)NOCCO,CVCL_3172,Cn1cnc2c(F)c(Nc3ccc(Br)cc3Cl)c(C(=O)NOCCO)cc21
1578,Leflunomide,Pyrimidine synthesis inhibitor,-0.2516223902677981,180,SUIT2,CC1=C(C=NO1)C(=O)NC2=CC=C(C=C2)C(F)(F)F,CVCL_3172,Cc1oncc1C(=O)Nc1ccc(C(F)(F)F)cc1
1372,Trametinib,"MEK1, MEK2",-0.1938864970989386,180,SUIT2,CC1=C2C(=C(N(C1=O)C)NC3=C(C=C(C=C3)I)F)C(=O)N(C(=O)N2C4=CC=CC(=C4)NC(=O)C)C5CC5,CVCL_3172,CC(=O)Nc1cccc(-n2c(=O)n(C3CC3)c(=O)c3c(Nc4ccc(I)cc4F)n(C)c(=O)c(C)c32)c1
1179,MK-1775,"WEE1, PLK1",-0.1521788073583822,180,SUIT2,CC(C)(C1=NC(=CC=C1)N2C3=NC(=NC=C3C(=O)N2CC=C)NC4=CC=C(C=C4)N5CCN(CC5)C)O,CVCL_3172,C=CCn1c(=O)c2cnc(Nc3ccc(N4CCN(C)CC4)cc3)nc2n1-c1cccc(C(C)(C)O)n1
1259,Talazoparib,"PARP1, PARP2",-0.1342034825014969,180,SUIT2,CC(C)/C=N/NC(=O)C1=CC=C(C=C1)NC(=O)C,CVCL_3172,CC(=O)Nc1ccc(C(=O)N/N=C/C(C)C)cc1
1634,AGI-6780,IDH2 R140Q mutant,-0.1300578991693874,180,SUIT2,C1CC1NS(=O)(=O)C2=CC(=C(C=C2)C3=CSC=C3)NC(=O)NC4=CC=CC(=C4)C(F)(F)F,CVCL_3172,O=C(Nc1cccc(C(F)(F)F)c1)Nc1cc(S(=O)(=O)NC2CC2)ccc1-c1ccsc1
1003,Camptothecin,TOP1,-0.0683726350549424,180,SUIT2,CC[C@@]1(C2=C(COC1=O)C(=O)N3CC4=CC5=CC=CC=C5N=C4C3=C2)O,CVCL_3172,CC[C@@]1(O)C(=O)OCc2c1cc1n(c2=O)Cc2cc3ccccc3nc2-1
1940,WIKI4,"TNKS1, TNKS2",-0.0597110447294186,180,SUIT2,COC1=CC=C(C=C1)N2C(=NN=C2SCCCN3C(=O)C4=CC=CC5=C4C(=CC=C5)C3=O)C6=CC=NC=C6,CVCL_3172,COc1ccc(-n2c(SCCCN3C(=O)c4cccc5cccc(c45)C3=O)nnc2-c2ccncc2)cc1
1068,Obatoclax Mesylate,"BCL2, BCL-XL, BCL-W, MCL1",-0.059634207437562,180,SUIT2,CC1=CC(=C(N1)/C=C\2/C(=C/C(=C/3\C=C4C=CC=CC4=N3)/N2)OC)C,CVCL_3172,COc1c/c(=C2\C=c3ccccc3=N2)[nH]/c1=C\c1[nH]c(C)cc1C
1939,UMI-77,MCL1,0.0311446159727138,180,SUIT2,C1=CC=C2C(=C1)C(=CC(=C2O)SCC(=O)O)NS(=O)(=O)C3=CC=C(C=C3)Br,CVCL_3172,O=C(O)CSc1cc(NS(=O)(=O)c2ccc(Br)cc2)c2ccccc2c1O
1177,Niraparib,"PARP1, PARP2",0.0373868085375849,180,SUIT2,C1C[C@H](CNC1)C2=CC=C(C=C2)N3C=C4C=CC=C(C4=N3)C(=O)N,CVCL_3172,NC(=O)c1cccc2cn(-c3ccc([C@@H]4CCCNC4)cc3)nc12
1190,Gemcitabine,Pyrimidine antimetabolite,0.0530208299979223,180,SUIT2,C1=CN(C(=O)N=C1N)[C@H]2C([C@@H]([C@H](O2)CO)O)(F)F,CVCL_3172,Nc1ccn([C@@H]2O[C@H](CO)[C@@H](O)C2(F)F)c(=O)n1
1088,Irinotecan,TOP1,0.1324362354331454,180,SUIT2,CCC1=C2CN3C(=CC4=C(C3=O)COC(=O)[C@@]4(CC)O)C2=NC5=C1C=C(C=C5)OC(=O)N6CCC(CC6)N7CCCCC7,CVCL_3172,CCc1c2c(nc3ccc(OC(=O)N4CCC(N5CCCCC5)CC4)cc13)-c1cc3c(c(=O)n1C2)COC(=O)[C@]3(O)CC
1913,AGI-5198,IDH1 (R132H),0.1622120473345878,180,SUIT2,CC1=CC=CC=C1C(C(=O)NC2CCCCC2)N(C3=CC(=CC=C3)F)C(=O)CN4C=CN=C4C,CVCL_3172,Cc1ccccc1C(C(=O)NC1CCCCC1)N(C(=O)Cn1ccnc1C)c1cccc(F)c1
1529,Pevonedistat,NAE,0.1663235611656889,180,SUIT2,C1CC2=CC=CC=C2[C@H]1NC3=C4C=CN(C4=NC=N3)[C@@H]5C[C@H]([C@H](C5)O)COS(=O)(=O)N,CVCL_3172,NS(=O)(=O)OC[C@@H]1C[C@@H](n2ccc3c(N[C@H]4CCc5ccccc54)ncnc32)C[C@@H]1O
1941,Sepantronium bromide,BIRC5,0.1702157125075078,180,SUIT2,CC1=[N+](C2=C(N1CCOC)C(=O)C3=CC=CC=C3C2=O)CC4=NC=CN=C4.[Br-],CVCL_3172,COCCn1c2c([n+](Cc3cnccn3)c1C)C(=O)c1ccccc1C2=O
2046,MK-8776,"CHEK1, CHEK2, CDK2",0.2139367795882951,180,SUIT2,CN1C=C(C=N1)C2=C3N=C(C(=C(N3N=C2)N)Br)C4CCCNC4,CVCL_3172,Cn1cc(-c2cnn3c(N)c(Br)c(C4CCCNC4)nc23)cn1
1089,Oxaliplatin,DNA alkylating agent,0.2337909372118709,180,SUIT2,C1CC[C@H]([C@@H](C1)N)N.C(=O)(C(=O)O)O.[Pt],CVCL_3172,N[C@@H]1CCCC[C@H]1N
1629,ML323,"USP1, UAF1",0.2732983093244647,180,SUIT2,CC1=CN=C(N=C1NCC2=CC=C(C=C2)N3C=CN=N3)C4=CC=CC=C4C(C)C,CVCL_3172,Cc1cnc(-c2ccccc2C(C)C)nc1NCc1ccc(-n2ccnn2)cc1
1006,Cytarabine,Antimetabolite,0.2763676876908034,180,SUIT2,C1=CN(C(=O)N=C1N)[C@H]2[C@H]([C@@H]([C@H](O2)CO)O)O,CVCL_3172,Nc1ccn([C@@H]2O[C@H](CO)[C@@H](O)[C@@H]2O)c(=O)n1
1511,Epirubicin,Anthracycline,0.3009798811647551,180,SUIT2,C[C@H]1[C@@H]([C@H](C[C@@H](O1)O[C@H]2C[C@@](CC3=C2C(=C4C(=C3O)C(=O)C5=C(C4=O)C(=CC=C5)OC)O)(C(=O)CO)O)N)O,CVCL_3172,COc1cccc2c1C(=O)c1c(O)c3c(c(O)c1C2=O)C[C@@](O)(C(=O)CO)C[C@@H]3O[C@H]1C[C@H](N)[C@@H](O)[C@H](C)O1
1564,SCH772984,"ERK1, ERK2",0.3019629920194782,180,SUIT2,C1CN(C[C@@H]1C(=O)NC2=CC3=C(C=C2)NN=C3C4=CC=NC=C4)CC(=O)N5CCN(CC5)C6=CC=C(C=C6)C7=NC=CC=N7,CVCL_3172,O=C(Nc1ccc2[nH]nc(-c3ccncc3)c2c1)[C@@H]1CCN(CC(=O)N2CCN(c3ccc(-c4ncccn4)cc3)CC2)C1
1926,GNE-317,PI3Kalpha,0.3349628163003069,180,SUIT2,CC1=C(SC2=C1N=C(N=C2N3CCOCC3)C4=CN=C(N=C4)N)C5(COC5)OC,CVCL_3172,COC1(c2sc3c(N4CCOCC4)nc(-c4cnc(N)nc4)nc3c2C)COC1
1936,Savolitinib,MET,0.3460841695699979,180,SUIT2,C[C@@H](C1=CN2C=CN=C2C=C1)N3C4=NC(=CN=C4N=N3)C5=CN(N=C5)C,CVCL_3172,C[C@@H](c1ccc2nccn2c1)n1nnc2ncc(-c3cnn(C)c3)nc21
1908,Ulixertinib,"ERK1, ERK2",0.3488484029913436,180,SUIT2,CC(C)NC1=NC=C(C(=C1)C2=CNC(=C2)C(=O)N[C@H](CO)C3=CC(=CC=C3)Cl)Cl,CVCL_3172,CC(C)Nc1cc(-c2c[nH]c(C(=O)N[C@H](CO)c3cccc(Cl)c3)c2)c(Cl)cn1
1909,Venetoclax,BCL2,0.3712942652061037,180,SUIT2,CC1(CCC(=C(C1)C2=CC=C(C=C2)Cl)CN3CCN(CC3)C4=CC(=C(C=C4)C(=O)NS(=O)(=O)C5=CC(=C(C=C5)NCC6CCOCC6)[N+](=O)[O-])OC7=CN=C8C(=C7)C=CN8)C,CVCL_3172,CC1(C)CCC(CN2CCN(c3ccc(C(=O)NS(=O)(=O)c4ccc(NCC5CCOCC5)c([N+](=O)[O-])c4)c(Oc4cnc5[nH]ccc5c4)c3)CC2)=C(c2ccc(Cl)cc2)C1
1017,Olaparib,"PARP1, PARP2",0.4276086388894837,180,SUIT2,C1CC1C(=O)N2CCN(CC2)C(=O)C3=C(C=CC(=C3)CC4=NNC(=O)C5=CC=CC=C54)F,CVCL_3172,O=C(c1cc(Cc2n[nH]c(=O)c3ccccc23)ccc1F)N1CCN(C(=O)C2CC2)CC1
1706,AZD5153,BRD4,0.4515407927492143,180,SUIT2,C[C@@H]1C(=O)N(CCN1CCOC2=CC=C(C=C2)C3CCN(CC3)C4=NN5C(=NN=C5OC)C=C4)C,CVCL_3172,COc1nnc2ccc(N3CCC(c4ccc(OCCN5CCN(C)C(=O)[C@H]5C)cc4)CC3)nn12
1093,GSK1904529A,"IGF1R, IR",0.4755574385800518,180,SUIT2,CCC1=CC(=C(C=C1N2CCC(CC2)N3CCN(CC3)S(=O)(=O)C)OC)NC4=NC=CC(=N4)C5=C(N=C6N5C=CC=C6)C7=CC(=C(C=C7)OC)C(=O)NC8=C(C=CC=C8F)F,CVCL_3172,CCc1cc(Nc2nccc(-c3c(-c4ccc(OC)c(C(=O)Nc5c(F)cccc5F)c4)nc4ccccn34)n2)c(OC)cc1N1CCC(N2CCN(S(C)(=O)=O)CC2)CC1
1997,WEHI-539,BCL-XL,0.4873584742340906,180,SUIT2,C1CC2=C(C=C(C=C2)C3=NC(=C(S3)CCCOC4=CC=C(C=C4)CN)C(=O)O)/C(=N/NC5=NC6=CC=CC=C6S5)/C1,CVCL_3172,NCc1ccc(OCCCc2sc(-c3ccc4c(c3)/C(=N/Nc3nc5ccccc5s3)CCC4)nc2C(=O)O)cc1
1626,OTX015,"BRD2, BRD3, BRD4",0.5103825162474936,180,SUIT2,CC1=C(SC2=C1C(=N[C@H](C3=NN=C(N32)C)CC(=O)NC4=CC=C(C=C4)O)C5=CC=C(C=C5)Cl)C,CVCL_3172,Cc1sc2c(c1C)C(c1ccc(Cl)cc1)=N[C@@H](CC(=O)Nc1ccc(O)cc1)c1nnc(C)n1-2
1060,PD0325901,"MEK1, MEK2",0.513520535165634,180,SUIT2,C1=CC(=C(C=C1I)F)NC2=C(C=CC(=C2F)F)C(=O)NOC[C@@H](CO)O,CVCL_3172,O=C(NOC[C@H](O)CO)c1ccc(F)c(F)c1Nc1ccc(I)cc1F
1917,AZD6738,ATR,0.5308257039484129,180,SUIT2,C[C@@H]1COCCN1C2=NC(=NC(=C2)C3(CC3)[S@](=N)(=O)C)C4=C5C=CNC5=NC=C4,CVCL_3172,C[C@@H]1COCCN1c1cc(C2([S@](C)(=N)=O)CC2)nc(-c2ccnc3[nH]ccc23)n1
1618,GSK2606414,PERK,0.5746320408334438,180,SUIT2,CN1C=C(C2=C(N=CN=C21)N)C3=CC4=C(C=C3)N(CC4)C(=O)CC5=CC(=CC=C5)C(F)(F)F,CVCL_3172,Cn1cc(-c2ccc3c(c2)CCN3C(=O)Cc2cccc(C(F)(F)F)c2)c2c(N)ncnc21
1786,AZD4547,"FGFR1, FGFR2, FGFR3",0.5843435339143069,180,SUIT2,C[C@@H]1CN(C[C@@H](N1)C)C2=CC=C(C=C2)C(=O)NC3=NNC(=C3)CCC4=CC(=CC(=C4)OC)OC,CVCL_3172,COc1cc(CCc2cc(NC(=O)c3ccc(N4C[C@H](C)N[C@H](C)C4)cc3)n[nH]2)cc(OC)c1
2043,BIBR-1532,TERT,0.6163260546249046,180,SUIT2,C/C(=C\C(=O)NC1=CC=CC=C1C(=O)O)/C2=CC3=CC=CC=C3C=C2,CVCL_3172,C/C(=C\C(=O)Nc1ccccc1C(=O)O)c1ccc2ccccc2c1
1073,5-Fluorouracil,Antimetabolite (DNA & RNA),0.6445095039409102,180,SUIT2,C1=C(C(=O)NC(=O)N1)F,CVCL_3172,O=c1[nH]cc(F)c(=O)[nH]1
1057,Dactolisib,"PI3K (class 1), MTORC1, MTORC2",0.6572320451192329,180,SUIT2,CC(C)(C#N)C1=CC=C(C=C1)N2C3=C4C=C(C=CC4=NC=C3N(C2=O)C)C5=CC6=CC=CC=C6N=C5,CVCL_3172,Cn1c(=O)n(-c2ccc(C(C)(C)C#N)cc2)c2c3cc(-c4cnc5ccccc5c4)ccc3ncc21
1598,LGK974,PORCN,0.6900398043636319,180,SUIT2,CC1=CC(=CN=C1C2=CC(=NC=C2)C)CC(=O)NC3=NC=C(C=C3)C4=NC=CN=C4,CVCL_3172,Cc1cc(-c2ncc(CC(=O)Nc3ccc(-c4cnccn4)cn3)cc2C)ccn1
1622,Wnt-C59,PORCN,0.6908443843897801,180,SUIT2,CC1=NC=CC(=C1)C2=CC=C(C=C2)CC(=O)NC3=CC=C(C=C3)C4=CN=CC=C4,CVCL_3172,Cc1cc(-c2ccc(CC(=O)Nc3ccc(-c4cccnc4)cc3)cc2)ccn1
1249,BMS-345541,"IKK-1, IKK-2",0.7130643913787105,180,SUIT2,CC1=CC2=C(C=C1)N=C(C3=NC=C(N23)C)NCCN.Cl,CVCL_3172,Cc1ccc2nc(NCCN)c3ncc(C)n3c2c1
1373,Dabrafenib,BRAF,0.7525284725763405,180,SUIT2,CC(C)(C)C1=NC(=C(S1)C2=NC(=NC=C2)N)C3=C(C(=CC=C3)NS(=O)(=O)C4=C(C=CC=C4F)F)F,CVCL_3172,CC(C)(C)c1nc(-c2cccc(NS(=O)(=O)c3c(F)cccc3F)c2F)c(-c2ccnc(N)n2)s1
1853,OF-1,"BRPF1B, BRPF2",0.7528873652878467,180,SUIT2,CC1=C(C=CC(=C1)Br)S(=O)(=O)NC2=CC3=C(C=C2OC)N(C(=O)N3C)C,CVCL_3172,COc1cc2c(cc1NS(=O)(=O)c1ccc(Br)cc1C)n(C)c(=O)n2C
1576,IWP-2,PORCN,0.7543914834270163,180,SUIT2,CC1=CC2=C(C=C1)N=C(S2)NC(=O)CSC3=NC4=C(C(=O)N3C5=CC=CC=C5)SCC4,CVCL_3172,Cc1ccc2nc(NC(=O)CSc3nc4c(c(=O)n3-c3ccccc3)SCC4)sc2c1
1624,I-BET-762,"BRD2, BRD3, BRD4",0.779938278134505,180,SUIT2,CCNC(=O)C[C@H]1C2=NN=C(N2C3=C(C=C(C=C3)OC)C(=N1)C4=CC=C(C=C4)Cl)C,CVCL_3172,CCNC(=O)C[C@@H]1N=C(c2ccc(Cl)cc2)c2cc(OC)ccc2-n2c(C)nnc21
1375,Temozolomide,DNA alkylating agent,0.80168868615607,180,SUIT2,CN1C(=O)N2C=NC(=C2N=N1)C(=O)N,CVCL_3172,Cn1nnc2c(C(N)=O)ncn2c1=O
1925,GDC0810,"ESR1, ESR2",0.8382124865839328,180,SUIT2,CC/C(=C(/C1=CC=C(C=C1)/C=C/C(=O)O)\C2=CC3=C(C=C2)NN=C3)/C4=C(C=C(C=C4)F)Cl,CVCL_3172,CC/C(=C(/c1ccc(/C=C/C(=O)O)cc1)c1ccc2[nH]ncc2c1)c1ccc(F)cc1Cl
1022,AZD7762,"CHEK1, CHEK2",0.8567463374239204,180,SUIT2,C1C[C@@H](CNC1)NC(=O)C2=C(C=C(S2)C3=CC(=CC=C3)F)NC(=O)N,CVCL_3172,NC(=O)Nc1cc(-c2cccc(F)c2)sc1C(=O)N[C@H]1CCCNC1
2045,AMG-319,PI3K (beta sparing),0.8692818581107526,180,SUIT2,C[C@@H](C1=C(N=C2C=C(C=CC2=C1)F)C3=CC=CC=N3)NC4=NC=NC5=C4NC=N5,CVCL_3172,C[C@H](Nc1ncnc2nc[nH]c12)c1cc2ccc(F)cc2nc1-c1ccccn1
1268,XAV939,"TNKS1, TNKS2",0.9334574180252688,180,SUIT2,C1CSCC2=C1N=C(NC2=O)C3=CC=C(C=C3)C(F)(F)F,CVCL_3172,O=c1[nH]c(-c2ccc(C(F)(F)F)cc2)nc2c1CSCC2
1806,Oxaliplatin,DNA alkylating agent,0.9398713009362376,180,SUIT2,C1CC[C@H]([C@@H](C1)[NH-])[NH-].C(=O)(C(=O)O)O.[Pt+2],CVCL_3172,N[C@@H]1CCCC[C@H]1N
1862,MG-132,"Proteasome, CAPN1",0.9847540681888688,180,SUIT2,CC(C)C[C@@H](C=O)NC(=O)[C@H](CC(C)C)NC(=O)[C@H](CC(C)C)NC(=O)OCC1=CC=CC=C1,CVCL_3172,CC(C)C[C@@H](C=O)NC(=O)[C@H](CC(C)C)NC(=O)[C@H](CC(C)C)NC(=O)OCc1ccccc1
1085,Sorafenib,"PDGFR, KIT, VEGFR, RAF",0.9885664277639116,180,SUIT2,CNC(=O)C1=NC=CC(=C1)OC2=CC=C(C=C2)NC(=O)NC3=CC(=C(C=C3)Cl)C(F)(F)F,CVCL_3172,CNC(=O)c1cc(Oc2ccc(NC(=O)Nc3ccc(Cl)c(C(F)(F)F)c3)cc2)ccn1
1625,RVX-208,BRD4,1.007941195402681,180,SUIT2,C1=CC(=C(C=C1N=C=O)F)F,CVCL_3172,O=C=Nc1ccc(F)c(F)c1
1720,AZD5991,MCL1,1.0204251910572173,180,SUIT2,CC1=C2C(=NN1C)CSCC3=NN(C(=C3)CSC4=CC5=CC=CC=C5C(=C4)OCCCC6=C(N(C7=C6C=CC(=C27)Cl)C)C(=O)O)C,CVCL_3172,Cc1c2c(nn1C)CSCc1cc(n(C)n1)CSc1cc(c3ccccc3c1)OCCCc1c(C(=O)O)n(C)c3c-2c(Cl)ccc13
1237,EPZ004777,DOT1L,1.0611055390284867,180,SUIT2,CC(C)N(CCCNC(=O)NC1=CC=C(C=C1)C(C)(C)C)C[C@@H]2[C@H]([C@H]([C@@H](O2)N3C=CC4=C(N=CN=C43)N)O)O,CVCL_3172,CC(C)N(CCCNC(=O)Nc1ccc(C(C)(C)C)cc1)C[C@H]1O[C@@H](n2ccc3c(N)ncnc32)[C@H](O)[C@@H]1O
2047,Ulixertinib,"ERK1, ERK2",1.076744377784414,180,SUIT2,CC(C)NC1=NC=C(C(=C1)C2=CNC(=C2)C(=O)N[C@H](CO)C3=CC(=CC=C3)Cl)Cl,CVCL_3172,CC(C)Nc1cc(-c2c[nH]c(C(=O)N[C@H](CO)c3cccc(Cl)c3)c2)c(Cl)cn1
1910,ABT737,"BCL2, BCL-XL,  BCL-W, BCL-B, BFL1",1.086557660205286,180,SUIT2,CN(C)CC[C@H](CSC1=CC=CC=C1)NC2=C(C=C(C=C2)S(=O)(=O)NC(=O)C3=CC=C(C=C3)N4CCN(CC4)CC5=CC=CC=C5C6=CC=C(C=C6)Cl)[N+](=O)[O-],CVCL_3172,CN(C)CC[C@H](CSc1ccccc1)Nc1ccc(S(=O)(=O)NC(=O)c2ccc(N3CCN(Cc4ccccc4-c4ccc(Cl)cc4)CC3)cc2)cc1[N+](=O)[O-]
1933,P22077,"USP7, USP47",1.105559062514968,180,SUIT2,CC(=O)C1=CC(=C(S1)SC2=C(C=C(C=C2)F)F)[N+](=O)[O-],CVCL_3172,CC(=O)c1cc([N+](=O)[O-])c(Sc2ccc(F)cc2F)s1
1168,Erlotinib,EGFR,1.1274740077118692,180,SUIT2,COCCOC1=C(C=C2C(=C1)C(=NC=N2)NC3=CC=CC(=C3)C#C)OCCOC,CVCL_3172,C#Cc1cccc(Nc2ncnc3cc(OCCOC)c(OCCOC)cc23)c1
1614,WZ4003,"NUAK1, NUAK2",1.1385679225535943,180,SUIT2,CCC(=O)NC1=CC(=CC=C1)OC2=NC(=NC=C2Cl)NC3=C(C=C(C=C3)N4CCN(CC4)C)OC,CVCL_3172,CCC(=O)Nc1cccc(Oc2nc(Nc3ccc(N4CCN(C)CC4)cc3OC)ncc2Cl)c1
1512,Cyclophosphamide,Alkylating agent,1.1635373106384574,180,SUIT2,C1CNP(=O)(OC1)N(CCCl)CCCl,CVCL_3172,O=P1(N(CCCl)CCCl)NCCCO1
1563,EPZ5676,DOT1L,1.166749341531529,180,SUIT2,CC(C)N(C[C@@H]1[C@H]([C@H]([C@@H](O1)N2C=NC3=C(N=CN=C32)N)O)O)C4CC(C4)CCC5=NC6=C(N5)C=C(C=C6)C(C)(C)C,CVCL_3172,CC(C)N(C[C@H]1O[C@@H](n2cnc3c(N)ncnc32)[C@H](O)[C@@H]1O)C1CC(CCc2nc3ccc(C(C)(C)C)cc3[nH]2)C1
1819,Docetaxel,Microtubule stabiliser,1.1778240528652333,180,SUIT2,CC1=C2[C@H](C(=O)[C@@]3([C@H](C[C@@H]4[C@]([C@H]3[C@@H]([C@@](C2(C)C)(C[C@@H]1OC(=O)[C@@H]([C@H](C5=CC=CC=C5)NC(=O)OC(C)(C)C)O)O)OC(=O)C6=CC=CC=C6)(CO4)OC(=O)C)O)C)O,CVCL_3172,CC(=O)O[C@@]12CO[C@@H]1C[C@H](O)[C@@]1(C)C(=O)[C@H](O)C3=C(C)[C@@H](OC(=O)[C@H](O)[C@@H](NC(=O)OC(C)(C)C)c4ccccc4)C[C@@](O)([C@@H](OC(=O)c4ccccc4)[C@@H]12)C3(C)C
1996,MIM1,MCL1,1.2204088661753818,180,SUIT2,CC(C)[C@H]1CSC(=N1)N2[C@H](CSC2=S)C(C)C,CVCL_3172,CC(C)[C@H]1CSC(N2C(=S)SC[C@@H]2C(C)C)=N1
1931,MIRA-1,TP53,1.2206249350396403,180,SUIT2,CCC(=O)OCN1C(=O)C=CC1=O,CVCL_3172,CCC(=O)OCN1C(=O)C=CC1=O
1049,PD173074,"FGFR1, FGFR2, FGFR3",1.2392040522658707,180,SUIT2,CCN(CC)CCCCNC1=NC2=NC(=C(C=C2C=N1)C3=CC(=CC(=C3)OC)OC)NC(=O)NC(C)(C)C,CVCL_3172,CCN(CC)CCCCNc1ncc2cc(-c3cc(OC)cc(OC)c3)c(NC(=O)NC(C)(C)C)nc2n1
1915,AZD3759,EGFR,1.2401796722097889,180,SUIT2,C[C@@H]1CN(CCN1C(=O)OC2=C(C=C3C(=C2)C(=NC=N3)NC4=C(C(=CC=C4)Cl)F)OC)C,CVCL_3172,COc1cc2ncnc(Nc3cccc(Cl)c3F)c2cc1OC(=O)N1CCN(C)C[C@H]1C
1047,Nutlin-3a (-),MDM2,1.2409389877011132,180,SUIT2,CC(C)OC1=C(C=CC(=C1)OC)C2=N[C@H]([C@H](N2C(=O)N3CCNC(=O)C3)C4=CC=C(C=C4)Cl)C5=CC=C(C=C5)Cl,CVCL_3172,COc1ccc(C2=N[C@@H](c3ccc(Cl)cc3)[C@@H](c3ccc(Cl)cc3)N2C(=O)N2CCNC(=O)C2)c(OC(C)C)c1
1199,Tamoxifen,ESR1,1.2485693941474267,180,SUIT2,CC/C(=C(\C1=CC=CC=C1)/C2=CC=C(C=C2)OCCN(C)C)/C3=CC=CC=C3,CVCL_3172,CC/C(=C(\c1ccccc1)c1ccc(OCCN(C)C)cc1)c1ccccc1
1054,Palbociclib,"CDK4, CDK6",1.2542663956886675,180,SUIT2,CC1=C(C(=O)N(C2=NC(=NC=C12)NC3=NC=C(C=C3)N4CCNCC4)C5CCCC5)C(=O)C,CVCL_3172,CC(=O)c1c(C)c2cnc(Nc3ccc(N4CCNCC4)cn3)nc2n(C2CCCC2)c1=O
1011,Navitoclax,"BCL2, BCL-XL, BCL-W",1.2768243822360277,180,SUIT2,CC1(CCC(=C(C1)CN2CCN(CC2)C3=CC=C(C=C3)C(=O)NS(=O)(=O)C4=CC(=C(C=C4)N[C@H](CCN5CCOCC5)CSC6=CC=CC=C6)S(=O)(=O)C(F)(F)F)C7=CC=C(C=C7)Cl)C,CVCL_3172,CC1(C)CCC(c2ccc(Cl)cc2)=C(CN2CCN(c3ccc(C(=O)NS(=O)(=O)c4ccc(N[C@H](CCN5CCOCC5)CSc5ccccc5)c(S(=O)(=O)C(F)(F)F)c4)cc3)CC2)C1
1635,Picolinici-acid,Inflammatory related,1.2904858214894577,180,SUIT2,C1=CC=NC(=C1)C(=O)O,CVCL_3172,O=C(O)c1ccccn1
1919,Osimertinib,EGFR,1.341969745795637,180,SUIT2,CN1C=C(C2=CC=CC=C21)C3=NC(=NC=C3)NC4=C(C=C(C(=C4)NC(=O)C=C)N(C)CCN(C)C)OC,CVCL_3172,C=CC(=O)Nc1cc(Nc2nccc(-c3cn(C)c4ccccc34)n2)c(OC)cc1N(C)CCN(C)C
1627,GSK343,EZH2,1.3487560534992538,180,SUIT2,CCCC1=C(C(=O)NC(=C1)C)CNC(=O)C2=C3C=NN(C3=CC(=C2)C4=CC(=NC=C4)N5CCN(CC5)C)C(C)C,CVCL_3172,CCCc1cc(C)[nH]c(=O)c1CNC(=O)c1cc(-c2ccnc(N3CCN(C)CC3)c2)cc2c1cnn2C(C)C
2096,VX-11e,ERK2,1.362489530326935,180,SUIT2,CC1=CN=C(N=C1C2=CNC(=C2)C(=O)N[C@H](CO)C3=CC(=CC=C3)Cl)NC4=C(C=C(C=C4)F)Cl,CVCL_3172,Cc1cnc(Nc2ccc(F)cc2Cl)nc1-c1c[nH]c(C(=O)N[C@H](CO)c2cccc(Cl)c2)c1
1441,AZD2014,"mTORC1, mTORC2",1.36345457103529,180,SUIT2,C[C@H]1COCCN1C2=NC(=NC3=C2C=CC(=N3)C4=CC(=CC=C4)C(=O)NC)N5CCOC[C@@H]5C,CVCL_3172,CNC(=O)c1cccc(-c2ccc3c(N4CCOC[C@@H]4C)nc(N4CCOC[C@@H]4C)nc3n2)c1
1932,NVP-ADW742,IGF1R,1.3638389398532376,180,SUIT2,C1CCN(C1)CC2CC(C2)N3C=C(C4=C(N=CN=C43)N)C5=CC(=CC=C5)OCC6=CC=CC=C6,CVCL_3172,Nc1ncnc2c1c(-c1cccc(OCc3ccccc3)c1)cn2C1CC(CN2CCCC2)C1
1010,Gefitinib,EGFR,1.390957673279313,180,SUIT2,COC1=C(C=C2C(=C1)N=CN=C2NC3=CC(=C(C=C3)F)Cl)OCCCN4CCOCC4,CVCL_3172,COc1cc2ncnc(Nc3ccc(F)c(Cl)c3)c2cc1OCCCN1CCOCC1
1200,Fulvestrant,ESR,1.398319838821998,180,SUIT2,C[C@]12CC[C@H]3[C@H]([C@@H]1CC[C@@H]2O)[C@@H](CC4=C3C=CC(=C4)O)CCCCCCCCCS(=O)CCCC(C(F)(F)F)(F)F,CVCL_3172,C[C@]12CC[C@@H]3c4ccc(O)cc4C[C@@H](CCCCCCCCC[S+]([O-])CCCC(F)(F)C(F)(F)F)[C@H]3[C@@H]1CC[C@@H]2O
1239,YK-4-279,RNA helicase A,1.3989781074042364,180,SUIT2,COC1=CC=C(C=C1)C(=O)CC2(C3=C(C=CC(=C3NC2=O)Cl)Cl)O,CVCL_3172,COc1ccc(C(=O)CC2(O)C(=O)Nc3c(Cl)ccc(Cl)c32)cc1
1091,BMS-536924,"IGF1R, IR",1.409666763703169,180,SUIT2,CC1=CC(=CC2=C1N=C(N2)C3=C(C=CNC3=O)NC[C@H](C4=CC(=CC=C4)Cl)O)N5CCOCC5,CVCL_3172,Cc1cc(N2CCOCC2)cc2[nH]c(-c3c(NC[C@@H](O)c4cccc(Cl)c4)cc[nH]c3=O)nc12
1034,Staurosporine,Broad spectrum kinase inhibitor,1.425174422268935,180,SUIT2,C[C@@]12[C@@H]([C@@H](C[C@H](O1)N3C4=CC=CC=C4C5=C6C(=C7C8=CC=CC=C8N2C7=C53)CNC6=O)NC)OC,CVCL_3172,CN[C@@H]1C[C@@H]2O[C@@](C)([C@@H]1OC)n1c3ccccc3c3c4c(c5c6ccccc6n2c5c31)C(=O)NC4
1036,PLX-4720,BRAF,1.4642202347857631,180,SUIT2,CCCS(=O)(=O)NC1=C(C(=C(C=C1)F)C(=O)C2=CNC3=C2C=C(C=N3)Cl)F,CVCL_3172,CCCS(=O)(=O)Nc1ccc(F)c(C(=O)c2c[nH]c3ncc(Cl)cc23)c1F
1557,LCL161,"XIAP, IAP1, IAP2",1.4833722287271776,180,SUIT2,C[C@@H](C(=O)N[C@@H](C1CCCCC1)C(=O)N2CCC[C@H]2C3=NC(=CS3)C(=O)C4=CC=C(C=C4)F)NC,CVCL_3172,CN[C@@H](C)C(=O)N[C@H](C(=O)N1CCC[C@H]1c1nc(C(=O)c2ccc(F)cc2)cs1)C1CCCCC1
1873,Buparlisib,"PI3Kalpha, PI3Kdelta, PI3Kbeta, PI3Kgamma",1.4837111551461646,180,SUIT2,C1COCCN1C2=NC(=NC(=C2)C3=CN=C(C=C3C(F)(F)F)N)N4CCOCC4,CVCL_3172,Nc1cc(C(F)(F)F)c(-c2cc(N3CCOCC3)nc(N3CCOCC3)n2)cn1
1855,KRAS (G12C) Inhibitor-12,KRAS (G12C),1.4964675383574648,180,SUIT2,C=CC(=O)N1CCN(CC1)C(=O)CNC2=CC(=C(C=C2O)Cl)I,CVCL_3172,C=CC(=O)N1CCN(C(=O)CNc2cc(I)c(Cl)cc2O)CC1
1918,AZD8186,"PI3Kalpha, PI3Kbeta",1.4968623491688828,180,SUIT2,C[C@H](C1=CC(=CC2=C1OC(=CC2=O)N3CCOCC3)C(=O)N(C)C)NC4=CC(=CC(=C4)F)F,CVCL_3172,C[C@@H](Nc1cc(F)cc(F)c1)c1cc(C(=O)N(C)C)cc2c(=O)cc(N3CCOCC3)oc12
1549,Sapitinib,"EGFR, ERBB2, ERBB3",1.528232861906741,180,SUIT2,CNC(=O)CN1CCC(CC1)OC2=C(C=C3C(=C2)C(=NC=N3)NC4=C(C(=CC=C4)Cl)F)OC,CVCL_3172,CNC(=O)CN1CCC(Oc2cc3c(Nc4cccc(Cl)c4F)ncnc3cc2OC)CC1
1507,Ruxolitinib,"JAK1, JAK2",1.5745660234931218,180,SUIT2,C1CCC(C1)[C@@H](CC#N)N2C=C(C=N2)C3=C4C=CNC4=NC=N3,CVCL_3172,N#CC[C@H](C1CCCC1)n1cc(-c2ncnc3[nH]ccc23)cn1
1131,PRIMA-1MET,TP53 activation,1.6012007090422116,180,SUIT2,COCC1(C(=O)C2CCN1CC2)CO,CVCL_3172,COCC1(CO)C(=O)C2CCN1CC2
1922,Cediranib,"VEGFR, FLT1, FLT2, FLT3, FLT4, KIT, PDGFRB",1.6031451333529658,180,SUIT2,CC1=CC2=C(N1)C=CC(=C2F)OC3=NC=NC4=CC(=C(C=C43)OC)OCCCN5CCCC5,CVCL_3172,COc1cc2c(Oc3ccc4[nH]c(C)cc4c3F)ncnc2cc1OCCCN1CCCC1
1631,PRT062607,SYK,1.6288869393790943,180,SUIT2,C1CC[C@H]([C@H](C1)N)NC2=NC=C(C(=N2)NC3=CC(=CC=C3)N4N=CC=N4)C(=O)N,CVCL_3172,NC(=O)c1cnc(N[C@@H]2CCCC[C@@H]2N)nc1Nc1cccc(-n2nccn2)c1
1558,Lapatinib,"EGFR, ERBB2",1.6382374837476132,180,SUIT2,CS(=O)(=O)CCNCC1=CC=C(O1)C2=CC3=C(C=C2)N=CN=C3NC4=CC(=C(C=C4)OCC5=CC(=CC=C5)F)Cl,CVCL_3172,CS(=O)(=O)CCNCc1ccc(-c2ccc3ncnc(Nc4ccc(OCc5cccc(F)c5)c(Cl)c4)c3c2)o1
1004,Vinblastine,Microtubule destabiliser,1.68908173605559,180,SUIT2,CC[C@@]1(CC2C[C@@](C3=C(CCN(C2)C1)C4=CC=CC=C4N3)(C5=C(C=C6C(=C5)[C@]78CCN9[C@H]7[C@@](C=CC9)([C@H]([C@@]([C@@H]8N6C)(C(=O)OC)O)OC(=O)C)CC)OC)C(=O)OC)O,CVCL_3172,CC[C@]1(O)CC2CN(CCc3c([nH]c4ccccc34)[C@@](C(=O)OC)(c3cc4c(cc3OC)N(C)[C@H]3[C@@](O)(C(=O)OC)[C@H](OC(C)=O)[C@]5(CC)C=CCN6CC[C@]43[C@@H]65)C2)C1
1046,Wee1 Inhibitor,"WEE1, CHEK1",1.6923071279540811,180,SUIT2,C1=CC=C(C(=C1)C2=CC3=C(C4=C(N3)C=CC(=C4)O)C5=C2C(=O)NC5=O)Cl,CVCL_3172,O=C1NC(=O)c2c1c(-c1ccccc1Cl)cc1[nH]c3ccc(O)cc3c21
1032,Afatinib,"ERBB2, EGFR",1.7086289041023677,180,SUIT2,CN(C)C/C=C/C(=O)NC1=C(C=C2C(=C1)C(=NC=N2)NC3=CC(=C(C=C3)F)Cl)O[C@H]4CCOC4,CVCL_3172,CN(C)C/C=C/C(=O)Nc1cc2c(Nc3ccc(F)c(Cl)c3)ncnc2cc1O[C@H]1CCOC1
1510,Linsitinib,IGF1R,1.7207440262622464,180,SUIT2,CC1(CC(C1)C2=NC(=C3N2C=CN=C3N)C4=CC5=C(C=C4)C=CC(=N5)C6=CC=CC=C6)O,CVCL_3172,CC1(O)CC(c2nc(-c3ccc4ccc(-c5ccccc5)nc4c3)c3c(N)nccn23)C1
1613,VE-822,ATR,1.7417572380778026,180,SUIT2,CC(C)S(=O)(=O)C1=CC=C(C=C1)C2=CN=C(C(=N2)C3=CC(=NO3)C4=CC=C(C=C4)CNC)N,CVCL_3172,CNCc1ccc(-c2cc(-c3nc(-c4ccc(S(=O)(=O)C(C)C)cc4)cnc3N)on2)cc1
2107,LJI308,"RSK2, RSK1, RSK3",1.7482480119306651,180,SUIT2,C1COCCN1C2=CC=C(C=C2)C3=C(C=NC=C3)C4=CC(=C(C(=C4)F)O)F,CVCL_3172,Oc1c(F)cc(-c2cnccc2-c2ccc(N3CCOCC3)cc2)cc1F
1924,Ipatasertib,"AKT1, AKT, AKT3",1.7667332673819085,180,SUIT2,C[C@@H]1C[C@H](C2=C1C(=NC=N2)N3CCN(CC3)C(=O)[C@H](CNC(C)C)C4=CC=C(C=C4)Cl)O,CVCL_3172,CC(C)NC[C@@H](C(=O)N1CCN(c2ncnc3c2[C@H](C)C[C@H]3O)CC1)c1ccc(Cl)cc1
1621,PCI-34051,"HDAC8, HDAC6, HDAC1",1.771995445891332,180,SUIT2,COC1=CC=C(C=C1)CN2C=CC3=C2C=C(C=C3)C(=O)NO,CVCL_3172,COc1ccc(Cn2ccc3ccc(C(=O)NO)cc32)cc1
1401,AZD5438,CDK2,1.7833944357474023,180,SUIT2,CC1=NC=C(N1C(C)C)C2=NC(=NC=C2)NC3=CC=C(C=C3)S(=O)(=O)C,CVCL_3172,Cc1ncc(-c2ccnc(Nc3ccc(S(C)(=O)=O)cc3)n2)n1C(C)C
1849,Sabutoclax,"BCL2,  BCL-XL,  BFL1, MCL1",1.7907670279151584,180,SUIT2,CC1=CC2=C(C(=C(C=C2C(=C1C3=C(C4=CC(=C(C(=C4C=C3C)C(=O)NC[C@H](C)C5=CC=CC=C5)O)O)O)O)O)O)C(=O)NC[C@H](C)C6=CC=CC=C6,CVCL_3172,Cc1cc2c(C(=O)NC[C@H](C)c3ccccc3)c(O)c(O)cc2c(O)c1-c1c(C)cc2c(C(=O)NC[C@H](C)c3ccccc3)c(O)c(O)cc2c1O
1854,MN-64,"TNKS1, TNKS2",1.8010646865148665,180,SUIT2,CC(C)C1=CC=C(C=C1)C2=CC(=O)C3=CC=CC=C3O2,CVCL_3172,CC(C)c1ccc(-c2cc(=O)c3ccccc3o2)cc1
2111,VE821,ATR,1.8078102407887664,180,SUIT2,CS(=O)(=O)C1=CC=C(C=C1)C2=CN=C(C(=N2)C(=O)NC3=CC=CC=C3)N,CVCL_3172,CS(=O)(=O)c1ccc(-c2cnc(N)c(C(=O)Nc3ccccc3)n2)cc1
1180,Dinaciclib,"CDK1, CDK2, CDK5, CDK9",1.8146994935610947,180,SUIT2,CCC1=C2N=C(C=C(N2N=C1)NCC3=C[N+](=CC=C3)[O-])N4CCCC[C@H]4CCO,CVCL_3172,CCc1cnn2c(NCc3ccc[n+]([O-])c3)cc(N3CCCC[C@H]3CCO)nc12
1083,Crizotinib,"MET, ALK, ROS1",1.8148060697466235,180,SUIT2,C[C@H](C1=C(C=CC(=C1Cl)F)Cl)OC2=C(N=CC(=C2)C3=CN(N=C3)C4CCNCC4)N,CVCL_3172,C[C@@H](Oc1cc(-c2cnn(C3CCNCC3)c2)cnc1N)c1c(Cl)ccc(F)c1Cl
1079,Dasatinib,"ABL, SRC, Ephrins, PDGFR, KIT",1.8165020298779533,180,SUIT2,CC1=C(C(=CC=C1)Cl)NC(=O)C2=CN=C(S2)NC3=CC(=NC(=N3)C)N4CCN(CC4)CCO,CVCL_3172,Cc1nc(Nc2ncc(C(=O)Nc3c(C)cccc3Cl)s2)cc(N2CCN(CCO)CC2)n1
2044,Pyridostatin,G-quadruplex stabiliser,1.8229762504281928,180,SUIT2,C1=CC=C2C(=C1)C(=CC(=N2)NC(=O)C3=CC(=CC(=N3)C(=O)NC4=NC5=CC=CC=C5C(=C4)OCCN)OCCN)OCCN,CVCL_3172,NCCOc1cc(C(=O)Nc2cc(OCCN)c3ccccc3n2)nc(C(=O)Nc2cc(OCCN)c3ccccc3n2)c1
1058,Pictilisib,PI3K (class 1),1.8371258899912497,180,SUIT2,CS(=O)(=O)N1CCN(CC1)CC2=CC3=C(S2)C(=NC(=N3)C4=C5C=NNC5=CC=C4)N6CCOCC6,CVCL_3172,CS(=O)(=O)N1CCN(Cc2cc3nc(-c4cccc5[nH]ncc45)nc(N4CCOCC4)c3s2)CC1
1013,Nilotinib,ABL,1.840763853351013,180,SUIT2,CC1=C(C=C(C=C1)C(=O)NC2=CC(=CC(=C2)C(F)(F)F)N3C=C(N=C3)C)NC4=NC=CC(=N4)C5=CN=CC=C5,CVCL_3172,Cc1cn(-c2cc(NC(=O)c3ccc(C)c(Nc4nccc(-c5cccnc5)n4)c3)cc(C(F)(F)F)c2)cn1
1051,Alisertib,AURKA,1.841130380030656,180,SUIT2,COC1=C(C(=CC=C1)F)C2=NCC3=CN=C(N=C3C4=C2C=C(C=C4)Cl)NC5=CC(=C(C=C5)C(=O)O)OC,CVCL_3172,COc1cc(Nc2ncc3c(n2)-c2ccc(Cl)cc2C(c2c(F)cccc2OC)=NC3)ccc1C(=O)O
1799,Ibrutinib,BTK,1.847009440221561,180,SUIT2,C=CC(=O)N1CCC[C@H](C1)N2C3=NC=NC(=C3C(=N2)C4=CC=C(C=C4)OC5=CC=CC=C5)N,CVCL_3172,C=CC(=O)N1CCC[C@@H](n2nc(-c3ccc(Oc4ccccc4)cc3)c3c(N)ncnc32)C1
1593,Entinostat,"HDAC1, HDAC3",1.8499585960299567,180,SUIT2,C1=CC=C(C(=C1)N)NC(=O)C2=CC=C(C=C2)CNC(=O)OCC3=CN=CC=C3,CVCL_3172,Nc1ccccc1NC(=O)c1ccc(CNC(=O)OCc2cccnc2)cc1
1928,I-BRD9,BRD9,1.8502687803886089,180,SUIT2,CCN1C=C(C2=C(C1=O)C=C(S2)C(=NC3CCS(=O)(=O)CC3)N)C4=CC(=CC=C4)C(F)(F)F,CVCL_3172,CCn1cc(-c2cccc(C(F)(F)F)c2)c2sc(C(N)=NC3CCS(=O)(=O)CC3)cc2c1=O
1927,GSK2578215A,LRRK2,1.913419867258488,180,SUIT2,C1=CC=C(C=C1)COC2=C(C=C(C=C2)C3=CC(=NC=C3)F)C(=O)NC4=CN=CC=C4,CVCL_3172,O=C(Nc1cccnc1)c1cc(-c2ccnc(F)c2)ccc1OCc1ccccc1
1912,Afuresertib,"AKT1, AKT2, AKT3",1.950790202555544,180,SUIT2,CN1C(=C(C=N1)Cl)C2=C(SC(=C2)C(=O)N[C@@H](CC3=CC(=CC=C3)F)CN)Cl,CVCL_3172,Cn1ncc(Cl)c1-c1cc(C(=O)N[C@H](CN)Cc2cccc(F)c2)sc1Cl
1080,Paclitaxel,Microtubule stabiliser,1.953798899052884,180,SUIT2,CC1=C2[C@H](C(=O)[C@@]3([C@H](C[C@@H]4[C@]([C@H]3[C@@H]([C@@](C2(C)C)(C[C@@H]1OC(=O)[C@@H]([C@H](C5=CC=CC=C5)NC(=O)C6=CC=CC=C6)O)O)OC(=O)C7=CC=CC=C7)(CO4)OC(=O)C)O)C)OC(=O)C,CVCL_3172,CC(=O)O[C@H]1C(=O)[C@]2(C)[C@@H](O)C[C@H]3OC[C@@]3(OC(C)=O)[C@H]2[C@H](OC(=O)c2ccccc2)[C@]2(O)C[C@H](OC(=O)[C@H](O)[C@@H](NC(=O)c3ccccc3)c3ccccc3)C(C)=C1C2(C)C
1594,OSI-027,"MTORC1, MTORC2",1.9599845523871915,180,SUIT2,C[C@@]1\2CC[C@H](C1(C)C)C/C2=N\NC(=O)C3=CC=C(C=C3)S(=O)(=O)N4CCCCCC4,CVCL_3172,CC1(C)[C@H]2CC[C@@]1(C)/C(=N/NC(=O)c1ccc(S(=O)(=O)N3CCCCCC3)cc1)C2
1084,Rapamycin,MTORC1,1.9760777586636955,180,SUIT2,CC1=NC(=C(N1)[N+](=O)[O-])N(CCN2CCOCC2)CC3=CC=CC=C3F,CVCL_3172,Cc1nc(N(CCN2CCOCC2)Cc2ccccc2F)c([N+](=O)[O-])[nH]1
1852,LY2109761,TGFB1,1.99798328989644,180,SUIT2,C1CC2=C(C(=NN2C1)C3=CC=CC=N3)C4=C5C=CC(=CC5=NC=C4)OCCN6CCOCC6,CVCL_3172,c1ccc(-c2nn3c(c2-c2ccnc4cc(OCCN5CCOCC5)ccc24)CCC3)nc1
2040,Foretinib,"MET, KDR, TIE2, VEGFR3/FLT4, RON, PDGFR, FGFR1, EGFR",2.029778515921198,180,SUIT2,COC1=CC2=C(C=CN=C2C=C1OCCCN3CCOCC3)OC4=C(C=C(C=C4)NC(=O)C5(CC5)C(=O)NC6=CC=C(C=C6)F)F,CVCL_3172,COc1cc2c(Oc3ccc(NC(=O)C4(C(=O)Nc5ccc(F)cc5)CC4)cc3F)ccnc2cc1OCCCN1CCOCC1
1463,AZD1332,"NTRK1, NTRK2, NTRK3",2.048163649512663,180,SUIT2,CC(C)OC1=NNC(=C1)NC2=NC(=NC=C2Cl)NC(C)C3=NC=C(C=C3)F,CVCL_3172,CC(C)Oc1cc(Nc2nc(NC(C)c3ccc(F)cn3)ncc2Cl)[nH]n1
1630,Entospletinib,SYK,2.066357318246855,180,SUIT2,C1COCCN1C2=CC=C(C=C2)NC3=NC(=CN4C3=NC=C4)C5=CC6=C(C=C5)C=NN6,CVCL_3172,c1cn2cc(-c3ccc4cn[nH]c4c3)nc(Nc3ccc(N4CCOCC4)cc3)c2n1
1620,PFI3,"Polybromo 1, SMARCA4, SMARCA2",2.098729236513343,180,SUIT2,C1[C@@H]2CN([C@H]1CN2C3=CC=CC=N3)/C=C/C(=O)C4=CC=CC=C4O,CVCL_3172,O=C(/C=C/N1C[C@H]2C[C@@H]1CN2c1ccccn1)c1ccccc1O
2170,AT13148,AKT1,2.099019392173419,180,SUIT2,C1=CC(=CC=C1C2=CNN=C2)[C@@](CN)(C3=CC=C(C=C3)Cl)O,CVCL_3172,NC[C@@](O)(c1ccc(Cl)cc1)c1ccc(-c2cn[nH]c2)cc1
1053,MK-2206,"AKT1, AKT2",2.2075603896087235,180,SUIT2,C1CC(C1)(C2=CC=C(C=C2)C3=C(C=C4C(=N3)C=CN5C4=NNC5=O)C6=CC=CC=C6)N.Cl.Cl,CVCL_3172,NC1(c2ccc(-c3nc4ccn5c(=O)[nH]nc5c4cc3-c3ccccc3)cc2)CCC1
1553,Uprosertib,"AKT1, AKT2, AKT3",2.22580524375864,180,SUIT2,CN1C(=C(C=N1)Cl)C2=C(OC(=C2)C(=O)N[C@@H](CC3=CC(=C(C=C3)F)F)CN)Cl,CVCL_3172,Cn1ncc(Cl)c1-c1cc(C(=O)N[C@H](CN)Cc2ccc(F)c(F)c2)oc1Cl
1615,CZC24832,PI3Kgamma,2.366084943556974,180,SUIT2,CC(C)(C)NS(=O)(=O)C1=CN=CC(=C1)C2=CN3C(=NC(=N3)N)C(=C2)F,CVCL_3172,CC(C)(C)NS(=O)(=O)c1cncc(-c2cc(F)c3nc(N)nn3c2)c1
1916,AZD5363,"AKT1, AKT2, AKT3, ROCK2",2.3720095461275803,180,SUIT2,C1CN(CCC1(C(=O)N[C@@H](CCO)C2=CC=C(C=C2)Cl)N)C3=NC=NC4=C3C=CN4,CVCL_3172,NC1(C(=O)N[C@@H](CCO)c2ccc(Cl)cc2)CCN(c2ncnc3[nH]ccc23)CC1
2106,Uprosertib,"AKT1, AKT2, AKT3",2.3723058616704926,180,SUIT2,CN1C(=C(C=N1)Cl)C2=C(OC(=C2)C(=O)N[C@@H](CC3=CC(=C(C=C3)F)F)CN)Cl,CVCL_3172,Cn1ncc(Cl)c1-c1cc(C(=O)N[C@H](CN)Cc2ccc(F)c(F)c2)oc1Cl
2110,GSK591,PMRT5,2.3798363207843165,180,SUIT2,C1CC(C1)NC2=NC=CC(=C2)C(=O)NC[C@@H](CN3CCC4=CC=CC=C4C3)O,CVCL_3172,O=C(NC[C@H](O)CN1CCc2ccccc2C1)c1ccnc(NC2CCC2)c1
2048,Vinorelbine,Microtubule destabiliser,2.457083962792354,180,SUIT2,CCC1=C[C@H]2C[C@@](C3=C(CN(C2)C1)C4=CC=CC=C4N3)(C5=C(C=C6C(=C5)[C@]78CCN9[C@H]7[C@@](C=CC9)([C@H]([C@@]([C@@H]8N6C)(C(=O)OC)O)OC(=O)C)CC)OC)C(=O)OC,CVCL_3172,CCC1=C[C@@H]2CN(C1)Cc1c([nH]c3ccccc13)[C@@](C(=O)OC)(c1cc3c(cc1OC)N(C)[C@H]1[C@@](O)(C(=O)OC)[C@H](OC(C)=O)[C@]4(CC)C=CCN5CC[C@]31[C@@H]54)C2
1012,Vorinostat,"HDAC inhibitor Class I, IIa, IIb, IV",2.4727564859371487,180,SUIT2,C1=CC=C(C=C1)NC(=O)CCCCCCC(=O)NO,CVCL_3172,O=C(CCCCCCC(=O)Nc1ccccc1)NO
1560,Alpelisib,PI3Kalpha,2.4835435712504816,180,SUIT2,CC1=C(SC(=N1)NC(=O)N2CCC[C@H]2C(=O)N)C3=CC(=NC=C3)C(C)(C)C(F)(F)F,CVCL_3172,Cc1nc(NC(=O)N2CCC[C@H]2C(N)=O)sc1-c1ccnc(C(C)(C)C(F)(F)F)c1
2109,AZ6102,"TNKS1, TNKS2",2.498837812304491,180,SUIT2,CCC1=CC2=C(C=C1OC(=O)C(C)(C)C)OC(=C(C2=O)OC3=CC=C(C=C3)I)C(F)(F)F,CVCL_3172,CCc1cc2c(=O)c(Oc3ccc(I)cc3)c(C(F)(F)F)oc2cc1OC(=O)C(C)(C)C
1250,AZ960,"JAK2, JAK3",2.635291172052936,180,SUIT2,CC1=CC(=NN1)NC2=C(C=C(C(=N2)N[C@@H](C)C3=CC=C(C=C3)F)C#N)F,CVCL_3172,Cc1cc(Nc2nc(N[C@@H](C)c3ccc(F)cc3)c(C#N)cc2F)n[nH]1
1007,Docetaxel,Microtubule stabiliser,2.8123812245897324,180,SUIT2,CC1=C2[C@H](C(=O)[C@@]3([C@H](C[C@@H]4[C@]([C@H]3[C@@H]([C@@](C2(C)C)(C[C@@H]1OC(=O)[C@@H]([C@H](C5=CC=CC=C5)NC(=O)OC(C)(C)C)O)O)OC(=O)C6=CC=CC=C6)(CO4)OC(=O)C)O)C)O,CVCL_3172,CC(=O)O[C@@]12CO[C@@H]1C[C@H](O)[C@@]1(C)C(=O)[C@H](O)C3=C(C)[C@@H](OC(=O)[C@H](O)[C@@H](NC(=O)OC(C)(C)C)c4ccccc4)C[C@@](O)([C@@H](OC(=O)c4ccccc4)[C@@H]12)C3(C)C
1561,Taselisib,PI3K (beta sparing),3.176612312964459,180,SUIT2,CC1=NN(C(=N1)C2=CN3CCOC4=C(C3=N2)C=CC(=C4)C5=CN(N=C5)C(C)(C)C(=O)N)C(C)C,CVCL_3172,Cc1nc(-c2cn3c(n2)-c2ccc(-c4cnn(C(C)(C)C(N)=O)c4)cc2OCC3)n(C(C)C)n1
1559,Luminespib,HSP90,3.2096507538936248,180,SUIT2,CN1C2=CC=CC=C2C(C1=O)(CC(=O)C3=CC=C(C=C3)Cl)O,CVCL_3172,CN1C(=O)C(O)(CC(=O)c2ccc(Cl)cc2)c2ccccc21
1930,Telomerase Inhibitor IX,Telomerase,3.4917652745490293,180,SUIT2,C1=CC(=CC(=C1)NC(=O)C2=C(C(=CC=C2)O)O)NC(=O)C3=C(C(=CC=C3)O)O,CVCL_3172,O=C(Nc1cccc(NC(=O)c2cccc(O)c2O)c1)c1cccc(O)c1O
2110,GSK591,PMRT5,-0.8713377066197435,102,SW1990,C1CC(C1)NC2=NC=CC(=C2)C(=O)NC[C@@H](CN3CCC4=CC=CC=C4C3)O,CVCL_1723,O=C(NC[C@H](O)CN1CCc2ccccc2C1)c1ccnc(NC2CCC2)c1
2046,MK-8776,"CHEK1, CHEK2, CDK2",-0.7777821035929066,102,SW1990,CN1C=C(C=N1)C2=C3N=C(C(=C(N3N=C2)N)Br)C4CCCNC4,CVCL_1723,Cn1cc(-c2cnn3c(N)c(Br)c(C4CCCNC4)nc23)cn1
1598,LGK974,PORCN,-0.4605221700708591,102,SW1990,CC1=CC(=CN=C1C2=CC(=NC=C2)C)CC(=O)NC3=NC=C(C=C3)C4=NC=CN=C4,CVCL_1723,Cc1cc(-c2ncc(CC(=O)Nc3ccc(-c4cnccn4)cn3)cc2C)ccn1
1375,Temozolomide,DNA alkylating agent,-0.3207887436148074,102,SW1990,CN1C(=O)N2C=NC(=C2N=N1)C(=O)N,CVCL_1723,Cn1nnc2c(C(N)=O)ncn2c1=O
1559,Luminespib,HSP90,-0.3081461912866906,102,SW1990,CN1C2=CC=CC=C2C(C1=O)(CC(=O)C3=CC=C(C=C3)Cl)O,CVCL_1723,CN1C(=O)C(O)(CC(=O)c2ccc(Cl)cc2)c2ccccc21
1925,GDC0810,"ESR1, ESR2",-0.2872553976619688,102,SW1990,CC/C(=C(/C1=CC=C(C=C1)/C=C/C(=O)O)\C2=CC3=C(C=C2)NN=C3)/C4=C(C=C(C=C4)F)Cl,CVCL_1723,CC/C(=C(/c1ccc(/C=C/C(=O)O)cc1)c1ccc2[nH]ncc2c1)c1ccc(F)cc1Cl
1862,MG-132,"Proteasome, CAPN1",-0.2333529189096496,102,SW1990,CC(C)C[C@@H](C=O)NC(=O)[C@H](CC(C)C)NC(=O)[C@H](CC(C)C)NC(=O)OCC1=CC=CC=C1,CVCL_1723,CC(C)C[C@@H](C=O)NC(=O)[C@H](CC(C)C)NC(=O)[C@H](CC(C)C)NC(=O)OCc1ccccc1
1093,GSK1904529A,"IGF1R, IR",-0.1744875048837271,102,SW1990,CCC1=CC(=C(C=C1N2CCC(CC2)N3CCN(CC3)S(=O)(=O)C)OC)NC4=NC=CC(=N4)C5=C(N=C6N5C=CC=C6)C7=CC(=C(C=C7)OC)C(=O)NC8=C(C=CC=C8F)F,CVCL_1723,CCc1cc(Nc2nccc(-c3c(-c4ccc(OC)c(C(=O)Nc5c(F)cccc5F)c4)nc4ccccn34)n2)c(OC)cc1N1CCC(N2CCN(S(C)(=O)=O)CC2)CC1
1512,Cyclophosphamide,Alkylating agent,-0.1687175259276414,102,SW1990,C1CNP(=O)(OC1)N(CCCl)CCCl,CVCL_1723,O=P1(N(CCCl)CCCl)NCCCO1
1913,AGI-5198,IDH1 (R132H),-0.0355768621460905,102,SW1990,CC1=CC=CC=C1C(C(=O)NC2CCCCC2)N(C3=CC(=CC=C3)F)C(=O)CN4C=CN=C4C,CVCL_1723,Cc1ccccc1C(C(=O)NC1CCCCC1)N(C(=O)Cn1ccnc1C)c1cccc(F)c1
1927,GSK2578215A,LRRK2,-0.0115209212770471,102,SW1990,C1=CC=C(C=C1)COC2=C(C=C(C=C2)C3=CC(=NC=C3)F)C(=O)NC4=CN=CC=C4,CVCL_1723,O=C(Nc1cccnc1)c1cc(-c2ccnc(F)c2)ccc1OCc1ccccc1
1060,PD0325901,"MEK1, MEK2",0.0556995345738587,102,SW1990,C1=CC(=C(C=C1I)F)NC2=C(C=CC(=C2F)F)C(=O)NOC[C@@H](CO)O,CVCL_1723,O=C(NOC[C@H](O)CO)c1ccc(F)c(F)c1Nc1ccc(I)cc1F
1022,AZD7762,"CHEK1, CHEK2",0.1099363554064241,102,SW1990,C1C[C@@H](CNC1)NC(=O)C2=C(C=C(S2)C3=CC(=CC=C3)F)NC(=O)N,CVCL_1723,NC(=O)Nc1cc(-c2cccc(F)c2)sc1C(=O)N[C@H]1CCCNC1
1200,Fulvestrant,ESR,0.1518863704007192,102,SW1990,C[C@]12CC[C@H]3[C@H]([C@@H]1CC[C@@H]2O)[C@@H](CC4=C3C=CC(=C4)O)CCCCCCCCCS(=O)CCCC(C(F)(F)F)(F)F,CVCL_1723,C[C@]12CC[C@@H]3c4ccc(O)cc4C[C@@H](CCCCCCCCC[S+]([O-])CCCC(F)(F)C(F)(F)F)[C@H]3[C@@H]1CC[C@@H]2O
1997,WEHI-539,BCL-XL,0.202901179377378,102,SW1990,C1CC2=C(C=C(C=C2)C3=NC(=C(S3)CCCOC4=CC=C(C=C4)CN)C(=O)O)/C(=N/NC5=NC6=CC=CC=C6S5)/C1,CVCL_1723,NCc1ccc(OCCCc2sc(-c3ccc4c(c3)/C(=N/Nc3nc5ccccc5s3)CCC4)nc2C(=O)O)cc1
1909,Venetoclax,BCL2,0.2073434014909576,102,SW1990,CC1(CCC(=C(C1)C2=CC=C(C=C2)Cl)CN3CCN(CC3)C4=CC(=C(C=C4)C(=O)NS(=O)(=O)C5=CC(=C(C=C5)NCC6CCOCC6)[N+](=O)[O-])OC7=CN=C8C(=C7)C=CN8)C,CVCL_1723,CC1(C)CCC(CN2CCN(c3ccc(C(=O)NS(=O)(=O)c4ccc(NCC5CCOCC5)c([N+](=O)[O-])c4)c(Oc4cnc5[nH]ccc5c4)c3)CC2)=C(c2ccc(Cl)cc2)C1
1928,I-BRD9,BRD9,0.2630844902988034,102,SW1990,CCN1C=C(C2=C(C1=O)C=C(S2)C(=NC3CCS(=O)(=O)CC3)N)C4=CC(=CC=C4)C(F)(F)F,CVCL_1723,CCn1cc(-c2cccc(C(F)(F)F)c2)c2sc(C(N)=NC3CCS(=O)(=O)CC3)cc2c1=O
1996,MIM1,MCL1,0.2713786587928805,102,SW1990,CC(C)[C@H]1CSC(=N1)N2[C@H](CSC2=S)C(C)C,CVCL_1723,CC(C)[C@H]1CSC(N2C(=S)SC[C@@H]2C(C)C)=N1
1931,MIRA-1,TP53,0.2848770381920464,102,SW1990,CCC(=O)OCN1C(=O)C=CC1=O,CVCL_1723,CCC(=O)OCN1C(=O)C=CC1=O
1237,EPZ004777,DOT1L,0.3345450176426132,102,SW1990,CC(C)N(CCCNC(=O)NC1=CC=C(C=C1)C(C)(C)C)C[C@@H]2[C@H]([C@H]([C@@H](O2)N3C=CC4=C(N=CN=C43)N)O)O,CVCL_1723,CC(C)N(CCCNC(=O)Nc1ccc(C(C)(C)C)cc1)C[C@H]1O[C@@H](n2ccc3c(N)ncnc32)[C@H](O)[C@@H]1O
1529,Pevonedistat,NAE,0.3740932040905682,102,SW1990,C1CC2=CC=CC=C2[C@H]1NC3=C4C=CN(C4=NC=N3)[C@@H]5C[C@H]([C@H](C5)O)COS(=O)(=O)N,CVCL_1723,NS(=O)(=O)OC[C@@H]1C[C@@H](n2ccc3c(N[C@H]4CCc5ccccc54)ncnc32)C[C@@H]1O
1372,Trametinib,"MEK1, MEK2",0.4051438510894328,102,SW1990,CC1=C2C(=C(N(C1=O)C)NC3=C(C=C(C=C3)I)F)C(=O)N(C(=O)N2C4=CC=CC(=C4)NC(=O)C)C5CC5,CVCL_1723,CC(=O)Nc1cccc(-n2c(=O)n(C3CC3)c(=O)c3c(Nc4ccc(I)cc4F)n(C)c(=O)c(C)c32)c1
1564,SCH772984,"ERK1, ERK2",0.4127113049494905,102,SW1990,C1CN(C[C@@H]1C(=O)NC2=CC3=C(C=C2)NN=C3C4=CC=NC=C4)CC(=O)N5CCN(CC5)C6=CC=C(C=C6)C7=NC=CC=N7,CVCL_1723,O=C(Nc1ccc2[nH]nc(-c3ccncc3)c2c1)[C@@H]1CCN(CC(=O)N2CCN(c3ccc(-c4ncccn4)cc3)CC2)C1
1047,Nutlin-3a (-),MDM2,0.4439552093617484,102,SW1990,CC(C)OC1=C(C=CC(=C1)OC)C2=N[C@H]([C@H](N2C(=O)N3CCNC(=O)C3)C4=CC=C(C=C4)Cl)C5=CC=C(C=C5)Cl,CVCL_1723,COc1ccc(C2=N[C@@H](c3ccc(Cl)cc3)[C@@H](c3ccc(Cl)cc3)N2C(=O)N2CCNC(=O)C2)c(OC(C)C)c1
1941,Sepantronium bromide,BIRC5,0.4760837884132953,102,SW1990,CC1=[N+](C2=C(N1CCOC)C(=O)C3=CC=CC=C3C2=O)CC4=NC=CN=C4.[Br-],CVCL_1723,COCCn1c2c([n+](Cc3cnccn3)c1C)C(=O)c1ccccc1C2=O
1017,Olaparib,"PARP1, PARP2",0.4962643538194028,102,SW1990,C1CC1C(=O)N2CCN(CC2)C(=O)C3=C(C=CC(=C3)CC4=NNC(=O)C5=CC=CC=C54)F,CVCL_1723,O=C(c1cc(Cc2n[nH]c(=O)c3ccccc23)ccc1F)N1CCN(C(=O)C2CC2)CC1
1168,Erlotinib,EGFR,0.5398414310633964,102,SW1990,COCCOC1=C(C=C2C(=C1)C(=NC=N2)NC3=CC=CC(=C3)C#C)OCCOC,CVCL_1723,C#Cc1cccc(Nc2ncnc3cc(OCCOC)c(OCCOC)cc23)c1
1373,Dabrafenib,BRAF,0.5444720357414709,102,SW1990,CC(C)(C)C1=NC(=C(S1)C2=NC(=NC=C2)N)C3=C(C(=CC=C3)NS(=O)(=O)C4=C(C=CC=C4F)F)F,CVCL_1723,CC(C)(C)c1nc(-c2cccc(NS(=O)(=O)c3c(F)cccc3F)c2F)c(-c2ccnc(N)n2)s1
1549,Sapitinib,"EGFR, ERBB2, ERBB3",0.5465053133103102,102,SW1990,CNC(=O)CN1CCC(CC1)OC2=C(C=C3C(=C2)C(=NC=N3)NC4=C(C(=CC=C4)Cl)F)OC,CVCL_1723,CNC(=O)CN1CCC(Oc2cc3c(Nc4cccc(Cl)c4F)ncnc3cc2OC)CC1
1917,AZD6738,ATR,0.55620023721647,102,SW1990,C[C@@H]1COCCN1C2=NC(=NC(=C2)C3(CC3)[S@](=N)(=O)C)C4=C5C=CNC5=NC=C4,CVCL_1723,C[C@@H]1COCCN1c1cc(C2([S@](C)(=N)=O)CC2)nc(-c2ccnc3[nH]ccc23)n1
1908,Ulixertinib,"ERK1, ERK2",0.5598780591077922,102,SW1990,CC(C)NC1=NC=C(C(=C1)C2=CNC(=C2)C(=O)N[C@H](CO)C3=CC(=CC=C3)Cl)Cl,CVCL_1723,CC(C)Nc1cc(-c2c[nH]c(C(=O)N[C@H](CO)c3cccc(Cl)c3)c2)c(Cl)cn1
1919,Osimertinib,EGFR,0.5637443428829919,102,SW1990,CN1C=C(C2=CC=CC=C21)C3=NC(=NC=C3)NC4=C(C=C(C(=C4)NC(=O)C=C)N(C)CCN(C)C)OC,CVCL_1723,C=CC(=O)Nc1cc(Nc2nccc(-c3cn(C)c4ccccc34)n2)c(OC)cc1N(C)CCN(C)C
1179,MK-1775,"WEE1, PLK1",0.5666643456711169,102,SW1990,CC(C)(C1=NC(=CC=C1)N2C3=NC(=NC=C3C(=O)N2CC=C)NC4=CC=C(C=C4)N5CCN(CC5)C)O,CVCL_1723,C=CCn1c(=O)c2cnc(Nc3ccc(N4CCN(C)CC4)cc3)nc2n1-c1cccc(C(C)(C)O)n1
2045,AMG-319,PI3K (beta sparing),0.5889250841688407,102,SW1990,C[C@@H](C1=C(N=C2C=C(C=CC2=C1)F)C3=CC=CC=N3)NC4=NC=NC5=C4NC=N5,CVCL_1723,C[C@H](Nc1ncnc2nc[nH]c12)c1cc2ccc(F)cc2nc1-c1ccccn1
1563,EPZ5676,DOT1L,0.5900442478569521,102,SW1990,CC(C)N(C[C@@H]1[C@H]([C@H]([C@@H](O1)N2C=NC3=C(N=CN=C32)N)O)O)C4CC(C4)CCC5=NC6=C(N5)C=C(C=C6)C(C)(C)C,CVCL_1723,CC(C)N(C[C@H]1O[C@@H](n2cnc3c(N)ncnc32)[C@H](O)[C@@H]1O)C1CC(CCc2nc3ccc(C(C)(C)C)cc3[nH]2)C1
1003,Camptothecin,TOP1,0.6335833894811248,102,SW1990,CC[C@@]1(C2=C(COC1=O)C(=O)N3CC4=CC5=CC=CC=C5N=C4C3=C2)O,CVCL_1723,CC[C@@]1(O)C(=O)OCc2c1cc1n(c2=O)Cc2cc3ccccc3nc2-1
1930,Telomerase Inhibitor IX,Telomerase,0.6466646945883662,102,SW1990,C1=CC(=CC(=C1)NC(=O)C2=C(C(=CC=C2)O)O)NC(=O)C3=C(C(=CC=C3)O)O,CVCL_1723,O=C(Nc1cccc(NC(=O)c2cccc(O)c2O)c1)c1cccc(O)c1O
1034,Staurosporine,Broad spectrum kinase inhibitor,0.6793719088662977,102,SW1990,C[C@@]12[C@@H]([C@@H](C[C@H](O1)N3C4=CC=CC=C4C5=C6C(=C7C8=CC=CC=C8N2C7=C53)CNC6=O)NC)OC,CVCL_1723,CN[C@@H]1C[C@@H]2O[C@@](C)([C@@H]1OC)n1c3ccccc3c3c4c(c5c6ccccc6n2c5c31)C(=O)NC4
1916,AZD5363,"AKT1, AKT2, AKT3, ROCK2",0.6925643971679256,102,SW1990,C1CN(CCC1(C(=O)N[C@@H](CCO)C2=CC=C(C=C2)Cl)N)C3=NC=NC4=C3C=CN4,CVCL_1723,NC1(C(=O)N[C@@H](CCO)c2ccc(Cl)cc2)CCN(c2ncnc3[nH]ccc23)CC1
1511,Epirubicin,Anthracycline,0.6946593862656512,102,SW1990,C[C@H]1[C@@H]([C@H](C[C@@H](O1)O[C@H]2C[C@@](CC3=C2C(=C4C(=C3O)C(=O)C5=C(C4=O)C(=CC=C5)OC)O)(C(=O)CO)O)N)O,CVCL_1723,COc1cccc2c1C(=O)c1c(O)c3c(c(O)c1C2=O)C[C@@](O)(C(=O)CO)C[C@@H]3O[C@H]1C[C@H](N)[C@@H](O)[C@H](C)O1
1010,Gefitinib,EGFR,0.702961210660879,102,SW1990,COC1=C(C=C2C(=C1)N=CN=C2NC3=CC(=C(C=C3)F)Cl)OCCCN4CCOCC4,CVCL_1723,COc1cc2ncnc(Nc3ccc(F)c(Cl)c3)c2cc1OCCCN1CCOCC1
1939,UMI-77,MCL1,0.7079983299129485,102,SW1990,C1=CC=C2C(=C1)C(=CC(=C2O)SCC(=O)O)NS(=O)(=O)C3=CC=C(C=C3)Br,CVCL_1723,O=C(O)CSc1cc(NS(=O)(=O)c2ccc(Br)cc2)c2ccccc2c1O
2043,BIBR-1532,TERT,0.7217887430415808,102,SW1990,C/C(=C\C(=O)NC1=CC=CC=C1C(=O)O)/C2=CC3=CC=CC=C3C=C2,CVCL_1723,C/C(=C\C(=O)Nc1ccccc1C(=O)O)c1ccc2ccccc2c1
1046,Wee1 Inhibitor,"WEE1, CHEK1",0.7911338830725156,102,SW1990,C1=CC=C(C(=C1)C2=CC3=C(C4=C(N3)C=CC(=C4)O)C5=C2C(=O)NC5=O)Cl,CVCL_1723,O=C1NC(=O)c2c1c(-c1ccccc1Cl)cc1[nH]c3ccc(O)cc3c21
2096,VX-11e,ERK2,0.8091536802841134,102,SW1990,CC1=CN=C(N=C1C2=CNC(=C2)C(=O)N[C@H](CO)C3=CC(=CC=C3)Cl)NC4=C(C=C(C=C4)F)Cl,CVCL_1723,Cc1cnc(Nc2ccc(F)cc2Cl)nc1-c1c[nH]c(C(=O)N[C@H](CO)c2cccc(Cl)c2)c1
2111,VE821,ATR,0.8243447491617801,102,SW1990,CS(=O)(=O)C1=CC=C(C=C1)C2=CN=C(C(=N2)C(=O)NC3=CC=CC=C3)N,CVCL_1723,CS(=O)(=O)c1ccc(-c2cnc(N)c(C(=O)Nc3ccccc3)n2)cc1
2044,Pyridostatin,G-quadruplex stabiliser,0.849911174488979,102,SW1990,C1=CC=C2C(=C1)C(=CC(=N2)NC(=O)C3=CC(=CC(=N3)C(=O)NC4=NC5=CC=CC=C5C(=C4)OCCN)OCCN)OCCN,CVCL_1723,NCCOc1cc(C(=O)Nc2cc(OCCN)c3ccccc3n2)nc(C(=O)Nc2cc(OCCN)c3ccccc3n2)c1
1049,PD173074,"FGFR1, FGFR2, FGFR3",0.8581339453283109,102,SW1990,CCN(CC)CCCCNC1=NC2=NC(=C(C=C2C=N1)C3=CC(=CC(=C3)OC)OC)NC(=O)NC(C)(C)C,CVCL_1723,CCN(CC)CCCCNc1ncc2cc(-c3cc(OC)cc(OC)c3)c(NC(=O)NC(C)(C)C)nc2n1
1006,Cytarabine,Antimetabolite,0.8782372900391439,102,SW1990,C1=CN(C(=O)N=C1N)[C@H]2[C@H]([C@@H]([C@H](O2)CO)O)O,CVCL_1723,Nc1ccn([C@@H]2O[C@H](CO)[C@@H](O)[C@@H]2O)c(=O)n1
1085,Sorafenib,"PDGFR, KIT, VEGFR, RAF",0.87880159547039,102,SW1990,CNC(=O)C1=NC=CC(=C1)OC2=CC=C(C=C2)NC(=O)NC3=CC(=C(C=C3)Cl)C(F)(F)F,CVCL_1723,CNC(=O)c1cc(Oc2ccc(NC(=O)Nc3ccc(Cl)c(C(F)(F)F)c3)cc2)ccn1
1924,Ipatasertib,"AKT1, AKT, AKT3",0.8824436609307943,102,SW1990,C[C@@H]1C[C@H](C2=C1C(=NC=N2)N3CCN(CC3)C(=O)[C@H](CNC(C)C)C4=CC=C(C=C4)Cl)O,CVCL_1723,CC(C)NC[C@@H](C(=O)N1CCN(c2ncnc3c2[C@H](C)C[C@H]3O)CC1)c1ccc(Cl)cc1
1199,Tamoxifen,ESR1,0.8887968929862119,102,SW1990,CC/C(=C(\C1=CC=CC=C1)/C2=CC=C(C=C2)OCCN(C)C)/C3=CC=CC=C3,CVCL_1723,CC/C(=C(\c1ccccc1)c1ccc(OCCN(C)C)cc1)c1ccccc1
1561,Taselisib,PI3K (beta sparing),0.9103973272588708,102,SW1990,CC1=NN(C(=N1)C2=CN3CCOC4=C(C3=N2)C=CC(=C4)C5=CN(N=C5)C(C)(C)C(=O)N)C(C)C,CVCL_1723,Cc1nc(-c2cn3c(n2)-c2ccc(-c4cnn(C(C)(C)C(N)=O)c4)cc2OCC3)n(C(C)C)n1
1036,PLX-4720,BRAF,0.9105693818748714,102,SW1990,CCCS(=O)(=O)NC1=C(C(=C(C=C1)F)C(=O)C2=CNC3=C2C=C(C=N3)Cl)F,CVCL_1723,CCCS(=O)(=O)Nc1ccc(F)c(C(=O)c2c[nH]c3ncc(Cl)cc23)c1F
1079,Dasatinib,"ABL, SRC, Ephrins, PDGFR, KIT",0.917872174349592,102,SW1990,CC1=C(C(=CC=C1)Cl)NC(=O)C2=CN=C(S2)NC3=CC(=NC(=N3)C)N4CCN(CC4)CCO,CVCL_1723,Cc1nc(Nc2ncc(C(=O)Nc3c(C)cccc3Cl)s2)cc(N2CCN(CCO)CC2)n1
1259,Talazoparib,"PARP1, PARP2",0.934045425845904,102,SW1990,CC(C)/C=N/NC(=O)C1=CC=C(C=C1)NC(=O)C,CVCL_1723,CC(=O)Nc1ccc(C(=O)N/N=C/C(C)C)cc1
1912,Afuresertib,"AKT1, AKT2, AKT3",0.9343135455660648,102,SW1990,CN1C(=C(C=N1)Cl)C2=C(SC(=C2)C(=O)N[C@@H](CC3=CC(=CC=C3)F)CN)Cl,CVCL_1723,Cn1ncc(Cl)c1-c1cc(C(=O)N[C@H](CN)Cc2cccc(F)c2)sc1Cl
1558,Lapatinib,"EGFR, ERBB2",0.940436828265368,102,SW1990,CS(=O)(=O)CCNCC1=CC=C(O1)C2=CC3=C(C=C2)N=CN=C3NC4=CC(=C(C=C4)OCC5=CC(=CC=C5)F)Cl,CVCL_1723,CS(=O)(=O)CCNCc1ccc(-c2ccc3ncnc(Nc4ccc(OCc5cccc(F)c5)c(Cl)c4)c3c2)o1
1910,ABT737,"BCL2, BCL-XL,  BCL-W, BCL-B, BFL1",0.9429089104407248,102,SW1990,CN(C)CC[C@H](CSC1=CC=CC=C1)NC2=C(C=C(C=C2)S(=O)(=O)NC(=O)C3=CC=C(C=C3)N4CCN(CC4)CC5=CC=CC=C5C6=CC=C(C=C6)Cl)[N+](=O)[O-],CVCL_1723,CN(C)CC[C@H](CSc1ccccc1)Nc1ccc(S(=O)(=O)NC(=O)c2ccc(N3CCN(Cc4ccccc4-c4ccc(Cl)cc4)CC3)cc2)cc1[N+](=O)[O-]
1089,Oxaliplatin,DNA alkylating agent,0.9469853246463552,102,SW1990,C1CC[C@H]([C@@H](C1)N)N.C(=O)(C(=O)O)O.[Pt],CVCL_1723,N[C@@H]1CCCC[C@H]1N
1088,Irinotecan,TOP1,0.9509331167451088,102,SW1990,CCC1=C2CN3C(=CC4=C(C3=O)COC(=O)[C@@]4(CC)O)C2=NC5=C1C=C(C=C5)OC(=O)N6CCC(CC6)N7CCCCC7,CVCL_1723,CCc1c2c(nc3ccc(OC(=O)N4CCC(N5CCCCC5)CC4)cc13)-c1cc3c(c(=O)n1C2)COC(=O)[C@]3(O)CC
1190,Gemcitabine,Pyrimidine antimetabolite,1.0526310378458106,102,SW1990,C1=CN(C(=O)N=C1N)[C@H]2C([C@@H]([C@H](O2)CO)O)(F)F,CVCL_1723,Nc1ccn([C@@H]2O[C@H](CO)[C@@H](O)C2(F)F)c(=O)n1
1073,5-Fluorouracil,Antimetabolite (DNA & RNA),1.0546607885854564,102,SW1990,C1=C(C(=O)NC(=O)N1)F,CVCL_1723,O=c1[nH]cc(F)c(=O)[nH]1
1510,Linsitinib,IGF1R,1.098017824159644,102,SW1990,CC1(CC(C1)C2=NC(=C3N2C=CN=C3N)C4=CC5=C(C=C4)C=CC(=N5)C6=CC=CC=C6)O,CVCL_1723,CC1(O)CC(c2nc(-c3ccc4ccc(-c5ccccc5)nc4c3)c3c(N)nccn23)C1
1926,GNE-317,PI3Kalpha,1.1265192296105415,102,SW1990,CC1=C(SC2=C1N=C(N=C2N3CCOCC3)C4=CN=C(N=C4)N)C5(COC5)OC,CVCL_1723,COC1(c2sc3c(N4CCOCC4)nc(-c4cnc(N)nc4)nc3c2C)COC1
1057,Dactolisib,"PI3K (class 1), MTORC1, MTORC2",1.1269236161025908,102,SW1990,CC(C)(C#N)C1=CC=C(C=C1)N2C3=C4C=C(C=CC4=NC=C3N(C2=O)C)C5=CC6=CC=CC=C6N=C5,CVCL_1723,Cn1c(=O)n(-c2ccc(C(C)(C)C#N)cc2)c2c3cc(-c4cnc5ccccc5c4)ccc3ncc21
1915,AZD3759,EGFR,1.1284976652979664,102,SW1990,C[C@@H]1CN(CCN1C(=O)OC2=C(C=C3C(=C2)C(=NC=N3)NC4=C(C(=CC=C4)Cl)F)OC)C,CVCL_1723,COc1cc2ncnc(Nc3cccc(Cl)c3F)c2cc1OC(=O)N1CCN(C)C[C@H]1C
2107,LJI308,"RSK2, RSK1, RSK3",1.1287794193319942,102,SW1990,C1COCCN1C2=CC=C(C=C2)C3=C(C=NC=C3)C4=CC(=C(C(=C4)F)O)F,CVCL_1723,Oc1c(F)cc(-c2cnccc2-c2ccc(N3CCOCC3)cc2)cc1F
1936,Savolitinib,MET,1.1347500667807624,102,SW1990,C[C@@H](C1=CN2C=CN=C2C=C1)N3C4=NC(=CN=C4N=N3)C5=CN(N=C5)C,CVCL_1723,C[C@@H](c1ccc2nccn2c1)n1nnc2ncc(-c3cnn(C)c3)nc21
1933,P22077,"USP7, USP47",1.1795945101503484,102,SW1990,CC(=O)C1=CC(=C(S1)SC2=C(C=C(C=C2)F)F)[N+](=O)[O-],CVCL_1723,CC(=O)c1cc([N+](=O)[O-])c(Sc2ccc(F)cc2F)s1
1786,AZD4547,"FGFR1, FGFR2, FGFR3",1.1812392960851477,102,SW1990,C[C@@H]1CN(C[C@@H](N1)C)C2=CC=C(C=C2)C(=O)NC3=NNC(=C3)CCC4=CC(=CC(=C4)OC)OC,CVCL_1723,COc1cc(CCc2cc(NC(=O)c3ccc(N4C[C@H](C)N[C@H](C)C4)cc3)n[nH]2)cc(OC)c1
1004,Vinblastine,Microtubule destabiliser,1.2298829975765513,102,SW1990,CC[C@@]1(CC2C[C@@](C3=C(CCN(C2)C1)C4=CC=CC=C4N3)(C5=C(C=C6C(=C5)[C@]78CCN9[C@H]7[C@@](C=CC9)([C@H]([C@@]([C@@H]8N6C)(C(=O)OC)O)OC(=O)C)CC)OC)C(=O)OC)O,CVCL_1723,CC[C@]1(O)CC2CN(CCc3c([nH]c4ccccc34)[C@@](C(=O)OC)(c3cc4c(cc3OC)N(C)[C@H]3[C@@](O)(C(=O)OC)[C@H](OC(C)=O)[C@]5(CC)C=CCN6CC[C@]43[C@@H]65)C2)C1
1080,Paclitaxel,Microtubule stabiliser,1.2599494490082177,102,SW1990,CC1=C2[C@H](C(=O)[C@@]3([C@H](C[C@@H]4[C@]([C@H]3[C@@H]([C@@](C2(C)C)(C[C@@H]1OC(=O)[C@@H]([C@H](C5=CC=CC=C5)NC(=O)C6=CC=CC=C6)O)O)OC(=O)C7=CC=CC=C7)(CO4)OC(=O)C)O)C)OC(=O)C,CVCL_1723,CC(=O)O[C@H]1C(=O)[C@]2(C)[C@@H](O)C[C@H]3OC[C@@]3(OC(C)=O)[C@H]2[C@H](OC(=O)c2ccccc2)[C@]2(O)C[C@H](OC(=O)[C@H](O)[C@@H](NC(=O)c3ccccc3)c3ccccc3)C(C)=C1C2(C)C
1032,Afatinib,"ERBB2, EGFR",1.2737525814060693,102,SW1990,CN(C)C/C=C/C(=O)NC1=C(C=C2C(=C1)C(=NC=N2)NC3=CC(=C(C=C3)F)Cl)O[C@H]4CCOC4,CVCL_1723,CN(C)C/C=C/C(=O)Nc1cc2c(Nc3ccc(F)c(Cl)c3)ncnc2cc1O[C@H]1CCOC1
1013,Nilotinib,ABL,1.2929406784746702,102,SW1990,CC1=C(C=C(C=C1)C(=O)NC2=CC(=CC(=C2)C(F)(F)F)N3C=C(N=C3)C)NC4=NC=CC(=N4)C5=CN=CC=C5,CVCL_1723,Cc1cn(-c2cc(NC(=O)c3ccc(C)c(Nc4nccc(-c5cccnc5)n4)c3)cc(C(F)(F)F)c2)cn1
1054,Palbociclib,"CDK4, CDK6",1.3714771444123497,102,SW1990,CC1=C(C(=O)N(C2=NC(=NC=C12)NC3=NC=C(C=C3)N4CCNCC4)C5CCCC5)C(=O)C,CVCL_1723,CC(=O)c1c(C)c2cnc(Nc3ccc(N4CCNCC4)cn3)nc2n(C2CCCC2)c1=O
1058,Pictilisib,PI3K (class 1),1.3871671686482216,102,SW1990,CS(=O)(=O)N1CCN(CC1)CC2=CC3=C(S2)C(=NC(=N3)C4=C5C=NNC5=CC=C4)N6CCOCC6,CVCL_1723,CS(=O)(=O)N1CCN(Cc2cc3nc(-c4cccc5[nH]ncc45)nc(N4CCOCC4)c3s2)CC1
2047,Ulixertinib,"ERK1, ERK2",1.393575933571061,102,SW1990,CC(C)NC1=NC=C(C(=C1)C2=CNC(=C2)C(=O)N[C@H](CO)C3=CC(=CC=C3)Cl)Cl,CVCL_1723,CC(C)Nc1cc(-c2c[nH]c(C(=O)N[C@H](CO)c3cccc(Cl)c3)c2)c(Cl)cn1
1248,Daporinad,NAMPT,1.5513387287105551,102,SW1990,C1CN(CCC1CCCCNC(=O)/C=C/C2=CN=CC=C2)C(=O)C3=CC=CC=C3,CVCL_1723,O=C(/C=C/c1cccnc1)NCCCCC1CCN(C(=O)c2ccccc2)CC1
1918,AZD8186,"PI3Kalpha, PI3Kbeta",1.5995103730932203,102,SW1990,C[C@H](C1=CC(=CC2=C1OC(=CC2=O)N3CCOCC3)C(=O)N(C)C)NC4=CC(=CC(=C4)F)F,CVCL_1723,C[C@@H](Nc1cc(F)cc(F)c1)c1cc(C(=O)N(C)C)cc2c(=O)cc(N3CCOCC3)oc12
1940,WIKI4,"TNKS1, TNKS2",1.7092989865358723,102,SW1990,COC1=CC=C(C=C1)N2C(=NN=C2SCCCN3C(=O)C4=CC=CC5=C4C(=CC=C5)C3=O)C6=CC=NC=C6,CVCL_1723,COc1ccc(-n2c(SCCCN3C(=O)c4cccc5cccc(c45)C3=O)nnc2-c2ccncc2)cc1
1560,Alpelisib,PI3Kalpha,1.7440639993980636,102,SW1990,CC1=C(SC(=N1)NC(=O)N2CCC[C@H]2C(=O)N)C3=CC(=NC=C3)C(C)(C)C(F)(F)F,CVCL_1723,Cc1nc(NC(=O)N2CCC[C@H]2C(N)=O)sc1-c1ccnc(C(C)(C)C(F)(F)F)c1
1084,Rapamycin,MTORC1,1.7508929763189072,102,SW1990,CC1=NC(=C(N1)[N+](=O)[O-])N(CCN2CCOCC2)CC3=CC=CC=C3F,CVCL_1723,Cc1nc(N(CCN2CCOCC2)Cc2ccccc2F)c([N+](=O)[O-])[nH]1
1053,MK-2206,"AKT1, AKT2",1.753003539774008,102,SW1990,C1CC(C1)(C2=CC=C(C=C2)C3=C(C=C4C(=N3)C=CN5C4=NNC5=O)C6=CC=CC=C6)N.Cl.Cl,CVCL_1723,NC1(c2ccc(-c3nc4ccn5c(=O)[nH]nc5c4cc3-c3ccccc3)cc2)CCC1
1011,Navitoclax,"BCL2, BCL-XL, BCL-W",1.7534227872922392,102,SW1990,CC1(CCC(=C(C1)CN2CCN(CC2)C3=CC=C(C=C3)C(=O)NS(=O)(=O)C4=CC(=C(C=C4)N[C@H](CCN5CCOCC5)CSC6=CC=CC=C6)S(=O)(=O)C(F)(F)F)C7=CC=C(C=C7)Cl)C,CVCL_1723,CC1(C)CCC(c2ccc(Cl)cc2)=C(CN2CCN(c3ccc(C(=O)NS(=O)(=O)c4ccc(N[C@H](CCN5CCOCC5)CSc5ccccc5)c(S(=O)(=O)C(F)(F)F)c4)cc3)CC2)C1
2106,Uprosertib,"AKT1, AKT2, AKT3",1.8271604594005328,102,SW1990,CN1C(=C(C=N1)Cl)C2=C(OC(=C2)C(=O)N[C@@H](CC3=CC(=C(C=C3)F)F)CN)Cl,CVCL_1723,Cn1ncc(Cl)c1-c1cc(C(=O)N[C@H](CN)Cc2ccc(F)c(F)c2)oc1Cl
1239,YK-4-279,RNA helicase A,1.8738343036685392,102,SW1990,COC1=CC=C(C=C1)C(=O)CC2(C3=C(C=CC(=C3NC2=O)Cl)Cl)O,CVCL_1723,COc1ccc(C(=O)CC2(O)C(=O)Nc3c(Cl)ccc(Cl)c32)cc1
2109,AZ6102,"TNKS1, TNKS2",1.9198207798144733,102,SW1990,CCC1=CC2=C(C=C1OC(=O)C(C)(C)C)OC(=C(C2=O)OC3=CC=C(C=C3)I)C(F)(F)F,CVCL_1723,CCc1cc2c(=O)c(Oc3ccc(I)cc3)c(C(F)(F)F)oc2cc1OC(=O)C(C)(C)C
1873,Buparlisib,"PI3Kalpha, PI3Kdelta, PI3Kbeta, PI3Kgamma",1.9728734183809096,102,SW1990,C1COCCN1C2=NC(=NC(=C2)C3=CN=C(C=C3C(F)(F)F)N)N4CCOCC4,CVCL_1723,Nc1cc(C(F)(F)F)c(-c2cc(N3CCOCC3)nc(N3CCOCC3)n2)cn1
1922,Cediranib,"VEGFR, FLT1, FLT2, FLT3, FLT4, KIT, PDGFRB",1.9750738492872533,102,SW1990,CC1=CC2=C(N1)C=CC(=C2F)OC3=NC=NC4=CC(=C(C=C43)OC)OCCCN5CCCC5,CVCL_1723,COc1cc2c(Oc3ccc4[nH]c(C)cc4c3F)ncnc2cc1OCCCN1CCCC1
2170,AT13148,AKT1,2.0664035242339973,102,SW1990,C1=CC(=CC=C1C2=CNN=C2)[C@@](CN)(C3=CC=C(C=C3)Cl)O,CVCL_1723,NC[C@@](O)(c1ccc(Cl)cc1)c1ccc(-c2cn[nH]c2)cc1
1007,Docetaxel,Microtubule stabiliser,2.073111041206156,102,SW1990,CC1=C2[C@H](C(=O)[C@@]3([C@H](C[C@@H]4[C@]([C@H]3[C@@H]([C@@](C2(C)C)(C[C@@H]1OC(=O)[C@@H]([C@H](C5=CC=CC=C5)NC(=O)OC(C)(C)C)O)O)OC(=O)C6=CC=CC=C6)(CO4)OC(=O)C)O)C)O,CVCL_1723,CC(=O)O[C@@]12CO[C@@H]1C[C@H](O)[C@@]1(C)C(=O)[C@H](O)C3=C(C)[C@@H](OC(=O)[C@H](O)[C@@H](NC(=O)OC(C)(C)C)c4ccccc4)C[C@@](O)([C@@H](OC(=O)c4ccccc4)[C@@H]12)C3(C)C
2048,Vinorelbine,Microtubule destabiliser,2.217774418828064,102,SW1990,CCC1=C[C@H]2C[C@@](C3=C(CN(C2)C1)C4=CC=CC=C4N3)(C5=C(C=C6C(=C5)[C@]78CCN9[C@H]7[C@@](C=CC9)([C@H]([C@@]([C@@H]8N6C)(C(=O)OC)O)OC(=O)C)CC)OC)C(=O)OC,CVCL_1723,CCC1=C[C@@H]2CN(C1)Cc1c([nH]c3ccccc13)[C@@](C(=O)OC)(c1cc3c(cc1OC)N(C)[C@H]1[C@@](O)(C(=O)OC)[C@H](OC(C)=O)[C@]4(CC)C=CCN5CC[C@]31[C@@H]54)C2
1091,BMS-536924,"IGF1R, IR",2.321158862030997,102,SW1990,CC1=CC(=CC2=C1N=C(N2)C3=C(C=CNC3=O)NC[C@H](C4=CC(=CC=C4)Cl)O)N5CCOCC5,CVCL_1723,Cc1cc(N2CCOCC2)cc2[nH]c(-c3c(NC[C@@H](O)c4cccc(Cl)c4)cc[nH]c3=O)nc12
1932,NVP-ADW742,IGF1R,2.5135032014074747,102,SW1990,C1CCN(C1)CC2CC(C2)N3C=C(C4=C(N=CN=C43)N)C5=CC(=CC=C5)OCC6=CC=CC=C6,CVCL_1723,Nc1ncnc2c1c(-c1cccc(OCc3ccccc3)c1)cn2C1CC(CN2CCCC2)C1
2040,Foretinib,"MET, KDR, TIE2, VEGFR3/FLT4, RON, PDGFR, FGFR1, EGFR",2.773207910057085,102,SW1990,COC1=CC2=C(C=CN=C2C=C1OCCCN3CCOCC3)OC4=C(C=C(C=C4)NC(=O)C5(CC5)C(=O)NC6=CC=C(C=C6)F)F,CVCL_1723,COc1cc2c(Oc3ccc(NC(=O)C4(C(=O)Nc5ccc(F)cc5)CC4)cc3F)ccnc2cc1OCCCN1CCOCC1
1012,Vorinostat,"HDAC inhibitor Class I, IIa, IIb, IV",3.074086572739932,102,SW1990,C1=CC=C(C=C1)NC(=O)CCCCCCC(=O)NO,CVCL_1723,O=C(CCCCCCC(=O)Nc1ccccc1)NO
1852,LY2109761,TGFB1,-0.7404534367537671,180,YAPC,C1CC2=C(C(=NN2C1)C3=CC=CC=N3)C4=C5C=CC(=CC5=NC=C4)OCCN6CCOCC6,CVCL_1794,c1ccc(-c2nn3c(c2-c2ccnc4cc(OCCN5CCOCC5)ccc24)CCC3)nc1
1932,NVP-ADW742,IGF1R,-0.5709734368347876,180,YAPC,C1CCN(C1)CC2CC(C2)N3C=C(C4=C(N=CN=C43)N)C5=CC(=CC=C5)OCC6=CC=CC=C6,CVCL_1794,Nc1ncnc2c1c(-c1cccc(OCc3ccccc3)c1)cn2C1CC(CN2CCCC2)C1
1079,Dasatinib,"ABL, SRC, Ephrins, PDGFR, KIT",-0.5520939948571826,180,YAPC,CC1=C(C(=CC=C1)Cl)NC(=O)C2=CN=C(S2)NC3=CC(=NC(=N3)C)N4CCN(CC4)CCO,CVCL_1794,Cc1nc(Nc2ncc(C(=O)Nc3c(C)cccc3Cl)s2)cc(N2CCN(CCO)CC2)n1
1248,Daporinad,NAMPT,-0.474952958369758,180,YAPC,C1CN(CCC1CCCCNC(=O)/C=C/C2=CN=CC=C2)C(=O)C3=CC=CC=C3,CVCL_1794,O=C(/C=C/c1cccnc1)NCCCCC1CCN(C(=O)c2ccccc2)CC1
1529,Pevonedistat,NAE,-0.4038906535483006,180,YAPC,C1CC2=CC=CC=C2[C@H]1NC3=C4C=CN(C4=NC=N3)[C@@H]5C[C@H]([C@H](C5)O)COS(=O)(=O)N,CVCL_1794,NS(=O)(=O)OC[C@@H]1C[C@@H](n2ccc3c(N[C@H]4CCc5ccccc54)ncnc32)C[C@@H]1O
1620,PFI3,"Polybromo 1, SMARCA4, SMARCA2",-0.3914079406373306,180,YAPC,C1[C@@H]2CN([C@H]1CN2C3=CC=CC=N3)/C=C/C(=O)C4=CC=CC=C4O,CVCL_1794,O=C(/C=C/N1C[C@H]2C[C@@H]1CN2c1ccccn1)c1ccccc1O
1091,BMS-536924,"IGF1R, IR",-0.3363052431175062,180,YAPC,CC1=CC(=CC2=C1N=C(N2)C3=C(C=CNC3=O)NC[C@H](C4=CC(=CC=C4)Cl)O)N5CCOCC5,CVCL_1794,Cc1cc(N2CCOCC2)cc2[nH]c(-c3c(NC[C@@H](O)c4cccc(Cl)c4)cc[nH]c3=O)nc12
1560,Alpelisib,PI3Kalpha,-0.334023158583826,180,YAPC,CC1=C(SC(=N1)NC(=O)N2CCC[C@H]2C(=O)N)C3=CC(=NC=C3)C(C)(C)C(F)(F)F,CVCL_1794,Cc1nc(NC(=O)N2CCC[C@H]2C(N)=O)sc1-c1ccnc(C(C)(C)C(F)(F)F)c1
1853,OF-1,"BRPF1B, BRPF2",-0.3023471366484472,180,YAPC,CC1=C(C=CC(=C1)Br)S(=O)(=O)NC2=CC3=C(C=C2OC)N(C(=O)N3C)C,CVCL_1794,COc1cc2c(cc1NS(=O)(=O)c1ccc(Br)cc1C)n(C)c(=O)n2C
1939,UMI-77,MCL1,-0.2771622250449994,180,YAPC,C1=CC=C2C(=C1)C(=CC(=C2O)SCC(=O)O)NS(=O)(=O)C3=CC=C(C=C3)Br,CVCL_1794,O=C(O)CSc1cc(NS(=O)(=O)c2ccc(Br)cc2)c2ccccc2c1O
2044,Pyridostatin,G-quadruplex stabiliser,-0.260536663114044,180,YAPC,C1=CC=C2C(=C1)C(=CC(=N2)NC(=O)C3=CC(=CC(=N3)C(=O)NC4=NC5=CC=CC=C5C(=C4)OCCN)OCCN)OCCN,CVCL_1794,NCCOc1cc(C(=O)Nc2cc(OCCN)c3ccccc3n2)nc(C(=O)Nc2cc(OCCN)c3ccccc3n2)c1
1190,Gemcitabine,Pyrimidine antimetabolite,-0.1274448678743503,180,YAPC,C1=CN(C(=O)N=C1N)[C@H]2C([C@@H]([C@H](O2)CO)O)(F)F,CVCL_1794,Nc1ccn([C@@H]2O[C@H](CO)[C@@H](O)C2(F)F)c(=O)n1
1922,Cediranib,"VEGFR, FLT1, FLT2, FLT3, FLT4, KIT, PDGFRB",-0.0707437161569949,180,YAPC,CC1=CC2=C(N1)C=CC(=C2F)OC3=NC=NC4=CC(=C(C=C43)OC)OCCCN5CCCC5,CVCL_1794,COc1cc2c(Oc3ccc4[nH]c(C)cc4c3F)ncnc2cc1OCCCN1CCCC1
1862,MG-132,"Proteasome, CAPN1",0.0652810853622297,180,YAPC,CC(C)C[C@@H](C=O)NC(=O)[C@H](CC(C)C)NC(=O)[C@H](CC(C)C)NC(=O)OCC1=CC=CC=C1,CVCL_1794,CC(C)C[C@@H](C=O)NC(=O)[C@H](CC(C)C)NC(=O)[C@H](CC(C)C)NC(=O)OCc1ccccc1
1549,Sapitinib,"EGFR, ERBB2, ERBB3",0.0781483754604697,180,YAPC,CNC(=O)CN1CCC(CC1)OC2=C(C=C3C(=C2)C(=NC=N3)NC4=C(C(=CC=C4)Cl)F)OC,CVCL_1794,CNC(=O)CN1CCC(Oc2cc3c(Nc4cccc(Cl)c4F)ncnc3cc2OC)CC1
1088,Irinotecan,TOP1,0.1119504941729388,180,YAPC,CCC1=C2CN3C(=CC4=C(C3=O)COC(=O)[C@@]4(CC)O)C2=NC5=C1C=C(C=C5)OC(=O)N6CCC(CC6)N7CCCCC7,CVCL_1794,CCc1c2c(nc3ccc(OC(=O)N4CCC(N5CCCCC5)CC4)cc13)-c1cc3c(c(=O)n1C2)COC(=O)[C@]3(O)CC
1510,Linsitinib,IGF1R,0.159321047758753,180,YAPC,CC1(CC(C1)C2=NC(=C3N2C=CN=C3N)C4=CC5=C(C=C4)C=CC(=N5)C6=CC=CC=C6)O,CVCL_1794,CC1(O)CC(c2nc(-c3ccc4ccc(-c5ccccc5)nc4c3)c3c(N)nccn23)C1
1036,PLX-4720,BRAF,0.1719125628444345,180,YAPC,CCCS(=O)(=O)NC1=C(C(=C(C=C1)F)C(=O)C2=CNC3=C2C=C(C=N3)Cl)F,CVCL_1794,CCCS(=O)(=O)Nc1ccc(F)c(C(=O)c2c[nH]c3ncc(Cl)cc23)c1F
1003,Camptothecin,TOP1,0.1731927282653764,180,YAPC,CC[C@@]1(C2=C(COC1=O)C(=O)N3CC4=CC5=CC=CC=C5N=C4C3=C2)O,CVCL_1794,CC[C@@]1(O)C(=O)OCc2c1cc1n(c2=O)Cc2cc3ccccc3nc2-1
1006,Cytarabine,Antimetabolite,0.2004350935298005,180,YAPC,C1=CN(C(=O)N=C1N)[C@H]2[C@H]([C@@H]([C@H](O2)CO)O)O,CVCL_1794,Nc1ccn([C@@H]2O[C@H](CO)[C@@H](O)[C@@H]2O)c(=O)n1
1563,EPZ5676,DOT1L,0.2021816546045114,180,YAPC,CC(C)N(C[C@@H]1[C@H]([C@H]([C@@H](O1)N2C=NC3=C(N=CN=C32)N)O)O)C4CC(C4)CCC5=NC6=C(N5)C=C(C=C6)C(C)(C)C,CVCL_1794,CC(C)N(C[C@H]1O[C@@H](n2cnc3c(N)ncnc32)[C@H](O)[C@@H]1O)C1CC(CCc2nc3ccc(C(C)(C)C)cc3[nH]2)C1
1930,Telomerase Inhibitor IX,Telomerase,0.2424310330104097,180,YAPC,C1=CC(=CC(=C1)NC(=O)C2=C(C(=CC=C2)O)O)NC(=O)C3=C(C(=CC=C3)O)O,CVCL_1794,O=C(Nc1cccc(NC(=O)c2cccc(O)c2O)c1)c1cccc(O)c1O
1013,Nilotinib,ABL,0.275665617205841,180,YAPC,CC1=C(C=C(C=C1)C(=O)NC2=CC(=CC(=C2)C(F)(F)F)N3C=C(N=C3)C)NC4=NC=CC(=N4)C5=CN=CC=C5,CVCL_1794,Cc1cn(-c2cc(NC(=O)c3ccc(C)c(Nc4nccc(-c5cccnc5)n4)c3)cc(C(F)(F)F)c2)cn1
1561,Taselisib,PI3K (beta sparing),0.2942218528511591,180,YAPC,CC1=NN(C(=N1)C2=CN3CCOC4=C(C3=N2)C=CC(=C4)C5=CN(N=C5)C(C)(C)C(=O)N)C(C)C,CVCL_1794,Cc1nc(-c2cn3c(n2)-c2ccc(-c4cnn(C(C)(C)C(N)=O)c4)cc2OCC3)n(C(C)C)n1
1618,GSK2606414,PERK,0.2955533634134742,180,YAPC,CN1C=C(C2=C(N=CN=C21)N)C3=CC4=C(C=C3)N(CC4)C(=O)CC5=CC(=CC=C5)C(F)(F)F,CVCL_1794,Cn1cc(-c2ccc3c(c2)CCN3C(=O)Cc2cccc(C(F)(F)F)c2)c2c(N)ncnc21
1507,Ruxolitinib,"JAK1, JAK2",0.3052847722268187,180,YAPC,C1CCC(C1)[C@@H](CC#N)N2C=C(C=N2)C3=C4C=CNC4=NC=N3,CVCL_1794,N#CC[C@H](C1CCCC1)n1cc(-c2ncnc3[nH]ccc23)cn1
2040,Foretinib,"MET, KDR, TIE2, VEGFR3/FLT4, RON, PDGFR, FGFR1, EGFR",0.3235937558376021,180,YAPC,COC1=CC2=C(C=CN=C2C=C1OCCCN3CCOCC3)OC4=C(C=C(C=C4)NC(=O)C5(CC5)C(=O)NC6=CC=C(C=C6)F)F,CVCL_1794,COc1cc2c(Oc3ccc(NC(=O)C4(C(=O)Nc5ccc(F)cc5)CC4)cc3F)ccnc2cc1OCCCN1CCOCC1
1022,AZD7762,"CHEK1, CHEK2",0.3264343806023932,180,YAPC,C1C[C@@H](CNC1)NC(=O)C2=C(C=C(S2)C3=CC(=CC=C3)F)NC(=O)N,CVCL_1794,NC(=O)Nc1cc(-c2cccc(F)c2)sc1C(=O)N[C@H]1CCCNC1
1926,GNE-317,PI3Kalpha,0.3408547870926197,180,YAPC,CC1=C(SC2=C1N=C(N=C2N3CCOCC3)C4=CN=C(N=C4)N)C5(COC5)OC,CVCL_1794,COC1(c2sc3c(N4CCOCC4)nc(-c4cnc(N)nc4)nc3c2C)COC1
1598,LGK974,PORCN,0.3474447598531435,180,YAPC,CC1=CC(=CN=C1C2=CC(=NC=C2)C)CC(=O)NC3=NC=C(C=C3)C4=NC=CN=C4,CVCL_1794,Cc1cc(-c2ncc(CC(=O)Nc3ccc(-c4cnccn4)cn3)cc2C)ccn1
1085,Sorafenib,"PDGFR, KIT, VEGFR, RAF",0.3524011315718499,180,YAPC,CNC(=O)C1=NC=CC(=C1)OC2=CC=C(C=C2)NC(=O)NC3=CC(=C(C=C3)Cl)C(F)(F)F,CVCL_1794,CNC(=O)c1cc(Oc2ccc(NC(=O)Nc3ccc(Cl)c(C(F)(F)F)c3)cc2)ccn1
1053,MK-2206,"AKT1, AKT2",0.3553084871869814,180,YAPC,C1CC(C1)(C2=CC=C(C=C2)C3=C(C=C4C(=N3)C=CN5C4=NNC5=O)C6=CC=CC=C6)N.Cl.Cl,CVCL_1794,NC1(c2ccc(-c3nc4ccn5c(=O)[nH]nc5c4cc3-c3ccccc3)cc2)CCC1
1179,MK-1775,"WEE1, PLK1",0.4509329132678386,180,YAPC,CC(C)(C1=NC(=CC=C1)N2C3=NC(=NC=C3C(=O)N2CC=C)NC4=CC=C(C=C4)N5CCN(CC5)C)O,CVCL_1794,C=CCn1c(=O)c2cnc(Nc3ccc(N4CCN(C)CC4)cc3)nc2n1-c1cccc(C(C)(C)O)n1
1558,Lapatinib,"EGFR, ERBB2",0.4827061137399167,180,YAPC,CS(=O)(=O)CCNCC1=CC=C(O1)C2=CC3=C(C=C2)N=CN=C3NC4=CC(=C(C=C4)OCC5=CC(=CC=C5)F)Cl,CVCL_1794,CS(=O)(=O)CCNCc1ccc(-c2ccc3ncnc(Nc4ccc(OCc5cccc(F)c5)c(Cl)c4)c3c2)o1
1058,Pictilisib,PI3K (class 1),0.5122873487800734,180,YAPC,CS(=O)(=O)N1CCN(CC1)CC2=CC3=C(S2)C(=NC(=N3)C4=C5C=NNC5=CC=C4)N6CCOCC6,CVCL_1794,CS(=O)(=O)N1CCN(Cc2cc3nc(-c4cccc5[nH]ncc45)nc(N4CCOCC4)c3s2)CC1
1089,Oxaliplatin,DNA alkylating agent,0.5306664445822672,180,YAPC,C1CC[C@H]([C@@H](C1)N)N.C(=O)(C(=O)O)O.[Pt],CVCL_1794,N[C@@H]1CCCC[C@H]1N
1057,Dactolisib,"PI3K (class 1), MTORC1, MTORC2",0.5349366534474272,180,YAPC,CC(C)(C#N)C1=CC=C(C=C1)N2C3=C4C=C(C=CC4=NC=C3N(C2=O)C)C5=CC6=CC=CC=C6N=C5,CVCL_1794,Cn1c(=O)n(-c2ccc(C(C)(C)C#N)cc2)c2c3cc(-c4cnc5ccccc5c4)ccc3ncc21
1799,Ibrutinib,BTK,0.5487830703505845,180,YAPC,C=CC(=O)N1CCC[C@H](C1)N2C3=NC=NC(=C3C(=N2)C4=CC=C(C=C4)OC5=CC=CC=C5)N,CVCL_1794,C=CC(=O)N1CCC[C@@H](n2nc(-c3ccc(Oc4ccccc4)cc3)c3c(N)ncnc32)C1
1073,5-Fluorouracil,Antimetabolite (DNA & RNA),0.5595022794195287,180,YAPC,C1=C(C(=O)NC(=O)N1)F,CVCL_1794,O=c1[nH]cc(F)c(=O)[nH]1
1032,Afatinib,"ERBB2, EGFR",0.5673799473442387,180,YAPC,CN(C)C/C=C/C(=O)NC1=C(C=C2C(=C1)C(=NC=N2)NC3=CC(=C(C=C3)F)Cl)O[C@H]4CCOC4,CVCL_1794,CN(C)C/C=C/C(=O)Nc1cc2c(Nc3ccc(F)c(Cl)c3)ncnc2cc1O[C@H]1CCOC1
1401,AZD5438,CDK2,0.5710128367904618,180,YAPC,CC1=NC=C(N1C(C)C)C2=NC(=NC=C2)NC3=CC=C(C=C3)S(=O)(=O)C,CVCL_1794,Cc1ncc(-c2ccnc(Nc3ccc(S(C)(=O)=O)cc3)n2)n1C(C)C
1806,Oxaliplatin,DNA alkylating agent,0.5894777800759289,180,YAPC,C1CC[C@H]([C@@H](C1)[NH-])[NH-].C(=O)(C(=O)O)O.[Pt+2],CVCL_1794,N[C@@H]1CCCC[C@H]1N
1177,Niraparib,"PARP1, PARP2",0.5953584996246484,180,YAPC,C1C[C@H](CNC1)C2=CC=C(C=C2)N3C=C4C=CC=C(C4=N3)C(=O)N,CVCL_1794,NC(=O)c1cccc2cn(-c3ccc([C@@H]4CCCNC4)cc3)nc12
1931,MIRA-1,TP53,0.5960101187482857,180,YAPC,CCC(=O)OCN1C(=O)C=CC1=O,CVCL_1794,CCC(=O)OCN1C(=O)C=CC1=O
1614,WZ4003,"NUAK1, NUAK2",0.6059777349124875,180,YAPC,CCC(=O)NC1=CC(=CC=C1)OC2=NC(=NC=C2Cl)NC3=C(C=C(C=C3)N4CCN(CC4)C)OC,CVCL_1794,CCC(=O)Nc1cccc(Oc2nc(Nc3ccc(N4CCN(C)CC4)cc3OC)ncc2Cl)c1
1557,LCL161,"XIAP, IAP1, IAP2",0.6097270087716307,180,YAPC,C[C@@H](C(=O)N[C@@H](C1CCCCC1)C(=O)N2CCC[C@H]2C3=NC(=CS3)C(=O)C4=CC=C(C=C4)F)NC,CVCL_1794,CN[C@@H](C)C(=O)N[C@H](C(=O)N1CCC[C@H]1c1nc(C(=O)c2ccc(F)cc2)cs1)C1CCCCC1
1080,Paclitaxel,Microtubule stabiliser,0.6394311503276198,180,YAPC,CC1=C2[C@H](C(=O)[C@@]3([C@H](C[C@@H]4[C@]([C@H]3[C@@H]([C@@](C2(C)C)(C[C@@H]1OC(=O)[C@@H]([C@H](C5=CC=CC=C5)NC(=O)C6=CC=CC=C6)O)O)OC(=O)C7=CC=CC=C7)(CO4)OC(=O)C)O)C)OC(=O)C,CVCL_1794,CC(=O)O[C@H]1C(=O)[C@]2(C)[C@@H](O)C[C@H]3OC[C@@]3(OC(C)=O)[C@H]2[C@H](OC(=O)c2ccccc2)[C@]2(O)C[C@H](OC(=O)[C@H](O)[C@@H](NC(=O)c3ccccc3)c3ccccc3)C(C)=C1C2(C)C
1017,Olaparib,"PARP1, PARP2",0.6510185547176289,180,YAPC,C1CC1C(=O)N2CCN(CC2)C(=O)C3=C(C=CC(=C3)CC4=NNC(=O)C5=CC=CC=C54)F,CVCL_1794,O=C(c1cc(Cc2n[nH]c(=O)c3ccccc23)ccc1F)N1CCN(C(=O)C2CC2)CC1
1268,XAV939,"TNKS1, TNKS2",0.6524311633447174,180,YAPC,C1CSCC2=C1N=C(NC2=O)C3=CC=C(C=C3)C(F)(F)F,CVCL_1794,O=c1[nH]c(-c2ccc(C(F)(F)F)cc2)nc2c1CSCC2
1259,Talazoparib,"PARP1, PARP2",0.6529243532654865,180,YAPC,CC(C)/C=N/NC(=O)C1=CC=C(C=C1)NC(=O)C,CVCL_1794,CC(=O)Nc1ccc(C(=O)N/N=C/C(C)C)cc1
1054,Palbociclib,"CDK4, CDK6",0.6580501948508571,180,YAPC,CC1=C(C(=O)N(C2=NC(=NC=C12)NC3=NC=C(C=C3)N4CCNCC4)C5CCCC5)C(=O)C,CVCL_1794,CC(=O)c1c(C)c2cnc(Nc3ccc(N4CCNCC4)cn3)nc2n(C2CCCC2)c1=O
1627,GSK343,EZH2,0.6949367483964568,180,YAPC,CCCC1=C(C(=O)NC(=C1)C)CNC(=O)C2=C3C=NN(C3=CC(=C2)C4=CC(=NC=C4)N5CCN(CC5)C)C(C)C,CVCL_1794,CCCc1cc(C)[nH]c(=O)c1CNC(=O)c1cc(-c2ccnc(N3CCN(C)CC3)c2)cc2c1cnn2C(C)C
2045,AMG-319,PI3K (beta sparing),0.7024134999511643,180,YAPC,C[C@@H](C1=C(N=C2C=C(C=CC2=C1)F)C3=CC=CC=N3)NC4=NC=NC5=C4NC=N5,CVCL_1794,C[C@H](Nc1ncnc2nc[nH]c12)c1cc2ccc(F)cc2nc1-c1ccccn1
1918,AZD8186,"PI3Kalpha, PI3Kbeta",0.7195818938383424,180,YAPC,C[C@H](C1=CC(=CC2=C1OC(=CC2=O)N3CCOCC3)C(=O)N(C)C)NC4=CC(=CC(=C4)F)F,CVCL_1794,C[C@@H](Nc1cc(F)cc(F)c1)c1cc(C(=O)N(C)C)cc2c(=O)cc(N3CCOCC3)oc12
1034,Staurosporine,Broad spectrum kinase inhibitor,0.7243061741388706,180,YAPC,C[C@@]12[C@@H]([C@@H](C[C@H](O1)N3C4=CC=CC=C4C5=C6C(=C7C8=CC=CC=C8N2C7=C53)CNC6=O)NC)OC,CVCL_1794,CN[C@@H]1C[C@@H]2O[C@@](C)([C@@H]1OC)n1c3ccccc3c3c4c(c5c6ccccc6n2c5c31)C(=O)NC4
1168,Erlotinib,EGFR,0.7317181272691545,180,YAPC,COCCOC1=C(C=C2C(=C1)C(=NC=N2)NC3=CC=CC(=C3)C#C)OCCOC,CVCL_1794,C#Cc1cccc(Nc2ncnc3cc(OCCOC)c(OCCOC)cc23)c1
1576,IWP-2,PORCN,0.7345052421032392,180,YAPC,CC1=CC2=C(C=C1)N=C(S2)NC(=O)CSC3=NC4=C(C(=O)N3C5=CC=CC=C5)SCC4,CVCL_1794,Cc1ccc2nc(NC(=O)CSc3nc4c(c(=O)n3-c3ccccc3)SCC4)sc2c1
1463,AZD1332,"NTRK1, NTRK2, NTRK3",0.7462678832631766,180,YAPC,CC(C)OC1=NNC(=C1)NC2=NC(=NC=C2Cl)NC(C)C3=NC=C(C=C3)F,CVCL_1794,CC(C)Oc1cc(Nc2nc(NC(C)c3ccc(F)cn3)ncc2Cl)[nH]n1
1373,Dabrafenib,BRAF,0.7707245551521466,180,YAPC,CC(C)(C)C1=NC(=C(S1)C2=NC(=NC=C2)N)C3=C(C(=CC=C3)NS(=O)(=O)C4=C(C=CC=C4F)F)F,CVCL_1794,CC(C)(C)c1nc(-c2cccc(NS(=O)(=O)c3c(F)cccc3F)c2F)c(-c2ccnc(N)n2)s1
1049,PD173074,"FGFR1, FGFR2, FGFR3",0.7798130458762088,180,YAPC,CCN(CC)CCCCNC1=NC2=NC(=C(C=C2C=N1)C3=CC(=CC(=C3)OC)OC)NC(=O)NC(C)(C)C,CVCL_1794,CCN(CC)CCCCNc1ncc2cc(-c3cc(OC)cc(OC)c3)c(NC(=O)NC(C)(C)C)nc2n1
1928,I-BRD9,BRD9,0.7798179088582498,180,YAPC,CCN1C=C(C2=C(C1=O)C=C(S2)C(=NC3CCS(=O)(=O)CC3)N)C4=CC(=CC=C4)C(F)(F)F,CVCL_1794,CCn1cc(-c2cccc(C(F)(F)F)c2)c2sc(C(N)=NC3CCS(=O)(=O)CC3)cc2c1=O
1634,AGI-6780,IDH2 R140Q mutant,0.7913216122185146,180,YAPC,C1CC1NS(=O)(=O)C2=CC(=C(C=C2)C3=CSC=C3)NC(=O)NC4=CC=CC(=C4)C(F)(F)F,CVCL_1794,O=C(Nc1cccc(C(F)(F)F)c1)Nc1cc(S(=O)(=O)NC2CC2)ccc1-c1ccsc1
1564,SCH772984,"ERK1, ERK2",0.7930251344224961,180,YAPC,C1CN(C[C@@H]1C(=O)NC2=CC3=C(C=C2)NN=C3C4=CC=NC=C4)CC(=O)N5CCN(CC5)C6=CC=C(C=C6)C7=NC=CC=N7,CVCL_1794,O=C(Nc1ccc2[nH]nc(-c3ccncc3)c2c1)[C@@H]1CCN(CC(=O)N2CCN(c3ccc(-c4ncccn4)cc3)CC2)C1
1915,AZD3759,EGFR,0.8140597257872275,180,YAPC,C[C@@H]1CN(CCN1C(=O)OC2=C(C=C3C(=C2)C(=NC=N3)NC4=C(C(=CC=C4)Cl)F)OC)C,CVCL_1794,COc1cc2ncnc(Nc3cccc(Cl)c3F)c2cc1OC(=O)N1CCN(C)C[C@H]1C
1047,Nutlin-3a (-),MDM2,0.8175335770121582,180,YAPC,CC(C)OC1=C(C=CC(=C1)OC)C2=N[C@H]([C@H](N2C(=O)N3CCNC(=O)C3)C4=CC=C(C=C4)Cl)C5=CC=C(C=C5)Cl,CVCL_1794,COc1ccc(C2=N[C@@H](c3ccc(Cl)cc3)[C@@H](c3ccc(Cl)cc3)N2C(=O)N2CCNC(=O)C2)c(OC(C)C)c1
1629,ML323,"USP1, UAF1",0.822297210719478,180,YAPC,CC1=CN=C(N=C1NCC2=CC=C(C=C2)N3C=CN=N3)C4=CC=CC=C4C(C)C,CVCL_1794,Cc1cnc(-c2ccccc2C(C)C)nc1NCc1ccc(-n2ccnn2)cc1
1010,Gefitinib,EGFR,0.8838769073896755,180,YAPC,COC1=C(C=C2C(=C1)N=CN=C2NC3=CC(=C(C=C3)F)Cl)OCCCN4CCOCC4,CVCL_1794,COc1cc2ncnc(Nc3ccc(F)c(Cl)c3)c2cc1OCCCN1CCOCC1
1720,AZD5991,MCL1,0.8924995218947779,180,YAPC,CC1=C2C(=NN1C)CSCC3=NN(C(=C3)CSC4=CC5=CC=CC=C5C(=C4)OCCCC6=C(N(C7=C6C=CC(=C27)Cl)C)C(=O)O)C,CVCL_1794,Cc1c2c(nn1C)CSCc1cc(n(C)n1)CSc1cc(c3ccccc3c1)OCCCc1c(C(=O)O)n(C)c3c-2c(Cl)ccc13
1559,Luminespib,HSP90,0.9003117587445859,180,YAPC,CN1C2=CC=CC=C2C(C1=O)(CC(=O)C3=CC=C(C=C3)Cl)O,CVCL_1794,CN1C(=O)C(O)(CC(=O)c2ccc(Cl)cc2)c2ccccc21
1511,Epirubicin,Anthracycline,0.9138033070970486,180,YAPC,C[C@H]1[C@@H]([C@H](C[C@@H](O1)O[C@H]2C[C@@](CC3=C2C(=C4C(=C3O)C(=O)C5=C(C4=O)C(=CC=C5)OC)O)(C(=O)CO)O)N)O,CVCL_1794,COc1cccc2c1C(=O)c1c(O)c3c(c(O)c1C2=O)C[C@@](O)(C(=O)CO)C[C@@H]3O[C@H]1C[C@H](N)[C@@H](O)[C@H](C)O1
1372,Trametinib,"MEK1, MEK2",0.96183892899967,180,YAPC,CC1=C2C(=C(N(C1=O)C)NC3=C(C=C(C=C3)I)F)C(=O)N(C(=O)N2C4=CC=CC(=C4)NC(=O)C)C5CC5,CVCL_1794,CC(=O)Nc1cccc(-n2c(=O)n(C3CC3)c(=O)c3c(Nc4ccc(I)cc4F)n(C)c(=O)c(C)c32)c1
1249,BMS-345541,"IKK-1, IKK-2",0.9745470753220886,180,YAPC,CC1=CC2=C(C=C1)N=C(C3=NC=C(N23)C)NCCN.Cl,CVCL_1794,Cc1ccc2nc(NCCN)c3ncc(C)n3c2c1
1578,Leflunomide,Pyrimidine synthesis inhibitor,0.9837345018161352,180,YAPC,CC1=C(C=NO1)C(=O)NC2=CC=C(C=C2)C(F)(F)F,CVCL_1794,Cc1oncc1C(=O)Nc1ccc(C(F)(F)F)cc1
2107,LJI308,"RSK2, RSK1, RSK3",0.9862363081631804,180,YAPC,C1COCCN1C2=CC=C(C=C2)C3=C(C=NC=C3)C4=CC(=C(C(=C4)F)O)F,CVCL_1794,Oc1c(F)cc(-c2cnccc2-c2ccc(N3CCOCC3)cc2)cc1F
1941,Sepantronium bromide,BIRC5,0.98632718125112,180,YAPC,CC1=[N+](C2=C(N1CCOC)C(=O)C3=CC=CC=C3C2=O)CC4=NC=CN=C4.[Br-],CVCL_1794,COCCn1c2c([n+](Cc3cnccn3)c1C)C(=O)c1ccccc1C2=O
1375,Temozolomide,DNA alkylating agent,0.991390639659928,180,YAPC,CN1C(=O)N2C=NC(=C2N=N1)C(=O)N,CVCL_1794,Cn1nnc2c(C(N)=O)ncn2c1=O
1624,I-BET-762,"BRD2, BRD3, BRD4",1.0399844601867558,180,YAPC,CCNC(=O)C[C@H]1C2=NN=C(N2C3=C(C=C(C=C3)OC)C(=N1)C4=CC=C(C=C4)Cl)C,CVCL_1794,CCNC(=O)C[C@@H]1N=C(c2ccc(Cl)cc2)c2cc(OC)ccc2-n2c(C)nnc21
1924,Ipatasertib,"AKT1, AKT, AKT3",1.0608314350643633,180,YAPC,C[C@@H]1C[C@H](C2=C1C(=NC=N2)N3CCN(CC3)C(=O)[C@H](CNC(C)C)C4=CC=C(C=C4)Cl)O,CVCL_1794,CC(C)NC[C@@H](C(=O)N1CCN(c2ncnc3c2[C@H](C)C[C@H]3O)CC1)c1ccc(Cl)cc1
1046,Wee1 Inhibitor,"WEE1, CHEK1",1.068337977032379,180,YAPC,C1=CC=C(C(=C1)C2=CC3=C(C4=C(N3)C=CC(=C4)O)C5=C2C(=O)NC5=O)Cl,CVCL_1794,O=C1NC(=O)c2c1c(-c1ccccc1Cl)cc1[nH]c3ccc(O)cc3c21
1936,Savolitinib,MET,1.0731551541460729,180,YAPC,C[C@@H](C1=CN2C=CN=C2C=C1)N3C4=NC(=CN=C4N=N3)C5=CN(N=C5)C,CVCL_1794,C[C@@H](c1ccc2nccn2c1)n1nnc2ncc(-c3cnn(C)c3)nc21
1925,GDC0810,"ESR1, ESR2",1.091905792127684,180,YAPC,CC/C(=C(/C1=CC=C(C=C1)/C=C/C(=O)O)\C2=CC3=C(C=C2)NN=C3)/C4=C(C=C(C=C4)F)Cl,CVCL_1794,CC/C(=C(/c1ccc(/C=C/C(=O)O)cc1)c1ccc2[nH]ncc2c1)c1ccc(F)cc1Cl
1854,MN-64,"TNKS1, TNKS2",1.132341204467746,180,YAPC,CC(C)C1=CC=C(C=C1)C2=CC(=O)C3=CC=CC=C3O2,CVCL_1794,CC(C)c1ccc(-c2cc(=O)c3ccccc3o2)cc1
1786,AZD4547,"FGFR1, FGFR2, FGFR3",1.1336838795709574,180,YAPC,C[C@@H]1CN(C[C@@H](N1)C)C2=CC=C(C=C2)C(=O)NC3=NNC(=C3)CCC4=CC(=CC(=C4)OC)OC,CVCL_1794,COc1cc(CCc2cc(NC(=O)c3ccc(N4C[C@H](C)N[C@H](C)C4)cc3)n[nH]2)cc(OC)c1
1441,AZD2014,"mTORC1, mTORC2",1.139563943483682,180,YAPC,C[C@H]1COCCN1C2=NC(=NC3=C2C=CC(=N3)C4=CC(=CC=C4)C(=O)NC)N5CCOC[C@@H]5C,CVCL_1794,CNC(=O)c1cccc(-c2ccc3c(N4CCOC[C@@H]4C)nc(N4CCOC[C@@H]4C)nc3n2)c1
2111,VE821,ATR,1.1458498669144848,180,YAPC,CS(=O)(=O)C1=CC=C(C=C1)C2=CN=C(C(=N2)C(=O)NC3=CC=CC=C3)N,CVCL_1794,CS(=O)(=O)c1ccc(-c2cnc(N)c(C(=O)Nc3ccccc3)n2)cc1
1615,CZC24832,PI3Kgamma,1.1478913918903133,180,YAPC,CC(C)(C)NS(=O)(=O)C1=CN=CC(=C1)C2=CN3C(=NC(=N3)N)C(=C2)F,CVCL_1794,CC(C)(C)NS(=O)(=O)c1cncc(-c2cc(F)c3nc(N)nn3c2)c1
1909,Venetoclax,BCL2,1.1529350703372363,180,YAPC,CC1(CCC(=C(C1)C2=CC=C(C=C2)Cl)CN3CCN(CC3)C4=CC(=C(C=C4)C(=O)NS(=O)(=O)C5=CC(=C(C=C5)NCC6CCOCC6)[N+](=O)[O-])OC7=CN=C8C(=C7)C=CN8)C,CVCL_1794,CC1(C)CCC(CN2CCN(c3ccc(C(=O)NS(=O)(=O)c4ccc(NCC5CCOCC5)c([N+](=O)[O-])c4)c(Oc4cnc5[nH]ccc5c4)c3)CC2)=C(c2ccc(Cl)cc2)C1
1625,RVX-208,BRD4,1.1576404741024136,180,YAPC,C1=CC(=C(C=C1N=C=O)F)F,CVCL_1794,O=C=Nc1ccc(F)c(F)c1
1933,P22077,"USP7, USP47",1.161159289667208,180,YAPC,CC(=O)C1=CC(=C(S1)SC2=C(C=C(C=C2)F)F)[N+](=O)[O-],CVCL_1794,CC(=O)c1cc([N+](=O)[O-])c(Sc2ccc(F)cc2F)s1
1873,Buparlisib,"PI3Kalpha, PI3Kdelta, PI3Kbeta, PI3Kgamma",1.2004951512402726,180,YAPC,C1COCCN1C2=NC(=NC(=C2)C3=CN=C(C=C3C(F)(F)F)N)N4CCOCC4,CVCL_1794,Nc1cc(C(F)(F)F)c(-c2cc(N3CCOCC3)nc(N3CCOCC3)n2)cn1
1910,ABT737,"BCL2, BCL-XL,  BCL-W, BCL-B, BFL1",1.210583350077358,180,YAPC,CN(C)CC[C@H](CSC1=CC=CC=C1)NC2=C(C=C(C=C2)S(=O)(=O)NC(=O)C3=CC=C(C=C3)N4CCN(CC4)CC5=CC=CC=C5C6=CC=C(C=C6)Cl)[N+](=O)[O-],CVCL_1794,CN(C)CC[C@H](CSc1ccccc1)Nc1ccc(S(=O)(=O)NC(=O)c2ccc(N3CCN(Cc4ccccc4-c4ccc(Cl)cc4)CC3)cc2)cc1[N+](=O)[O-]
1997,WEHI-539,BCL-XL,1.234837872686514,180,YAPC,C1CC2=C(C=C(C=C2)C3=NC(=C(S3)CCCOC4=CC=C(C=C4)CN)C(=O)O)/C(=N/NC5=NC6=CC=CC=C6S5)/C1,CVCL_1794,NCc1ccc(OCCCc2sc(-c3ccc4c(c3)/C(=N/Nc3nc5ccccc5s3)CCC4)nc2C(=O)O)cc1
1635,Picolinici-acid,Inflammatory related,1.237933620272352,180,YAPC,C1=CC=NC(=C1)C(=O)O,CVCL_1794,O=C(O)c1ccccn1
1512,Cyclophosphamide,Alkylating agent,1.2404648925836872,180,YAPC,C1CNP(=O)(OC1)N(CCCl)CCCl,CVCL_1794,O=P1(N(CCCl)CCCl)NCCCO1
1060,PD0325901,"MEK1, MEK2",1.2502071648607431,180,YAPC,C1=CC(=C(C=C1I)F)NC2=C(C=CC(=C2F)F)C(=O)NOC[C@@H](CO)O,CVCL_1794,O=C(NOC[C@H](O)CO)c1ccc(F)c(F)c1Nc1ccc(I)cc1F
1131,PRIMA-1MET,TP53 activation,1.2544774176569558,180,YAPC,COCC1(C(=O)C2CCN1CC2)CO,CVCL_1794,COCC1(CO)C(=O)C2CCN1CC2
1849,Sabutoclax,"BCL2,  BCL-XL,  BFL1, MCL1",1.2616953500937675,180,YAPC,CC1=CC2=C(C(=C(C=C2C(=C1C3=C(C4=CC(=C(C(=C4C=C3C)C(=O)NC[C@H](C)C5=CC=CC=C5)O)O)O)O)O)O)C(=O)NC[C@H](C)C6=CC=CC=C6,CVCL_1794,Cc1cc2c(C(=O)NC[C@H](C)c3ccccc3)c(O)c(O)cc2c(O)c1-c1c(C)cc2c(C(=O)NC[C@H](C)c3ccccc3)c(O)c(O)cc2c1O
2110,GSK591,PMRT5,1.263241804338242,180,YAPC,C1CC(C1)NC2=NC=CC(=C2)C(=O)NC[C@@H](CN3CCC4=CC=CC=C4C3)O,CVCL_1794,O=C(NC[C@H](O)CN1CCc2ccccc2C1)c1ccnc(NC2CCC2)c1
2047,Ulixertinib,"ERK1, ERK2",1.2887431511615546,180,YAPC,CC(C)NC1=NC=C(C(=C1)C2=CNC(=C2)C(=O)N[C@H](CO)C3=CC(=CC=C3)Cl)Cl,CVCL_1794,CC(C)Nc1cc(-c2c[nH]c(C(=O)N[C@H](CO)c3cccc(Cl)c3)c2)c(Cl)cn1
2046,MK-8776,"CHEK1, CHEK2, CDK2",1.2970581325694406,180,YAPC,CN1C=C(C=N1)C2=C3N=C(C(=C(N3N=C2)N)Br)C4CCCNC4,CVCL_1794,Cn1cc(-c2cnn3c(N)c(Br)c(C4CCCNC4)nc23)cn1
1012,Vorinostat,"HDAC inhibitor Class I, IIa, IIb, IV",1.3026801292645869,180,YAPC,C1=CC=C(C=C1)NC(=O)CCCCCCC(=O)NO,CVCL_1794,O=C(CCCCCCC(=O)Nc1ccccc1)NO
1553,Uprosertib,"AKT1, AKT2, AKT3",1.305754660402611,180,YAPC,CN1C(=C(C=N1)Cl)C2=C(OC(=C2)C(=O)N[C@@H](CC3=CC(=C(C=C3)F)F)CN)Cl,CVCL_1794,Cn1ncc(Cl)c1-c1cc(C(=O)N[C@H](CN)Cc2ccc(F)c(F)c2)oc1Cl
2043,BIBR-1532,TERT,1.3168636212015403,180,YAPC,C/C(=C\C(=O)NC1=CC=CC=C1C(=O)O)/C2=CC3=CC=CC=C3C=C2,CVCL_1794,C/C(=C\C(=O)Nc1ccccc1C(=O)O)c1ccc2ccccc2c1
1007,Docetaxel,Microtubule stabiliser,1.3346331218734997,180,YAPC,CC1=C2[C@H](C(=O)[C@@]3([C@H](C[C@@H]4[C@]([C@H]3[C@@H]([C@@](C2(C)C)(C[C@@H]1OC(=O)[C@@H]([C@H](C5=CC=CC=C5)NC(=O)OC(C)(C)C)O)O)OC(=O)C6=CC=CC=C6)(CO4)OC(=O)C)O)C)O,CVCL_1794,CC(=O)O[C@@]12CO[C@@H]1C[C@H](O)[C@@]1(C)C(=O)[C@H](O)C3=C(C)[C@@H](OC(=O)[C@H](O)[C@@H](NC(=O)OC(C)(C)C)c4ccccc4)C[C@@](O)([C@@H](OC(=O)c4ccccc4)[C@@H]12)C3(C)C
1736,Selumetinib,"MEK1, MEK2",1.337063390213741,180,YAPC,CN1C=NC2=C1C=C(C(=C2F)NC3=C(C=C(C=C3)Br)Cl)C(=O)NOCCO,CVCL_1794,Cn1cnc2c(F)c(Nc3ccc(Br)cc3Cl)c(C(=O)NOCCO)cc21
1631,PRT062607,SYK,1.345283815871662,180,YAPC,C1CC[C@H]([C@H](C1)N)NC2=NC=C(C(=N2)NC3=CC(=CC=C3)N4N=CC=N4)C(=O)N,CVCL_1794,NC(=O)c1cnc(N[C@@H]2CCCC[C@@H]2N)nc1Nc1cccc(-n2nccn2)c1
1626,OTX015,"BRD2, BRD3, BRD4",1.3457412817877183,180,YAPC,CC1=C(SC2=C1C(=N[C@H](C3=NN=C(N32)C)CC(=O)NC4=CC=C(C=C4)O)C5=CC=C(C=C5)Cl)C,CVCL_1794,Cc1sc2c(c1C)C(c1ccc(Cl)cc1)=N[C@@H](CC(=O)Nc1ccc(O)cc1)c1nnc(C)n1-2
1908,Ulixertinib,"ERK1, ERK2",1.3471071265040813,180,YAPC,CC(C)NC1=NC=C(C(=C1)C2=CNC(=C2)C(=O)N[C@H](CO)C3=CC(=CC=C3)Cl)Cl,CVCL_1794,CC(C)Nc1cc(-c2c[nH]c(C(=O)N[C@H](CO)c3cccc(Cl)c3)c2)c(Cl)cn1
1084,Rapamycin,MTORC1,1.3557392991445243,180,YAPC,CC1=NC(=C(N1)[N+](=O)[O-])N(CCN2CCOCC2)CC3=CC=CC=C3F,CVCL_1794,Cc1nc(N(CCN2CCOCC2)Cc2ccccc2F)c([N+](=O)[O-])[nH]1
1912,Afuresertib,"AKT1, AKT2, AKT3",1.375633608870365,180,YAPC,CN1C(=C(C=N1)Cl)C2=C(SC(=C2)C(=O)N[C@@H](CC3=CC(=CC=C3)F)CN)Cl,CVCL_1794,Cn1ncc(Cl)c1-c1cc(C(=O)N[C@H](CN)Cc2cccc(F)c2)sc1Cl
1200,Fulvestrant,ESR,1.3913116692714302,180,YAPC,C[C@]12CC[C@H]3[C@H]([C@@H]1CC[C@@H]2O)[C@@H](CC4=C3C=CC(=C4)O)CCCCCCCCCS(=O)CCCC(C(F)(F)F)(F)F,CVCL_1794,C[C@]12CC[C@@H]3c4ccc(O)cc4C[C@@H](CCCCCCCCC[S+]([O-])CCCC(F)(F)C(F)(F)F)[C@H]3[C@@H]1CC[C@@H]2O
1927,GSK2578215A,LRRK2,1.4039896946840638,180,YAPC,C1=CC=C(C=C1)COC2=C(C=C(C=C2)C3=CC(=NC=C3)F)C(=O)NC4=CN=CC=C4,CVCL_1794,O=C(Nc1cccnc1)c1cc(-c2ccnc(F)c2)ccc1OCc1ccccc1
1917,AZD6738,ATR,1.4292245183483578,180,YAPC,C[C@@H]1COCCN1C2=NC(=NC(=C2)C3(CC3)[S@](=N)(=O)C)C4=C5C=CNC5=NC=C4,CVCL_1794,C[C@@H]1COCCN1c1cc(C2([S@](C)(=N)=O)CC2)nc(-c2ccnc3[nH]ccc23)n1
1093,GSK1904529A,"IGF1R, IR",1.434462086575664,180,YAPC,CCC1=CC(=C(C=C1N2CCC(CC2)N3CCN(CC3)S(=O)(=O)C)OC)NC4=NC=CC(=N4)C5=C(N=C6N5C=CC=C6)C7=CC(=C(C=C7)OC)C(=O)NC8=C(C=CC=C8F)F,CVCL_1794,CCc1cc(Nc2nccc(-c3c(-c4ccc(OC)c(C(=O)Nc5c(F)cccc5F)c4)nc4ccccn34)n2)c(OC)cc1N1CCC(N2CCN(S(C)(=O)=O)CC2)CC1
1919,Osimertinib,EGFR,1.4696817585752162,180,YAPC,CN1C=C(C2=CC=CC=C21)C3=NC(=NC=C3)NC4=C(C=C(C(=C4)NC(=O)C=C)N(C)CCN(C)C)OC,CVCL_1794,C=CC(=O)Nc1cc(Nc2nccc(-c3cn(C)c4ccccc34)n2)c(OC)cc1N(C)CCN(C)C
1004,Vinblastine,Microtubule destabiliser,1.4795763870284613,180,YAPC,CC[C@@]1(CC2C[C@@](C3=C(CCN(C2)C1)C4=CC=CC=C4N3)(C5=C(C=C6C(=C5)[C@]78CCN9[C@H]7[C@@](C=CC9)([C@H]([C@@]([C@@H]8N6C)(C(=O)OC)O)OC(=O)C)CC)OC)C(=O)OC)O,CVCL_1794,CC[C@]1(O)CC2CN(CCc3c([nH]c4ccccc34)[C@@](C(=O)OC)(c3cc4c(cc3OC)N(C)[C@H]3[C@@](O)(C(=O)OC)[C@H](OC(C)=O)[C@]5(CC)C=CCN6CC[C@]43[C@@H]65)C2)C1
1916,AZD5363,"AKT1, AKT2, AKT3, ROCK2",1.495326178357482,180,YAPC,C1CN(CCC1(C(=O)N[C@@H](CCO)C2=CC=C(C=C2)Cl)N)C3=NC=NC4=C3C=CN4,CVCL_1794,NC1(C(=O)N[C@@H](CCO)c2ccc(Cl)cc2)CCN(c2ncnc3[nH]ccc23)CC1
1621,PCI-34051,"HDAC8, HDAC6, HDAC1",1.503891894273211,180,YAPC,COC1=CC=C(C=C1)CN2C=CC3=C2C=C(C=C3)C(=O)NO,CVCL_1794,COc1ccc(Cn2ccc3ccc(C(=O)NO)cc32)cc1
1051,Alisertib,AURKA,1.5160123912506267,180,YAPC,COC1=C(C(=CC=C1)F)C2=NCC3=CN=C(N=C3C4=C2C=C(C=C4)Cl)NC5=CC(=C(C=C5)C(=O)O)OC,CVCL_1794,COc1cc(Nc2ncc3c(n2)-c2ccc(Cl)cc2C(c2c(F)cccc2OC)=NC3)ccc1C(=O)O
1613,VE-822,ATR,1.5535997021908992,180,YAPC,CC(C)S(=O)(=O)C1=CC=C(C=C1)C2=CN=C(C(=N2)C3=CC(=NO3)C4=CC=C(C=C4)CNC)N,CVCL_1794,CNCc1ccc(-c2cc(-c3nc(-c4ccc(S(=O)(=O)C(C)C)cc4)cnc3N)on2)cc1
1913,AGI-5198,IDH1 (R132H),1.5666771161627109,180,YAPC,CC1=CC=CC=C1C(C(=O)NC2CCCCC2)N(C3=CC(=CC=C3)F)C(=O)CN4C=CN=C4C,CVCL_1794,Cc1ccccc1C(C(=O)NC1CCCCC1)N(C(=O)Cn1ccnc1C)c1cccc(F)c1
1083,Crizotinib,"MET, ALK, ROS1",1.602319250545035,180,YAPC,C[C@H](C1=C(C=CC(=C1Cl)F)Cl)OC2=C(N=CC(=C2)C3=CN(N=C3)C4CCNCC4)N,CVCL_1794,C[C@@H](Oc1cc(-c2cnn(C3CCNCC3)c2)cnc1N)c1c(Cl)ccc(F)c1Cl
1622,Wnt-C59,PORCN,1.6639124232363678,180,YAPC,CC1=NC=CC(=C1)C2=CC=C(C=C2)CC(=O)NC3=CC=C(C=C3)C4=CN=CC=C4,CVCL_1794,Cc1cc(-c2ccc(CC(=O)Nc3ccc(-c4cccnc4)cc3)cc2)ccn1
1237,EPZ004777,DOT1L,1.6986967940640674,180,YAPC,CC(C)N(CCCNC(=O)NC1=CC=C(C=C1)C(C)(C)C)C[C@@H]2[C@H]([C@H]([C@@H](O2)N3C=CC4=C(N=CN=C43)N)O)O,CVCL_1794,CC(C)N(CCCNC(=O)Nc1ccc(C(C)(C)C)cc1)C[C@H]1O[C@@H](n2ccc3c(N)ncnc32)[C@H](O)[C@@H]1O
1593,Entinostat,"HDAC1, HDAC3",1.7027279640458242,180,YAPC,C1=CC=C(C(=C1)N)NC(=O)C2=CC=C(C=C2)CNC(=O)OCC3=CN=CC=C3,CVCL_1794,Nc1ccccc1NC(=O)c1ccc(CNC(=O)OCc2cccnc2)cc1
1250,AZ960,"JAK2, JAK3",1.7224032140686552,180,YAPC,CC1=CC(=NN1)NC2=C(C=C(C(=N2)N[C@@H](C)C3=CC=C(C=C3)F)C#N)F,CVCL_1794,Cc1cc(Nc2nc(N[C@@H](C)c3ccc(F)cc3)c(C#N)cc2F)n[nH]1
2106,Uprosertib,"AKT1, AKT2, AKT3",1.7506687007101955,180,YAPC,CN1C(=C(C=N1)Cl)C2=C(OC(=C2)C(=O)N[C@@H](CC3=CC(=C(C=C3)F)F)CN)Cl,CVCL_1794,Cn1ncc(Cl)c1-c1cc(C(=O)N[C@H](CN)Cc2ccc(F)c(F)c2)oc1Cl
2170,AT13148,AKT1,1.76310278541263,180,YAPC,C1=CC(=CC=C1C2=CNN=C2)[C@@](CN)(C3=CC=C(C=C3)Cl)O,CVCL_1794,NC[C@@](O)(c1ccc(Cl)cc1)c1ccc(-c2cn[nH]c2)cc1
1239,YK-4-279,RNA helicase A,1.7912085227307988,180,YAPC,COC1=CC=C(C=C1)C(=O)CC2(C3=C(C=CC(=C3NC2=O)Cl)Cl)O,CVCL_1794,COc1ccc(C(=O)CC2(O)C(=O)Nc3c(Cl)ccc(Cl)c32)cc1
1706,AZD5153,BRD4,1.8106846072834089,180,YAPC,C[C@@H]1C(=O)N(CCN1CCOC2=CC=C(C=C2)C3CCN(CC3)C4=NN5C(=NN=C5OC)C=C4)C,CVCL_1794,COc1nnc2ccc(N3CCC(c4ccc(OCCN5CCN(C)C(=O)[C@H]5C)cc4)CC3)nn12
1855,KRAS (G12C) Inhibitor-12,KRAS (G12C),1.8232337597283144,180,YAPC,C=CC(=O)N1CCN(CC1)C(=O)CNC2=CC(=C(C=C2O)Cl)I,CVCL_1794,C=CC(=O)N1CCN(C(=O)CNc2cc(I)c(Cl)cc2O)CC1
1068,Obatoclax Mesylate,"BCL2, BCL-XL, BCL-W, MCL1",1.869849503937348,180,YAPC,CC1=CC(=C(N1)/C=C\2/C(=C/C(=C/3\C=C4C=CC=CC4=N3)/N2)OC)C,CVCL_1794,COc1c/c(=C2\C=c3ccccc3=N2)[nH]/c1=C\c1[nH]c(C)cc1C
2096,VX-11e,ERK2,1.8898840800167631,180,YAPC,CC1=CN=C(N=C1C2=CNC(=C2)C(=O)N[C@H](CO)C3=CC(=CC=C3)Cl)NC4=C(C=C(C=C4)F)Cl,CVCL_1794,Cc1cnc(Nc2ccc(F)cc2Cl)nc1-c1c[nH]c(C(=O)N[C@H](CO)c2cccc(Cl)c2)c1
1996,MIM1,MCL1,1.8982978282237977,180,YAPC,CC(C)[C@H]1CSC(=N1)N2[C@H](CSC2=S)C(C)C,CVCL_1794,CC(C)[C@H]1CSC(N2C(=S)SC[C@@H]2C(C)C)=N1
1630,Entospletinib,SYK,1.941499679833344,180,YAPC,C1COCCN1C2=CC=C(C=C2)NC3=NC(=CN4C3=NC=C4)C5=CC6=C(C=C5)C=NN6,CVCL_1794,c1cn2cc(-c3ccc4cn[nH]c4c3)nc(Nc3ccc(N4CCOCC4)cc3)c2n1
1199,Tamoxifen,ESR1,2.0081906979111928,180,YAPC,CC/C(=C(\C1=CC=CC=C1)/C2=CC=C(C=C2)OCCN(C)C)/C3=CC=CC=C3,CVCL_1794,CC/C(=C(\c1ccccc1)c1ccc(OCCN(C)C)cc1)c1ccccc1
1011,Navitoclax,"BCL2, BCL-XL, BCL-W",2.048021689277108,180,YAPC,CC1(CCC(=C(C1)CN2CCN(CC2)C3=CC=C(C=C3)C(=O)NS(=O)(=O)C4=CC(=C(C=C4)N[C@H](CCN5CCOCC5)CSC6=CC=CC=C6)S(=O)(=O)C(F)(F)F)C7=CC=C(C=C7)Cl)C,CVCL_1794,CC1(C)CCC(c2ccc(Cl)cc2)=C(CN2CCN(c3ccc(C(=O)NS(=O)(=O)c4ccc(N[C@H](CCN5CCOCC5)CSc5ccccc5)c(S(=O)(=O)C(F)(F)F)c4)cc3)CC2)C1
1940,WIKI4,"TNKS1, TNKS2",2.1254649682208613,180,YAPC,COC1=CC=C(C=C1)N2C(=NN=C2SCCCN3C(=O)C4=CC=CC5=C4C(=CC=C5)C3=O)C6=CC=NC=C6,CVCL_1794,COc1ccc(-n2c(SCCCN3C(=O)c4cccc5cccc(c45)C3=O)nnc2-c2ccncc2)cc1
1180,Dinaciclib,"CDK1, CDK2, CDK5, CDK9",2.202855369300745,180,YAPC,CCC1=C2N=C(C=C(N2N=C1)NCC3=C[N+](=CC=C3)[O-])N4CCCC[C@H]4CCO,CVCL_1794,CCc1cnn2c(NCc3ccc[n+]([O-])c3)cc(N3CCCC[C@H]3CCO)nc12
2109,AZ6102,"TNKS1, TNKS2",2.214763451993344,180,YAPC,CCC1=CC2=C(C=C1OC(=O)C(C)(C)C)OC(=C(C2=O)OC3=CC=C(C=C3)I)C(F)(F)F,CVCL_1794,CCc1cc2c(=O)c(Oc3ccc(I)cc3)c(C(F)(F)F)oc2cc1OC(=O)C(C)(C)C
2048,Vinorelbine,Microtubule destabiliser,2.408246189881317,180,YAPC,CCC1=C[C@H]2C[C@@](C3=C(CN(C2)C1)C4=CC=CC=C4N3)(C5=C(C=C6C(=C5)[C@]78CCN9[C@H]7[C@@](C=CC9)([C@H]([C@@]([C@@H]8N6C)(C(=O)OC)O)OC(=O)C)CC)OC)C(=O)OC,CVCL_1794,CCC1=C[C@@H]2CN(C1)Cc1c([nH]c3ccccc13)[C@@](C(=O)OC)(c1cc3c(cc1OC)N(C)[C@H]1[C@@](O)(C(=O)OC)[C@H](OC(C)=O)[C@]4(CC)C=CCN5CC[C@]31[C@@H]54)C2
1819,Docetaxel,Microtubule stabiliser,2.498629984598507,180,YAPC,CC1=C2[C@H](C(=O)[C@@]3([C@H](C[C@@H]4[C@]([C@H]3[C@@H]([C@@](C2(C)C)(C[C@@H]1OC(=O)[C@@H]([C@H](C5=CC=CC=C5)NC(=O)OC(C)(C)C)O)O)OC(=O)C6=CC=CC=C6)(CO4)OC(=O)C)O)C)O,CVCL_1794,CC(=O)O[C@@]12CO[C@@H]1C[C@H](O)[C@@]1(C)C(=O)[C@H](O)C3=C(C)[C@@H](OC(=O)[C@H](O)[C@@H](NC(=O)OC(C)(C)C)c4ccccc4)C[C@@](O)([C@@H](OC(=O)c4ccccc4)[C@@H]12)C3(C)C
1936,Savolitinib,MET,-1.9474760564970528,180,KP4,C[C@@H](C1=CN2C=CN=C2C=C1)N3C4=NC(=CN=C4N=N3)C5=CN(N=C5)C,CVCL_1338,C[C@@H](c1ccc2nccn2c1)n1nnc2ncc(-c3cnn(C)c3)nc21
2047,Ulixertinib,"ERK1, ERK2",-1.8241376127080464,180,KP4,CC(C)NC1=NC=C(C(=C1)C2=CNC(=C2)C(=O)N[C@H](CO)C3=CC(=CC=C3)Cl)Cl,CVCL_1338,CC(C)Nc1cc(-c2c[nH]c(C(=O)N[C@H](CO)c3cccc(Cl)c3)c2)c(Cl)cn1
1941,Sepantronium bromide,BIRC5,-1.434921208582776,180,KP4,CC1=[N+](C2=C(N1CCOC)C(=O)C3=CC=CC=C3C2=O)CC4=NC=CN=C4.[Br-],CVCL_1338,COCCn1c2c([n+](Cc3cnccn3)c1C)C(=O)c1ccccc1C2=O
1083,Crizotinib,"MET, ALK, ROS1",-1.3133257523821502,180,KP4,C[C@H](C1=C(C=CC(=C1Cl)F)Cl)OC2=C(N=CC(=C2)C3=CN(N=C3)C4CCNCC4)N,CVCL_1338,C[C@@H](Oc1cc(-c2cnn(C3CCNCC3)c2)cnc1N)c1c(Cl)ccc(F)c1Cl
2040,Foretinib,"MET, KDR, TIE2, VEGFR3/FLT4, RON, PDGFR, FGFR1, EGFR",-1.284703801270432,180,KP4,COC1=CC2=C(C=CN=C2C=C1OCCCN3CCOCC3)OC4=C(C=C(C=C4)NC(=O)C5(CC5)C(=O)NC6=CC=C(C=C6)F)F,CVCL_1338,COc1cc2c(Oc3ccc(NC(=O)C4(C(=O)Nc5ccc(F)cc5)CC4)cc3F)ccnc2cc1OCCCN1CCOCC1
1913,AGI-5198,IDH1 (R132H),-1.25896220509126,180,KP4,CC1=CC=CC=C1C(C(=O)NC2CCCCC2)N(C3=CC(=CC=C3)F)C(=O)CN4C=CN=C4C,CVCL_1338,Cc1ccccc1C(C(=O)NC1CCCCC1)N(C(=O)Cn1ccnc1C)c1cccc(F)c1
1051,Alisertib,AURKA,-1.1525641961680817,180,KP4,COC1=C(C(=CC=C1)F)C2=NCC3=CN=C(N=C3C4=C2C=C(C=C4)Cl)NC5=CC(=C(C=C5)C(=O)O)OC,CVCL_1338,COc1cc(Nc2ncc3c(n2)-c2ccc(Cl)cc2C(c2c(F)cccc2OC)=NC3)ccc1C(=O)O
1819,Docetaxel,Microtubule stabiliser,-1.0293180382147271,180,KP4,CC1=C2[C@H](C(=O)[C@@]3([C@H](C[C@@H]4[C@]([C@H]3[C@@H]([C@@](C2(C)C)(C[C@@H]1OC(=O)[C@@H]([C@H](C5=CC=CC=C5)NC(=O)OC(C)(C)C)O)O)OC(=O)C6=CC=CC=C6)(CO4)OC(=O)C)O)C)O,CVCL_1338,CC(=O)O[C@@]12CO[C@@H]1C[C@H](O)[C@@]1(C)C(=O)[C@H](O)C3=C(C)[C@@H](OC(=O)[C@H](O)[C@@H](NC(=O)OC(C)(C)C)c4ccccc4)C[C@@](O)([C@@H](OC(=O)c4ccccc4)[C@@H]12)C3(C)C
1054,Palbociclib,"CDK4, CDK6",-1.015022065803297,180,KP4,CC1=C(C(=O)N(C2=NC(=NC=C12)NC3=NC=C(C=C3)N4CCNCC4)C5CCCC5)C(=O)C,CVCL_1338,CC(=O)c1c(C)c2cnc(Nc3ccc(N4CCNCC4)cn3)nc2n(C2CCCC2)c1=O
1080,Paclitaxel,Microtubule stabiliser,-0.9880671497939184,180,KP4,CC1=C2[C@H](C(=O)[C@@]3([C@H](C[C@@H]4[C@]([C@H]3[C@@H]([C@@](C2(C)C)(C[C@@H]1OC(=O)[C@@H]([C@H](C5=CC=CC=C5)NC(=O)C6=CC=CC=C6)O)O)OC(=O)C7=CC=CC=C7)(CO4)OC(=O)C)O)C)OC(=O)C,CVCL_1338,CC(=O)O[C@H]1C(=O)[C@]2(C)[C@@H](O)C[C@H]3OC[C@@]3(OC(C)=O)[C@H]2[C@H](OC(=O)c2ccccc2)[C@]2(O)C[C@H](OC(=O)[C@H](O)[C@@H](NC(=O)c3ccccc3)c3ccccc3)C(C)=C1C2(C)C
1529,Pevonedistat,NAE,-0.9672885611987811,180,KP4,C1CC2=CC=CC=C2[C@H]1NC3=C4C=CN(C4=NC=N3)[C@@H]5C[C@H]([C@H](C5)O)COS(=O)(=O)N,CVCL_1338,NS(=O)(=O)OC[C@@H]1C[C@@H](n2ccc3c(N[C@H]4CCc5ccccc54)ncnc32)C[C@@H]1O
1996,MIM1,MCL1,-0.9431888671993898,180,KP4,CC(C)[C@H]1CSC(=N1)N2[C@H](CSC2=S)C(C)C,CVCL_1338,CC(C)[C@H]1CSC(N2C(=S)SC[C@@H]2C(C)C)=N1
1930,Telomerase Inhibitor IX,Telomerase,-0.9326453305134546,180,KP4,C1=CC(=CC(=C1)NC(=O)C2=C(C(=CC=C2)O)O)NC(=O)C3=C(C(=CC=C3)O)O,CVCL_1338,O=C(Nc1cccc(NC(=O)c2cccc(O)c2O)c1)c1cccc(O)c1O
2045,AMG-319,PI3K (beta sparing),-0.8783762675190474,180,KP4,C[C@@H](C1=C(N=C2C=C(C=CC2=C1)F)C3=CC=CC=N3)NC4=NC=NC5=C4NC=N5,CVCL_1338,C[C@H](Nc1ncnc2nc[nH]c12)c1cc2ccc(F)cc2nc1-c1ccccn1
1853,OF-1,"BRPF1B, BRPF2",-0.8765533422498109,180,KP4,CC1=C(C=CC(=C1)Br)S(=O)(=O)NC2=CC3=C(C=C2OC)N(C(=O)N3C)C,CVCL_1338,COc1cc2c(cc1NS(=O)(=O)c1ccc(Br)cc1C)n(C)c(=O)n2C
1007,Docetaxel,Microtubule stabiliser,-0.8469269885463068,180,KP4,CC1=C2[C@H](C(=O)[C@@]3([C@H](C[C@@H]4[C@]([C@H]3[C@@H]([C@@](C2(C)C)(C[C@@H]1OC(=O)[C@@H]([C@H](C5=CC=CC=C5)NC(=O)OC(C)(C)C)O)O)OC(=O)C6=CC=CC=C6)(CO4)OC(=O)C)O)C)O,CVCL_1338,CC(=O)O[C@@]12CO[C@@H]1C[C@H](O)[C@@]1(C)C(=O)[C@H](O)C3=C(C)[C@@H](OC(=O)[C@H](O)[C@@H](NC(=O)OC(C)(C)C)c4ccccc4)C[C@@](O)([C@@H](OC(=O)c4ccccc4)[C@@H]12)C3(C)C
1855,KRAS (G12C) Inhibitor-12,KRAS (G12C),-0.8414463911286478,180,KP4,C=CC(=O)N1CCN(CC1)C(=O)CNC2=CC(=C(C=C2O)Cl)I,CVCL_1338,C=CC(=O)N1CCN(C(=O)CNc2cc(I)c(Cl)cc2O)CC1
1559,Luminespib,HSP90,-0.7693019122190536,180,KP4,CN1C2=CC=CC=C2C(C1=O)(CC(=O)C3=CC=C(C=C3)Cl)O,CVCL_1338,CN1C(=O)C(O)(CC(=O)c2ccc(Cl)cc2)c2ccccc21
1239,YK-4-279,RNA helicase A,-0.7655881507700869,180,KP4,COC1=CC=C(C=C1)C(=O)CC2(C3=C(C=CC(=C3NC2=O)Cl)Cl)O,CVCL_1338,COc1ccc(C(=O)CC2(O)C(=O)Nc3c(Cl)ccc(Cl)c32)cc1
1401,AZD5438,CDK2,-0.7562422012300979,180,KP4,CC1=NC=C(N1C(C)C)C2=NC(=NC=C2)NC3=CC=C(C=C3)S(=O)(=O)C,CVCL_1338,Cc1ncc(-c2ccnc(Nc3ccc(S(C)(=O)=O)cc3)n2)n1C(C)C
1004,Vinblastine,Microtubule destabiliser,-0.7485483413905818,180,KP4,CC[C@@]1(CC2C[C@@](C3=C(CCN(C2)C1)C4=CC=CC=C4N3)(C5=C(C=C6C(=C5)[C@]78CCN9[C@H]7[C@@](C=CC9)([C@H]([C@@]([C@@H]8N6C)(C(=O)OC)O)OC(=O)C)CC)OC)C(=O)OC)O,CVCL_1338,CC[C@]1(O)CC2CN(CCc3c([nH]c4ccccc34)[C@@](C(=O)OC)(c3cc4c(cc3OC)N(C)[C@H]3[C@@](O)(C(=O)OC)[C@H](OC(C)=O)[C@]5(CC)C=CCN6CC[C@]43[C@@H]65)C2)C1
1939,UMI-77,MCL1,-0.7123097587399495,180,KP4,C1=CC=C2C(=C1)C(=CC(=C2O)SCC(=O)O)NS(=O)(=O)C3=CC=C(C=C3)Br,CVCL_1338,O=C(O)CSc1cc(NS(=O)(=O)c2ccc(Br)cc2)c2ccccc2c1O
1190,Gemcitabine,Pyrimidine antimetabolite,-0.6452407526325968,180,KP4,C1=CN(C(=O)N=C1N)[C@H]2C([C@@H]([C@H](O2)CO)O)(F)F,CVCL_1338,Nc1ccn([C@@H]2O[C@H](CO)[C@@H](O)C2(F)F)c(=O)n1
1003,Camptothecin,TOP1,-0.5737775628425915,180,KP4,CC[C@@]1(C2=C(COC1=O)C(=O)N3CC4=CC5=CC=CC=C5N=C4C3=C2)O,CVCL_1338,CC[C@@]1(O)C(=O)OCc2c1cc1n(c2=O)Cc2cc3ccccc3nc2-1
1250,AZ960,"JAK2, JAK3",-0.5707932442379028,180,KP4,CC1=CC(=NN1)NC2=C(C=C(C(=N2)N[C@@H](C)C3=CC=C(C=C3)F)C#N)F,CVCL_1338,Cc1cc(Nc2nc(N[C@@H](C)c3ccc(F)cc3)c(C#N)cc2F)n[nH]1
1088,Irinotecan,TOP1,-0.5512868150594568,180,KP4,CCC1=C2CN3C(=CC4=C(C3=O)COC(=O)[C@@]4(CC)O)C2=NC5=C1C=C(C=C5)OC(=O)N6CCC(CC6)N7CCCCC7,CVCL_1338,CCc1c2c(nc3ccc(OC(=O)N4CCC(N5CCCCC5)CC4)cc13)-c1cc3c(c(=O)n1C2)COC(=O)[C@]3(O)CC
1511,Epirubicin,Anthracycline,-0.5447778787915115,180,KP4,C[C@H]1[C@@H]([C@H](C[C@@H](O1)O[C@H]2C[C@@](CC3=C2C(=C4C(=C3O)C(=O)C5=C(C4=O)C(=CC=C5)OC)O)(C(=O)CO)O)N)O,CVCL_1338,COc1cccc2c1C(=O)c1c(O)c3c(c(O)c1C2=O)C[C@@](O)(C(=O)CO)C[C@@H]3O[C@H]1C[C@H](N)[C@@H](O)[C@H](C)O1
2044,Pyridostatin,G-quadruplex stabiliser,-0.4820289138915329,180,KP4,C1=CC=C2C(=C1)C(=CC(=N2)NC(=O)C3=CC(=CC(=N3)C(=O)NC4=NC5=CC=CC=C5C(=C4)OCCN)OCCN)OCCN,CVCL_1338,NCCOc1cc(C(=O)Nc2cc(OCCN)c3ccccc3n2)nc(C(=O)Nc2cc(OCCN)c3ccccc3n2)c1
1634,AGI-6780,IDH2 R140Q mutant,-0.4512453984755545,180,KP4,C1CC1NS(=O)(=O)C2=CC(=C(C=C2)C3=CSC=C3)NC(=O)NC4=CC=CC(=C4)C(F)(F)F,CVCL_1338,O=C(Nc1cccc(C(F)(F)F)c1)Nc1cc(S(=O)(=O)NC2CC2)ccc1-c1ccsc1
1180,Dinaciclib,"CDK1, CDK2, CDK5, CDK9",-0.4156425626420943,180,KP4,CCC1=C2N=C(C=C(N2N=C1)NCC3=C[N+](=CC=C3)[O-])N4CCCC[C@H]4CCO,CVCL_1338,CCc1cnn2c(NCc3ccc[n+]([O-])c3)cc(N3CCCC[C@H]3CCO)nc12
1852,LY2109761,TGFB1,-0.3934847304775596,180,KP4,C1CC2=C(C(=NN2C1)C3=CC=CC=N3)C4=C5C=CC(=CC5=NC=C4)OCCN6CCOCC6,CVCL_1338,c1ccc(-c2nn3c(c2-c2ccnc4cc(OCCN5CCOCC5)ccc24)CCC3)nc1
1873,Buparlisib,"PI3Kalpha, PI3Kdelta, PI3Kbeta, PI3Kgamma",-0.3776837247369295,180,KP4,C1COCCN1C2=NC(=NC(=C2)C3=CN=C(C=C3C(F)(F)F)N)N4CCOCC4,CVCL_1338,Nc1cc(C(F)(F)F)c(-c2cc(N3CCOCC3)nc(N3CCOCC3)n2)cn1
1089,Oxaliplatin,DNA alkylating agent,-0.3573843549281117,180,KP4,C1CC[C@H]([C@@H](C1)N)N.C(=O)(C(=O)O)O.[Pt],CVCL_1338,N[C@@H]1CCCC[C@H]1N
1375,Temozolomide,DNA alkylating agent,-0.3510728129874792,180,KP4,CN1C(=O)N2C=NC(=C2N=N1)C(=O)N,CVCL_1338,Cn1nnc2c(C(N)=O)ncn2c1=O
1629,ML323,"USP1, UAF1",-0.3489344925894608,180,KP4,CC1=CN=C(N=C1NCC2=CC=C(C=C2)N3C=CN=N3)C4=CC=CC=C4C(C)C,CVCL_1338,Cc1cnc(-c2ccccc2C(C)C)nc1NCc1ccc(-n2ccnn2)cc1
1635,Picolinici-acid,Inflammatory related,-0.3294192013147384,180,KP4,C1=CC=NC(=C1)C(=O)O,CVCL_1338,O=C(O)c1ccccn1
1179,MK-1775,"WEE1, PLK1",-0.2685181969540355,180,KP4,CC(C)(C1=NC(=CC=C1)N2C3=NC(=NC=C3C(=O)N2CC=C)NC4=CC=C(C=C4)N5CCN(CC5)C)O,CVCL_1338,C=CCn1c(=O)c2cnc(Nc3ccc(N4CCN(C)CC4)cc3)nc2n1-c1cccc(C(C)(C)O)n1
2048,Vinorelbine,Microtubule destabiliser,-0.2657091928633792,180,KP4,CCC1=C[C@H]2C[C@@](C3=C(CN(C2)C1)C4=CC=CC=C4N3)(C5=C(C=C6C(=C5)[C@]78CCN9[C@H]7[C@@](C=CC9)([C@H]([C@@]([C@@H]8N6C)(C(=O)OC)O)OC(=O)C)CC)OC)C(=O)OC,CVCL_1338,CCC1=C[C@@H]2CN(C1)Cc1c([nH]c3ccccc13)[C@@](C(=O)OC)(c1cc3c(cc1OC)N(C)[C@H]1[C@@](O)(C(=O)OC)[C@H](OC(C)=O)[C@]4(CC)C=CCN5CC[C@]31[C@@H]54)C2
1441,AZD2014,"mTORC1, mTORC2",-0.2601145637150786,180,KP4,C[C@H]1COCCN1C2=NC(=NC3=C2C=CC(=N3)C4=CC(=CC=C4)C(=O)NC)N5CCOC[C@@H]5C,CVCL_1338,CNC(=O)c1cccc(-c2ccc3c(N4CCOC[C@@H]4C)nc(N4CCOC[C@@H]4C)nc3n2)c1
1908,Ulixertinib,"ERK1, ERK2",-0.2570879371071553,180,KP4,CC(C)NC1=NC=C(C(=C1)C2=CNC(=C2)C(=O)N[C@H](CO)C3=CC(=CC=C3)Cl)Cl,CVCL_1338,CC(C)Nc1cc(-c2c[nH]c(C(=O)N[C@H](CO)c3cccc(Cl)c3)c2)c(Cl)cn1
1931,MIRA-1,TP53,-0.2569035343684053,180,KP4,CCC(=O)OCN1C(=O)C=CC1=O,CVCL_1338,CCC(=O)OCN1C(=O)C=CC1=O
1199,Tamoxifen,ESR1,-0.2555720480860677,180,KP4,CC/C(=C(\C1=CC=CC=C1)/C2=CC=C(C=C2)OCCN(C)C)/C3=CC=CC=C3,CVCL_1338,CC/C(=C(\c1ccccc1)c1ccc(OCCN(C)C)cc1)c1ccccc1
1017,Olaparib,"PARP1, PARP2",-0.2514939670627162,180,KP4,C1CC1C(=O)N2CCN(CC2)C(=O)C3=C(C=CC(=C3)CC4=NNC(=O)C5=CC=CC=C54)F,CVCL_1338,O=C(c1cc(Cc2n[nH]c(=O)c3ccccc23)ccc1F)N1CCN(C(=O)C2CC2)CC1
1736,Selumetinib,"MEK1, MEK2",-0.2289793420191125,180,KP4,CN1C=NC2=C1C=C(C(=C2F)NC3=C(C=C(C=C3)Br)Cl)C(=O)NOCCO,CVCL_1338,Cn1cnc2c(F)c(Nc3ccc(Br)cc3Cl)c(C(=O)NOCCO)cc21
1073,5-Fluorouracil,Antimetabolite (DNA & RNA),-0.228001401541004,180,KP4,C1=C(C(=O)NC(=O)N1)F,CVCL_1338,O=c1[nH]cc(F)c(=O)[nH]1
1578,Leflunomide,Pyrimidine synthesis inhibitor,-0.1965538246341537,180,KP4,CC1=C(C=NO1)C(=O)NC2=CC=C(C=C2)C(F)(F)F,CVCL_1338,Cc1oncc1C(=O)Nc1ccc(C(F)(F)F)cc1
1085,Sorafenib,"PDGFR, KIT, VEGFR, RAF",-0.1900466382161878,180,KP4,CNC(=O)C1=NC=CC(=C1)OC2=CC=C(C=C2)NC(=O)NC3=CC(=C(C=C3)Cl)C(F)(F)F,CVCL_1338,CNC(=O)c1cc(Oc2ccc(NC(=O)Nc3ccc(Cl)c(C(F)(F)F)c3)cc2)ccn1
1933,P22077,"USP7, USP47",-0.1649662313944258,180,KP4,CC(=O)C1=CC(=C(S1)SC2=C(C=C(C=C2)F)F)[N+](=O)[O-],CVCL_1338,CC(=O)c1cc([N+](=O)[O-])c(Sc2ccc(F)cc2F)s1
1925,GDC0810,"ESR1, ESR2",-0.1625564385100891,180,KP4,CC/C(=C(/C1=CC=C(C=C1)/C=C/C(=O)O)\C2=CC3=C(C=C2)NN=C3)/C4=C(C=C(C=C4)F)Cl,CVCL_1338,CC/C(=C(/c1ccc(/C=C/C(=O)O)cc1)c1ccc2[nH]ncc2c1)c1ccc(F)cc1Cl
1046,Wee1 Inhibitor,"WEE1, CHEK1",-0.1542413924463303,180,KP4,C1=CC=C(C(=C1)C2=CC3=C(C4=C(N3)C=CC(=C4)O)C5=C2C(=O)NC5=O)Cl,CVCL_1338,O=C1NC(=O)c2c1c(-c1ccccc1Cl)cc1[nH]c3ccc(O)cc3c21
1849,Sabutoclax,"BCL2,  BCL-XL,  BFL1, MCL1",-0.1515732703918358,180,KP4,CC1=CC2=C(C(=C(C=C2C(=C1C3=C(C4=CC(=C(C(=C4C=C3C)C(=O)NC[C@H](C)C5=CC=CC=C5)O)O)O)O)O)O)C(=O)NC[C@H](C)C6=CC=CC=C6,CVCL_1338,Cc1cc2c(C(=O)NC[C@H](C)c3ccccc3)c(O)c(O)cc2c(O)c1-c1c(C)cc2c(C(=O)NC[C@H](C)c3ccccc3)c(O)c(O)cc2c1O
1237,EPZ004777,DOT1L,-0.1362616913165842,180,KP4,CC(C)N(CCCNC(=O)NC1=CC=C(C=C1)C(C)(C)C)C[C@@H]2[C@H]([C@H]([C@@H](O2)N3C=CC4=C(N=CN=C43)N)O)O,CVCL_1338,CC(C)N(CCCNC(=O)Nc1ccc(C(C)(C)C)cc1)C[C@H]1O[C@@H](n2ccc3c(N)ncnc32)[C@H](O)[C@@H]1O
1268,XAV939,"TNKS1, TNKS2",-0.1232478972398045,180,KP4,C1CSCC2=C1N=C(NC2=O)C3=CC=C(C=C3)C(F)(F)F,CVCL_1338,O=c1[nH]c(-c2ccc(C(F)(F)F)cc2)nc2c1CSCC2
1060,PD0325901,"MEK1, MEK2",-0.1140700520588551,180,KP4,C1=CC(=C(C=C1I)F)NC2=C(C=CC(=C2F)F)C(=O)NOC[C@@H](CO)O,CVCL_1338,O=C(NOC[C@H](O)CO)c1ccc(F)c(F)c1Nc1ccc(I)cc1F
1706,AZD5153,BRD4,-0.1093057980919919,180,KP4,C[C@@H]1C(=O)N(CCN1CCOC2=CC=C(C=C2)C3CCN(CC3)C4=NN5C(=NN=C5OC)C=C4)C,CVCL_1338,COc1nnc2ccc(N3CCC(c4ccc(OCCN5CCN(C)C(=O)[C@H]5C)cc4)CC3)nn12
1915,AZD3759,EGFR,-0.1021852789340801,180,KP4,C[C@@H]1CN(CCN1C(=O)OC2=C(C=C3C(=C2)C(=NC=N3)NC4=C(C(=CC=C4)Cl)F)OC)C,CVCL_1338,COc1cc2ncnc(Nc3cccc(Cl)c3F)c2cc1OC(=O)N1CCN(C)C[C@H]1C
1057,Dactolisib,"PI3K (class 1), MTORC1, MTORC2",-0.0607277209655468,180,KP4,CC(C)(C#N)C1=CC=C(C=C1)N2C3=C4C=C(C=CC4=NC=C3N(C2=O)C)C5=CC6=CC=CC=C6N=C5,CVCL_1338,Cn1c(=O)n(-c2ccc(C(C)(C)C#N)cc2)c2c3cc(-c4cnc5ccccc5c4)ccc3ncc21
1053,MK-2206,"AKT1, AKT2",-0.0537850947475559,180,KP4,C1CC(C1)(C2=CC=C(C=C2)C3=C(C=C4C(=N3)C=CN5C4=NNC5=O)C6=CC=CC=C6)N.Cl.Cl,CVCL_1338,NC1(c2ccc(-c3nc4ccn5c(=O)[nH]nc5c4cc3-c3ccccc3)cc2)CCC1
1006,Cytarabine,Antimetabolite,-0.0364875837877423,180,KP4,C1=CN(C(=O)N=C1N)[C@H]2[C@H]([C@@H]([C@H](O2)CO)O)O,CVCL_1338,Nc1ccn([C@@H]2O[C@H](CO)[C@@H](O)[C@@H]2O)c(=O)n1
1248,Daporinad,NAMPT,-0.0356389528914404,180,KP4,C1CN(CCC1CCCCNC(=O)/C=C/C2=CN=CC=C2)C(=O)C3=CC=CC=C3,CVCL_1338,O=C(/C=C/c1cccnc1)NCCCCC1CCN(C(=O)c2ccccc2)CC1
1627,GSK343,EZH2,-0.0316481619014571,180,KP4,CCCC1=C(C(=O)NC(=C1)C)CNC(=O)C2=C3C=NN(C3=CC(=C2)C4=CC(=NC=C4)N5CCN(CC5)C)C(C)C,CVCL_1338,CCCc1cc(C)[nH]c(=O)c1CNC(=O)c1cc(-c2ccnc(N3CCN(C)CC3)c2)cc2c1cnn2C(C)C
1928,I-BRD9,BRD9,-0.0182353553951965,180,KP4,CCN1C=C(C2=C(C1=O)C=C(S2)C(=NC3CCS(=O)(=O)CC3)N)C4=CC(=CC=C4)C(F)(F)F,CVCL_1338,CCn1cc(-c2cccc(C(F)(F)F)c2)c2sc(C(N)=NC3CCS(=O)(=O)CC3)cc2c1=O
1927,GSK2578215A,LRRK2,-0.0036622547253509,180,KP4,C1=CC=C(C=C1)COC2=C(C=C(C=C2)C3=CC(=NC=C3)F)C(=O)NC4=CN=CC=C4,CVCL_1338,O=C(Nc1cccnc1)c1cc(-c2ccnc(F)c2)ccc1OCc1ccccc1
1512,Cyclophosphamide,Alkylating agent,7.22967241877e-05,180,KP4,C1CNP(=O)(OC1)N(CCCl)CCCl,CVCL_1338,O=P1(N(CCCl)CCCl)NCCCO1
1806,Oxaliplatin,DNA alkylating agent,0.0023698633979501,180,KP4,C1CC[C@H]([C@@H](C1)[NH-])[NH-].C(=O)(C(=O)O)O.[Pt+2],CVCL_1338,N[C@@H]1CCCC[C@H]1N
1620,PFI3,"Polybromo 1, SMARCA4, SMARCA2",0.0088806711764255,180,KP4,C1[C@@H]2CN([C@H]1CN2C3=CC=CC=N3)/C=C/C(=O)C4=CC=CC=C4O,CVCL_1338,O=C(/C=C/N1C[C@H]2C[C@@H]1CN2c1ccccn1)c1ccccc1O
1563,EPZ5676,DOT1L,0.0308852236262633,180,KP4,CC(C)N(C[C@@H]1[C@H]([C@H]([C@@H](O1)N2C=NC3=C(N=CN=C32)N)O)O)C4CC(C4)CCC5=NC6=C(N5)C=C(C=C6)C(C)(C)C,CVCL_1338,CC(C)N(C[C@H]1O[C@@H](n2cnc3c(N)ncnc32)[C@H](O)[C@@H]1O)C1CC(CCc2nc3ccc(C(C)(C)C)cc3[nH]2)C1
1510,Linsitinib,IGF1R,0.062259156188045,180,KP4,CC1(CC(C1)C2=NC(=C3N2C=CN=C3N)C4=CC5=C(C=C4)C=CC(=N5)C6=CC=CC=C6)O,CVCL_1338,CC1(O)CC(c2nc(-c3ccc4ccc(-c5ccccc5)nc4c3)c3c(N)nccn23)C1
1034,Staurosporine,Broad spectrum kinase inhibitor,0.0703225661750533,180,KP4,C[C@@]12[C@@H]([C@@H](C[C@H](O1)N3C4=CC=CC=C4C5=C6C(=C7C8=CC=CC=C8N2C7=C53)CNC6=O)NC)OC,CVCL_1338,CN[C@@H]1C[C@@H]2O[C@@](C)([C@@H]1OC)n1c3ccccc3c3c4c(c5c6ccccc6n2c5c31)C(=O)NC4
1916,AZD5363,"AKT1, AKT2, AKT3, ROCK2",0.1060738811194871,180,KP4,C1CN(CCC1(C(=O)N[C@@H](CCO)C2=CC=C(C=C2)Cl)N)C3=NC=NC4=C3C=CN4,CVCL_1338,NC1(C(=O)N[C@@H](CCO)c2ccc(Cl)cc2)CCN(c2ncnc3[nH]ccc23)CC1
1909,Venetoclax,BCL2,0.1098539412751004,180,KP4,CC1(CCC(=C(C1)C2=CC=C(C=C2)Cl)CN3CCN(CC3)C4=CC(=C(C=C4)C(=O)NS(=O)(=O)C5=CC(=C(C=C5)NCC6CCOCC6)[N+](=O)[O-])OC7=CN=C8C(=C7)C=CN8)C,CVCL_1338,CC1(C)CCC(CN2CCN(c3ccc(C(=O)NS(=O)(=O)c4ccc(NCC5CCOCC5)c([N+](=O)[O-])c4)c(Oc4cnc5[nH]ccc5c4)c3)CC2)=C(c2ccc(Cl)cc2)C1
1615,CZC24832,PI3Kgamma,0.1249653639318123,180,KP4,CC(C)(C)NS(=O)(=O)C1=CN=CC(=C1)C2=CN3C(=NC(=N3)N)C(=C2)F,CVCL_1338,CC(C)(C)NS(=O)(=O)c1cncc(-c2cc(F)c3nc(N)nn3c2)c1
1918,AZD8186,"PI3Kalpha, PI3Kbeta",0.1407614511023885,180,KP4,C[C@H](C1=CC(=CC2=C1OC(=CC2=O)N3CCOCC3)C(=O)N(C)C)NC4=CC(=CC(=C4)F)F,CVCL_1338,C[C@@H](Nc1cc(F)cc(F)c1)c1cc(C(=O)N(C)C)cc2c(=O)cc(N3CCOCC3)oc12
1926,GNE-317,PI3Kalpha,0.1467737504066498,180,KP4,CC1=C(SC2=C1N=C(N=C2N3CCOCC3)C4=CN=C(N=C4)N)C5(COC5)OC,CVCL_1338,COC1(c2sc3c(N4CCOCC4)nc(-c4cnc(N)nc4)nc3c2C)COC1
1047,Nutlin-3a (-),MDM2,0.1574900825244725,180,KP4,CC(C)OC1=C(C=CC(=C1)OC)C2=N[C@H]([C@H](N2C(=O)N3CCNC(=O)C3)C4=CC=C(C=C4)Cl)C5=CC=C(C=C5)Cl,CVCL_1338,COc1ccc(C2=N[C@@H](c3ccc(Cl)cc3)[C@@H](c3ccc(Cl)cc3)N2C(=O)N2CCNC(=O)C2)c(OC(C)C)c1
2107,LJI308,"RSK2, RSK1, RSK3",0.1659274475375423,180,KP4,C1COCCN1C2=CC=C(C=C2)C3=C(C=NC=C3)C4=CC(=C(C(=C4)F)O)F,CVCL_1338,Oc1c(F)cc(-c2cnccc2-c2ccc(N3CCOCC3)cc2)cc1F
1940,WIKI4,"TNKS1, TNKS2",0.1691734407100714,180,KP4,COC1=CC=C(C=C1)N2C(=NN=C2SCCCN3C(=O)C4=CC=CC5=C4C(=CC=C5)C3=O)C6=CC=NC=C6,CVCL_1338,COc1ccc(-n2c(SCCCN3C(=O)c4cccc5cccc(c45)C3=O)nnc2-c2ccncc2)cc1
1049,PD173074,"FGFR1, FGFR2, FGFR3",0.1726577021000101,180,KP4,CCN(CC)CCCCNC1=NC2=NC(=C(C=C2C=N1)C3=CC(=CC(=C3)OC)OC)NC(=O)NC(C)(C)C,CVCL_1338,CCN(CC)CCCCNc1ncc2cc(-c3cc(OC)cc(OC)c3)c(NC(=O)NC(C)(C)C)nc2n1
2110,GSK591,PMRT5,0.1769222319860535,180,KP4,C1CC(C1)NC2=NC=CC(=C2)C(=O)NC[C@@H](CN3CCC4=CC=CC=C4C3)O,CVCL_1338,O=C(NC[C@H](O)CN1CCc2ccccc2C1)c1ccnc(NC2CCC2)c1
1598,LGK974,PORCN,0.1812409313647916,180,KP4,CC1=CC(=CN=C1C2=CC(=NC=C2)C)CC(=O)NC3=NC=C(C=C3)C4=NC=CN=C4,CVCL_1338,Cc1cc(-c2ncc(CC(=O)Nc3ccc(-c4cnccn4)cn3)cc2C)ccn1
1372,Trametinib,"MEK1, MEK2",0.18537213810989,180,KP4,CC1=C2C(=C(N(C1=O)C)NC3=C(C=C(C=C3)I)F)C(=O)N(C(=O)N2C4=CC=CC(=C4)NC(=O)C)C5CC5,CVCL_1338,CC(=O)Nc1cccc(-n2c(=O)n(C3CC3)c(=O)c3c(Nc4ccc(I)cc4F)n(C)c(=O)c(C)c32)c1
1249,BMS-345541,"IKK-1, IKK-2",0.2093236429170192,180,KP4,CC1=CC2=C(C=C1)N=C(C3=NC=C(N23)C)NCCN.Cl,CVCL_1338,Cc1ccc2nc(NCCN)c3ncc(C)n3c2c1
1862,MG-132,"Proteasome, CAPN1",0.2123088365396745,180,KP4,CC(C)C[C@@H](C=O)NC(=O)[C@H](CC(C)C)NC(=O)[C@H](CC(C)C)NC(=O)OCC1=CC=CC=C1,CVCL_1338,CC(C)C[C@@H](C=O)NC(=O)[C@H](CC(C)C)NC(=O)[C@H](CC(C)C)NC(=O)OCc1ccccc1
1626,OTX015,"BRD2, BRD3, BRD4",0.241570747478063,180,KP4,CC1=C(SC2=C1C(=N[C@H](C3=NN=C(N32)C)CC(=O)NC4=CC=C(C=C4)O)C5=CC=C(C=C5)Cl)C,CVCL_1338,Cc1sc2c(c1C)C(c1ccc(Cl)cc1)=N[C@@H](CC(=O)Nc1ccc(O)cc1)c1nnc(C)n1-2
1564,SCH772984,"ERK1, ERK2",0.2466784760395053,180,KP4,C1CN(C[C@@H]1C(=O)NC2=CC3=C(C=C2)NN=C3C4=CC=NC=C4)CC(=O)N5CCN(CC5)C6=CC=C(C=C6)C7=NC=CC=N7,CVCL_1338,O=C(Nc1ccc2[nH]nc(-c3ccncc3)c2c1)[C@@H]1CCN(CC(=O)N2CCN(c3ccc(-c4ncccn4)cc3)CC2)C1
2043,BIBR-1532,TERT,0.2573352346611393,180,KP4,C/C(=C\C(=O)NC1=CC=CC=C1C(=O)O)/C2=CC3=CC=CC=C3C=C2,CVCL_1338,C/C(=C\C(=O)Nc1ccccc1C(=O)O)c1ccc2ccccc2c1
1917,AZD6738,ATR,0.2660430445102272,180,KP4,C[C@@H]1COCCN1C2=NC(=NC(=C2)C3(CC3)[S@](=N)(=O)C)C4=C5C=CNC5=NC=C4,CVCL_1338,C[C@@H]1COCCN1c1cc(C2([S@](C)(=N)=O)CC2)nc(-c2ccnc3[nH]ccc23)n1
1576,IWP-2,PORCN,0.2801662743308696,180,KP4,CC1=CC2=C(C=C1)N=C(S2)NC(=O)CSC3=NC4=C(C(=O)N3C5=CC=CC=C5)SCC4,CVCL_1338,Cc1ccc2nc(NC(=O)CSc3nc4c(c(=O)n3-c3ccccc3)SCC4)sc2c1
1022,AZD7762,"CHEK1, CHEK2",0.2876569694792139,180,KP4,C1C[C@@H](CNC1)NC(=O)C2=C(C=C(S2)C3=CC(=CC=C3)F)NC(=O)N,CVCL_1338,NC(=O)Nc1cc(-c2cccc(F)c2)sc1C(=O)N[C@H]1CCCNC1
1093,GSK1904529A,"IGF1R, IR",0.2908029440297741,180,KP4,CCC1=CC(=C(C=C1N2CCC(CC2)N3CCN(CC3)S(=O)(=O)C)OC)NC4=NC=CC(=N4)C5=C(N=C6N5C=CC=C6)C7=CC(=C(C=C7)OC)C(=O)NC8=C(C=CC=C8F)F,CVCL_1338,CCc1cc(Nc2nccc(-c3c(-c4ccc(OC)c(C(=O)Nc5c(F)cccc5F)c4)nc4ccccn34)n2)c(OC)cc1N1CCC(N2CCN(S(C)(=O)=O)CC2)CC1
1259,Talazoparib,"PARP1, PARP2",0.2928838629103705,180,KP4,CC(C)/C=N/NC(=O)C1=CC=C(C=C1)NC(=O)C,CVCL_1338,CC(=O)Nc1ccc(C(=O)N/N=C/C(C)C)cc1
1036,PLX-4720,BRAF,0.2947866418533817,180,KP4,CCCS(=O)(=O)NC1=C(C(=C(C=C1)F)C(=O)C2=CNC3=C2C=C(C=N3)Cl)F,CVCL_1338,CCCS(=O)(=O)Nc1ccc(F)c(C(=O)c2c[nH]c3ncc(Cl)cc23)c1F
1200,Fulvestrant,ESR,0.3135942445558429,180,KP4,C[C@]12CC[C@H]3[C@H]([C@@H]1CC[C@@H]2O)[C@@H](CC4=C3C=CC(=C4)O)CCCCCCCCCS(=O)CCCC(C(F)(F)F)(F)F,CVCL_1338,C[C@]12CC[C@@H]3c4ccc(O)cc4C[C@@H](CCCCCCCCC[S+]([O-])CCCC(F)(F)C(F)(F)F)[C@H]3[C@@H]1CC[C@@H]2O
1622,Wnt-C59,PORCN,0.3488176378653949,180,KP4,CC1=NC=CC(=C1)C2=CC=C(C=C2)CC(=O)NC3=CC=C(C=C3)C4=CN=CC=C4,CVCL_1338,Cc1cc(-c2ccc(CC(=O)Nc3ccc(-c4cccnc4)cc3)cc2)ccn1
1997,WEHI-539,BCL-XL,0.3571087650873148,180,KP4,C1CC2=C(C=C(C=C2)C3=NC(=C(S3)CCCOC4=CC=C(C=C4)CN)C(=O)O)/C(=N/NC5=NC6=CC=CC=C6S5)/C1,CVCL_1338,NCc1ccc(OCCCc2sc(-c3ccc4c(c3)/C(=N/Nc3nc5ccccc5s3)CCC4)nc2C(=O)O)cc1
1032,Afatinib,"ERBB2, EGFR",0.3701619506562539,180,KP4,CN(C)C/C=C/C(=O)NC1=C(C=C2C(=C1)C(=NC=N2)NC3=CC(=C(C=C3)F)Cl)O[C@H]4CCOC4,CVCL_1338,CN(C)C/C=C/C(=O)Nc1cc2c(Nc3ccc(F)c(Cl)c3)ncnc2cc1O[C@H]1CCOC1
1553,Uprosertib,"AKT1, AKT2, AKT3",0.4051876722017046,180,KP4,CN1C(=C(C=N1)Cl)C2=C(OC(=C2)C(=O)N[C@@H](CC3=CC(=C(C=C3)F)F)CN)Cl,CVCL_1338,Cn1ncc(Cl)c1-c1cc(C(=O)N[C@H](CN)Cc2ccc(F)c(F)c2)oc1Cl
1131,PRIMA-1MET,TP53 activation,0.4124669352031916,180,KP4,COCC1(C(=O)C2CCN1CC2)CO,CVCL_1338,COCC1(CO)C(=O)C2CCN1CC2
1068,Obatoclax Mesylate,"BCL2, BCL-XL, BCL-W, MCL1",0.41439559223882,180,KP4,CC1=CC(=C(N1)/C=C\2/C(=C/C(=C/3\C=C4C=CC=CC4=N3)/N2)OC)C,CVCL_1338,COc1c/c(=C2\C=c3ccccc3=N2)[nH]/c1=C\c1[nH]c(C)cc1C
1854,MN-64,"TNKS1, TNKS2",0.4196129745242601,180,KP4,CC(C)C1=CC=C(C=C1)C2=CC(=O)C3=CC=CC=C3O2,CVCL_1338,CC(C)c1ccc(-c2cc(=O)c3ccccc3o2)cc1
1507,Ruxolitinib,"JAK1, JAK2",0.4405075446395591,180,KP4,C1CCC(C1)[C@@H](CC#N)N2C=C(C=N2)C3=C4C=CNC4=NC=N3,CVCL_1338,N#CC[C@H](C1CCCC1)n1cc(-c2ncnc3[nH]ccc23)cn1
1058,Pictilisib,PI3K (class 1),0.4455614605429545,180,KP4,CS(=O)(=O)N1CCN(CC1)CC2=CC3=C(S2)C(=NC(=N3)C4=C5C=NNC5=CC=C4)N6CCOCC6,CVCL_1338,CS(=O)(=O)N1CCN(Cc2cc3nc(-c4cccc5[nH]ncc45)nc(N4CCOCC4)c3s2)CC1
1799,Ibrutinib,BTK,0.4550248748089378,180,KP4,C=CC(=O)N1CCC[C@H](C1)N2C3=NC=NC(=C3C(=N2)C4=CC=C(C=C4)OC5=CC=CC=C5)N,CVCL_1338,C=CC(=O)N1CCC[C@@H](n2nc(-c3ccc(Oc4ccccc4)cc3)c3c(N)ncnc32)C1
1010,Gefitinib,EGFR,0.4583010333571642,180,KP4,COC1=C(C=C2C(=C1)N=CN=C2NC3=CC(=C(C=C3)F)Cl)OCCCN4CCOCC4,CVCL_1338,COc1cc2ncnc(Nc3ccc(F)c(Cl)c3)c2cc1OCCCN1CCOCC1
1922,Cediranib,"VEGFR, FLT1, FLT2, FLT3, FLT4, KIT, PDGFRB",0.4829188501664644,180,KP4,CC1=CC2=C(N1)C=CC(=C2F)OC3=NC=NC4=CC(=C(C=C43)OC)OCCCN5CCCC5,CVCL_1338,COc1cc2c(Oc3ccc4[nH]c(C)cc4c3F)ncnc2cc1OCCCN1CCCC1
2096,VX-11e,ERK2,0.5032056363793612,180,KP4,CC1=CN=C(N=C1C2=CNC(=C2)C(=O)N[C@H](CO)C3=CC(=CC=C3)Cl)NC4=C(C=C(C=C4)F)Cl,CVCL_1338,Cc1cnc(Nc2ccc(F)cc2Cl)nc1-c1c[nH]c(C(=O)N[C@H](CO)c2cccc(Cl)c2)c1
1625,RVX-208,BRD4,0.5183085183846808,180,KP4,C1=CC(=C(C=C1N=C=O)F)F,CVCL_1338,O=C=Nc1ccc(F)c(F)c1
1557,LCL161,"XIAP, IAP1, IAP2",0.5281404484411228,180,KP4,C[C@@H](C(=O)N[C@@H](C1CCCCC1)C(=O)N2CCC[C@H]2C3=NC(=CS3)C(=O)C4=CC=C(C=C4)F)NC,CVCL_1338,CN[C@@H](C)C(=O)N[C@H](C(=O)N1CCC[C@H]1c1nc(C(=O)c2ccc(F)cc2)cs1)C1CCCCC1
2109,AZ6102,"TNKS1, TNKS2",0.5314076298975267,180,KP4,CCC1=CC2=C(C=C1OC(=O)C(C)(C)C)OC(=C(C2=O)OC3=CC=C(C=C3)I)C(F)(F)F,CVCL_1338,CCc1cc2c(=O)c(Oc3ccc(I)cc3)c(C(F)(F)F)oc2cc1OC(=O)C(C)(C)C
1373,Dabrafenib,BRAF,0.5332160380119059,180,KP4,CC(C)(C)C1=NC(=C(S1)C2=NC(=NC=C2)N)C3=C(C(=CC=C3)NS(=O)(=O)C4=C(C=CC=C4F)F)F,CVCL_1338,CC(C)(C)c1nc(-c2cccc(NS(=O)(=O)c3c(F)cccc3F)c2F)c(-c2ccnc(N)n2)s1
1720,AZD5991,MCL1,0.5505188023936398,180,KP4,CC1=C2C(=NN1C)CSCC3=NN(C(=C3)CSC4=CC5=CC=CC=C5C(=C4)OCCCC6=C(N(C7=C6C=CC(=C27)Cl)C)C(=O)O)C,CVCL_1338,Cc1c2c(nn1C)CSCc1cc(n(C)n1)CSc1cc(c3ccccc3c1)OCCCc1c(C(=O)O)n(C)c3c-2c(Cl)ccc13
2170,AT13148,AKT1,0.5848473114272044,180,KP4,C1=CC(=CC=C1C2=CNN=C2)[C@@](CN)(C3=CC=C(C=C3)Cl)O,CVCL_1338,NC[C@@](O)(c1ccc(Cl)cc1)c1ccc(-c2cn[nH]c2)cc1
1614,WZ4003,"NUAK1, NUAK2",0.6012340600379055,180,KP4,CCC(=O)NC1=CC(=CC=C1)OC2=NC(=NC=C2Cl)NC3=C(C=C(C=C3)N4CCN(CC4)C)OC,CVCL_1338,CCC(=O)Nc1cccc(Oc2nc(Nc3ccc(N4CCN(C)CC4)cc3OC)ncc2Cl)c1
1912,Afuresertib,"AKT1, AKT2, AKT3",0.6291213662300702,180,KP4,CN1C(=C(C=N1)Cl)C2=C(SC(=C2)C(=O)N[C@@H](CC3=CC(=CC=C3)F)CN)Cl,CVCL_1338,Cn1ncc(Cl)c1-c1cc(C(=O)N[C@H](CN)Cc2cccc(F)c2)sc1Cl
1786,AZD4547,"FGFR1, FGFR2, FGFR3",0.6514217215002668,180,KP4,C[C@@H]1CN(C[C@@H](N1)C)C2=CC=C(C=C2)C(=O)NC3=NNC(=C3)CCC4=CC(=CC(=C4)OC)OC,CVCL_1338,COc1cc(CCc2cc(NC(=O)c3ccc(N4C[C@H](C)N[C@H](C)C4)cc3)n[nH]2)cc(OC)c1
1013,Nilotinib,ABL,0.6572304097855807,180,KP4,CC1=C(C=C(C=C1)C(=O)NC2=CC(=CC(=C2)C(F)(F)F)N3C=C(N=C3)C)NC4=NC=CC(=N4)C5=CN=CC=C5,CVCL_1338,Cc1cn(-c2cc(NC(=O)c3ccc(C)c(Nc4nccc(-c5cccnc5)n4)c3)cc(C(F)(F)F)c2)cn1
1561,Taselisib,PI3K (beta sparing),0.675437400279526,180,KP4,CC1=NN(C(=N1)C2=CN3CCOC4=C(C3=N2)C=CC(=C4)C5=CN(N=C5)C(C)(C)C(=O)N)C(C)C,CVCL_1338,Cc1nc(-c2cn3c(n2)-c2ccc(-c4cnn(C(C)(C)C(N)=O)c4)cc2OCC3)n(C(C)C)n1
1177,Niraparib,"PARP1, PARP2",0.6768881138086429,180,KP4,C1C[C@H](CNC1)C2=CC=C(C=C2)N3C=C4C=CC=C(C4=N3)C(=O)N,CVCL_1338,NC(=O)c1cccc2cn(-c3ccc([C@@H]4CCCNC4)cc3)nc12
1624,I-BET-762,"BRD2, BRD3, BRD4",0.7114267361211377,180,KP4,CCNC(=O)C[C@H]1C2=NN=C(N2C3=C(C=C(C=C3)OC)C(=N1)C4=CC=C(C=C4)Cl)C,CVCL_1338,CCNC(=O)C[C@@H]1N=C(c2ccc(Cl)cc2)c2cc(OC)ccc2-n2c(C)nnc21
1079,Dasatinib,"ABL, SRC, Ephrins, PDGFR, KIT",0.7275032915372962,180,KP4,CC1=C(C(=CC=C1)Cl)NC(=O)C2=CN=C(S2)NC3=CC(=NC(=N3)C)N4CCN(CC4)CCO,CVCL_1338,Cc1nc(Nc2ncc(C(=O)Nc3c(C)cccc3Cl)s2)cc(N2CCN(CCO)CC2)n1
1618,GSK2606414,PERK,0.7455745474878873,180,KP4,CN1C=C(C2=C(N=CN=C21)N)C3=CC4=C(C=C3)N(CC4)C(=O)CC5=CC(=CC=C5)C(F)(F)F,CVCL_1338,Cn1cc(-c2ccc3c(c2)CCN3C(=O)Cc2cccc(C(F)(F)F)c2)c2c(N)ncnc21
1168,Erlotinib,EGFR,0.7505799113989791,180,KP4,COCCOC1=C(C=C2C(=C1)C(=NC=N2)NC3=CC=CC(=C3)C#C)OCCOC,CVCL_1338,C#Cc1cccc(Nc2ncnc3cc(OCCOC)c(OCCOC)cc23)c1
1613,VE-822,ATR,0.7549385105006494,180,KP4,CC(C)S(=O)(=O)C1=CC=C(C=C1)C2=CN=C(C(=N2)C3=CC(=NO3)C4=CC=C(C=C4)CNC)N,CVCL_1338,CNCc1ccc(-c2cc(-c3nc(-c4ccc(S(=O)(=O)C(C)C)cc4)cnc3N)on2)cc1
1630,Entospletinib,SYK,0.7552523948975272,180,KP4,C1COCCN1C2=CC=C(C=C2)NC3=NC(=CN4C3=NC=C4)C5=CC6=C(C=C5)C=NN6,CVCL_1338,c1cn2cc(-c3ccc4cn[nH]c4c3)nc(Nc3ccc(N4CCOCC4)cc3)c2n1
1084,Rapamycin,MTORC1,0.757584556713134,180,KP4,CC1=NC(=C(N1)[N+](=O)[O-])N(CCN2CCOCC2)CC3=CC=CC=C3F,CVCL_1338,Cc1nc(N(CCN2CCOCC2)Cc2ccccc2F)c([N+](=O)[O-])[nH]1
1549,Sapitinib,"EGFR, ERBB2, ERBB3",0.7679692879432793,180,KP4,CNC(=O)CN1CCC(CC1)OC2=C(C=C3C(=C2)C(=NC=N3)NC4=C(C(=CC=C4)Cl)F)OC,CVCL_1338,CNC(=O)CN1CCC(Oc2cc3c(Nc4cccc(Cl)c4F)ncnc3cc2OC)CC1
1932,NVP-ADW742,IGF1R,0.7885702770658147,180,KP4,C1CCN(C1)CC2CC(C2)N3C=C(C4=C(N=CN=C43)N)C5=CC(=CC=C5)OCC6=CC=CC=C6,CVCL_1338,Nc1ncnc2c1c(-c1cccc(OCc3ccccc3)c1)cn2C1CC(CN2CCCC2)C1
1621,PCI-34051,"HDAC8, HDAC6, HDAC1",0.7909533882256061,180,KP4,COC1=CC=C(C=C1)CN2C=CC3=C2C=C(C=C3)C(=O)NO,CVCL_1338,COc1ccc(Cn2ccc3ccc(C(=O)NO)cc32)cc1
1011,Navitoclax,"BCL2, BCL-XL, BCL-W",0.8199076078062405,180,KP4,CC1(CCC(=C(C1)CN2CCN(CC2)C3=CC=C(C=C3)C(=O)NS(=O)(=O)C4=CC(=C(C=C4)N[C@H](CCN5CCOCC5)CSC6=CC=CC=C6)S(=O)(=O)C(F)(F)F)C7=CC=C(C=C7)Cl)C,CVCL_1338,CC1(C)CCC(c2ccc(Cl)cc2)=C(CN2CCN(c3ccc(C(=O)NS(=O)(=O)c4ccc(N[C@H](CCN5CCOCC5)CSc5ccccc5)c(S(=O)(=O)C(F)(F)F)c4)cc3)CC2)C1
1919,Osimertinib,EGFR,0.8534893003087172,180,KP4,CN1C=C(C2=CC=CC=C21)C3=NC(=NC=C3)NC4=C(C=C(C(=C4)NC(=O)C=C)N(C)CCN(C)C)OC,CVCL_1338,C=CC(=O)Nc1cc(Nc2nccc(-c3cn(C)c4ccccc34)n2)c(OC)cc1N(C)CCN(C)C
1012,Vorinostat,"HDAC inhibitor Class I, IIa, IIb, IV",0.8846360065962332,180,KP4,C1=CC=C(C=C1)NC(=O)CCCCCCC(=O)NO,CVCL_1338,O=C(CCCCCCC(=O)Nc1ccccc1)NO
2111,VE821,ATR,0.8973832619644087,180,KP4,CS(=O)(=O)C1=CC=C(C=C1)C2=CN=C(C(=N2)C(=O)NC3=CC=CC=C3)N,CVCL_1338,CS(=O)(=O)c1ccc(-c2cnc(N)c(C(=O)Nc3ccccc3)n2)cc1
1924,Ipatasertib,"AKT1, AKT, AKT3",0.9829424363567508,180,KP4,C[C@@H]1C[C@H](C2=C1C(=NC=N2)N3CCN(CC3)C(=O)[C@H](CNC(C)C)C4=CC=C(C=C4)Cl)O,CVCL_1338,CC(C)NC[C@@H](C(=O)N1CCN(c2ncnc3c2[C@H](C)C[C@H]3O)CC1)c1ccc(Cl)cc1
1463,AZD1332,"NTRK1, NTRK2, NTRK3",1.0262082011426992,180,KP4,CC(C)OC1=NNC(=C1)NC2=NC(=NC=C2Cl)NC(C)C3=NC=C(C=C3)F,CVCL_1338,CC(C)Oc1cc(Nc2nc(NC(C)c3ccc(F)cn3)ncc2Cl)[nH]n1
2106,Uprosertib,"AKT1, AKT2, AKT3",1.0298658177264897,180,KP4,CN1C(=C(C=N1)Cl)C2=C(OC(=C2)C(=O)N[C@@H](CC3=CC(=C(C=C3)F)F)CN)Cl,CVCL_1338,Cn1ncc(Cl)c1-c1cc(C(=O)N[C@H](CN)Cc2ccc(F)c(F)c2)oc1Cl
1910,ABT737,"BCL2, BCL-XL,  BCL-W, BCL-B, BFL1",1.0368977327273268,180,KP4,CN(C)CC[C@H](CSC1=CC=CC=C1)NC2=C(C=C(C=C2)S(=O)(=O)NC(=O)C3=CC=C(C=C3)N4CCN(CC4)CC5=CC=CC=C5C6=CC=C(C=C6)Cl)[N+](=O)[O-],CVCL_1338,CN(C)CC[C@H](CSc1ccccc1)Nc1ccc(S(=O)(=O)NC(=O)c2ccc(N3CCN(Cc4ccccc4-c4ccc(Cl)cc4)CC3)cc2)cc1[N+](=O)[O-]
1558,Lapatinib,"EGFR, ERBB2",1.0387989270850722,180,KP4,CS(=O)(=O)CCNCC1=CC=C(O1)C2=CC3=C(C=C2)N=CN=C3NC4=CC(=C(C=C4)OCC5=CC(=CC=C5)F)Cl,CVCL_1338,CS(=O)(=O)CCNCc1ccc(-c2ccc3ncnc(Nc4ccc(OCc5cccc(F)c5)c(Cl)c4)c3c2)o1
2046,MK-8776,"CHEK1, CHEK2, CDK2",1.0448100403417582,180,KP4,CN1C=C(C=N1)C2=C3N=C(C(=C(N3N=C2)N)Br)C4CCCNC4,CVCL_1338,Cn1cc(-c2cnn3c(N)c(Br)c(C4CCCNC4)nc23)cn1
1091,BMS-536924,"IGF1R, IR",1.0521742213032326,180,KP4,CC1=CC(=CC2=C1N=C(N2)C3=C(C=CNC3=O)NC[C@H](C4=CC(=CC=C4)Cl)O)N5CCOCC5,CVCL_1338,Cc1cc(N2CCOCC2)cc2[nH]c(-c3c(NC[C@@H](O)c4cccc(Cl)c4)cc[nH]c3=O)nc12
1560,Alpelisib,PI3Kalpha,1.1543999282962842,180,KP4,CC1=C(SC(=N1)NC(=O)N2CCC[C@H]2C(=O)N)C3=CC(=NC=C3)C(C)(C)C(F)(F)F,CVCL_1338,Cc1nc(NC(=O)N2CCC[C@H]2C(N)=O)sc1-c1ccnc(C(C)(C)C(F)(F)F)c1
1631,PRT062607,SYK,1.2144980590235337,180,KP4,C1CC[C@H]([C@H](C1)N)NC2=NC=C(C(=N2)NC3=CC(=CC=C3)N4N=CC=N4)C(=O)N,CVCL_1338,NC(=O)c1cnc(N[C@@H]2CCCC[C@@H]2N)nc1Nc1cccc(-n2nccn2)c1
1593,Entinostat,"HDAC1, HDAC3",2.063670019268755,180,KP4,C1=CC=C(C(=C1)N)NC(=O)C2=CC=C(C=C2)CNC(=O)OCC3=CN=CC=C3,CVCL_1338,Nc1ccccc1NC(=O)c1ccc(CNC(=O)OCc2cccnc2)cc1
